# https://github.com/mikedh/trimesh
v -0.01015749 -0.01738782 0.01882709
v -0.01036693 -0.01772509 0.01843728
v -0.01104614 -0.01704838 0.01827788
v -0.01143665 -0.01612167 0.01834634
v -0.01103188 -0.01632203 0.01866617
v -0.01125239 -0.01659284 0.01832448
v -0.01037360 -0.01695711 0.01891398
v -0.01058584 -0.01650499 0.01896737
v -0.01077648 -0.01603626 0.01899604
v -0.01031576 -0.01621224 0.01928079
v -0.01061450 -0.01722728 0.01856734
v -0.01083430 -0.01678114 0.01862926
v -0.01044978 -0.01877604 0.01734363
v -0.01012579 -0.01918130 0.01714646
v -0.01102788 -0.01879614 0.01654838
v -0.01141617 -0.01878188 0.01582203
v -0.01107448 -0.01900239 0.01609284
v -0.01109634 -0.01918665 0.01562167
v -0.01025749 -0.01939508 0.01664991
v -0.01059301 -0.01900284 0.01685770
v -0.01071051 -0.01919975 0.01635224
v -0.01074019 -0.01939356 0.01588649
v -0.01036717 -0.01957284 0.01614005
v -0.01038318 -0.01975000 0.01566595
v -0.01182284 -0.01664004 0.01761718
v -0.01200000 -0.01616595 0.01763318
v -0.01200129 -0.01692878 0.01714998
v -0.01246848 -0.01617286 0.01686125
v -0.01216312 -0.01641312 0.01725000
v -0.01190803 -0.01765368 0.01660800
v -0.01221363 -0.01737884 0.01631219
v -0.01203078 -0.01806576 0.01571224
v -0.01253868 -0.01728722 0.01556924
v -0.01227623 -0.01758358 0.01587661
v -0.01198416 -0.01786285 0.01617307
v -0.01267986 -0.01662446 0.01602404
v -0.01274219 -0.01682963 0.01558862
v -0.01284082 -0.01614439 0.01603150
v -0.01291371 -0.01635881 0.01559858
v -0.01229913 -0.01664994 0.01685007
v -0.01240738 -0.01687527 0.01643530
v -0.01212111 -0.01715918 0.01673994
v -0.01258808 -0.01640362 0.01645134
v -0.01248736 -0.01708804 0.01600767
v -0.01125284 -0.01735770 0.01784301
v -0.01102604 -0.01784363 0.01769978
v -0.01118728 -0.01811693 0.01722509
v -0.01143130 -0.01764646 0.01737579
v -0.01157709 -0.01790749 0.01688782
v -0.01180555 -0.01742793 0.01702901
v -0.01057366 -0.01803455 0.01800235
v -0.01075235 -0.01832366 0.01753455
v -0.01028455 -0.01850235 0.01782366
v -0.01083469 -0.01754642 0.01814819
v -0.01089819 -0.01858469 0.01704642
v -0.01144975 -0.01685224 0.01796051
v -0.01164356 -0.01638649 0.01799019
v -0.01164508 -0.01714991 0.01750749
v -0.01166399 -0.01812360 0.01645711
v -0.01131734 -0.01836450 0.01672728
v -0.01137926 -0.01858430 0.01628114
v -0.01171737 -0.01833584 0.01600499
v -0.00929838 -0.01877788 0.01829614
v -0.00884284 -0.01882448 0.01850239
v -0.00857203 -0.01916617 0.01828188
v -0.00789532 -0.01884204 0.01884571
v -0.00781202 -0.01949850 0.01819205
v -0.00837167 -0.01884634 0.01868665
v -0.00810230 -0.01917788 0.01845624
v -0.00762435 -0.01916433 0.01860646
v -0.00734835 -0.01888989 0.01892220
v -0.00678474 -0.01892252 0.01895447
v -0.00734801 -0.01946309 0.01834397
v -0.00678449 -0.01949571 0.01837619
v -0.00706401 -0.01921278 0.01865435
v -0.00889994 -0.01735007 0.01954913
v -0.00962884 -0.01681219 0.01946363
v -0.00983358 -0.01637661 0.01952623
v -0.00953722 -0.01606924 0.01978868
v -0.00933804 -0.01650767 0.01973736
v -0.00860881 -0.01609858 0.02016371
v -0.00912527 -0.01693530 0.01965738
v -0.00865362 -0.01695134 0.01983808
v -0.00887446 -0.01652404 0.01992986
v -0.00907963 -0.01608862 0.01999219
v -0.00939991 -0.01800749 0.01889508
v -0.00967793 -0.01752901 0.01905555
v -0.01009363 -0.01819978 0.01827605
v -0.00960770 -0.01834301 0.01850284
v -0.00989646 -0.01787579 0.01868130
v -0.00889004 -0.01811717 0.01907284
v -0.00863649 -0.01849019 0.01889356
v -0.00917878 -0.01764999 0.01925129
v -0.00866312 -0.01775000 0.01941312
v -0.00910224 -0.01846051 0.01869975
v -0.00990368 -0.01710800 0.01915803
v -0.01011285 -0.01667307 0.01923416
v -0.00940918 -0.01723994 0.01937111
v -0.00813412 -0.01782844 0.01954003
v -0.00842286 -0.01736125 0.01971848
v -0.00788759 -0.01742983 0.01982974
v -0.00759504 -0.01788481 0.01963125
v -0.00678473 -0.01827120 0.01947266
v -0.00733829 -0.01747617 0.01990541
v -0.00678909 -0.01749949 0.01994332
v -0.00704921 -0.01791877 0.01968620
v -0.00812719 -0.01609906 0.02030235
v -0.00790832 -0.01652871 0.02021716
v -0.00763722 -0.01609006 0.02040740
v -0.00817074 -0.01695331 0.01998704
v -0.00762704 -0.01700895 0.02008387
v -0.00839439 -0.01653150 0.02009082
v -0.00707627 -0.01704725 0.02014088
v -0.00735960 -0.01657639 0.02029591
v -0.00707051 -0.01610863 0.02047458
v -0.00678911 -0.01658898 0.02034133
v -0.00841595 -0.01813318 0.01925001
v -0.00815960 -0.01849778 0.01906057
v -0.00761729 -0.01855819 0.01915288
v -0.00788092 -0.01820159 0.01936053
v -0.00733355 -0.01824798 0.01943519
v -0.00706799 -0.01859168 0.01921143
v -0.00906219 -0.01996363 0.01687884
v -0.00862661 -0.02002623 0.01708358
v -0.00979642 -0.01864819 0.01808469
v -0.00997509 -0.01893728 0.01761693
v -0.00947728 -0.01906734 0.01786450
v -0.00977901 -0.01955555 0.01692793
v -0.00963782 -0.01932709 0.01740749
v -0.00935800 -0.01965803 0.01715368
v -0.00920711 -0.01941399 0.01762360
v -0.00875499 -0.01946737 0.01783584
v -0.00846224 -0.01978078 0.01756576
v -0.00903114 -0.01912926 0.01808430
v -0.00892307 -0.01973416 0.01736285
v -0.00960007 -0.02004913 0.01614994
v -0.00961125 -0.02021848 0.01567286
v -0.00918530 -0.02015738 0.01637527
v -0.00875767 -0.02023736 0.01658804
v -0.00878150 -0.02059082 0.01564439
v -0.00920134 -0.02033808 0.01590362
v -0.00877404 -0.02042986 0.01612446
v -0.00989999 -0.01975129 0.01642878
v -0.00948994 -0.01987111 0.01665918
v -0.01000000 -0.01991312 0.01591312
v -0.00816060 -0.02006251 0.01727947
v -0.00770772 -0.02006569 0.01745394
v -0.00787211 -0.02031110 0.01697187
v -0.00724546 -0.02003977 0.01761301
v -0.00678448 -0.01998445 0.01775439
v -0.00741840 -0.02030450 0.01714109
v -0.00696030 -0.02026893 0.01729409
v -0.00696072 -0.02050049 0.01686756
v -0.00828626 -0.01949605 0.01802648
v -0.00799116 -0.01979855 0.01774876
v -0.00753189 -0.01978119 0.01791427
v -0.00706760 -0.01973690 0.01805949
v -0.00831924 -0.02028868 0.01678722
v -0.00833862 -0.02049219 0.01632963
v -0.00787489 -0.02052481 0.01653145
v -0.00834858 -0.02066371 0.01585881
v -0.00788871 -0.02070877 0.01606425
v -0.00789366 -0.02086103 0.01558085
v -0.00742159 -0.02072013 0.01625760
v -0.00696192 -0.02070343 0.01642205
v -0.00742224 -0.02052760 0.01670654
v -0.00742799 -0.02088475 0.01577951
v -0.00696230 -0.02087338 0.01596744
v -0.01020395 -0.01545772 0.01956568
v -0.01036301 -0.01499546 0.01953977
v -0.01050439 -0.01453448 0.01948445
v -0.01018012 -0.01425000 0.01970456
v -0.01109397 -0.01509801 0.01896309
v -0.01159571 -0.01564532 0.01834204
v -0.01120624 -0.01585230 0.01867788
v -0.01135646 -0.01537435 0.01866432
v -0.01140435 -0.01481401 0.01871278
v -0.01167220 -0.01509835 0.01838989
v -0.01066427 -0.01528189 0.01928119
v -0.01094205 -0.01556202 0.01899850
v -0.01049876 -0.01574116 0.01929854
v -0.01080949 -0.01481760 0.01923690
v -0.01112619 -0.01453449 0.01899571
v -0.01142035 -0.01425000 0.01872897
v -0.01170447 -0.01453474 0.01842252
v -0.01082373 -0.01425000 0.01925503
v -0.01190288 -0.01536729 0.01805819
v -0.01211053 -0.01563092 0.01770159
v -0.01196143 -0.01481799 0.01809168
v -0.01218519 -0.01508355 0.01774798
v -0.01229003 -0.01588412 0.01732844
v -0.01238125 -0.01534504 0.01738481
v -0.01257974 -0.01563759 0.01692983
v -0.01243620 -0.01479921 0.01741877
v -0.01265541 -0.01508829 0.01697617
v -0.01269332 -0.01453909 0.01699949
v -0.01197950 -0.01425000 0.01810604
v -0.01222266 -0.01453473 0.01777120
v -0.01245456 -0.01425000 0.01743012
v -0.01273705 -0.01592074 0.01645331
v -0.01283387 -0.01537704 0.01650895
v -0.01289088 -0.01482627 0.01654725
v -0.01315740 -0.01538722 0.01559006
v -0.01296716 -0.01565832 0.01602871
v -0.01305235 -0.01587719 0.01559906
v -0.01322458 -0.01482051 0.01560863
v -0.01304591 -0.01510960 0.01607639
v -0.01291264 -0.01425000 0.01655678
v -0.01309133 -0.01453911 0.01608898
v -0.01324703 -0.01425000 0.01561483
v -0.01181057 -0.01590960 0.01799778
v -0.00972187 -0.01562211 0.01981110
v -0.01002947 -0.01591060 0.01956251
v -0.00928145 -0.01562489 0.02002481
v -0.00989109 -0.01516840 0.01980451
v -0.01004409 -0.01471030 0.01976893
v -0.00945655 -0.01517224 0.02002760
v -0.00961755 -0.01471072 0.02000049
v -0.00881425 -0.01563871 0.02020877
v -0.00900760 -0.01517159 0.02022013
v -0.00917205 -0.01471192 0.02020343
v -0.00852951 -0.01517799 0.02038475
v -0.00871744 -0.01471230 0.02037339
v -0.00932349 -0.01425000 0.02015530
v -0.00975960 -0.01425000 0.01994476
v -0.00887386 -0.01425000 0.02033520
v -0.00833085 -0.01564366 0.02036103
v -0.00784246 -0.01563836 0.02047832
v -0.00804082 -0.01517955 0.02051475
v -0.00823128 -0.01471597 0.02051650
v -0.00775717 -0.01471623 0.02062038
v -0.00735911 -0.01564006 0.02055659
v -0.00678876 -0.01565257 0.02060196
v -0.00756084 -0.01518280 0.02060598
v -0.00727269 -0.01471697 0.02069153
v -0.00707570 -0.01518150 0.02066382
v -0.00678874 -0.01471719 0.02072842
v -0.00841287 -0.01425000 0.02048357
v -0.00794272 -0.01425000 0.02059971
v -0.00746567 -0.01425000 0.02068307
v -0.00698399 -0.01425000 0.02073325
v -0.01013481 -0.02013125 0.01484504
v -0.01049798 -0.01993519 0.01458355
v -0.01016877 -0.02018620 0.01429921
v -0.01109204 -0.01934571 0.01514532
v -0.01142788 -0.01895624 0.01535230
v -0.01174850 -0.01869206 0.01506202
v -0.01113989 -0.01942220 0.01459835
v -0.01141432 -0.01910646 0.01487435
v -0.01171309 -0.01884397 0.01459801
v -0.01146278 -0.01915435 0.01431401
v -0.01074778 -0.01956057 0.01540960
v -0.01045159 -0.01986052 0.01513092
v -0.01080819 -0.01965288 0.01486729
v -0.01084168 -0.01971143 0.01431799
v -0.01052120 -0.01997266 0.01403473
v -0.01018012 -0.02020456 0.01375000
v -0.01117252 -0.01945447 0.01403474
v -0.01174571 -0.01887619 0.01403449
v -0.01147897 -0.01917035 0.01375000
v -0.01085604 -0.01972950 0.01375000
v -0.01231569 -0.01795395 0.01495772
v -0.01204854 -0.01824876 0.01524116
v -0.01231251 -0.01777947 0.01541060
v -0.01256110 -0.01747187 0.01512211
v -0.01228977 -0.01811301 0.01449546
v -0.01203119 -0.01841427 0.01478189
v -0.01198690 -0.01855949 0.01431760
v -0.01255450 -0.01764109 0.01466840
v -0.01277481 -0.01703145 0.01512489
v -0.01311103 -0.01608085 0.01514366
v -0.01295877 -0.01656425 0.01513871
v -0.01277760 -0.01720655 0.01467224
v -0.01297013 -0.01675760 0.01467159
v -0.01313475 -0.01627951 0.01467799
v -0.01275049 -0.01736755 0.01421072
v -0.01269475 -0.01750960 0.01375000
v -0.01223445 -0.01825439 0.01403448
v -0.01245456 -0.01793012 0.01375000
v -0.01200503 -0.01857373 0.01375000
v -0.01251893 -0.01779409 0.01421030
v -0.01308520 -0.01662386 0.01375000
v -0.01295343 -0.01692205 0.01421192
v -0.01290530 -0.01707349 0.01375000
v -0.01312338 -0.01646744 0.01421230
v -0.01326650 -0.01598128 0.01421597
v -0.01323357 -0.01616286 0.01375000
v -0.01174605 -0.01852648 0.01553626
v -0.01007844 -0.02004003 0.01538412
v -0.00967983 -0.02032974 0.01513759
v -0.00929725 -0.02064088 0.01432627
v -0.00972617 -0.02040541 0.01458829
v -0.00877871 -0.02071716 0.01515832
v -0.00920331 -0.02048705 0.01542074
v -0.00882639 -0.02079591 0.01460960
v -0.00925895 -0.02058387 0.01487704
v -0.00930678 -0.02066264 0.01375000
v -0.00974949 -0.02044332 0.01403909
v -0.00883898 -0.02084133 0.01403911
v -0.00834906 -0.02080235 0.01537719
v -0.00788836 -0.02097832 0.01509246
v -0.00834006 -0.02090740 0.01488722
v -0.00835863 -0.02097458 0.01432051
v -0.00789006 -0.02105659 0.01460911
v -0.00742955 -0.02101475 0.01529082
v -0.00696597 -0.02101650 0.01548128
v -0.00696623 -0.02112038 0.01500717
v -0.00743279 -0.02110598 0.01481084
v -0.00743150 -0.02116382 0.01432570
v -0.00696697 -0.02119153 0.01452269
v -0.00836483 -0.02099703 0.01375000
v -0.00790257 -0.02110196 0.01403876
v -0.00743466 -0.02118732 0.01375000
v -0.00696719 -0.02122842 0.01403874
v -0.01322832 -0.01559246 0.01513836
v -0.01330659 -0.01510911 0.01514006
v -0.01326475 -0.01579082 0.01467955
v -0.01335598 -0.01531084 0.01468279
v -0.01341382 -0.01482570 0.01468150
v -0.01335196 -0.01453876 0.01515257
v -0.01343732 -0.01425000 0.01468466
v -0.01337038 -0.01550717 0.01421623
v -0.01334971 -0.01569272 0.01375000
v -0.01344153 -0.01502270 0.01421697
v -0.01343307 -0.01521567 0.01375000
v -0.01348325 -0.01473399 0.01375000
v -0.01347842 -0.01453874 0.01421719
v -0.01350000 -0.01425000 0.01375000
v -0.00650000 -0.01860604 0.01922950
v -0.00650000 -0.01922897 0.01867035
v -0.00650000 -0.01793012 0.01970456
v -0.00650000 -0.01705678 0.02016264
v -0.00650000 -0.01611483 0.02049703
v -0.00650000 -0.02020456 0.01743012
v -0.00650000 -0.02044475 0.01700960
v -0.00650000 -0.01975503 0.01807373
v -0.00650000 -0.02065530 0.01657349
v -0.00650000 -0.02083519 0.01612386
v -0.00650000 -0.02098357 0.01566287
v -0.00045000 -0.01669717 0.02030000
v -0.00045000 -0.01611483 0.02049703
v -0.00045000 -0.01658898 0.02034133
v -0.00045000 -0.02080000 0.01621182
v -0.00045000 -0.02083519 0.01612386
v -0.00045000 -0.02098357 0.01566287
v -0.00650000 -0.01518466 0.02068732
v -0.00650000 -0.01425000 0.02075000
v -0.00045000 -0.01565257 0.02060196
v -0.00045000 -0.01518466 0.02068732
v -0.00045000 -0.01471719 0.02072842
v -0.00045000 -0.01425000 0.02075000
v -0.00650000 -0.02109971 0.01519272
v -0.00650000 -0.02118307 0.01471567
v -0.00650000 -0.02123325 0.01423399
v -0.00650000 -0.02125000 0.01375000
v -0.00045000 -0.02109971 0.01519272
v -0.00045000 -0.02118307 0.01471567
v -0.00045000 -0.02123325 0.01423399
v -0.00045000 -0.02125000 0.01375000
v 0.00045000 -0.01669717 0.02030000
v 0.00045000 -0.01611483 0.02049703
v 0.00045000 -0.01658898 0.02034133
v 0.00045000 -0.02080000 0.01621182
v 0.00045000 -0.02083519 0.01612386
v 0.00045000 -0.02098357 0.01566287
v 0.00650000 -0.01860604 0.01922950
v 0.00650000 -0.01922897 0.01867035
v 0.00650000 -0.01793012 0.01970456
v 0.00650000 -0.01705678 0.02016264
v 0.00650000 -0.01611483 0.02049703
v 0.00650000 -0.02020456 0.01743012
v 0.00650000 -0.02044475 0.01700960
v 0.00650000 -0.01975503 0.01807373
v 0.00650000 -0.02065530 0.01657349
v 0.00650000 -0.02083519 0.01612386
v 0.00650000 -0.02098357 0.01566287
v 0.00045000 -0.01565257 0.02060196
v 0.00045000 -0.01518466 0.02068732
v 0.00045000 -0.01471719 0.02072842
v 0.00045000 -0.01425000 0.02075000
v 0.00650000 -0.01518466 0.02068732
v 0.00650000 -0.01425000 0.02075000
v 0.00045000 -0.02109971 0.01519272
v 0.00045000 -0.02118307 0.01471567
v 0.00045000 -0.02123325 0.01423399
v 0.00045000 -0.02125000 0.01375000
v 0.00650000 -0.02109971 0.01519272
v 0.00650000 -0.02118307 0.01471567
v 0.00650000 -0.02123325 0.01423399
v 0.00650000 -0.02125000 0.01375000
v 0.00678474 -0.01892252 0.01895447
v 0.00734835 -0.01888989 0.01892220
v 0.00678449 -0.01949571 0.01837619
v 0.00734801 -0.01946309 0.01834397
v 0.00706401 -0.01921278 0.01865435
v 0.00789532 -0.01884204 0.01884571
v 0.00781202 -0.01949850 0.01819205
v 0.00762435 -0.01916433 0.01860646
v 0.00837167 -0.01884634 0.01868665
v 0.00810230 -0.01917788 0.01845624
v 0.00884284 -0.01882448 0.01850239
v 0.00857203 -0.01916617 0.01828188
v 0.00929838 -0.01877788 0.01829614
v 0.00678473 -0.01827120 0.01947266
v 0.00678909 -0.01749949 0.01994332
v 0.00704921 -0.01791877 0.01968620
v 0.00733829 -0.01747617 0.01990541
v 0.00788759 -0.01742983 0.01982974
v 0.00759504 -0.01788481 0.01963125
v 0.00813412 -0.01782844 0.01954003
v 0.00842286 -0.01736125 0.01971848
v 0.00707627 -0.01704725 0.02014088
v 0.00707051 -0.01610863 0.02047458
v 0.00678911 -0.01658898 0.02034133
v 0.00735960 -0.01657639 0.02029591
v 0.00790832 -0.01652871 0.02021716
v 0.00763722 -0.01609006 0.02040740
v 0.00812719 -0.01609906 0.02030235
v 0.00762704 -0.01700895 0.02008387
v 0.00817074 -0.01695331 0.01998704
v 0.00839439 -0.01653150 0.02009082
v 0.00706799 -0.01859168 0.01921143
v 0.00733355 -0.01824798 0.01943519
v 0.00761729 -0.01855819 0.01915288
v 0.00788092 -0.01820159 0.01936053
v 0.00841595 -0.01813318 0.01925001
v 0.00815960 -0.01849778 0.01906057
v 0.00889994 -0.01735007 0.01954913
v 0.00860881 -0.01609858 0.02016371
v 0.00865362 -0.01695134 0.01983808
v 0.00912527 -0.01693530 0.01965738
v 0.00887446 -0.01652404 0.01992986
v 0.00907963 -0.01608862 0.01999219
v 0.00962884 -0.01681219 0.01946363
v 0.00953722 -0.01606924 0.01978868
v 0.00933804 -0.01650767 0.01973736
v 0.00983358 -0.01637661 0.01952623
v 0.00863649 -0.01849019 0.01889356
v 0.00889004 -0.01811717 0.01907284
v 0.00866312 -0.01775000 0.01941312
v 0.00917878 -0.01764999 0.01925129
v 0.00910224 -0.01846051 0.01869975
v 0.00939991 -0.01800749 0.01889508
v 0.00967793 -0.01752901 0.01905555
v 0.00960770 -0.01834301 0.01850284
v 0.01009363 -0.01819978 0.01827605
v 0.00989646 -0.01787579 0.01868130
v 0.00940918 -0.01723994 0.01937111
v 0.00990368 -0.01710800 0.01915803
v 0.01011285 -0.01667307 0.01923416
v 0.00678448 -0.01998445 0.01775439
v 0.00724546 -0.02003977 0.01761301
v 0.00696030 -0.02026893 0.01729409
v 0.00696072 -0.02050049 0.01686756
v 0.00741840 -0.02030450 0.01714109
v 0.00770772 -0.02006569 0.01745394
v 0.00787211 -0.02031110 0.01697187
v 0.00816060 -0.02006251 0.01727947
v 0.00706760 -0.01973690 0.01805949
v 0.00753189 -0.01978119 0.01791427
v 0.00799116 -0.01979855 0.01774876
v 0.00828626 -0.01949605 0.01802648
v 0.00696192 -0.02070343 0.01642205
v 0.00742159 -0.02072013 0.01625760
v 0.00742224 -0.02052760 0.01670654
v 0.00696230 -0.02087338 0.01596744
v 0.00742799 -0.02088475 0.01577951
v 0.00787489 -0.02052481 0.01653145
v 0.00831924 -0.02028868 0.01678722
v 0.00833862 -0.02049219 0.01632963
v 0.00788871 -0.02070877 0.01606425
v 0.00789366 -0.02086103 0.01558085
v 0.00834858 -0.02066371 0.01585881
v 0.00862661 -0.02002623 0.01708358
v 0.00906219 -0.01996363 0.01687884
v 0.00875499 -0.01946737 0.01783584
v 0.00846224 -0.01978078 0.01756576
v 0.00920711 -0.01941399 0.01762360
v 0.00903114 -0.01912926 0.01808430
v 0.00892307 -0.01973416 0.01736285
v 0.00947728 -0.01906734 0.01786450
v 0.00979642 -0.01864819 0.01808469
v 0.00997509 -0.01893728 0.01761693
v 0.00963782 -0.01932709 0.01740749
v 0.00935800 -0.01965803 0.01715368
v 0.00977901 -0.01955555 0.01692793
v 0.00875767 -0.02023736 0.01658804
v 0.00918530 -0.02015738 0.01637527
v 0.00878150 -0.02059082 0.01564439
v 0.00877404 -0.02042986 0.01612446
v 0.00920134 -0.02033808 0.01590362
v 0.00960007 -0.02004913 0.01614994
v 0.00961125 -0.02021848 0.01567286
v 0.00948994 -0.01987111 0.01665918
v 0.00989999 -0.01975129 0.01642878
v 0.01000000 -0.01991312 0.01591312
v 0.01015749 -0.01738782 0.01882709
v 0.01036693 -0.01772509 0.01843728
v 0.01037360 -0.01695711 0.01891398
v 0.01031576 -0.01621224 0.01928079
v 0.01058584 -0.01650499 0.01896737
v 0.01077648 -0.01603626 0.01899604
v 0.01061450 -0.01722728 0.01856734
v 0.01083430 -0.01678114 0.01862926
v 0.01104614 -0.01704838 0.01827788
v 0.01103188 -0.01632203 0.01866617
v 0.01125239 -0.01659284 0.01832448
v 0.01143665 -0.01612167 0.01834634
v 0.01044978 -0.01877604 0.01734363
v 0.01012579 -0.01918130 0.01714646
v 0.01025749 -0.01939508 0.01664991
v 0.01059301 -0.01900284 0.01685770
v 0.01071051 -0.01919975 0.01635224
v 0.01036717 -0.01957284 0.01614005
v 0.01038318 -0.01975000 0.01566595
v 0.01074019 -0.01939356 0.01588649
v 0.01102788 -0.01879614 0.01654838
v 0.01107448 -0.01900239 0.01609284
v 0.01109634 -0.01918665 0.01562167
v 0.01141617 -0.01878188 0.01582203
v 0.01028455 -0.01850235 0.01782366
v 0.01057366 -0.01803455 0.01800235
v 0.01075235 -0.01832366 0.01753455
v 0.01083469 -0.01754642 0.01814819
v 0.01089819 -0.01858469 0.01704642
v 0.01125284 -0.01735770 0.01784301
v 0.01102604 -0.01784363 0.01769978
v 0.01118728 -0.01811693 0.01722509
v 0.01143130 -0.01764646 0.01737579
v 0.01157709 -0.01790749 0.01688782
v 0.01180555 -0.01742793 0.01702901
v 0.01144975 -0.01685224 0.01796051
v 0.01164356 -0.01638649 0.01799019
v 0.01164508 -0.01714991 0.01750749
v 0.01131734 -0.01836450 0.01672728
v 0.01137926 -0.01858430 0.01628114
v 0.01166399 -0.01812360 0.01645711
v 0.01171737 -0.01833584 0.01600499
v 0.01182284 -0.01664004 0.01761718
v 0.01200000 -0.01616595 0.01763318
v 0.01200129 -0.01692878 0.01714998
v 0.01216312 -0.01641312 0.01725000
v 0.01246848 -0.01617286 0.01686125
v 0.01190803 -0.01765368 0.01660800
v 0.01221363 -0.01737884 0.01631219
v 0.01203078 -0.01806576 0.01571224
v 0.01198416 -0.01786285 0.01617307
v 0.01227623 -0.01758358 0.01587661
v 0.01253868 -0.01728722 0.01556924
v 0.01212111 -0.01715918 0.01673994
v 0.01229913 -0.01664994 0.01685007
v 0.01240738 -0.01687527 0.01643530
v 0.01258808 -0.01640362 0.01645134
v 0.01248736 -0.01708804 0.01600767
v 0.01267986 -0.01662446 0.01602404
v 0.01274219 -0.01682963 0.01558862
v 0.01284082 -0.01614439 0.01603150
v 0.01291371 -0.01635881 0.01559858
v 0.00678876 -0.01565257 0.02060196
v 0.00735911 -0.01564006 0.02055659
v 0.00707570 -0.01518150 0.02066382
v 0.00678874 -0.01471719 0.02072842
v 0.00756084 -0.01518280 0.02060598
v 0.00727269 -0.01471697 0.02069153
v 0.00784246 -0.01563836 0.02047832
v 0.00833085 -0.01564366 0.02036103
v 0.00775717 -0.01471623 0.02062038
v 0.00804082 -0.01517955 0.02051475
v 0.00823128 -0.01471597 0.02051650
v 0.00698399 -0.01425000 0.02073325
v 0.00746567 -0.01425000 0.02068307
v 0.00794272 -0.01425000 0.02059971
v 0.00841287 -0.01425000 0.02048357
v 0.00881425 -0.01563871 0.02020877
v 0.00852951 -0.01517799 0.02038475
v 0.00871744 -0.01471230 0.02037339
v 0.00900760 -0.01517159 0.02022013
v 0.00917205 -0.01471192 0.02020343
v 0.00928145 -0.01562489 0.02002481
v 0.00972187 -0.01562211 0.01981110
v 0.01002947 -0.01591060 0.01956251
v 0.00945655 -0.01517224 0.02002760
v 0.00961755 -0.01471072 0.02000049
v 0.00989109 -0.01516840 0.01980451
v 0.01004409 -0.01471030 0.01976893
v 0.00887386 -0.01425000 0.02033520
v 0.00932349 -0.01425000 0.02015530
v 0.00975960 -0.01425000 0.01994476
v 0.01020395 -0.01545772 0.01956568
v 0.01036301 -0.01499546 0.01953977
v 0.01050439 -0.01453448 0.01948445
v 0.01018012 -0.01425000 0.01970456
v 0.01049876 -0.01574116 0.01929854
v 0.01066427 -0.01528189 0.01928119
v 0.01094205 -0.01556202 0.01899850
v 0.01080949 -0.01481760 0.01923690
v 0.01109397 -0.01509801 0.01896309
v 0.01120624 -0.01585230 0.01867788
v 0.01135646 -0.01537435 0.01866432
v 0.01159571 -0.01564532 0.01834204
v 0.01140435 -0.01481401 0.01871278
v 0.01167220 -0.01509835 0.01838989
v 0.01082373 -0.01425000 0.01925503
v 0.01112619 -0.01453449 0.01899571
v 0.01142035 -0.01425000 0.01872897
v 0.01170447 -0.01453474 0.01842252
v 0.01181057 -0.01590960 0.01799778
v 0.01190288 -0.01536729 0.01805819
v 0.01211053 -0.01563092 0.01770159
v 0.01196143 -0.01481799 0.01809168
v 0.01218519 -0.01508355 0.01774798
v 0.01229003 -0.01588412 0.01732844
v 0.01238125 -0.01534504 0.01738481
v 0.01257974 -0.01563759 0.01692983
v 0.01243620 -0.01479921 0.01741877
v 0.01265541 -0.01508829 0.01697617
v 0.01197950 -0.01425000 0.01810604
v 0.01222266 -0.01453473 0.01777120
v 0.01245456 -0.01425000 0.01743012
v 0.01269332 -0.01453909 0.01699949
v 0.01273705 -0.01592074 0.01645331
v 0.01283387 -0.01537704 0.01650895
v 0.01289088 -0.01482627 0.01654725
v 0.01296716 -0.01565832 0.01602871
v 0.01305235 -0.01587719 0.01559906
v 0.01315740 -0.01538722 0.01559006
v 0.01304591 -0.01510960 0.01607639
v 0.01322458 -0.01482051 0.01560863
v 0.01291264 -0.01425000 0.01655678
v 0.01309133 -0.01453911 0.01608898
v 0.01324703 -0.01425000 0.01561483
v 0.00696597 -0.02101650 0.01548128
v 0.00696623 -0.02112038 0.01500717
v 0.00742955 -0.02101475 0.01529082
v 0.00696697 -0.02119153 0.01452269
v 0.00743279 -0.02110598 0.01481084
v 0.00743150 -0.02116382 0.01432570
v 0.00788836 -0.02097832 0.01509246
v 0.00834906 -0.02080235 0.01537719
v 0.00789006 -0.02105659 0.01460911
v 0.00834006 -0.02090740 0.01488722
v 0.00835863 -0.02097458 0.01432051
v 0.00696719 -0.02122842 0.01403874
v 0.00743466 -0.02118732 0.01375000
v 0.00790257 -0.02110196 0.01403876
v 0.00836483 -0.02099703 0.01375000
v 0.00877871 -0.02071716 0.01515832
v 0.00920331 -0.02048705 0.01542074
v 0.00882639 -0.02079591 0.01460960
v 0.00925895 -0.02058387 0.01487704
v 0.00967983 -0.02032974 0.01513759
v 0.01007844 -0.02004003 0.01538412
v 0.00929725 -0.02064088 0.01432627
v 0.00972617 -0.02040541 0.01458829
v 0.00883898 -0.02084133 0.01403911
v 0.00930678 -0.02066264 0.01375000
v 0.00974949 -0.02044332 0.01403909
v 0.01013481 -0.02013125 0.01484504
v 0.01016877 -0.02018620 0.01429921
v 0.01049798 -0.01993519 0.01458355
v 0.01045159 -0.01986052 0.01513092
v 0.01074778 -0.01956057 0.01540960
v 0.01080819 -0.01965288 0.01486729
v 0.01084168 -0.01971143 0.01431799
v 0.01109204 -0.01934571 0.01514532
v 0.01142788 -0.01895624 0.01535230
v 0.01174850 -0.01869206 0.01506202
v 0.01113989 -0.01942220 0.01459835
v 0.01141432 -0.01910646 0.01487435
v 0.01171309 -0.01884397 0.01459801
v 0.01146278 -0.01915435 0.01431401
v 0.01052120 -0.01997266 0.01403473
v 0.01018012 -0.02020456 0.01375000
v 0.01085604 -0.01972950 0.01375000
v 0.01117252 -0.01945447 0.01403474
v 0.01174571 -0.01887619 0.01403449
v 0.01147897 -0.01917035 0.01375000
v 0.01174605 -0.01852648 0.01553626
v 0.01204854 -0.01824876 0.01524116
v 0.01231569 -0.01795395 0.01495772
v 0.01231251 -0.01777947 0.01541060
v 0.01256110 -0.01747187 0.01512211
v 0.01203119 -0.01841427 0.01478189
v 0.01198690 -0.01855949 0.01431760
v 0.01228977 -0.01811301 0.01449546
v 0.01255450 -0.01764109 0.01466840
v 0.01277481 -0.01703145 0.01512489
v 0.01295877 -0.01656425 0.01513871
v 0.01311103 -0.01608085 0.01514366
v 0.01277760 -0.01720655 0.01467224
v 0.01297013 -0.01675760 0.01467159
v 0.01313475 -0.01627951 0.01467799
v 0.01200503 -0.01857373 0.01375000
v 0.01223445 -0.01825439 0.01403448
v 0.01245456 -0.01793012 0.01375000
v 0.01251893 -0.01779409 0.01421030
v 0.01275049 -0.01736755 0.01421072
v 0.01269475 -0.01750960 0.01375000
v 0.01295343 -0.01692205 0.01421192
v 0.01290530 -0.01707349 0.01375000
v 0.01308520 -0.01662386 0.01375000
v 0.01312338 -0.01646744 0.01421230
v 0.01326650 -0.01598128 0.01421597
v 0.01323357 -0.01616286 0.01375000
v 0.01322832 -0.01559246 0.01513836
v 0.01330659 -0.01510911 0.01514006
v 0.01326475 -0.01579082 0.01467955
v 0.01335598 -0.01531084 0.01468279
v 0.01341382 -0.01482570 0.01468150
v 0.01335196 -0.01453876 0.01515257
v 0.01343732 -0.01425000 0.01468466
v 0.01337038 -0.01550717 0.01421623
v 0.01334971 -0.01569272 0.01375000
v 0.01344153 -0.01502270 0.01421697
v 0.01343307 -0.01521567 0.01375000
v 0.01348325 -0.01473399 0.01375000
v 0.01347842 -0.01453874 0.01421719
v 0.01350000 -0.01425000 0.01375000
v 0.00926008 -0.00073000 0.00395992
v 0.00912272 -0.00046588 0.00401894
v 0.00902170 -0.00018000 0.00400572
v 0.00960000 -0.00075830 0.00400572
v 0.00942129 -0.00046915 0.00411616
v 0.00929941 -0.00018000 0.00412813
v 0.00960000 -0.00018000 0.00417000
v 0.00884299 -0.00082656 0.00353786
v 0.00882775 -0.00094316 0.00324668
v 0.00913214 -0.00093701 0.00371656
v 0.00905000 -0.00106992 0.00340992
v 0.00883684 -0.00035668 0.00384225
v 0.00871008 -0.00051992 0.00362000
v 0.00866428 -0.00018000 0.00364830
v 0.00855384 -0.00035871 0.00335915
v 0.00865106 -0.00065728 0.00335588
v 0.00895344 -0.00064786 0.00382701
v 0.00866428 -0.00075830 0.00307000
v 0.00902170 -0.00111572 0.00307000
v 0.00854187 -0.00048059 0.00307000
v 0.00850000 -0.00018000 0.00307000
v 0.00960000 -0.00111572 0.00364830
v 0.00942332 -0.00095225 0.00383316
v 0.00931412 -0.00112894 0.00354728
v 0.00931085 -0.00122616 0.00324871
v 0.00960000 -0.00123813 0.00337059
v 0.00960000 -0.00128000 0.00307000
v 0.01350000 -0.00086807 0.00390805
v 0.01340000 -0.00075830 0.00400572
v 0.01350000 -0.00074998 0.00399224
v 0.01350000 -0.00059650 0.00406752
v 0.01350000 -0.00034180 0.00413987
v 0.01350000 -0.00046915 0.00411616
v 0.01340000 -0.00018000 0.00417000
v 0.01350000 -0.00018000 0.00415607
v 0.01350000 -0.00102320 0.00375293
v 0.01340000 -0.00111572 0.00364830
v 0.01350000 -0.00112034 0.00361297
v 0.01350000 -0.00095225 0.00383316
v 0.01350000 -0.00119994 0.00343240
v 0.01340000 -0.00123813 0.00337059
v 0.01350000 -0.00123399 0.00332844
v 0.01350000 -0.00126138 0.00313180
v 0.01340000 -0.00128000 0.00307000
v -0.01018012 0.01425000 0.01970456
v -0.01050439 0.01453448 0.01948445
v -0.01036301 0.01499546 0.01953977
v -0.01020395 0.01545772 0.01956568
v -0.01112619 0.01453449 0.01899571
v -0.01142035 0.01425000 0.01872897
v -0.01170447 0.01453474 0.01842252
v -0.01082373 0.01425000 0.01925503
v -0.01109397 0.01509801 0.01896309
v -0.01140435 0.01481401 0.01871278
v -0.01167220 0.01509835 0.01838989
v -0.01159571 0.01564532 0.01834204
v -0.01135646 0.01537435 0.01866432
v -0.01120624 0.01585230 0.01867788
v -0.01080949 0.01481760 0.01923690
v -0.01066427 0.01528189 0.01928119
v -0.01094205 0.01556202 0.01899850
v -0.01049876 0.01574116 0.01929854
v -0.01269332 0.01453909 0.01699949
v -0.01197950 0.01425000 0.01810604
v -0.01222266 0.01453473 0.01777120
v -0.01245456 0.01425000 0.01743012
v -0.01196143 0.01481799 0.01809168
v -0.01218519 0.01508355 0.01774798
v -0.01190288 0.01536729 0.01805819
v -0.01211053 0.01563092 0.01770159
v -0.01243620 0.01479921 0.01741877
v -0.01265541 0.01508829 0.01697617
v -0.01238125 0.01534504 0.01738481
v -0.01229003 0.01588412 0.01732844
v -0.01257974 0.01563759 0.01692983
v -0.01291264 0.01425000 0.01655678
v -0.01309133 0.01453911 0.01608898
v -0.01324703 0.01425000 0.01561483
v -0.01289088 0.01482627 0.01654725
v -0.01283387 0.01537704 0.01650895
v -0.01273705 0.01592074 0.01645331
v -0.01322458 0.01482051 0.01560863
v -0.01304591 0.01510960 0.01607639
v -0.01315740 0.01538722 0.01559006
v -0.01296716 0.01565832 0.01602871
v -0.01305235 0.01587719 0.01559906
v -0.01181057 0.01590960 0.01799778
v -0.00932349 0.01425000 0.02015530
v -0.00975960 0.01425000 0.01994476
v -0.00887386 0.01425000 0.02033520
v -0.00989109 0.01516840 0.01980451
v -0.01004409 0.01471030 0.01976893
v -0.00961755 0.01471072 0.02000049
v -0.00945655 0.01517224 0.02002760
v -0.00972187 0.01562211 0.01981110
v -0.01002947 0.01591060 0.01956251
v -0.00928145 0.01562489 0.02002481
v -0.00917205 0.01471192 0.02020343
v -0.00900760 0.01517159 0.02022013
v -0.00871744 0.01471230 0.02037339
v -0.00852951 0.01517799 0.02038475
v -0.00881425 0.01563871 0.02020877
v -0.00841287 0.01425000 0.02048357
v -0.00794272 0.01425000 0.02059971
v -0.00746567 0.01425000 0.02068307
v -0.00698399 0.01425000 0.02073325
v -0.00823128 0.01471597 0.02051650
v -0.00804082 0.01517955 0.02051475
v -0.00775717 0.01471623 0.02062038
v -0.00833085 0.01564366 0.02036103
v -0.00784246 0.01563836 0.02047832
v -0.00727269 0.01471697 0.02069153
v -0.00756084 0.01518280 0.02060598
v -0.00678874 0.01471719 0.02072842
v -0.00707570 0.01518150 0.02066382
v -0.00735911 0.01564006 0.02055659
v -0.00678876 0.01565257 0.02060196
v -0.01143665 0.01612167 0.01834634
v -0.01103188 0.01632203 0.01866617
v -0.01125239 0.01659284 0.01832448
v -0.01104614 0.01704838 0.01827788
v -0.01077648 0.01603626 0.01899604
v -0.01058584 0.01650499 0.01896737
v -0.01031576 0.01621224 0.01928079
v -0.01037360 0.01695711 0.01891398
v -0.01083430 0.01678114 0.01862926
v -0.01061450 0.01722728 0.01856734
v -0.01015749 0.01738782 0.01882709
v -0.01036693 0.01772509 0.01843728
v -0.01200000 0.01616595 0.01763318
v -0.01182284 0.01664004 0.01761718
v -0.01246848 0.01617286 0.01686125
v -0.01216312 0.01641312 0.01725000
v -0.01200129 0.01692878 0.01714998
v -0.01284082 0.01614439 0.01603150
v -0.01291371 0.01635881 0.01559858
v -0.01267986 0.01662446 0.01602404
v -0.01274219 0.01682963 0.01558862
v -0.01258808 0.01640362 0.01645134
v -0.01229913 0.01664994 0.01685007
v -0.01240738 0.01687527 0.01643530
v -0.01212111 0.01715918 0.01673994
v -0.01248736 0.01708804 0.01600767
v -0.01190803 0.01765368 0.01660800
v -0.01221363 0.01737884 0.01631219
v -0.01253868 0.01728722 0.01556924
v -0.01227623 0.01758358 0.01587661
v -0.01198416 0.01786285 0.01617307
v -0.01203078 0.01806576 0.01571224
v -0.01164356 0.01638649 0.01799019
v -0.01144975 0.01685224 0.01796051
v -0.01164508 0.01714991 0.01750749
v -0.01125284 0.01735770 0.01784301
v -0.01102604 0.01784363 0.01769978
v -0.01143130 0.01764646 0.01737579
v -0.01180555 0.01742793 0.01702901
v -0.01157709 0.01790749 0.01688782
v -0.01118728 0.01811693 0.01722509
v -0.01083469 0.01754642 0.01814819
v -0.01057366 0.01803455 0.01800235
v -0.01075235 0.01832366 0.01753455
v -0.01028455 0.01850235 0.01782366
v -0.01089819 0.01858469 0.01704642
v -0.01166399 0.01812360 0.01645711
v -0.01131734 0.01836450 0.01672728
v -0.01137926 0.01858430 0.01628114
v -0.01171737 0.01833584 0.01600499
v -0.01044978 0.01877604 0.01734363
v -0.01012579 0.01918130 0.01714646
v -0.01102788 0.01879614 0.01654838
v -0.01141617 0.01878188 0.01582203
v -0.01107448 0.01900239 0.01609284
v -0.01109634 0.01918665 0.01562167
v -0.01059301 0.01900284 0.01685770
v -0.01071051 0.01919975 0.01635224
v -0.01025749 0.01939508 0.01664991
v -0.01074019 0.01939356 0.01588649
v -0.01036717 0.01957284 0.01614005
v -0.01038318 0.01975000 0.01566595
v -0.00983358 0.01637661 0.01952623
v -0.00953722 0.01606924 0.01978868
v -0.00933804 0.01650767 0.01973736
v -0.00962884 0.01681219 0.01946363
v -0.00860881 0.01609858 0.02016371
v -0.00907963 0.01608862 0.01999219
v -0.00887446 0.01652404 0.01992986
v -0.00912527 0.01693530 0.01965738
v -0.00865362 0.01695134 0.01983808
v -0.00889994 0.01735007 0.01954913
v -0.01011285 0.01667307 0.01923416
v -0.00990368 0.01710800 0.01915803
v -0.00940918 0.01723994 0.01937111
v -0.00967793 0.01752901 0.01905555
v -0.00939991 0.01800749 0.01889508
v -0.00989646 0.01787579 0.01868130
v -0.01009363 0.01819978 0.01827605
v -0.00960770 0.01834301 0.01850284
v -0.00917878 0.01764999 0.01925129
v -0.00866312 0.01775000 0.01941312
v -0.00889004 0.01811717 0.01907284
v -0.00863649 0.01849019 0.01889356
v -0.00910224 0.01846051 0.01869975
v -0.00812719 0.01609906 0.02030235
v -0.00763722 0.01609006 0.02040740
v -0.00790832 0.01652871 0.02021716
v -0.00839439 0.01653150 0.02009082
v -0.00817074 0.01695331 0.01998704
v -0.00762704 0.01700895 0.02008387
v -0.00735960 0.01657639 0.02029591
v -0.00707051 0.01610863 0.02047458
v -0.00678911 0.01658898 0.02034133
v -0.00707627 0.01704725 0.02014088
v -0.00842286 0.01736125 0.01971848
v -0.00813412 0.01782844 0.01954003
v -0.00788759 0.01742983 0.01982974
v -0.00759504 0.01788481 0.01963125
v -0.00733829 0.01747617 0.01990541
v -0.00678909 0.01749949 0.01994332
v -0.00704921 0.01791877 0.01968620
v -0.00678473 0.01827120 0.01947266
v -0.00841595 0.01813318 0.01925001
v -0.00815960 0.01849778 0.01906057
v -0.00788092 0.01820159 0.01936053
v -0.00761729 0.01855819 0.01915288
v -0.00733355 0.01824798 0.01943519
v -0.00706799 0.01859168 0.01921143
v -0.00929838 0.01877788 0.01829614
v -0.00884284 0.01882448 0.01850239
v -0.00857203 0.01916617 0.01828188
v -0.00789532 0.01884204 0.01884571
v -0.00837167 0.01884634 0.01868665
v -0.00810230 0.01917788 0.01845624
v -0.00762435 0.01916433 0.01860646
v -0.00781202 0.01949850 0.01819205
v -0.00734835 0.01888989 0.01892220
v -0.00678474 0.01892252 0.01895447
v -0.00706401 0.01921278 0.01865435
v -0.00734801 0.01946309 0.01834397
v -0.00678449 0.01949571 0.01837619
v -0.00979642 0.01864819 0.01808469
v -0.00997509 0.01893728 0.01761693
v -0.00947728 0.01906734 0.01786450
v -0.00977901 0.01955555 0.01692793
v -0.00963782 0.01932709 0.01740749
v -0.00935800 0.01965803 0.01715368
v -0.00903114 0.01912926 0.01808430
v -0.00920711 0.01941399 0.01762360
v -0.00875499 0.01946737 0.01783584
v -0.00846224 0.01978078 0.01756576
v -0.00892307 0.01973416 0.01736285
v -0.00906219 0.01996363 0.01687884
v -0.00862661 0.02002623 0.01708358
v -0.00989999 0.01975129 0.01642878
v -0.00948994 0.01987111 0.01665918
v -0.01000000 0.01991312 0.01591312
v -0.00960007 0.02004913 0.01614994
v -0.00961125 0.02021848 0.01567286
v -0.00918530 0.02015738 0.01637527
v -0.00875767 0.02023736 0.01658804
v -0.00920134 0.02033808 0.01590362
v -0.00877404 0.02042986 0.01612446
v -0.00878150 0.02059082 0.01564439
v -0.00828626 0.01949605 0.01802648
v -0.00799116 0.01979855 0.01774876
v -0.00753189 0.01978119 0.01791427
v -0.00706760 0.01973690 0.01805949
v -0.00816060 0.02006251 0.01727947
v -0.00770772 0.02006569 0.01745394
v -0.00787211 0.02031110 0.01697187
v -0.00724546 0.02003977 0.01761301
v -0.00678448 0.01998445 0.01775439
v -0.00741840 0.02030450 0.01714109
v -0.00696030 0.02026893 0.01729409
v -0.00696072 0.02050049 0.01686756
v -0.00831924 0.02028868 0.01678722
v -0.00833862 0.02049219 0.01632963
v -0.00787489 0.02052481 0.01653145
v -0.00834858 0.02066371 0.01585881
v -0.00788871 0.02070877 0.01606425
v -0.00789366 0.02086103 0.01558085
v -0.00742224 0.02052760 0.01670654
v -0.00742159 0.02072013 0.01625760
v -0.00696192 0.02070343 0.01642205
v -0.00742799 0.02088475 0.01577951
v -0.00696230 0.02087338 0.01596744
v -0.01335196 0.01453876 0.01515257
v -0.01343732 0.01425000 0.01468466
v -0.01330659 0.01510911 0.01514006
v -0.01322832 0.01559246 0.01513836
v -0.01341382 0.01482570 0.01468150
v -0.01335598 0.01531084 0.01468279
v -0.01326475 0.01579082 0.01467955
v -0.01347842 0.01453874 0.01421719
v -0.01350000 0.01425000 0.01375000
v -0.01344153 0.01502270 0.01421697
v -0.01348325 0.01473399 0.01375000
v -0.01343307 0.01521567 0.01375000
v -0.01337038 0.01550717 0.01421623
v -0.01334971 0.01569272 0.01375000
v -0.01311103 0.01608085 0.01514366
v -0.01295877 0.01656425 0.01513871
v -0.01277481 0.01703145 0.01512489
v -0.01313475 0.01627951 0.01467799
v -0.01297013 0.01675760 0.01467159
v -0.01277760 0.01720655 0.01467224
v -0.01231251 0.01777947 0.01541060
v -0.01256110 0.01747187 0.01512211
v -0.01231569 0.01795395 0.01495772
v -0.01204854 0.01824876 0.01524116
v -0.01255450 0.01764109 0.01466840
v -0.01228977 0.01811301 0.01449546
v -0.01203119 0.01841427 0.01478189
v -0.01198690 0.01855949 0.01431760
v -0.01326650 0.01598128 0.01421597
v -0.01312338 0.01646744 0.01421230
v -0.01323357 0.01616286 0.01375000
v -0.01308520 0.01662386 0.01375000
v -0.01295343 0.01692205 0.01421192
v -0.01290530 0.01707349 0.01375000
v -0.01275049 0.01736755 0.01421072
v -0.01269475 0.01750960 0.01375000
v -0.01251893 0.01779409 0.01421030
v -0.01223445 0.01825439 0.01403448
v -0.01245456 0.01793012 0.01375000
v -0.01200503 0.01857373 0.01375000
v -0.01174605 0.01852648 0.01553626
v -0.01142788 0.01895624 0.01535230
v -0.01174850 0.01869206 0.01506202
v -0.01109204 0.01934571 0.01514532
v -0.01171309 0.01884397 0.01459801
v -0.01141432 0.01910646 0.01487435
v -0.01146278 0.01915435 0.01431401
v -0.01113989 0.01942220 0.01459835
v -0.01074778 0.01956057 0.01540960
v -0.01045159 0.01986052 0.01513092
v -0.01080819 0.01965288 0.01486729
v -0.01084168 0.01971143 0.01431799
v -0.01013481 0.02013125 0.01484504
v -0.01049798 0.01993519 0.01458355
v -0.01016877 0.02018620 0.01429921
v -0.01174571 0.01887619 0.01403449
v -0.01147897 0.01917035 0.01375000
v -0.01117252 0.01945447 0.01403474
v -0.01085604 0.01972950 0.01375000
v -0.01052120 0.01997266 0.01403473
v -0.01018012 0.02020456 0.01375000
v -0.01007844 0.02004003 0.01538412
v -0.00967983 0.02032974 0.01513759
v -0.00972617 0.02040541 0.01458829
v -0.00929725 0.02064088 0.01432627
v -0.00920331 0.02048705 0.01542074
v -0.00877871 0.02071716 0.01515832
v -0.00925895 0.02058387 0.01487704
v -0.00882639 0.02079591 0.01460960
v -0.00974949 0.02044332 0.01403909
v -0.00930678 0.02066264 0.01375000
v -0.00883898 0.02084133 0.01403911
v -0.00834906 0.02080235 0.01537719
v -0.00788836 0.02097832 0.01509246
v -0.00834006 0.02090740 0.01488722
v -0.00835863 0.02097458 0.01432051
v -0.00789006 0.02105659 0.01460911
v -0.00742955 0.02101475 0.01529082
v -0.00696597 0.02101650 0.01548128
v -0.00696623 0.02112038 0.01500717
v -0.00743279 0.02110598 0.01481084
v -0.00743150 0.02116382 0.01432570
v -0.00696697 0.02119153 0.01452269
v -0.00836483 0.02099703 0.01375000
v -0.00790257 0.02110196 0.01403876
v -0.00743466 0.02118732 0.01375000
v -0.00696719 0.02122842 0.01403874
v -0.00650000 0.01425000 0.02075000
v -0.00650000 0.01518466 0.02068732
v -0.00045000 0.01425000 0.02075000
v -0.00045000 0.01471719 0.02072842
v -0.00045000 0.01518466 0.02068732
v -0.00045000 0.01565257 0.02060196
v -0.00650000 0.01611483 0.02049703
v -0.00650000 0.01705678 0.02016264
v -0.00650000 0.01793012 0.01970456
v -0.00650000 0.01860604 0.01922950
v -0.00650000 0.01922897 0.01867035
v -0.00650000 0.01975503 0.01807373
v -0.00650000 0.02020456 0.01743012
v -0.00650000 0.02044475 0.01700960
v -0.00650000 0.02065530 0.01657349
v -0.00650000 0.02083519 0.01612386
v -0.00650000 0.02098357 0.01566287
v -0.00045000 0.01611483 0.02049703
v -0.00045000 0.01658898 0.02034133
v -0.00045000 0.01669717 0.02030000
v -0.00045000 0.02080000 0.01621182
v -0.00045000 0.02083519 0.01612386
v -0.00045000 0.02098357 0.01566287
v -0.00650000 0.02109971 0.01519272
v -0.00650000 0.02118307 0.01471567
v -0.00650000 0.02123325 0.01423399
v -0.00650000 0.02125000 0.01375000
v -0.00045000 0.02109971 0.01519272
v -0.00045000 0.02118307 0.01471567
v -0.00045000 0.02123325 0.01423399
v -0.00045000 0.02125000 0.01375000
v 0.00045000 0.01425000 0.02075000
v 0.00045000 0.01471719 0.02072842
v 0.00045000 0.01518466 0.02068732
v 0.00045000 0.01565257 0.02060196
v 0.00650000 0.01425000 0.02075000
v 0.00650000 0.01518466 0.02068732
v 0.00045000 0.01611483 0.02049703
v 0.00045000 0.01658898 0.02034133
v 0.00045000 0.01669717 0.02030000
v 0.00045000 0.02080000 0.01621182
v 0.00045000 0.02083519 0.01612386
v 0.00045000 0.02098357 0.01566287
v 0.00650000 0.01611483 0.02049703
v 0.00650000 0.01705678 0.02016264
v 0.00650000 0.01793012 0.01970456
v 0.00650000 0.01860604 0.01922950
v 0.00650000 0.01922897 0.01867035
v 0.00650000 0.01975503 0.01807373
v 0.00650000 0.02020456 0.01743012
v 0.00650000 0.02044475 0.01700960
v 0.00650000 0.02065530 0.01657349
v 0.00650000 0.02083519 0.01612386
v 0.00650000 0.02098357 0.01566287
v 0.00045000 0.02109971 0.01519272
v 0.00045000 0.02118307 0.01471567
v 0.00045000 0.02123325 0.01423399
v 0.00045000 0.02125000 0.01375000
v 0.00650000 0.02109971 0.01519272
v 0.00650000 0.02118307 0.01471567
v 0.00650000 0.02123325 0.01423399
v 0.00650000 0.02125000 0.01375000
v 0.00698399 0.01425000 0.02073325
v 0.00746567 0.01425000 0.02068307
v 0.00794272 0.01425000 0.02059971
v 0.00841287 0.01425000 0.02048357
v 0.00678874 0.01471719 0.02072842
v 0.00707570 0.01518150 0.02066382
v 0.00727269 0.01471697 0.02069153
v 0.00756084 0.01518280 0.02060598
v 0.00678876 0.01565257 0.02060196
v 0.00735911 0.01564006 0.02055659
v 0.00775717 0.01471623 0.02062038
v 0.00823128 0.01471597 0.02051650
v 0.00804082 0.01517955 0.02051475
v 0.00784246 0.01563836 0.02047832
v 0.00833085 0.01564366 0.02036103
v 0.00887386 0.01425000 0.02033520
v 0.00932349 0.01425000 0.02015530
v 0.00975960 0.01425000 0.01994476
v 0.00871744 0.01471230 0.02037339
v 0.00852951 0.01517799 0.02038475
v 0.00917205 0.01471192 0.02020343
v 0.00900760 0.01517159 0.02022013
v 0.00881425 0.01563871 0.02020877
v 0.00961755 0.01471072 0.02000049
v 0.00945655 0.01517224 0.02002760
v 0.00989109 0.01516840 0.01980451
v 0.01004409 0.01471030 0.01976893
v 0.00928145 0.01562489 0.02002481
v 0.00972187 0.01562211 0.01981110
v 0.01002947 0.01591060 0.01956251
v 0.01018012 0.01425000 0.01970456
v 0.01050439 0.01453448 0.01948445
v 0.01036301 0.01499546 0.01953977
v 0.01020395 0.01545772 0.01956568
v 0.01082373 0.01425000 0.01925503
v 0.01112619 0.01453449 0.01899571
v 0.01142035 0.01425000 0.01872897
v 0.01170447 0.01453474 0.01842252
v 0.01080949 0.01481760 0.01923690
v 0.01049876 0.01574116 0.01929854
v 0.01066427 0.01528189 0.01928119
v 0.01094205 0.01556202 0.01899850
v 0.01109397 0.01509801 0.01896309
v 0.01140435 0.01481401 0.01871278
v 0.01167220 0.01509835 0.01838989
v 0.01135646 0.01537435 0.01866432
v 0.01120624 0.01585230 0.01867788
v 0.01159571 0.01564532 0.01834204
v 0.01181057 0.01590960 0.01799778
v 0.01197950 0.01425000 0.01810604
v 0.01222266 0.01453473 0.01777120
v 0.01245456 0.01425000 0.01743012
v 0.01269332 0.01453909 0.01699949
v 0.01196143 0.01481799 0.01809168
v 0.01218519 0.01508355 0.01774798
v 0.01190288 0.01536729 0.01805819
v 0.01211053 0.01563092 0.01770159
v 0.01243620 0.01479921 0.01741877
v 0.01265541 0.01508829 0.01697617
v 0.01238125 0.01534504 0.01738481
v 0.01229003 0.01588412 0.01732844
v 0.01257974 0.01563759 0.01692983
v 0.01291264 0.01425000 0.01655678
v 0.01309133 0.01453911 0.01608898
v 0.01324703 0.01425000 0.01561483
v 0.01289088 0.01482627 0.01654725
v 0.01283387 0.01537704 0.01650895
v 0.01273705 0.01592074 0.01645331
v 0.01304591 0.01510960 0.01607639
v 0.01322458 0.01482051 0.01560863
v 0.01296716 0.01565832 0.01602871
v 0.01305235 0.01587719 0.01559906
v 0.01315740 0.01538722 0.01559006
v 0.00707051 0.01610863 0.02047458
v 0.00678911 0.01658898 0.02034133
v 0.00735960 0.01657639 0.02029591
v 0.00707627 0.01704725 0.02014088
v 0.00763722 0.01609006 0.02040740
v 0.00790832 0.01652871 0.02021716
v 0.00812719 0.01609906 0.02030235
v 0.00839439 0.01653150 0.02009082
v 0.00762704 0.01700895 0.02008387
v 0.00817074 0.01695331 0.01998704
v 0.00678909 0.01749949 0.01994332
v 0.00704921 0.01791877 0.01968620
v 0.00733829 0.01747617 0.01990541
v 0.00678473 0.01827120 0.01947266
v 0.00788759 0.01742983 0.01982974
v 0.00759504 0.01788481 0.01963125
v 0.00842286 0.01736125 0.01971848
v 0.00813412 0.01782844 0.01954003
v 0.00706799 0.01859168 0.01921143
v 0.00733355 0.01824798 0.01943519
v 0.00788092 0.01820159 0.01936053
v 0.00761729 0.01855819 0.01915288
v 0.00841595 0.01813318 0.01925001
v 0.00815960 0.01849778 0.01906057
v 0.00860881 0.01609858 0.02016371
v 0.00907963 0.01608862 0.01999219
v 0.00887446 0.01652404 0.01992986
v 0.00865362 0.01695134 0.01983808
v 0.00912527 0.01693530 0.01965738
v 0.00953722 0.01606924 0.01978868
v 0.00933804 0.01650767 0.01973736
v 0.00983358 0.01637661 0.01952623
v 0.00962884 0.01681219 0.01946363
v 0.00889994 0.01735007 0.01954913
v 0.00940918 0.01723994 0.01937111
v 0.01011285 0.01667307 0.01923416
v 0.00990368 0.01710800 0.01915803
v 0.00866312 0.01775000 0.01941312
v 0.00917878 0.01764999 0.01925129
v 0.00863649 0.01849019 0.01889356
v 0.00889004 0.01811717 0.01907284
v 0.00910224 0.01846051 0.01869975
v 0.00967793 0.01752901 0.01905555
v 0.00939991 0.01800749 0.01889508
v 0.00989646 0.01787579 0.01868130
v 0.00960770 0.01834301 0.01850284
v 0.01009363 0.01819978 0.01827605
v 0.00678474 0.01892252 0.01895447
v 0.00734835 0.01888989 0.01892220
v 0.00706401 0.01921278 0.01865435
v 0.00678449 0.01949571 0.01837619
v 0.00734801 0.01946309 0.01834397
v 0.00789532 0.01884204 0.01884571
v 0.00762435 0.01916433 0.01860646
v 0.00837167 0.01884634 0.01868665
v 0.00810230 0.01917788 0.01845624
v 0.00781202 0.01949850 0.01819205
v 0.00884284 0.01882448 0.01850239
v 0.00857203 0.01916617 0.01828188
v 0.00929838 0.01877788 0.01829614
v 0.00706760 0.01973690 0.01805949
v 0.00753189 0.01978119 0.01791427
v 0.00799116 0.01979855 0.01774876
v 0.00828626 0.01949605 0.01802648
v 0.00678448 0.01998445 0.01775439
v 0.00724546 0.02003977 0.01761301
v 0.00696030 0.02026893 0.01729409
v 0.00696072 0.02050049 0.01686756
v 0.00741840 0.02030450 0.01714109
v 0.00770772 0.02006569 0.01745394
v 0.00787211 0.02031110 0.01697187
v 0.00816060 0.02006251 0.01727947
v 0.00742224 0.02052760 0.01670654
v 0.00696192 0.02070343 0.01642205
v 0.00742159 0.02072013 0.01625760
v 0.00696230 0.02087338 0.01596744
v 0.00742799 0.02088475 0.01577951
v 0.00787489 0.02052481 0.01653145
v 0.00831924 0.02028868 0.01678722
v 0.00833862 0.02049219 0.01632963
v 0.00788871 0.02070877 0.01606425
v 0.00789366 0.02086103 0.01558085
v 0.00834858 0.02066371 0.01585881
v 0.00903114 0.01912926 0.01808430
v 0.00875499 0.01946737 0.01783584
v 0.00846224 0.01978078 0.01756576
v 0.00920711 0.01941399 0.01762360
v 0.00892307 0.01973416 0.01736285
v 0.00947728 0.01906734 0.01786450
v 0.00979642 0.01864819 0.01808469
v 0.00997509 0.01893728 0.01761693
v 0.00963782 0.01932709 0.01740749
v 0.00935800 0.01965803 0.01715368
v 0.00977901 0.01955555 0.01692793
v 0.00862661 0.02002623 0.01708358
v 0.00906219 0.01996363 0.01687884
v 0.00948994 0.01987111 0.01665918
v 0.00989999 0.01975129 0.01642878
v 0.01000000 0.01991312 0.01591312
v 0.00875767 0.02023736 0.01658804
v 0.00918530 0.02015738 0.01637527
v 0.00877404 0.02042986 0.01612446
v 0.00920134 0.02033808 0.01590362
v 0.00878150 0.02059082 0.01564439
v 0.00960007 0.02004913 0.01614994
v 0.00961125 0.02021848 0.01567286
v 0.01031576 0.01621224 0.01928079
v 0.01077648 0.01603626 0.01899604
v 0.01058584 0.01650499 0.01896737
v 0.01037360 0.01695711 0.01891398
v 0.01083430 0.01678114 0.01862926
v 0.01061450 0.01722728 0.01856734
v 0.01103188 0.01632203 0.01866617
v 0.01125239 0.01659284 0.01832448
v 0.01143665 0.01612167 0.01834634
v 0.01104614 0.01704838 0.01827788
v 0.01015749 0.01738782 0.01882709
v 0.01036693 0.01772509 0.01843728
v 0.01164356 0.01638649 0.01799019
v 0.01144975 0.01685224 0.01796051
v 0.01164508 0.01714991 0.01750749
v 0.01083469 0.01754642 0.01814819
v 0.01028455 0.01850235 0.01782366
v 0.01057366 0.01803455 0.01800235
v 0.01075235 0.01832366 0.01753455
v 0.01089819 0.01858469 0.01704642
v 0.01125284 0.01735770 0.01784301
v 0.01102604 0.01784363 0.01769978
v 0.01143130 0.01764646 0.01737579
v 0.01180555 0.01742793 0.01702901
v 0.01157709 0.01790749 0.01688782
v 0.01118728 0.01811693 0.01722509
v 0.01131734 0.01836450 0.01672728
v 0.01137926 0.01858430 0.01628114
v 0.01166399 0.01812360 0.01645711
v 0.01171737 0.01833584 0.01600499
v 0.01200000 0.01616595 0.01763318
v 0.01182284 0.01664004 0.01761718
v 0.01216312 0.01641312 0.01725000
v 0.01246848 0.01617286 0.01686125
v 0.01200129 0.01692878 0.01714998
v 0.01258808 0.01640362 0.01645134
v 0.01212111 0.01715918 0.01673994
v 0.01229913 0.01664994 0.01685007
v 0.01240738 0.01687527 0.01643530
v 0.01248736 0.01708804 0.01600767
v 0.01284082 0.01614439 0.01603150
v 0.01291371 0.01635881 0.01559858
v 0.01267986 0.01662446 0.01602404
v 0.01274219 0.01682963 0.01558862
v 0.01190803 0.01765368 0.01660800
v 0.01221363 0.01737884 0.01631219
v 0.01198416 0.01786285 0.01617307
v 0.01227623 0.01758358 0.01587661
v 0.01253868 0.01728722 0.01556924
v 0.01203078 0.01806576 0.01571224
v 0.01044978 0.01877604 0.01734363
v 0.01012579 0.01918130 0.01714646
v 0.01059301 0.01900284 0.01685770
v 0.01071051 0.01919975 0.01635224
v 0.01025749 0.01939508 0.01664991
v 0.01036717 0.01957284 0.01614005
v 0.01038318 0.01975000 0.01566595
v 0.01074019 0.01939356 0.01588649
v 0.01102788 0.01879614 0.01654838
v 0.01107448 0.01900239 0.01609284
v 0.01109634 0.01918665 0.01562167
v 0.01141617 0.01878188 0.01582203
v 0.01335196 0.01453876 0.01515257
v 0.01343732 0.01425000 0.01468466
v 0.01330659 0.01510911 0.01514006
v 0.01322832 0.01559246 0.01513836
v 0.01341382 0.01482570 0.01468150
v 0.01335598 0.01531084 0.01468279
v 0.01326475 0.01579082 0.01467955
v 0.01347842 0.01453874 0.01421719
v 0.01350000 0.01425000 0.01375000
v 0.01344153 0.01502270 0.01421697
v 0.01348325 0.01473399 0.01375000
v 0.01343307 0.01521567 0.01375000
v 0.01337038 0.01550717 0.01421623
v 0.01334971 0.01569272 0.01375000
v 0.00696597 0.02101650 0.01548128
v 0.00696623 0.02112038 0.01500717
v 0.00742955 0.02101475 0.01529082
v 0.00696697 0.02119153 0.01452269
v 0.00743279 0.02110598 0.01481084
v 0.00743150 0.02116382 0.01432570
v 0.00788836 0.02097832 0.01509246
v 0.00834906 0.02080235 0.01537719
v 0.00789006 0.02105659 0.01460911
v 0.00834006 0.02090740 0.01488722
v 0.00835863 0.02097458 0.01432051
v 0.00696719 0.02122842 0.01403874
v 0.00743466 0.02118732 0.01375000
v 0.00790257 0.02110196 0.01403876
v 0.00836483 0.02099703 0.01375000
v 0.00920331 0.02048705 0.01542074
v 0.00877871 0.02071716 0.01515832
v 0.00925895 0.02058387 0.01487704
v 0.00882639 0.02079591 0.01460960
v 0.00967983 0.02032974 0.01513759
v 0.01007844 0.02004003 0.01538412
v 0.00972617 0.02040541 0.01458829
v 0.00929725 0.02064088 0.01432627
v 0.00883898 0.02084133 0.01403911
v 0.00974949 0.02044332 0.01403909
v 0.00930678 0.02066264 0.01375000
v 0.01174605 0.01852648 0.01553626
v 0.01295877 0.01656425 0.01513871
v 0.01311103 0.01608085 0.01514366
v 0.01277481 0.01703145 0.01512489
v 0.01313475 0.01627951 0.01467799
v 0.01297013 0.01675760 0.01467159
v 0.01277760 0.01720655 0.01467224
v 0.01231251 0.01777947 0.01541060
v 0.01256110 0.01747187 0.01512211
v 0.01204854 0.01824876 0.01524116
v 0.01231569 0.01795395 0.01495772
v 0.01255450 0.01764109 0.01466840
v 0.01203119 0.01841427 0.01478189
v 0.01198690 0.01855949 0.01431760
v 0.01228977 0.01811301 0.01449546
v 0.01326650 0.01598128 0.01421597
v 0.01312338 0.01646744 0.01421230
v 0.01323357 0.01616286 0.01375000
v 0.01295343 0.01692205 0.01421192
v 0.01290530 0.01707349 0.01375000
v 0.01308520 0.01662386 0.01375000
v 0.01251893 0.01779409 0.01421030
v 0.01200503 0.01857373 0.01375000
v 0.01223445 0.01825439 0.01403448
v 0.01245456 0.01793012 0.01375000
v 0.01275049 0.01736755 0.01421072
v 0.01269475 0.01750960 0.01375000
v 0.01045159 0.01986052 0.01513092
v 0.01074778 0.01956057 0.01540960
v 0.01080819 0.01965288 0.01486729
v 0.01084168 0.01971143 0.01431799
v 0.01142788 0.01895624 0.01535230
v 0.01174850 0.01869206 0.01506202
v 0.01109204 0.01934571 0.01514532
v 0.01171309 0.01884397 0.01459801
v 0.01141432 0.01910646 0.01487435
v 0.01146278 0.01915435 0.01431401
v 0.01113989 0.01942220 0.01459835
v 0.01013481 0.02013125 0.01484504
v 0.01016877 0.02018620 0.01429921
v 0.01049798 0.01993519 0.01458355
v 0.01085604 0.01972950 0.01375000
v 0.01174571 0.01887619 0.01403449
v 0.01147897 0.01917035 0.01375000
v 0.01117252 0.01945447 0.01403474
v 0.01052120 0.01997266 0.01403473
v 0.01018012 0.02020456 0.01375000
v 0.00902170 0.00018000 0.00400572
v 0.00912272 0.00046588 0.00401894
v 0.00926008 0.00073000 0.00395992
v 0.00929941 0.00018000 0.00412813
v 0.00960000 0.00018000 0.00417000
v 0.00942129 0.00046915 0.00411616
v 0.00960000 0.00075830 0.00400572
v 0.00866428 0.00018000 0.00364830
v 0.00883684 0.00035668 0.00384225
v 0.00871008 0.00051992 0.00362000
v 0.00855384 0.00035871 0.00335915
v 0.00865106 0.00065728 0.00335588
v 0.00895344 0.00064786 0.00382701
v 0.00884299 0.00082656 0.00353786
v 0.00882775 0.00094316 0.00324668
v 0.00913214 0.00093701 0.00371656
v 0.00905000 0.00106992 0.00340992
v 0.00850000 0.00018000 0.00307000
v 0.00854187 0.00048059 0.00307000
v 0.00866428 0.00075830 0.00307000
v 0.00902170 0.00111572 0.00307000
v 0.00942332 0.00095225 0.00383316
v 0.00960000 0.00111572 0.00364830
v 0.00931412 0.00112894 0.00354728
v 0.00931085 0.00122616 0.00324871
v 0.00960000 0.00123813 0.00337059
v 0.00960000 0.00128000 0.00307000
v 0.01340000 0.00018000 0.00417000
v 0.01350000 0.00018000 0.00415607
v 0.01350000 0.00034180 0.00413987
v 0.01350000 0.00046915 0.00411616
v 0.01350000 0.00059650 0.00406752
v 0.01340000 0.00075830 0.00400572
v 0.01350000 0.00074998 0.00399224
v 0.01350000 0.00086807 0.00390805
v 0.01350000 0.00095225 0.00383316
v 0.01350000 0.00102320 0.00375293
v 0.01340000 0.00111572 0.00364830
v 0.01350000 0.00112034 0.00361297
v 0.01350000 0.00119994 0.00343240
v 0.01340000 0.00123813 0.00337059
v 0.01350000 0.00123399 0.00332844
v 0.01350000 0.00126138 0.00313180
v 0.01340000 0.00128000 0.00307000
v -0.01018012 -0.02020456 -0.01375000
v -0.01052120 -0.01997266 -0.01403473
v -0.01117252 -0.01945447 -0.01403474
v -0.01147897 -0.01917035 -0.01375000
v -0.01174571 -0.01887619 -0.01403449
v -0.01085604 -0.01972950 -0.01375000
v -0.01049798 -0.01993519 -0.01458355
v -0.01016877 -0.02018620 -0.01429921
v -0.01013481 -0.02013125 -0.01484504
v -0.01113989 -0.01942220 -0.01459835
v -0.01146278 -0.01915435 -0.01431401
v -0.01141432 -0.01910646 -0.01487435
v -0.01171309 -0.01884397 -0.01459801
v -0.01109204 -0.01934571 -0.01514532
v -0.01174850 -0.01869206 -0.01506202
v -0.01142788 -0.01895624 -0.01535230
v -0.01084168 -0.01971143 -0.01431799
v -0.01080819 -0.01965288 -0.01486729
v -0.01074778 -0.01956057 -0.01540960
v -0.01045159 -0.01986052 -0.01513092
v -0.01269475 -0.01750960 -0.01375000
v -0.01275049 -0.01736755 -0.01421072
v -0.01245456 -0.01793012 -0.01375000
v -0.01223445 -0.01825439 -0.01403448
v -0.01200503 -0.01857373 -0.01375000
v -0.01251893 -0.01779409 -0.01421030
v -0.01308520 -0.01662386 -0.01375000
v -0.01290530 -0.01707349 -0.01375000
v -0.01295343 -0.01692205 -0.01421192
v -0.01323357 -0.01616286 -0.01375000
v -0.01312338 -0.01646744 -0.01421230
v -0.01326650 -0.01598128 -0.01421597
v -0.01228977 -0.01811301 -0.01449546
v -0.01198690 -0.01855949 -0.01431760
v -0.01203119 -0.01841427 -0.01478189
v -0.01255450 -0.01764109 -0.01466840
v -0.01231569 -0.01795395 -0.01495772
v -0.01204854 -0.01824876 -0.01524116
v -0.01256110 -0.01747187 -0.01512211
v -0.01231251 -0.01777947 -0.01541060
v -0.01277760 -0.01720655 -0.01467224
v -0.01297013 -0.01675760 -0.01467159
v -0.01313475 -0.01627951 -0.01467799
v -0.01277481 -0.01703145 -0.01512489
v -0.01311103 -0.01608085 -0.01514366
v -0.01295877 -0.01656425 -0.01513871
v -0.01174605 -0.01852648 -0.01553626
v -0.00930678 -0.02066264 -0.01375000
v -0.00974949 -0.02044332 -0.01403909
v -0.00883898 -0.02084133 -0.01403911
v -0.00929725 -0.02064088 -0.01432627
v -0.00972617 -0.02040541 -0.01458829
v -0.01007844 -0.02004003 -0.01538412
v -0.00967983 -0.02032974 -0.01513759
v -0.00882639 -0.02079591 -0.01460960
v -0.00925895 -0.02058387 -0.01487704
v -0.00877871 -0.02071716 -0.01515832
v -0.00920331 -0.02048705 -0.01542074
v -0.00836483 -0.02099703 -0.01375000
v -0.00790257 -0.02110196 -0.01403876
v -0.00743466 -0.02118732 -0.01375000
v -0.00696719 -0.02122842 -0.01403874
v -0.00835863 -0.02097458 -0.01432051
v -0.00834006 -0.02090740 -0.01488722
v -0.00789006 -0.02105659 -0.01460911
v -0.00834906 -0.02080235 -0.01537719
v -0.00788836 -0.02097832 -0.01509246
v -0.00743150 -0.02116382 -0.01432570
v -0.00743279 -0.02110598 -0.01481084
v -0.00696697 -0.02119153 -0.01452269
v -0.00742955 -0.02101475 -0.01529082
v -0.00696623 -0.02112038 -0.01500717
v -0.00696597 -0.02101650 -0.01548128
v -0.01334971 -0.01569272 -0.01375000
v -0.01337038 -0.01550717 -0.01421623
v -0.01343307 -0.01521567 -0.01375000
v -0.01348325 -0.01473399 -0.01375000
v -0.01344153 -0.01502270 -0.01421697
v -0.01350000 -0.01425000 -0.01375000
v -0.01347842 -0.01453874 -0.01421719
v -0.01326475 -0.01579082 -0.01467955
v -0.01335598 -0.01531084 -0.01468279
v -0.01341382 -0.01482570 -0.01468150
v -0.01322832 -0.01559246 -0.01513836
v -0.01330659 -0.01510911 -0.01514006
v -0.01343732 -0.01425000 -0.01468466
v -0.01335196 -0.01453876 -0.01515257
v -0.01141617 -0.01878188 -0.01582203
v -0.01109634 -0.01918665 -0.01562167
v -0.01107448 -0.01900239 -0.01609284
v -0.01102788 -0.01879614 -0.01654838
v -0.01074019 -0.01939356 -0.01588649
v -0.01038318 -0.01975000 -0.01566595
v -0.01036717 -0.01957284 -0.01614005
v -0.01025749 -0.01939508 -0.01664991
v -0.01071051 -0.01919975 -0.01635224
v -0.01059301 -0.01900284 -0.01685770
v -0.01012579 -0.01918130 -0.01714646
v -0.01044978 -0.01877604 -0.01734363
v -0.01203078 -0.01806576 -0.01571224
v -0.01253868 -0.01728722 -0.01556924
v -0.01227623 -0.01758358 -0.01587661
v -0.01198416 -0.01786285 -0.01617307
v -0.01221363 -0.01737884 -0.01631219
v -0.01190803 -0.01765368 -0.01660800
v -0.01274219 -0.01682963 -0.01558862
v -0.01267986 -0.01662446 -0.01602404
v -0.01291371 -0.01635881 -0.01559858
v -0.01284082 -0.01614439 -0.01603150
v -0.01248736 -0.01708804 -0.01600767
v -0.01240738 -0.01687527 -0.01643530
v -0.01229913 -0.01664994 -0.01685007
v -0.01212111 -0.01715918 -0.01673994
v -0.01258808 -0.01640362 -0.01645134
v -0.01200129 -0.01692878 -0.01714998
v -0.01246848 -0.01617286 -0.01686125
v -0.01216312 -0.01641312 -0.01725000
v -0.01182284 -0.01664004 -0.01761718
v -0.01200000 -0.01616595 -0.01763318
v -0.01171737 -0.01833584 -0.01600499
v -0.01166399 -0.01812360 -0.01645711
v -0.01137926 -0.01858430 -0.01628114
v -0.01131734 -0.01836450 -0.01672728
v -0.01118728 -0.01811693 -0.01722509
v -0.01157709 -0.01790749 -0.01688782
v -0.01180555 -0.01742793 -0.01702901
v -0.01143130 -0.01764646 -0.01737579
v -0.01102604 -0.01784363 -0.01769978
v -0.01125284 -0.01735770 -0.01784301
v -0.01089819 -0.01858469 -0.01704642
v -0.01075235 -0.01832366 -0.01753455
v -0.01057366 -0.01803455 -0.01800235
v -0.01028455 -0.01850235 -0.01782366
v -0.01083469 -0.01754642 -0.01814819
v -0.01164508 -0.01714991 -0.01750749
v -0.01144975 -0.01685224 -0.01796051
v -0.01164356 -0.01638649 -0.01799019
v -0.01036693 -0.01772509 -0.01843728
v -0.01015749 -0.01738782 -0.01882709
v -0.01104614 -0.01704838 -0.01827788
v -0.01143665 -0.01612167 -0.01834634
v -0.01125239 -0.01659284 -0.01832448
v -0.01103188 -0.01632203 -0.01866617
v -0.01061450 -0.01722728 -0.01856734
v -0.01083430 -0.01678114 -0.01862926
v -0.01037360 -0.01695711 -0.01891398
v -0.01058584 -0.01650499 -0.01896737
v -0.01077648 -0.01603626 -0.01899604
v -0.01031576 -0.01621224 -0.01928079
v -0.00961125 -0.02021848 -0.01567286
v -0.00960007 -0.02004913 -0.01614994
v -0.00878150 -0.02059082 -0.01564439
v -0.00920134 -0.02033808 -0.01590362
v -0.00877404 -0.02042986 -0.01612446
v -0.00918530 -0.02015738 -0.01637527
v -0.00875767 -0.02023736 -0.01658804
v -0.01000000 -0.01991312 -0.01591312
v -0.00989999 -0.01975129 -0.01642878
v -0.00948994 -0.01987111 -0.01665918
v -0.00906219 -0.01996363 -0.01687884
v -0.00862661 -0.02002623 -0.01708358
v -0.00977901 -0.01955555 -0.01692793
v -0.00935800 -0.01965803 -0.01715368
v -0.00963782 -0.01932709 -0.01740749
v -0.00997509 -0.01893728 -0.01761693
v -0.00979642 -0.01864819 -0.01808469
v -0.00947728 -0.01906734 -0.01786450
v -0.00892307 -0.01973416 -0.01736285
v -0.00920711 -0.01941399 -0.01762360
v -0.00846224 -0.01978078 -0.01756576
v -0.00875499 -0.01946737 -0.01783584
v -0.00903114 -0.01912926 -0.01808430
v -0.00834858 -0.02066371 -0.01585881
v -0.00789366 -0.02086103 -0.01558085
v -0.00788871 -0.02070877 -0.01606425
v -0.00833862 -0.02049219 -0.01632963
v -0.00831924 -0.02028868 -0.01678722
v -0.00787489 -0.02052481 -0.01653145
v -0.00742799 -0.02088475 -0.01577951
v -0.00696230 -0.02087338 -0.01596744
v -0.00742159 -0.02072013 -0.01625760
v -0.00696192 -0.02070343 -0.01642205
v -0.00742224 -0.02052760 -0.01670654
v -0.00816060 -0.02006251 -0.01727947
v -0.00787211 -0.02031110 -0.01697187
v -0.00770772 -0.02006569 -0.01745394
v -0.00741840 -0.02030450 -0.01714109
v -0.00696072 -0.02050049 -0.01686756
v -0.00696030 -0.02026893 -0.01729409
v -0.00724546 -0.02003977 -0.01761301
v -0.00678448 -0.01998445 -0.01775439
v -0.00828626 -0.01949605 -0.01802648
v -0.00799116 -0.01979855 -0.01774876
v -0.00753189 -0.01978119 -0.01791427
v -0.00706760 -0.01973690 -0.01805949
v -0.00929838 -0.01877788 -0.01829614
v -0.00857203 -0.01916617 -0.01828188
v -0.00884284 -0.01882448 -0.01850239
v -0.00781202 -0.01949850 -0.01819205
v -0.00810230 -0.01917788 -0.01845624
v -0.00837167 -0.01884634 -0.01868665
v -0.00762435 -0.01916433 -0.01860646
v -0.00789532 -0.01884204 -0.01884571
v -0.00734801 -0.01946309 -0.01834397
v -0.00678449 -0.01949571 -0.01837619
v -0.00706401 -0.01921278 -0.01865435
v -0.00734835 -0.01888989 -0.01892220
v -0.00678474 -0.01892252 -0.01895447
v -0.01009363 -0.01819978 -0.01827605
v -0.00960770 -0.01834301 -0.01850284
v -0.00989646 -0.01787579 -0.01868130
v -0.00939991 -0.01800749 -0.01889508
v -0.00967793 -0.01752901 -0.01905555
v -0.00910224 -0.01846051 -0.01869975
v -0.00889004 -0.01811717 -0.01907284
v -0.00863649 -0.01849019 -0.01889356
v -0.00917878 -0.01764999 -0.01925129
v -0.00866312 -0.01775000 -0.01941312
v -0.00990368 -0.01710800 -0.01915803
v -0.01011285 -0.01667307 -0.01923416
v -0.00940918 -0.01723994 -0.01937111
v -0.00889994 -0.01735007 -0.01954913
v -0.00962884 -0.01681219 -0.01946363
v -0.00983358 -0.01637661 -0.01952623
v -0.00933804 -0.01650767 -0.01973736
v -0.00953722 -0.01606924 -0.01978868
v -0.00912527 -0.01693530 -0.01965738
v -0.00865362 -0.01695134 -0.01983808
v -0.00887446 -0.01652404 -0.01992986
v -0.00907963 -0.01608862 -0.01999219
v -0.00860881 -0.01609858 -0.02016371
v -0.00815960 -0.01849778 -0.01906057
v -0.00841595 -0.01813318 -0.01925001
v -0.00761729 -0.01855819 -0.01915288
v -0.00788092 -0.01820159 -0.01936053
v -0.00733355 -0.01824798 -0.01943519
v -0.00706799 -0.01859168 -0.01921143
v -0.00813412 -0.01782844 -0.01954003
v -0.00842286 -0.01736125 -0.01971848
v -0.00759504 -0.01788481 -0.01963125
v -0.00788759 -0.01742983 -0.01982974
v -0.00678473 -0.01827120 -0.01947266
v -0.00733829 -0.01747617 -0.01990541
v -0.00704921 -0.01791877 -0.01968620
v -0.00678909 -0.01749949 -0.01994332
v -0.00817074 -0.01695331 -0.01998704
v -0.00762704 -0.01700895 -0.02008387
v -0.00839439 -0.01653150 -0.02009082
v -0.00812719 -0.01609906 -0.02030235
v -0.00790832 -0.01652871 -0.02021716
v -0.00763722 -0.01609006 -0.02040740
v -0.00707627 -0.01704725 -0.02014088
v -0.00735960 -0.01657639 -0.02029591
v -0.00678911 -0.01658898 -0.02034133
v -0.00707051 -0.01610863 -0.02047458
v -0.01315740 -0.01538722 -0.01559006
v -0.01305235 -0.01587719 -0.01559906
v -0.01296716 -0.01565832 -0.01602871
v -0.01322458 -0.01482051 -0.01560863
v -0.01304591 -0.01510960 -0.01607639
v -0.01273705 -0.01592074 -0.01645331
v -0.01283387 -0.01537704 -0.01650895
v -0.01289088 -0.01482627 -0.01654725
v -0.01324703 -0.01425000 -0.01561483
v -0.01309133 -0.01453911 -0.01608898
v -0.01291264 -0.01425000 -0.01655678
v -0.01257974 -0.01563759 -0.01692983
v -0.01229003 -0.01588412 -0.01732844
v -0.01238125 -0.01534504 -0.01738481
v -0.01265541 -0.01508829 -0.01697617
v -0.01243620 -0.01479921 -0.01741877
v -0.01211053 -0.01563092 -0.01770159
v -0.01190288 -0.01536729 -0.01805819
v -0.01218519 -0.01508355 -0.01774798
v -0.01196143 -0.01481799 -0.01809168
v -0.01269332 -0.01453909 -0.01699949
v -0.01245456 -0.01425000 -0.01743012
v -0.01222266 -0.01453473 -0.01777120
v -0.01197950 -0.01425000 -0.01810604
v -0.01181057 -0.01590960 -0.01799778
v -0.01159571 -0.01564532 -0.01834204
v -0.01120624 -0.01585230 -0.01867788
v -0.01135646 -0.01537435 -0.01866432
v -0.01167220 -0.01509835 -0.01838989
v -0.01140435 -0.01481401 -0.01871278
v -0.01109397 -0.01509801 -0.01896309
v -0.01094205 -0.01556202 -0.01899850
v -0.01066427 -0.01528189 -0.01928119
v -0.01049876 -0.01574116 -0.01929854
v -0.01080949 -0.01481760 -0.01923690
v -0.01170447 -0.01453474 -0.01842252
v -0.01142035 -0.01425000 -0.01872897
v -0.01112619 -0.01453449 -0.01899571
v -0.01082373 -0.01425000 -0.01925503
v -0.01020395 -0.01545772 -0.01956568
v -0.01036301 -0.01499546 -0.01953977
v -0.01050439 -0.01453448 -0.01948445
v -0.01018012 -0.01425000 -0.01970456
v -0.01002947 -0.01591060 -0.01956251
v -0.00972187 -0.01562211 -0.01981110
v -0.00928145 -0.01562489 -0.02002481
v -0.01004409 -0.01471030 -0.01976893
v -0.00989109 -0.01516840 -0.01980451
v -0.00945655 -0.01517224 -0.02002760
v -0.00961755 -0.01471072 -0.02000049
v -0.00881425 -0.01563871 -0.02020877
v -0.00900760 -0.01517159 -0.02022013
v -0.00917205 -0.01471192 -0.02020343
v -0.00852951 -0.01517799 -0.02038475
v -0.00871744 -0.01471230 -0.02037339
v -0.00975960 -0.01425000 -0.01994476
v -0.00932349 -0.01425000 -0.02015530
v -0.00887386 -0.01425000 -0.02033520
v -0.00833085 -0.01564366 -0.02036103
v -0.00784246 -0.01563836 -0.02047832
v -0.00804082 -0.01517955 -0.02051475
v -0.00823128 -0.01471597 -0.02051650
v -0.00775717 -0.01471623 -0.02062038
v -0.00735911 -0.01564006 -0.02055659
v -0.00678876 -0.01565257 -0.02060196
v -0.00756084 -0.01518280 -0.02060598
v -0.00727269 -0.01471697 -0.02069153
v -0.00707570 -0.01518150 -0.02066382
v -0.00678874 -0.01471719 -0.02072842
v -0.00841287 -0.01425000 -0.02048357
v -0.00794272 -0.01425000 -0.02059971
v -0.00746567 -0.01425000 -0.02068307
v -0.00698399 -0.01425000 -0.02073325
v -0.00650000 -0.02125000 -0.01375000
v -0.00650000 -0.02123325 -0.01423399
v -0.00650000 -0.02118307 -0.01471567
v -0.00650000 -0.02109971 -0.01519272
v -0.00045000 -0.02125000 -0.01375000
v -0.00045000 -0.02123325 -0.01423399
v -0.00045000 -0.02118307 -0.01471567
v -0.00045000 -0.02109971 -0.01519272
v -0.00650000 -0.02098357 -0.01566287
v -0.00650000 -0.02083519 -0.01612386
v -0.00650000 -0.02065530 -0.01657349
v -0.00650000 -0.02044475 -0.01700960
v -0.00650000 -0.02020456 -0.01743012
v -0.00650000 -0.01975503 -0.01807373
v -0.00650000 -0.01922897 -0.01867035
v -0.00650000 -0.01860604 -0.01922950
v -0.00650000 -0.01793012 -0.01970456
v -0.00650000 -0.01705678 -0.02016264
v -0.00650000 -0.01611483 -0.02049703
v -0.00045000 -0.02098357 -0.01566287
v -0.00045000 -0.02083519 -0.01612386
v -0.00045000 -0.02080000 -0.01621182
v -0.00045000 -0.01669717 -0.02030000
v -0.00045000 -0.01658898 -0.02034133
v -0.00045000 -0.01611483 -0.02049703
v -0.00650000 -0.01518466 -0.02068732
v -0.00650000 -0.01425000 -0.02075000
v -0.00045000 -0.01565257 -0.02060196
v -0.00045000 -0.01518466 -0.02068732
v -0.00045000 -0.01471719 -0.02072842
v -0.00045000 -0.01425000 -0.02075000
v 0.00866428 -0.00075830 -0.00307000
v 0.00902170 -0.00111572 -0.00307000
v 0.00854187 -0.00048059 -0.00307000
v 0.00850000 -0.00018000 -0.00307000
v 0.00882775 -0.00094316 -0.00324668
v 0.00884299 -0.00082656 -0.00353786
v 0.00905000 -0.00106992 -0.00340992
v 0.00913214 -0.00093701 -0.00371656
v 0.00855384 -0.00035871 -0.00335915
v 0.00865106 -0.00065728 -0.00335588
v 0.00871008 -0.00051992 -0.00362000
v 0.00883684 -0.00035668 -0.00384225
v 0.00866428 -0.00018000 -0.00364830
v 0.00895344 -0.00064786 -0.00382701
v 0.00960000 -0.00128000 -0.00307000
v 0.00931085 -0.00122616 -0.00324871
v 0.00931412 -0.00112894 -0.00354728
v 0.00960000 -0.00123813 -0.00337059
v 0.00960000 -0.00111572 -0.00364830
v 0.00942332 -0.00095225 -0.00383316
v 0.00926008 -0.00073000 -0.00395992
v 0.00912272 -0.00046588 -0.00401894
v 0.00902170 -0.00018000 -0.00400572
v 0.00960000 -0.00075830 -0.00400572
v 0.00942129 -0.00046915 -0.00411616
v 0.00929941 -0.00018000 -0.00412813
v 0.00960000 -0.00018000 -0.00417000
v 0.01340000 -0.00128000 -0.00307000
v 0.01350000 -0.00126138 -0.00313180
v 0.01340000 -0.00123813 -0.00337059
v 0.01350000 -0.00123399 -0.00332844
v 0.01350000 -0.00119994 -0.00343240
v 0.01350000 -0.00112034 -0.00361297
v 0.01340000 -0.00111572 -0.00364830
v 0.01350000 -0.00102320 -0.00375293
v 0.01350000 -0.00095225 -0.00383316
v 0.01350000 -0.00086807 -0.00390805
v 0.01340000 -0.00075830 -0.00400572
v 0.01350000 -0.00074998 -0.00399224
v 0.01350000 -0.00059650 -0.00406752
v 0.01350000 -0.00046915 -0.00411616
v 0.01350000 -0.00034180 -0.00413987
v 0.01340000 -0.00018000 -0.00417000
v 0.01350000 -0.00018000 -0.00415607
v 0.00045000 -0.02125000 -0.01375000
v 0.00045000 -0.02123325 -0.01423399
v 0.00045000 -0.02118307 -0.01471567
v 0.00045000 -0.02109971 -0.01519272
v 0.00650000 -0.02125000 -0.01375000
v 0.00650000 -0.02123325 -0.01423399
v 0.00650000 -0.02118307 -0.01471567
v 0.00650000 -0.02109971 -0.01519272
v 0.00045000 -0.02098357 -0.01566287
v 0.00045000 -0.02083519 -0.01612386
v 0.00045000 -0.02080000 -0.01621182
v 0.00045000 -0.01669717 -0.02030000
v 0.00045000 -0.01658898 -0.02034133
v 0.00045000 -0.01611483 -0.02049703
v 0.00650000 -0.02098357 -0.01566287
v 0.00650000 -0.02083519 -0.01612386
v 0.00650000 -0.02065530 -0.01657349
v 0.00650000 -0.02044475 -0.01700960
v 0.00650000 -0.02020456 -0.01743012
v 0.00650000 -0.01975503 -0.01807373
v 0.00650000 -0.01922897 -0.01867035
v 0.00650000 -0.01860604 -0.01922950
v 0.00650000 -0.01793012 -0.01970456
v 0.00650000 -0.01705678 -0.02016264
v 0.00650000 -0.01611483 -0.02049703
v 0.00045000 -0.01565257 -0.02060196
v 0.00045000 -0.01518466 -0.02068732
v 0.00045000 -0.01471719 -0.02072842
v 0.00045000 -0.01425000 -0.02075000
v 0.00650000 -0.01518466 -0.02068732
v 0.00650000 -0.01425000 -0.02075000
v 0.00696719 -0.02122842 -0.01403874
v 0.00743466 -0.02118732 -0.01375000
v 0.00790257 -0.02110196 -0.01403876
v 0.00836483 -0.02099703 -0.01375000
v 0.00696697 -0.02119153 -0.01452269
v 0.00743150 -0.02116382 -0.01432570
v 0.00743279 -0.02110598 -0.01481084
v 0.00696623 -0.02112038 -0.01500717
v 0.00696597 -0.02101650 -0.01548128
v 0.00742955 -0.02101475 -0.01529082
v 0.00789006 -0.02105659 -0.01460911
v 0.00835863 -0.02097458 -0.01432051
v 0.00834006 -0.02090740 -0.01488722
v 0.00788836 -0.02097832 -0.01509246
v 0.00834906 -0.02080235 -0.01537719
v 0.00883898 -0.02084133 -0.01403911
v 0.00930678 -0.02066264 -0.01375000
v 0.00974949 -0.02044332 -0.01403909
v 0.00882639 -0.02079591 -0.01460960
v 0.00925895 -0.02058387 -0.01487704
v 0.00877871 -0.02071716 -0.01515832
v 0.00920331 -0.02048705 -0.01542074
v 0.00929725 -0.02064088 -0.01432627
v 0.00972617 -0.02040541 -0.01458829
v 0.00967983 -0.02032974 -0.01513759
v 0.01007844 -0.02004003 -0.01538412
v 0.01018012 -0.02020456 -0.01375000
v 0.01052120 -0.01997266 -0.01403473
v 0.01085604 -0.01972950 -0.01375000
v 0.01117252 -0.01945447 -0.01403474
v 0.01147897 -0.01917035 -0.01375000
v 0.01174571 -0.01887619 -0.01403449
v 0.01016877 -0.02018620 -0.01429921
v 0.01049798 -0.01993519 -0.01458355
v 0.01013481 -0.02013125 -0.01484504
v 0.01084168 -0.01971143 -0.01431799
v 0.01080819 -0.01965288 -0.01486729
v 0.01045159 -0.01986052 -0.01513092
v 0.01074778 -0.01956057 -0.01540960
v 0.01113989 -0.01942220 -0.01459835
v 0.01146278 -0.01915435 -0.01431401
v 0.01141432 -0.01910646 -0.01487435
v 0.01171309 -0.01884397 -0.01459801
v 0.01109204 -0.01934571 -0.01514532
v 0.01174850 -0.01869206 -0.01506202
v 0.01142788 -0.01895624 -0.01535230
v 0.01174605 -0.01852648 -0.01553626
v 0.01200503 -0.01857373 -0.01375000
v 0.01245456 -0.01793012 -0.01375000
v 0.01223445 -0.01825439 -0.01403448
v 0.01251893 -0.01779409 -0.01421030
v 0.01269475 -0.01750960 -0.01375000
v 0.01275049 -0.01736755 -0.01421072
v 0.01290530 -0.01707349 -0.01375000
v 0.01295343 -0.01692205 -0.01421192
v 0.01308520 -0.01662386 -0.01375000
v 0.01323357 -0.01616286 -0.01375000
v 0.01312338 -0.01646744 -0.01421230
v 0.01326650 -0.01598128 -0.01421597
v 0.01198690 -0.01855949 -0.01431760
v 0.01203119 -0.01841427 -0.01478189
v 0.01228977 -0.01811301 -0.01449546
v 0.01255450 -0.01764109 -0.01466840
v 0.01204854 -0.01824876 -0.01524116
v 0.01231569 -0.01795395 -0.01495772
v 0.01256110 -0.01747187 -0.01512211
v 0.01231251 -0.01777947 -0.01541060
v 0.01277760 -0.01720655 -0.01467224
v 0.01297013 -0.01675760 -0.01467159
v 0.01313475 -0.01627951 -0.01467799
v 0.01277481 -0.01703145 -0.01512489
v 0.01295877 -0.01656425 -0.01513871
v 0.01311103 -0.01608085 -0.01514366
v 0.01334971 -0.01569272 -0.01375000
v 0.01337038 -0.01550717 -0.01421623
v 0.01343307 -0.01521567 -0.01375000
v 0.01348325 -0.01473399 -0.01375000
v 0.01344153 -0.01502270 -0.01421697
v 0.01350000 -0.01425000 -0.01375000
v 0.01347842 -0.01453874 -0.01421719
v 0.01326475 -0.01579082 -0.01467955
v 0.01335598 -0.01531084 -0.01468279
v 0.01341382 -0.01482570 -0.01468150
v 0.01322832 -0.01559246 -0.01513836
v 0.01330659 -0.01510911 -0.01514006
v 0.01343732 -0.01425000 -0.01468466
v 0.01335196 -0.01453876 -0.01515257
v 0.00696230 -0.02087338 -0.01596744
v 0.00742799 -0.02088475 -0.01577951
v 0.00696192 -0.02070343 -0.01642205
v 0.00742159 -0.02072013 -0.01625760
v 0.00742224 -0.02052760 -0.01670654
v 0.00789366 -0.02086103 -0.01558085
v 0.00788871 -0.02070877 -0.01606425
v 0.00834858 -0.02066371 -0.01585881
v 0.00787489 -0.02052481 -0.01653145
v 0.00833862 -0.02049219 -0.01632963
v 0.00831924 -0.02028868 -0.01678722
v 0.00696072 -0.02050049 -0.01686756
v 0.00696030 -0.02026893 -0.01729409
v 0.00741840 -0.02030450 -0.01714109
v 0.00678448 -0.01998445 -0.01775439
v 0.00724546 -0.02003977 -0.01761301
v 0.00787211 -0.02031110 -0.01697187
v 0.00770772 -0.02006569 -0.01745394
v 0.00816060 -0.02006251 -0.01727947
v 0.00706760 -0.01973690 -0.01805949
v 0.00753189 -0.01978119 -0.01791427
v 0.00799116 -0.01979855 -0.01774876
v 0.00828626 -0.01949605 -0.01802648
v 0.00878150 -0.02059082 -0.01564439
v 0.00877404 -0.02042986 -0.01612446
v 0.00920134 -0.02033808 -0.01590362
v 0.00875767 -0.02023736 -0.01658804
v 0.00918530 -0.02015738 -0.01637527
v 0.00961125 -0.02021848 -0.01567286
v 0.00960007 -0.02004913 -0.01614994
v 0.01000000 -0.01991312 -0.01591312
v 0.00948994 -0.01987111 -0.01665918
v 0.00989999 -0.01975129 -0.01642878
v 0.00862661 -0.02002623 -0.01708358
v 0.00906219 -0.01996363 -0.01687884
v 0.00892307 -0.01973416 -0.01736285
v 0.00846224 -0.01978078 -0.01756576
v 0.00875499 -0.01946737 -0.01783584
v 0.00920711 -0.01941399 -0.01762360
v 0.00903114 -0.01912926 -0.01808430
v 0.00935800 -0.01965803 -0.01715368
v 0.00963782 -0.01932709 -0.01740749
v 0.00977901 -0.01955555 -0.01692793
v 0.00947728 -0.01906734 -0.01786450
v 0.00997509 -0.01893728 -0.01761693
v 0.00979642 -0.01864819 -0.01808469
v 0.00678449 -0.01949571 -0.01837619
v 0.00734801 -0.01946309 -0.01834397
v 0.00706401 -0.01921278 -0.01865435
v 0.00678474 -0.01892252 -0.01895447
v 0.00734835 -0.01888989 -0.01892220
v 0.00781202 -0.01949850 -0.01819205
v 0.00762435 -0.01916433 -0.01860646
v 0.00810230 -0.01917788 -0.01845624
v 0.00837167 -0.01884634 -0.01868665
v 0.00789532 -0.01884204 -0.01884571
v 0.00857203 -0.01916617 -0.01828188
v 0.00884284 -0.01882448 -0.01850239
v 0.00929838 -0.01877788 -0.01829614
v 0.00706799 -0.01859168 -0.01921143
v 0.00733355 -0.01824798 -0.01943519
v 0.00761729 -0.01855819 -0.01915288
v 0.00788092 -0.01820159 -0.01936053
v 0.00815960 -0.01849778 -0.01906057
v 0.00841595 -0.01813318 -0.01925001
v 0.00678473 -0.01827120 -0.01947266
v 0.00704921 -0.01791877 -0.01968620
v 0.00678909 -0.01749949 -0.01994332
v 0.00733829 -0.01747617 -0.01990541
v 0.00759504 -0.01788481 -0.01963125
v 0.00788759 -0.01742983 -0.01982974
v 0.00813412 -0.01782844 -0.01954003
v 0.00842286 -0.01736125 -0.01971848
v 0.00707627 -0.01704725 -0.02014088
v 0.00678911 -0.01658898 -0.02034133
v 0.00707051 -0.01610863 -0.02047458
v 0.00735960 -0.01657639 -0.02029591
v 0.00762704 -0.01700895 -0.02008387
v 0.00817074 -0.01695331 -0.01998704
v 0.00839439 -0.01653150 -0.02009082
v 0.00790832 -0.01652871 -0.02021716
v 0.00763722 -0.01609006 -0.02040740
v 0.00812719 -0.01609906 -0.02030235
v 0.00910224 -0.01846051 -0.01869975
v 0.00863649 -0.01849019 -0.01889356
v 0.00889004 -0.01811717 -0.01907284
v 0.00866312 -0.01775000 -0.01941312
v 0.00917878 -0.01764999 -0.01925129
v 0.00960770 -0.01834301 -0.01850284
v 0.01009363 -0.01819978 -0.01827605
v 0.00989646 -0.01787579 -0.01868130
v 0.00939991 -0.01800749 -0.01889508
v 0.00967793 -0.01752901 -0.01905555
v 0.00940918 -0.01723994 -0.01937111
v 0.00990368 -0.01710800 -0.01915803
v 0.01011285 -0.01667307 -0.01923416
v 0.00889994 -0.01735007 -0.01954913
v 0.00865362 -0.01695134 -0.01983808
v 0.00912527 -0.01693530 -0.01965738
v 0.00887446 -0.01652404 -0.01992986
v 0.00907963 -0.01608862 -0.01999219
v 0.00860881 -0.01609858 -0.02016371
v 0.00962884 -0.01681219 -0.01946363
v 0.00933804 -0.01650767 -0.01973736
v 0.00953722 -0.01606924 -0.01978868
v 0.00983358 -0.01637661 -0.01952623
v 0.01038318 -0.01975000 -0.01566595
v 0.01036717 -0.01957284 -0.01614005
v 0.01074019 -0.01939356 -0.01588649
v 0.01025749 -0.01939508 -0.01664991
v 0.01071051 -0.01919975 -0.01635224
v 0.01059301 -0.01900284 -0.01685770
v 0.01109634 -0.01918665 -0.01562167
v 0.01107448 -0.01900239 -0.01609284
v 0.01141617 -0.01878188 -0.01582203
v 0.01102788 -0.01879614 -0.01654838
v 0.01012579 -0.01918130 -0.01714646
v 0.01044978 -0.01877604 -0.01734363
v 0.01171737 -0.01833584 -0.01600499
v 0.01137926 -0.01858430 -0.01628114
v 0.01131734 -0.01836450 -0.01672728
v 0.01166399 -0.01812360 -0.01645711
v 0.01089819 -0.01858469 -0.01704642
v 0.01028455 -0.01850235 -0.01782366
v 0.01075235 -0.01832366 -0.01753455
v 0.01057366 -0.01803455 -0.01800235
v 0.01083469 -0.01754642 -0.01814819
v 0.01118728 -0.01811693 -0.01722509
v 0.01157709 -0.01790749 -0.01688782
v 0.01180555 -0.01742793 -0.01702901
v 0.01143130 -0.01764646 -0.01737579
v 0.01102604 -0.01784363 -0.01769978
v 0.01125284 -0.01735770 -0.01784301
v 0.01164508 -0.01714991 -0.01750749
v 0.01144975 -0.01685224 -0.01796051
v 0.01164356 -0.01638649 -0.01799019
v 0.01203078 -0.01806576 -0.01571224
v 0.01198416 -0.01786285 -0.01617307
v 0.01227623 -0.01758358 -0.01587661
v 0.01253868 -0.01728722 -0.01556924
v 0.01221363 -0.01737884 -0.01631219
v 0.01190803 -0.01765368 -0.01660800
v 0.01248736 -0.01708804 -0.01600767
v 0.01212111 -0.01715918 -0.01673994
v 0.01240738 -0.01687527 -0.01643530
v 0.01229913 -0.01664994 -0.01685007
v 0.01258808 -0.01640362 -0.01645134
v 0.01274219 -0.01682963 -0.01558862
v 0.01267986 -0.01662446 -0.01602404
v 0.01291371 -0.01635881 -0.01559858
v 0.01284082 -0.01614439 -0.01603150
v 0.01200129 -0.01692878 -0.01714998
v 0.01216312 -0.01641312 -0.01725000
v 0.01246848 -0.01617286 -0.01686125
v 0.01182284 -0.01664004 -0.01761718
v 0.01200000 -0.01616595 -0.01763318
v 0.01036693 -0.01772509 -0.01843728
v 0.01015749 -0.01738782 -0.01882709
v 0.01061450 -0.01722728 -0.01856734
v 0.01083430 -0.01678114 -0.01862926
v 0.01037360 -0.01695711 -0.01891398
v 0.01031576 -0.01621224 -0.01928079
v 0.01058584 -0.01650499 -0.01896737
v 0.01077648 -0.01603626 -0.01899604
v 0.01104614 -0.01704838 -0.01827788
v 0.01125239 -0.01659284 -0.01832448
v 0.01103188 -0.01632203 -0.01866617
v 0.01143665 -0.01612167 -0.01834634
v 0.00678876 -0.01565257 -0.02060196
v 0.00735911 -0.01564006 -0.02055659
v 0.00707570 -0.01518150 -0.02066382
v 0.00678874 -0.01471719 -0.02072842
v 0.00756084 -0.01518280 -0.02060598
v 0.00727269 -0.01471697 -0.02069153
v 0.00784246 -0.01563836 -0.02047832
v 0.00833085 -0.01564366 -0.02036103
v 0.00775717 -0.01471623 -0.02062038
v 0.00804082 -0.01517955 -0.02051475
v 0.00823128 -0.01471597 -0.02051650
v 0.00698399 -0.01425000 -0.02073325
v 0.00746567 -0.01425000 -0.02068307
v 0.00794272 -0.01425000 -0.02059971
v 0.00841287 -0.01425000 -0.02048357
v 0.00881425 -0.01563871 -0.02020877
v 0.00852951 -0.01517799 -0.02038475
v 0.00871744 -0.01471230 -0.02037339
v 0.00900760 -0.01517159 -0.02022013
v 0.00917205 -0.01471192 -0.02020343
v 0.00928145 -0.01562489 -0.02002481
v 0.01002947 -0.01591060 -0.01956251
v 0.00972187 -0.01562211 -0.01981110
v 0.00945655 -0.01517224 -0.02002760
v 0.00961755 -0.01471072 -0.02000049
v 0.01004409 -0.01471030 -0.01976893
v 0.00989109 -0.01516840 -0.01980451
v 0.00887386 -0.01425000 -0.02033520
v 0.00975960 -0.01425000 -0.01994476
v 0.00932349 -0.01425000 -0.02015530
v 0.01181057 -0.01590960 -0.01799778
v 0.01305235 -0.01587719 -0.01559906
v 0.01296716 -0.01565832 -0.01602871
v 0.01315740 -0.01538722 -0.01559006
v 0.01304591 -0.01510960 -0.01607639
v 0.01322458 -0.01482051 -0.01560863
v 0.01273705 -0.01592074 -0.01645331
v 0.01283387 -0.01537704 -0.01650895
v 0.01289088 -0.01482627 -0.01654725
v 0.01324703 -0.01425000 -0.01561483
v 0.01309133 -0.01453911 -0.01608898
v 0.01291264 -0.01425000 -0.01655678
v 0.01257974 -0.01563759 -0.01692983
v 0.01229003 -0.01588412 -0.01732844
v 0.01238125 -0.01534504 -0.01738481
v 0.01265541 -0.01508829 -0.01697617
v 0.01243620 -0.01479921 -0.01741877
v 0.01211053 -0.01563092 -0.01770159
v 0.01190288 -0.01536729 -0.01805819
v 0.01218519 -0.01508355 -0.01774798
v 0.01196143 -0.01481799 -0.01809168
v 0.01245456 -0.01425000 -0.01743012
v 0.01222266 -0.01453473 -0.01777120
v 0.01197950 -0.01425000 -0.01810604
v 0.01269332 -0.01453909 -0.01699949
v 0.01049876 -0.01574116 -0.01929854
v 0.01094205 -0.01556202 -0.01899850
v 0.01066427 -0.01528189 -0.01928119
v 0.01080949 -0.01481760 -0.01923690
v 0.01120624 -0.01585230 -0.01867788
v 0.01135646 -0.01537435 -0.01866432
v 0.01159571 -0.01564532 -0.01834204
v 0.01167220 -0.01509835 -0.01838989
v 0.01140435 -0.01481401 -0.01871278
v 0.01109397 -0.01509801 -0.01896309
v 0.01082373 -0.01425000 -0.01925503
v 0.01170447 -0.01453474 -0.01842252
v 0.01142035 -0.01425000 -0.01872897
v 0.01112619 -0.01453449 -0.01899571
v 0.01020395 -0.01545772 -0.01956568
v 0.01036301 -0.01499546 -0.01953977
v 0.01050439 -0.01453448 -0.01948445
v 0.01018012 -0.01425000 -0.01970456
v -0.01350000 0.01425000 -0.01375000
v -0.01347842 0.01453874 -0.01421719
v -0.01348325 0.01473399 -0.01375000
v -0.01343307 0.01521567 -0.01375000
v -0.01344153 0.01502270 -0.01421697
v -0.01334971 0.01569272 -0.01375000
v -0.01337038 0.01550717 -0.01421623
v -0.01343732 0.01425000 -0.01468466
v -0.01335196 0.01453876 -0.01515257
v -0.01341382 0.01482570 -0.01468150
v -0.01335598 0.01531084 -0.01468279
v -0.01326475 0.01579082 -0.01467955
v -0.01330659 0.01510911 -0.01514006
v -0.01322832 0.01559246 -0.01513836
v -0.01323357 0.01616286 -0.01375000
v -0.01326650 0.01598128 -0.01421597
v -0.01312338 0.01646744 -0.01421230
v -0.01308520 0.01662386 -0.01375000
v -0.01290530 0.01707349 -0.01375000
v -0.01295343 0.01692205 -0.01421192
v -0.01269475 0.01750960 -0.01375000
v -0.01275049 0.01736755 -0.01421072
v -0.01251893 0.01779409 -0.01421030
v -0.01245456 0.01793012 -0.01375000
v -0.01223445 0.01825439 -0.01403448
v -0.01200503 0.01857373 -0.01375000
v -0.01313475 0.01627951 -0.01467799
v -0.01297013 0.01675760 -0.01467159
v -0.01277760 0.01720655 -0.01467224
v -0.01311103 0.01608085 -0.01514366
v -0.01295877 0.01656425 -0.01513871
v -0.01277481 0.01703145 -0.01512489
v -0.01255450 0.01764109 -0.01466840
v -0.01228977 0.01811301 -0.01449546
v -0.01198690 0.01855949 -0.01431760
v -0.01203119 0.01841427 -0.01478189
v -0.01256110 0.01747187 -0.01512211
v -0.01231251 0.01777947 -0.01541060
v -0.01231569 0.01795395 -0.01495772
v -0.01204854 0.01824876 -0.01524116
v -0.01174605 0.01852648 -0.01553626
v -0.01147897 0.01917035 -0.01375000
v -0.01174571 0.01887619 -0.01403449
v -0.01117252 0.01945447 -0.01403474
v -0.01085604 0.01972950 -0.01375000
v -0.01018012 0.02020456 -0.01375000
v -0.01052120 0.01997266 -0.01403473
v -0.01146278 0.01915435 -0.01431401
v -0.01171309 0.01884397 -0.01459801
v -0.01141432 0.01910646 -0.01487435
v -0.01113989 0.01942220 -0.01459835
v -0.01174850 0.01869206 -0.01506202
v -0.01142788 0.01895624 -0.01535230
v -0.01109204 0.01934571 -0.01514532
v -0.01084168 0.01971143 -0.01431799
v -0.01080819 0.01965288 -0.01486729
v -0.01074778 0.01956057 -0.01540960
v -0.01045159 0.01986052 -0.01513092
v -0.01049798 0.01993519 -0.01458355
v -0.01016877 0.02018620 -0.01429921
v -0.01013481 0.02013125 -0.01484504
v -0.00974949 0.02044332 -0.01403909
v -0.00930678 0.02066264 -0.01375000
v -0.00883898 0.02084133 -0.01403911
v -0.00972617 0.02040541 -0.01458829
v -0.00929725 0.02064088 -0.01432627
v -0.01007844 0.02004003 -0.01538412
v -0.00967983 0.02032974 -0.01513759
v -0.00925895 0.02058387 -0.01487704
v -0.00882639 0.02079591 -0.01460960
v -0.00920331 0.02048705 -0.01542074
v -0.00877871 0.02071716 -0.01515832
v -0.00836483 0.02099703 -0.01375000
v -0.00790257 0.02110196 -0.01403876
v -0.00743466 0.02118732 -0.01375000
v -0.00696719 0.02122842 -0.01403874
v -0.00835863 0.02097458 -0.01432051
v -0.00834006 0.02090740 -0.01488722
v -0.00789006 0.02105659 -0.01460911
v -0.00834906 0.02080235 -0.01537719
v -0.00788836 0.02097832 -0.01509246
v -0.00743150 0.02116382 -0.01432570
v -0.00743279 0.02110598 -0.01481084
v -0.00696697 0.02119153 -0.01452269
v -0.00742955 0.02101475 -0.01529082
v -0.00696623 0.02112038 -0.01500717
v -0.00696597 0.02101650 -0.01548128
v -0.01324703 0.01425000 -0.01561483
v -0.01309133 0.01453911 -0.01608898
v -0.01291264 0.01425000 -0.01655678
v -0.01322458 0.01482051 -0.01560863
v -0.01304591 0.01510960 -0.01607639
v -0.01315740 0.01538722 -0.01559006
v -0.01305235 0.01587719 -0.01559906
v -0.01296716 0.01565832 -0.01602871
v -0.01289088 0.01482627 -0.01654725
v -0.01283387 0.01537704 -0.01650895
v -0.01273705 0.01592074 -0.01645331
v -0.01269332 0.01453909 -0.01699949
v -0.01245456 0.01425000 -0.01743012
v -0.01222266 0.01453473 -0.01777120
v -0.01197950 0.01425000 -0.01810604
v -0.01265541 0.01508829 -0.01697617
v -0.01243620 0.01479921 -0.01741877
v -0.01257974 0.01563759 -0.01692983
v -0.01238125 0.01534504 -0.01738481
v -0.01229003 0.01588412 -0.01732844
v -0.01218519 0.01508355 -0.01774798
v -0.01196143 0.01481799 -0.01809168
v -0.01211053 0.01563092 -0.01770159
v -0.01190288 0.01536729 -0.01805819
v -0.01181057 0.01590960 -0.01799778
v -0.01170447 0.01453474 -0.01842252
v -0.01142035 0.01425000 -0.01872897
v -0.01112619 0.01453449 -0.01899571
v -0.01082373 0.01425000 -0.01925503
v -0.01167220 0.01509835 -0.01838989
v -0.01140435 0.01481401 -0.01871278
v -0.01159571 0.01564532 -0.01834204
v -0.01135646 0.01537435 -0.01866432
v -0.01120624 0.01585230 -0.01867788
v -0.01109397 0.01509801 -0.01896309
v -0.01080949 0.01481760 -0.01923690
v -0.01094205 0.01556202 -0.01899850
v -0.01066427 0.01528189 -0.01928119
v -0.01049876 0.01574116 -0.01929854
v -0.01018012 0.01425000 -0.01970456
v -0.01050439 0.01453448 -0.01948445
v -0.01036301 0.01499546 -0.01953977
v -0.01020395 0.01545772 -0.01956568
v -0.00975960 0.01425000 -0.01994476
v -0.00932349 0.01425000 -0.02015530
v -0.00887386 0.01425000 -0.02033520
v -0.01004409 0.01471030 -0.01976893
v -0.00989109 0.01516840 -0.01980451
v -0.00961755 0.01471072 -0.02000049
v -0.00945655 0.01517224 -0.02002760
v -0.01002947 0.01591060 -0.01956251
v -0.00972187 0.01562211 -0.01981110
v -0.00928145 0.01562489 -0.02002481
v -0.00917205 0.01471192 -0.02020343
v -0.00900760 0.01517159 -0.02022013
v -0.00871744 0.01471230 -0.02037339
v -0.00852951 0.01517799 -0.02038475
v -0.00881425 0.01563871 -0.02020877
v -0.00841287 0.01425000 -0.02048357
v -0.00794272 0.01425000 -0.02059971
v -0.00746567 0.01425000 -0.02068307
v -0.00698399 0.01425000 -0.02073325
v -0.00823128 0.01471597 -0.02051650
v -0.00804082 0.01517955 -0.02051475
v -0.00775717 0.01471623 -0.02062038
v -0.00833085 0.01564366 -0.02036103
v -0.00784246 0.01563836 -0.02047832
v -0.00727269 0.01471697 -0.02069153
v -0.00756084 0.01518280 -0.02060598
v -0.00678874 0.01471719 -0.02072842
v -0.00707570 0.01518150 -0.02066382
v -0.00735911 0.01564006 -0.02055659
v -0.00678876 0.01565257 -0.02060196
v -0.01291371 0.01635881 -0.01559858
v -0.01284082 0.01614439 -0.01603150
v -0.01274219 0.01682963 -0.01558862
v -0.01267986 0.01662446 -0.01602404
v -0.01248736 0.01708804 -0.01600767
v -0.01258808 0.01640362 -0.01645134
v -0.01240738 0.01687527 -0.01643530
v -0.01229913 0.01664994 -0.01685007
v -0.01212111 0.01715918 -0.01673994
v -0.01253868 0.01728722 -0.01556924
v -0.01227623 0.01758358 -0.01587661
v -0.01198416 0.01786285 -0.01617307
v -0.01203078 0.01806576 -0.01571224
v -0.01221363 0.01737884 -0.01631219
v -0.01190803 0.01765368 -0.01660800
v -0.01246848 0.01617286 -0.01686125
v -0.01216312 0.01641312 -0.01725000
v -0.01200129 0.01692878 -0.01714998
v -0.01200000 0.01616595 -0.01763318
v -0.01182284 0.01664004 -0.01761718
v -0.01171737 0.01833584 -0.01600499
v -0.01166399 0.01812360 -0.01645711
v -0.01137926 0.01858430 -0.01628114
v -0.01131734 0.01836450 -0.01672728
v -0.01164508 0.01714991 -0.01750749
v -0.01164356 0.01638649 -0.01799019
v -0.01144975 0.01685224 -0.01796051
v -0.01180555 0.01742793 -0.01702901
v -0.01157709 0.01790749 -0.01688782
v -0.01143130 0.01764646 -0.01737579
v -0.01118728 0.01811693 -0.01722509
v -0.01102604 0.01784363 -0.01769978
v -0.01125284 0.01735770 -0.01784301
v -0.01089819 0.01858469 -0.01704642
v -0.01083469 0.01754642 -0.01814819
v -0.01075235 0.01832366 -0.01753455
v -0.01057366 0.01803455 -0.01800235
v -0.01028455 0.01850235 -0.01782366
v -0.01141617 0.01878188 -0.01582203
v -0.01109634 0.01918665 -0.01562167
v -0.01107448 0.01900239 -0.01609284
v -0.01102788 0.01879614 -0.01654838
v -0.01074019 0.01939356 -0.01588649
v -0.01038318 0.01975000 -0.01566595
v -0.01036717 0.01957284 -0.01614005
v -0.01071051 0.01919975 -0.01635224
v -0.01059301 0.01900284 -0.01685770
v -0.01025749 0.01939508 -0.01664991
v -0.01012579 0.01918130 -0.01714646
v -0.01044978 0.01877604 -0.01734363
v -0.01143665 0.01612167 -0.01834634
v -0.01125239 0.01659284 -0.01832448
v -0.01103188 0.01632203 -0.01866617
v -0.01104614 0.01704838 -0.01827788
v -0.01083430 0.01678114 -0.01862926
v -0.01061450 0.01722728 -0.01856734
v -0.01077648 0.01603626 -0.01899604
v -0.01058584 0.01650499 -0.01896737
v -0.01031576 0.01621224 -0.01928079
v -0.01037360 0.01695711 -0.01891398
v -0.01036693 0.01772509 -0.01843728
v -0.01015749 0.01738782 -0.01882709
v -0.01000000 0.01991312 -0.01591312
v -0.00989999 0.01975129 -0.01642878
v -0.00948994 0.01987111 -0.01665918
v -0.00961125 0.02021848 -0.01567286
v -0.00960007 0.02004913 -0.01614994
v -0.00920134 0.02033808 -0.01590362
v -0.00877404 0.02042986 -0.01612446
v -0.00878150 0.02059082 -0.01564439
v -0.00918530 0.02015738 -0.01637527
v -0.00875767 0.02023736 -0.01658804
v -0.00977901 0.01955555 -0.01692793
v -0.00935800 0.01965803 -0.01715368
v -0.00963782 0.01932709 -0.01740749
v -0.00997509 0.01893728 -0.01761693
v -0.00979642 0.01864819 -0.01808469
v -0.00947728 0.01906734 -0.01786450
v -0.00892307 0.01973416 -0.01736285
v -0.00903114 0.01912926 -0.01808430
v -0.00920711 0.01941399 -0.01762360
v -0.00846224 0.01978078 -0.01756576
v -0.00875499 0.01946737 -0.01783584
v -0.00906219 0.01996363 -0.01687884
v -0.00862661 0.02002623 -0.01708358
v -0.00834858 0.02066371 -0.01585881
v -0.00789366 0.02086103 -0.01558085
v -0.00788871 0.02070877 -0.01606425
v -0.00833862 0.02049219 -0.01632963
v -0.00831924 0.02028868 -0.01678722
v -0.00787489 0.02052481 -0.01653145
v -0.00742799 0.02088475 -0.01577951
v -0.00696230 0.02087338 -0.01596744
v -0.00742224 0.02052760 -0.01670654
v -0.00742159 0.02072013 -0.01625760
v -0.00696192 0.02070343 -0.01642205
v -0.00828626 0.01949605 -0.01802648
v -0.00799116 0.01979855 -0.01774876
v -0.00753189 0.01978119 -0.01791427
v -0.00706760 0.01973690 -0.01805949
v -0.00816060 0.02006251 -0.01727947
v -0.00787211 0.02031110 -0.01697187
v -0.00770772 0.02006569 -0.01745394
v -0.00741840 0.02030450 -0.01714109
v -0.00696072 0.02050049 -0.01686756
v -0.00696030 0.02026893 -0.01729409
v -0.00724546 0.02003977 -0.01761301
v -0.00678448 0.01998445 -0.01775439
v -0.01011285 0.01667307 -0.01923416
v -0.00990368 0.01710800 -0.01915803
v -0.00940918 0.01723994 -0.01937111
v -0.00989646 0.01787579 -0.01868130
v -0.01009363 0.01819978 -0.01827605
v -0.00960770 0.01834301 -0.01850284
v -0.00967793 0.01752901 -0.01905555
v -0.00939991 0.01800749 -0.01889508
v -0.00910224 0.01846051 -0.01869975
v -0.00917878 0.01764999 -0.01925129
v -0.00866312 0.01775000 -0.01941312
v -0.00889004 0.01811717 -0.01907284
v -0.00863649 0.01849019 -0.01889356
v -0.00983358 0.01637661 -0.01952623
v -0.00933804 0.01650767 -0.01973736
v -0.00953722 0.01606924 -0.01978868
v -0.00962884 0.01681219 -0.01946363
v -0.00907963 0.01608862 -0.01999219
v -0.00887446 0.01652404 -0.01992986
v -0.00912527 0.01693530 -0.01965738
v -0.00865362 0.01695134 -0.01983808
v -0.00860881 0.01609858 -0.02016371
v -0.00889994 0.01735007 -0.01954913
v -0.00815960 0.01849778 -0.01906057
v -0.00841595 0.01813318 -0.01925001
v -0.00788092 0.01820159 -0.01936053
v -0.00761729 0.01855819 -0.01915288
v -0.00733355 0.01824798 -0.01943519
v -0.00706799 0.01859168 -0.01921143
v -0.00839439 0.01653150 -0.02009082
v -0.00817074 0.01695331 -0.01998704
v -0.00762704 0.01700895 -0.02008387
v -0.00812719 0.01609906 -0.02030235
v -0.00763722 0.01609006 -0.02040740
v -0.00790832 0.01652871 -0.02021716
v -0.00735960 0.01657639 -0.02029591
v -0.00678911 0.01658898 -0.02034133
v -0.00707051 0.01610863 -0.02047458
v -0.00707627 0.01704725 -0.02014088
v -0.00842286 0.01736125 -0.01971848
v -0.00813412 0.01782844 -0.01954003
v -0.00759504 0.01788481 -0.01963125
v -0.00788759 0.01742983 -0.01982974
v -0.00733829 0.01747617 -0.01990541
v -0.00704921 0.01791877 -0.01968620
v -0.00678909 0.01749949 -0.01994332
v -0.00678473 0.01827120 -0.01947266
v -0.00929838 0.01877788 -0.01829614
v -0.00857203 0.01916617 -0.01828188
v -0.00884284 0.01882448 -0.01850239
v -0.00810230 0.01917788 -0.01845624
v -0.00837167 0.01884634 -0.01868665
v -0.00762435 0.01916433 -0.01860646
v -0.00781202 0.01949850 -0.01819205
v -0.00789532 0.01884204 -0.01884571
v -0.00706401 0.01921278 -0.01865435
v -0.00734801 0.01946309 -0.01834397
v -0.00678449 0.01949571 -0.01837619
v -0.00734835 0.01888989 -0.01892220
v -0.00678474 0.01892252 -0.01895447
v -0.00650000 0.02125000 -0.01375000
v -0.00650000 0.02123325 -0.01423399
v -0.00650000 0.02118307 -0.01471567
v -0.00650000 0.02109971 -0.01519272
v -0.00045000 0.02125000 -0.01375000
v -0.00045000 0.02123325 -0.01423399
v -0.00045000 0.02118307 -0.01471567
v -0.00045000 0.02109971 -0.01519272
v -0.00650000 0.01425000 -0.02075000
v -0.00650000 0.01518466 -0.02068732
v -0.00045000 0.01425000 -0.02075000
v -0.00045000 0.01471719 -0.02072842
v -0.00045000 0.01518466 -0.02068732
v -0.00045000 0.01565257 -0.02060196
v -0.00650000 0.02098357 -0.01566287
v -0.00650000 0.02083519 -0.01612386
v -0.00650000 0.02065530 -0.01657349
v -0.00650000 0.01975503 -0.01807373
v -0.00650000 0.02044475 -0.01700960
v -0.00650000 0.02020456 -0.01743012
v -0.00650000 0.01611483 -0.02049703
v -0.00650000 0.01705678 -0.02016264
v -0.00650000 0.01793012 -0.01970456
v -0.00650000 0.01922897 -0.01867035
v -0.00650000 0.01860604 -0.01922950
v -0.00045000 0.02098357 -0.01566287
v -0.00045000 0.02083519 -0.01612386
v -0.00045000 0.02080000 -0.01621182
v -0.00045000 0.01658898 -0.02034133
v -0.00045000 0.01611483 -0.02049703
v -0.00045000 0.01669717 -0.02030000
v 0.00850000 0.00018000 -0.00307000
v 0.00854187 0.00048059 -0.00307000
v 0.00866428 0.00075830 -0.00307000
v 0.00902170 0.00111572 -0.00307000
v 0.00855384 0.00035871 -0.00335915
v 0.00865106 0.00065728 -0.00335588
v 0.00866428 0.00018000 -0.00364830
v 0.00871008 0.00051992 -0.00362000
v 0.00883684 0.00035668 -0.00384225
v 0.00895344 0.00064786 -0.00382701
v 0.00882775 0.00094316 -0.00324668
v 0.00884299 0.00082656 -0.00353786
v 0.00905000 0.00106992 -0.00340992
v 0.00913214 0.00093701 -0.00371656
v 0.00960000 0.00128000 -0.00307000
v 0.00931085 0.00122616 -0.00324871
v 0.00931412 0.00112894 -0.00354728
v 0.00960000 0.00123813 -0.00337059
v 0.00942332 0.00095225 -0.00383316
v 0.00960000 0.00111572 -0.00364830
v 0.00902170 0.00018000 -0.00400572
v 0.00912272 0.00046588 -0.00401894
v 0.00926008 0.00073000 -0.00395992
v 0.00929941 0.00018000 -0.00412813
v 0.00960000 0.00018000 -0.00417000
v 0.00942129 0.00046915 -0.00411616
v 0.00960000 0.00075830 -0.00400572
v 0.01340000 0.00128000 -0.00307000
v 0.01350000 0.00126138 -0.00313180
v 0.01340000 0.00123813 -0.00337059
v 0.01350000 0.00123399 -0.00332844
v 0.01350000 0.00119994 -0.00343240
v 0.01350000 0.00095225 -0.00383316
v 0.01350000 0.00112034 -0.00361297
v 0.01340000 0.00111572 -0.00364830
v 0.01350000 0.00102320 -0.00375293
v 0.01340000 0.00018000 -0.00417000
v 0.01350000 0.00018000 -0.00415607
v 0.01350000 0.00046915 -0.00411616
v 0.01350000 0.00034180 -0.00413987
v 0.01350000 0.00059650 -0.00406752
v 0.01340000 0.00075830 -0.00400572
v 0.01350000 0.00074998 -0.00399224
v 0.01350000 0.00086807 -0.00390805
v 0.00045000 0.02125000 -0.01375000
v 0.00045000 0.02123325 -0.01423399
v 0.00045000 0.02118307 -0.01471567
v 0.00045000 0.02109971 -0.01519272
v 0.00650000 0.02125000 -0.01375000
v 0.00650000 0.02123325 -0.01423399
v 0.00650000 0.02118307 -0.01471567
v 0.00650000 0.02109971 -0.01519272
v 0.00045000 0.01425000 -0.02075000
v 0.00045000 0.01471719 -0.02072842
v 0.00045000 0.01518466 -0.02068732
v 0.00045000 0.01565257 -0.02060196
v 0.00650000 0.01425000 -0.02075000
v 0.00650000 0.01518466 -0.02068732
v 0.00045000 0.02098357 -0.01566287
v 0.00045000 0.02083519 -0.01612386
v 0.00045000 0.02080000 -0.01621182
v 0.00045000 0.01658898 -0.02034133
v 0.00045000 0.01611483 -0.02049703
v 0.00045000 0.01669717 -0.02030000
v 0.00650000 0.02098357 -0.01566287
v 0.00650000 0.02083519 -0.01612386
v 0.00650000 0.02065530 -0.01657349
v 0.00650000 0.01975503 -0.01807373
v 0.00650000 0.02044475 -0.01700960
v 0.00650000 0.02020456 -0.01743012
v 0.00650000 0.01611483 -0.02049703
v 0.00650000 0.01705678 -0.02016264
v 0.00650000 0.01793012 -0.01970456
v 0.00650000 0.01922897 -0.01867035
v 0.00650000 0.01860604 -0.01922950
v 0.01350000 0.01425000 -0.01375000
v 0.01347842 0.01453874 -0.01421719
v 0.01348325 0.01473399 -0.01375000
v 0.01343307 0.01521567 -0.01375000
v 0.01344153 0.01502270 -0.01421697
v 0.01334971 0.01569272 -0.01375000
v 0.01337038 0.01550717 -0.01421623
v 0.01343732 0.01425000 -0.01468466
v 0.01335196 0.01453876 -0.01515257
v 0.01341382 0.01482570 -0.01468150
v 0.01335598 0.01531084 -0.01468279
v 0.01326475 0.01579082 -0.01467955
v 0.01330659 0.01510911 -0.01514006
v 0.01322832 0.01559246 -0.01513836
v 0.00696719 0.02122842 -0.01403874
v 0.00743466 0.02118732 -0.01375000
v 0.00790257 0.02110196 -0.01403876
v 0.00836483 0.02099703 -0.01375000
v 0.00696697 0.02119153 -0.01452269
v 0.00743150 0.02116382 -0.01432570
v 0.00743279 0.02110598 -0.01481084
v 0.00696623 0.02112038 -0.01500717
v 0.00696597 0.02101650 -0.01548128
v 0.00742955 0.02101475 -0.01529082
v 0.00789006 0.02105659 -0.01460911
v 0.00835863 0.02097458 -0.01432051
v 0.00834006 0.02090740 -0.01488722
v 0.00788836 0.02097832 -0.01509246
v 0.00834906 0.02080235 -0.01537719
v 0.00883898 0.02084133 -0.01403911
v 0.00974949 0.02044332 -0.01403909
v 0.00930678 0.02066264 -0.01375000
v 0.00925895 0.02058387 -0.01487704
v 0.00882639 0.02079591 -0.01460960
v 0.00920331 0.02048705 -0.01542074
v 0.00877871 0.02071716 -0.01515832
v 0.00972617 0.02040541 -0.01458829
v 0.00929725 0.02064088 -0.01432627
v 0.00967983 0.02032974 -0.01513759
v 0.01007844 0.02004003 -0.01538412
v 0.01174605 0.01852648 -0.01553626
v 0.01323357 0.01616286 -0.01375000
v 0.01326650 0.01598128 -0.01421597
v 0.01312338 0.01646744 -0.01421230
v 0.01290530 0.01707349 -0.01375000
v 0.01295343 0.01692205 -0.01421192
v 0.01308520 0.01662386 -0.01375000
v 0.01251893 0.01779409 -0.01421030
v 0.01200503 0.01857373 -0.01375000
v 0.01245456 0.01793012 -0.01375000
v 0.01223445 0.01825439 -0.01403448
v 0.01269475 0.01750960 -0.01375000
v 0.01275049 0.01736755 -0.01421072
v 0.01313475 0.01627951 -0.01467799
v 0.01297013 0.01675760 -0.01467159
v 0.01277760 0.01720655 -0.01467224
v 0.01295877 0.01656425 -0.01513871
v 0.01311103 0.01608085 -0.01514366
v 0.01277481 0.01703145 -0.01512489
v 0.01255450 0.01764109 -0.01466840
v 0.01198690 0.01855949 -0.01431760
v 0.01203119 0.01841427 -0.01478189
v 0.01228977 0.01811301 -0.01449546
v 0.01256110 0.01747187 -0.01512211
v 0.01231251 0.01777947 -0.01541060
v 0.01204854 0.01824876 -0.01524116
v 0.01231569 0.01795395 -0.01495772
v 0.01085604 0.01972950 -0.01375000
v 0.01147897 0.01917035 -0.01375000
v 0.01174571 0.01887619 -0.01403449
v 0.01117252 0.01945447 -0.01403474
v 0.01018012 0.02020456 -0.01375000
v 0.01052120 0.01997266 -0.01403473
v 0.01084168 0.01971143 -0.01431799
v 0.01080819 0.01965288 -0.01486729
v 0.01045159 0.01986052 -0.01513092
v 0.01074778 0.01956057 -0.01540960
v 0.01146278 0.01915435 -0.01431401
v 0.01171309 0.01884397 -0.01459801
v 0.01141432 0.01910646 -0.01487435
v 0.01113989 0.01942220 -0.01459835
v 0.01174850 0.01869206 -0.01506202
v 0.01142788 0.01895624 -0.01535230
v 0.01109204 0.01934571 -0.01514532
v 0.01016877 0.02018620 -0.01429921
v 0.01049798 0.01993519 -0.01458355
v 0.01013481 0.02013125 -0.01484504
v 0.00698399 0.01425000 -0.02073325
v 0.00746567 0.01425000 -0.02068307
v 0.00794272 0.01425000 -0.02059971
v 0.00841287 0.01425000 -0.02048357
v 0.00678874 0.01471719 -0.02072842
v 0.00707570 0.01518150 -0.02066382
v 0.00727269 0.01471697 -0.02069153
v 0.00756084 0.01518280 -0.02060598
v 0.00678876 0.01565257 -0.02060196
v 0.00735911 0.01564006 -0.02055659
v 0.00775717 0.01471623 -0.02062038
v 0.00823128 0.01471597 -0.02051650
v 0.00804082 0.01517955 -0.02051475
v 0.00784246 0.01563836 -0.02047832
v 0.00833085 0.01564366 -0.02036103
v 0.00887386 0.01425000 -0.02033520
v 0.00975960 0.01425000 -0.01994476
v 0.00932349 0.01425000 -0.02015530
v 0.00871744 0.01471230 -0.02037339
v 0.00852951 0.01517799 -0.02038475
v 0.00917205 0.01471192 -0.02020343
v 0.00900760 0.01517159 -0.02022013
v 0.00881425 0.01563871 -0.02020877
v 0.00961755 0.01471072 -0.02000049
v 0.00945655 0.01517224 -0.02002760
v 0.01004409 0.01471030 -0.01976893
v 0.00989109 0.01516840 -0.01980451
v 0.00928145 0.01562489 -0.02002481
v 0.01002947 0.01591060 -0.01956251
v 0.00972187 0.01562211 -0.01981110
v 0.01181057 0.01590960 -0.01799778
v 0.01324703 0.01425000 -0.01561483
v 0.01309133 0.01453911 -0.01608898
v 0.01291264 0.01425000 -0.01655678
v 0.01304591 0.01510960 -0.01607639
v 0.01322458 0.01482051 -0.01560863
v 0.01305235 0.01587719 -0.01559906
v 0.01296716 0.01565832 -0.01602871
v 0.01315740 0.01538722 -0.01559006
v 0.01289088 0.01482627 -0.01654725
v 0.01283387 0.01537704 -0.01650895
v 0.01273705 0.01592074 -0.01645331
v 0.01245456 0.01425000 -0.01743012
v 0.01222266 0.01453473 -0.01777120
v 0.01197950 0.01425000 -0.01810604
v 0.01269332 0.01453909 -0.01699949
v 0.01265541 0.01508829 -0.01697617
v 0.01243620 0.01479921 -0.01741877
v 0.01257974 0.01563759 -0.01692983
v 0.01238125 0.01534504 -0.01738481
v 0.01229003 0.01588412 -0.01732844
v 0.01218519 0.01508355 -0.01774798
v 0.01196143 0.01481799 -0.01809168
v 0.01211053 0.01563092 -0.01770159
v 0.01190288 0.01536729 -0.01805819
v 0.01082373 0.01425000 -0.01925503
v 0.01170447 0.01453474 -0.01842252
v 0.01142035 0.01425000 -0.01872897
v 0.01112619 0.01453449 -0.01899571
v 0.01080949 0.01481760 -0.01923690
v 0.01049876 0.01574116 -0.01929854
v 0.01094205 0.01556202 -0.01899850
v 0.01066427 0.01528189 -0.01928119
v 0.01167220 0.01509835 -0.01838989
v 0.01140435 0.01481401 -0.01871278
v 0.01135646 0.01537435 -0.01866432
v 0.01120624 0.01585230 -0.01867788
v 0.01159571 0.01564532 -0.01834204
v 0.01109397 0.01509801 -0.01896309
v 0.01018012 0.01425000 -0.01970456
v 0.01050439 0.01453448 -0.01948445
v 0.01036301 0.01499546 -0.01953977
v 0.01020395 0.01545772 -0.01956568
v 0.00696230 0.02087338 -0.01596744
v 0.00742799 0.02088475 -0.01577951
v 0.00742224 0.02052760 -0.01670654
v 0.00696192 0.02070343 -0.01642205
v 0.00742159 0.02072013 -0.01625760
v 0.00789366 0.02086103 -0.01558085
v 0.00788871 0.02070877 -0.01606425
v 0.00834858 0.02066371 -0.01585881
v 0.00787489 0.02052481 -0.01653145
v 0.00833862 0.02049219 -0.01632963
v 0.00831924 0.02028868 -0.01678722
v 0.00706760 0.01973690 -0.01805949
v 0.00753189 0.01978119 -0.01791427
v 0.00799116 0.01979855 -0.01774876
v 0.00828626 0.01949605 -0.01802648
v 0.00696072 0.02050049 -0.01686756
v 0.00696030 0.02026893 -0.01729409
v 0.00741840 0.02030450 -0.01714109
v 0.00678448 0.01998445 -0.01775439
v 0.00724546 0.02003977 -0.01761301
v 0.00787211 0.02031110 -0.01697187
v 0.00770772 0.02006569 -0.01745394
v 0.00816060 0.02006251 -0.01727947
v 0.01000000 0.01991312 -0.01591312
v 0.00948994 0.01987111 -0.01665918
v 0.00989999 0.01975129 -0.01642878
v 0.00877404 0.02042986 -0.01612446
v 0.00920134 0.02033808 -0.01590362
v 0.00878150 0.02059082 -0.01564439
v 0.00875767 0.02023736 -0.01658804
v 0.00918530 0.02015738 -0.01637527
v 0.00961125 0.02021848 -0.01567286
v 0.00960007 0.02004913 -0.01614994
v 0.00892307 0.01973416 -0.01736285
v 0.00903114 0.01912926 -0.01808430
v 0.00846224 0.01978078 -0.01756576
v 0.00875499 0.01946737 -0.01783584
v 0.00920711 0.01941399 -0.01762360
v 0.00935800 0.01965803 -0.01715368
v 0.00963782 0.01932709 -0.01740749
v 0.00977901 0.01955555 -0.01692793
v 0.00947728 0.01906734 -0.01786450
v 0.00997509 0.01893728 -0.01761693
v 0.00979642 0.01864819 -0.01808469
v 0.00862661 0.02002623 -0.01708358
v 0.00906219 0.01996363 -0.01687884
v 0.00706799 0.01859168 -0.01921143
v 0.00733355 0.01824798 -0.01943519
v 0.00788092 0.01820159 -0.01936053
v 0.00761729 0.01855819 -0.01915288
v 0.00815960 0.01849778 -0.01906057
v 0.00841595 0.01813318 -0.01925001
v 0.00678911 0.01658898 -0.02034133
v 0.00707051 0.01610863 -0.02047458
v 0.00735960 0.01657639 -0.02029591
v 0.00707627 0.01704725 -0.02014088
v 0.00839439 0.01653150 -0.02009082
v 0.00762704 0.01700895 -0.02008387
v 0.00817074 0.01695331 -0.01998704
v 0.00763722 0.01609006 -0.02040740
v 0.00790832 0.01652871 -0.02021716
v 0.00812719 0.01609906 -0.02030235
v 0.00704921 0.01791877 -0.01968620
v 0.00678909 0.01749949 -0.01994332
v 0.00733829 0.01747617 -0.01990541
v 0.00678473 0.01827120 -0.01947266
v 0.00759504 0.01788481 -0.01963125
v 0.00788759 0.01742983 -0.01982974
v 0.00842286 0.01736125 -0.01971848
v 0.00813412 0.01782844 -0.01954003
v 0.00940918 0.01723994 -0.01937111
v 0.01011285 0.01667307 -0.01923416
v 0.00990368 0.01710800 -0.01915803
v 0.00910224 0.01846051 -0.01869975
v 0.00866312 0.01775000 -0.01941312
v 0.00917878 0.01764999 -0.01925129
v 0.00863649 0.01849019 -0.01889356
v 0.00889004 0.01811717 -0.01907284
v 0.00989646 0.01787579 -0.01868130
v 0.00960770 0.01834301 -0.01850284
v 0.01009363 0.01819978 -0.01827605
v 0.00967793 0.01752901 -0.01905555
v 0.00939991 0.01800749 -0.01889508
v 0.00907963 0.01608862 -0.01999219
v 0.00887446 0.01652404 -0.01992986
v 0.00865362 0.01695134 -0.01983808
v 0.00912527 0.01693530 -0.01965738
v 0.00860881 0.01609858 -0.02016371
v 0.00933804 0.01650767 -0.01973736
v 0.00953722 0.01606924 -0.01978868
v 0.00983358 0.01637661 -0.01952623
v 0.00962884 0.01681219 -0.01946363
v 0.00889994 0.01735007 -0.01954913
v 0.00706401 0.01921278 -0.01865435
v 0.00678449 0.01949571 -0.01837619
v 0.00734801 0.01946309 -0.01834397
v 0.00678474 0.01892252 -0.01895447
v 0.00734835 0.01888989 -0.01892220
v 0.00762435 0.01916433 -0.01860646
v 0.00810230 0.01917788 -0.01845624
v 0.00837167 0.01884634 -0.01868665
v 0.00781202 0.01949850 -0.01819205
v 0.00789532 0.01884204 -0.01884571
v 0.00857203 0.01916617 -0.01828188
v 0.00884284 0.01882448 -0.01850239
v 0.00929838 0.01877788 -0.01829614
v 0.01171737 0.01833584 -0.01600499
v 0.01137926 0.01858430 -0.01628114
v 0.01131734 0.01836450 -0.01672728
v 0.01166399 0.01812360 -0.01645711
v 0.01164508 0.01714991 -0.01750749
v 0.01164356 0.01638649 -0.01799019
v 0.01144975 0.01685224 -0.01796051
v 0.01089819 0.01858469 -0.01704642
v 0.01083469 0.01754642 -0.01814819
v 0.01028455 0.01850235 -0.01782366
v 0.01075235 0.01832366 -0.01753455
v 0.01057366 0.01803455 -0.01800235
v 0.01180555 0.01742793 -0.01702901
v 0.01157709 0.01790749 -0.01688782
v 0.01143130 0.01764646 -0.01737579
v 0.01118728 0.01811693 -0.01722509
v 0.01102604 0.01784363 -0.01769978
v 0.01125284 0.01735770 -0.01784301
v 0.01248736 0.01708804 -0.01600767
v 0.01258808 0.01640362 -0.01645134
v 0.01212111 0.01715918 -0.01673994
v 0.01240738 0.01687527 -0.01643530
v 0.01229913 0.01664994 -0.01685007
v 0.01291371 0.01635881 -0.01559858
v 0.01284082 0.01614439 -0.01603150
v 0.01274219 0.01682963 -0.01558862
v 0.01267986 0.01662446 -0.01602404
v 0.01198416 0.01786285 -0.01617307
v 0.01227623 0.01758358 -0.01587661
v 0.01253868 0.01728722 -0.01556924
v 0.01203078 0.01806576 -0.01571224
v 0.01221363 0.01737884 -0.01631219
v 0.01190803 0.01765368 -0.01660800
v 0.01216312 0.01641312 -0.01725000
v 0.01246848 0.01617286 -0.01686125
v 0.01200129 0.01692878 -0.01714998
v 0.01200000 0.01616595 -0.01763318
v 0.01182284 0.01664004 -0.01761718
v 0.01038318 0.01975000 -0.01566595
v 0.01036717 0.01957284 -0.01614005
v 0.01074019 0.01939356 -0.01588649
v 0.01071051 0.01919975 -0.01635224
v 0.01059301 0.01900284 -0.01685770
v 0.01025749 0.01939508 -0.01664991
v 0.01109634 0.01918665 -0.01562167
v 0.01107448 0.01900239 -0.01609284
v 0.01141617 0.01878188 -0.01582203
v 0.01102788 0.01879614 -0.01654838
v 0.01012579 0.01918130 -0.01714646
v 0.01044978 0.01877604 -0.01734363
v 0.01083430 0.01678114 -0.01862926
v 0.01061450 0.01722728 -0.01856734
v 0.01031576 0.01621224 -0.01928079
v 0.01077648 0.01603626 -0.01899604
v 0.01058584 0.01650499 -0.01896737
v 0.01037360 0.01695711 -0.01891398
v 0.01125239 0.01659284 -0.01832448
v 0.01103188 0.01632203 -0.01866617
v 0.01143665 0.01612167 -0.01834634
v 0.01104614 0.01704838 -0.01827788
v 0.01036693 0.01772509 -0.01843728
v 0.01015749 0.01738782 -0.01882709
f 2 51 88
f 2 54 51
f 3 54 11
f 2 11 54
f 1 2 90
f 1 11 2
f 3 6 56
f 3 12 6
f 4 57 6
f 5 6 12
f 4 5 175
f 5 9 175
f 4 6 5
f 7 8 12
f 1 96 7
f 7 97 8
f 7 96 97
f 5 8 9
f 8 10 9
f 8 97 10
f 9 10 181
f 10 213 181
f 3 11 12
f 7 12 11
f 1 7 11
f 5 12 8
f 13 126 53
f 13 55 20
f 13 14 126
f 13 20 14
f 14 20 19
f 15 61 17
f 16 288 246
f 16 17 61
f 16 18 17
f 16 246 18
f 17 18 22
f 19 21 23
f 19 23 143
f 15 21 20
f 15 20 55
f 15 17 21
f 19 20 21
f 21 22 23
f 18 252 22
f 22 252 24
f 23 24 145
f 22 24 23
f 24 289 145
f 17 22 21
f 26 57 211
f 25 57 26
f 27 50 58
f 25 27 58
f 25 29 27
f 27 42 50
f 27 29 40
f 27 40 42
f 28 40 29
f 28 29 191
f 25 26 29
f 26 191 29
f 30 42 31
f 30 50 42
f 30 31 35
f 30 35 59
f 32 62 35
f 32 288 62
f 31 44 34
f 33 34 44
f 33 264 34
f 31 34 35
f 32 35 34
f 32 34 264
f 38 43 200
f 36 39 37
f 36 43 38
f 36 38 39
f 38 205 39
f 40 41 42
f 40 43 41
f 31 42 41
f 31 41 44
f 36 41 43
f 28 43 40
f 28 200 43
f 36 44 41
f 33 44 37
f 36 37 44
f 45 58 48
f 3 45 54
f 45 46 54
f 45 48 46
f 46 47 52
f 47 60 55
f 47 49 60
f 48 58 50
f 48 50 49
f 47 48 49
f 46 48 47
f 46 52 51
f 51 53 88
f 51 52 53
f 13 53 52
f 46 51 54
f 47 55 52
f 13 52 55
f 25 56 57
f 6 57 56
f 45 56 58
f 25 58 56
f 3 56 45
f 4 211 57
f 49 59 60
f 59 61 60
f 59 62 61
f 35 62 59
f 15 55 60
f 15 60 61
f 30 49 50
f 30 59 49
f 16 61 62
f 16 62 288
f 63 64 95
f 63 134 64
f 64 65 68
f 64 68 92
f 64 134 65
f 68 118 92
f 66 118 68
f 66 119 118
f 66 71 119
f 65 154 69
f 67 69 154
f 67 70 69
f 67 73 70
f 66 68 69
f 65 69 68
f 66 69 70
f 66 70 71
f 71 122 119
f 72 329 122
f 71 75 72
f 71 72 122
f 70 73 75
f 74 330 75
f 74 157 336
f 73 74 75
f 73 157 74
f 70 75 71
f 72 75 330
f 76 94 100
f 77 98 82
f 77 82 80
f 10 78 213
f 78 79 213
f 79 80 85
f 78 80 79
f 77 80 78
f 81 219 85
f 82 83 84
f 76 82 98
f 76 83 82
f 80 82 84
f 83 112 84
f 76 100 83
f 80 84 85
f 81 84 112
f 81 85 84
f 1 87 96
f 1 90 87
f 87 98 96
f 87 93 98
f 86 87 90
f 86 93 87
f 88 89 90
f 88 125 89
f 2 88 90
f 86 89 95
f 63 95 89
f 86 90 89
f 63 89 125
f 91 95 92
f 86 95 91
f 91 117 94
f 91 92 117
f 91 94 93
f 76 98 93
f 76 93 94
f 86 91 93
f 64 92 95
f 77 78 97
f 77 97 96
f 77 96 98
f 10 97 78
f 99 120 102
f 102 120 121
f 94 99 100
f 99 101 100
f 101 104 111
f 101 102 104
f 99 102 101
f 102 121 106
f 103 106 121
f 103 331 106
f 102 106 104
f 104 106 105
f 105 106 331
f 104 105 113
f 108 111 114
f 107 112 108
f 81 107 227
f 81 112 107
f 108 114 109
f 107 108 109
f 107 109 228
f 83 100 110
f 100 101 110
f 83 110 112
f 108 112 110
f 101 111 110
f 108 110 111
f 111 113 114
f 113 116 114
f 113 332 116
f 109 115 232
f 109 114 115
f 115 116 333
f 115 333 233
f 114 116 115
f 104 113 111
f 105 332 113
f 117 118 120
f 99 117 120
f 92 118 117
f 118 119 120
f 119 121 120
f 94 117 99
f 119 122 121
f 103 121 122
f 103 122 329
f 127 129 131
f 53 126 125
f 125 126 127
f 63 125 127
f 126 129 127
f 14 19 128
f 14 128 129
f 129 130 131
f 128 144 130
f 123 130 144
f 128 130 129
f 14 129 126
f 131 132 134
f 131 135 132
f 65 132 154
f 132 135 133
f 132 133 154
f 63 127 134
f 127 131 134
f 65 134 132
f 130 135 131
f 123 135 130
f 123 124 135
f 124 133 135
f 136 138 144
f 136 145 137
f 137 145 289
f 136 141 138
f 136 137 141
f 137 294 141
f 123 144 138
f 123 138 139
f 138 142 139
f 139 159 158
f 123 139 124
f 124 139 158
f 139 142 159
f 140 300 161
f 138 141 142
f 140 142 141
f 140 141 294
f 142 161 159
f 140 161 142
f 128 143 144
f 19 143 128
f 136 144 143
f 23 145 143
f 136 143 145
f 124 146 133
f 124 158 146
f 146 158 148
f 146 147 155
f 146 148 147
f 147 148 151
f 147 149 156
f 149 152 150
f 147 151 149
f 149 151 152
f 148 166 151
f 151 166 153
f 151 153 152
f 152 153 335
f 67 154 155
f 133 155 154
f 133 146 155
f 67 155 156
f 147 156 155
f 73 156 157
f 149 157 156
f 67 156 73
f 150 336 157
f 149 150 157
f 160 162 164
f 148 158 160
f 158 159 160
f 159 162 160
f 148 160 166
f 159 161 162
f 161 163 162
f 161 300 163
f 162 163 167
f 160 164 166
f 164 165 166
f 153 165 337
f 164 168 165
f 153 166 165
f 162 167 164
f 164 167 168
f 165 168 338
f 167 306 168
f 168 306 339
f 53 125 88
f 178 189 187
f 185 197 189
f 169 181 213
f 169 170 179
f 169 215 170
f 170 216 171
f 171 216 172
f 9 180 175
f 173 176 180
f 173 183 177
f 173 182 183
f 4 174 211
f 4 175 174
f 174 178 187
f 174 176 178
f 174 175 176
f 175 180 176
f 176 177 178
f 177 185 178
f 178 185 189
f 173 177 176
f 179 180 181
f 9 181 180
f 173 180 179
f 169 179 181
f 173 179 182
f 170 182 179
f 170 171 182
f 177 183 184
f 177 184 185
f 182 186 183
f 171 186 182
f 187 188 211
f 187 190 188
f 26 188 191
f 26 211 188
f 188 190 192
f 190 194 192
f 190 198 194
f 187 189 190
f 189 198 190
f 188 192 191
f 191 192 193
f 28 191 193
f 192 195 193
f 192 194 195
f 194 196 195
f 194 198 199
f 189 197 198
f 194 199 196
f 193 201 200
f 193 195 201
f 200 201 204
f 195 202 201
f 195 196 202
f 201 202 207
f 202 209 207
f 38 200 204
f 201 207 204
f 203 204 207
f 38 204 205
f 203 205 204
f 206 207 209
f 203 207 206
f 28 193 200
f 196 208 202
f 202 208 209
f 206 209 210
f 174 187 211
f 169 213 212
f 79 212 213
f 169 212 215
f 79 214 212
f 79 85 214
f 212 217 215
f 212 214 217
f 215 218 216
f 170 215 216
f 215 217 218
f 217 221 218
f 214 219 220
f 81 227 219
f 219 222 220
f 219 227 222
f 217 220 221
f 220 223 221
f 220 222 223
f 222 230 223
f 85 219 214
f 214 220 217
f 218 221 224
f 172 216 225
f 216 218 225
f 218 224 225
f 221 226 224
f 221 223 226
f 223 230 238
f 223 238 226
f 227 228 229
f 107 228 227
f 222 227 229
f 109 232 228
f 228 234 229
f 222 229 230
f 229 234 231
f 229 231 230
f 228 232 234
f 232 236 234
f 115 233 232
f 232 233 236
f 233 346 236
f 234 236 235
f 231 234 235
f 236 346 237
f 235 236 237
f 230 239 238
f 230 231 239
f 231 240 239
f 231 235 240
f 235 241 240
f 235 237 241
f 237 347 241
f 247 267 250
f 250 267 268
f 250 268 259
f 259 268 280
f 242 289 253
f 242 253 243
f 243 256 244
f 242 243 244
f 18 245 252
f 246 288 247
f 246 247 249
f 18 246 245
f 245 246 249
f 245 249 248
f 245 248 254
f 248 251 258
f 248 258 255
f 249 250 251
f 247 250 249
f 250 259 251
f 248 249 251
f 252 254 253
f 245 254 252
f 24 252 253
f 24 253 289
f 248 255 254
f 243 253 254
f 243 254 255
f 243 255 256
f 244 256 257
f 251 260 258
f 251 259 260
f 255 258 261
f 255 261 256
f 269 273 276
f 32 263 288
f 247 288 263
f 32 264 263
f 247 263 267
f 262 263 264
f 262 267 263
f 33 265 264
f 262 265 269
f 262 264 265
f 262 266 267
f 266 268 267
f 266 278 268
f 262 269 266
f 265 273 269
f 266 269 281
f 269 276 281
f 33 37 270
f 37 272 270
f 265 270 273
f 270 272 274
f 37 39 272
f 39 271 272
f 39 205 271
f 271 275 272
f 270 274 273
f 273 274 283
f 273 283 276
f 274 285 283
f 271 317 275
f 275 317 286
f 275 286 285
f 272 275 274
f 274 275 285
f 33 270 265
f 276 284 277
f 266 281 278
f 278 281 279
f 268 278 280
f 276 277 281
f 277 279 281
f 276 283 284
f 282 283 285
f 282 284 283
f 285 286 287
f 282 285 287
f 286 323 287
f 137 289 290
f 242 290 289
f 137 290 294
f 290 296 294
f 242 292 290
f 244 298 292
f 242 244 292
f 290 292 296
f 291 296 292
f 291 292 298
f 140 294 293
f 293 294 296
f 140 293 300
f 293 302 300
f 291 295 296
f 293 296 295
f 291 299 295
f 293 295 302
f 295 303 302
f 295 299 303
f 244 257 298
f 291 298 297
f 291 297 299
f 299 311 303
f 163 300 301
f 300 302 301
f 163 301 305
f 301 302 304
f 302 303 304
f 303 312 304
f 301 304 308
f 304 312 309
f 163 305 167
f 167 305 306
f 301 308 305
f 305 308 307
f 305 307 306
f 306 307 352
f 304 309 308
f 308 309 310
f 307 308 310
f 307 310 353
f 309 314 310
f 303 311 312
f 309 312 313
f 309 313 314
f 310 314 354
f 203 315 205
f 205 315 271
f 203 316 315
f 271 315 317
f 315 316 318
f 203 206 316
f 206 320 316
f 316 320 319
f 315 318 317
f 286 317 322
f 317 318 322
f 318 324 322
f 316 319 318
f 318 319 324
f 319 327 324
f 206 210 320
f 319 320 321
f 319 321 327
f 286 322 323
f 322 325 323
f 322 324 325
f 324 327 326
f 324 326 325
f 326 327 328
f 116 341 333
f 152 335 334
f 150 152 334
f 165 338 337
f 153 337 335
f 168 339 338
f 337 338 343
f 338 339 344
f 72 330 391
f 72 391 329
f 74 393 330
f 74 336 393
f 103 404 331
f 105 331 405
f 105 405 332
f 116 340 342
f 116 342 341
f 116 332 369
f 333 341 348
f 103 329 404
f 116 369 340
f 150 334 371
f 334 335 371
f 335 337 372
f 150 373 336
f 337 343 363
f 338 344 343
f 339 345 344
f 233 333 348
f 233 349 346
f 237 346 350
f 237 351 347
f 233 348 349
f 346 349 350
f 237 350 351
f 306 352 339
f 307 353 352
f 310 354 353
f 314 355 354
f 339 352 345
f 352 353 356
f 353 354 357
f 354 355 358
f 352 356 345
f 353 357 356
f 354 358 357
f 355 359 358
f 171 172 763
f 183 768 184
f 184 769 185
f 185 769 197
f 183 186 770
f 171 770 186
f 198 783 199
f 197 783 198
f 196 199 784
f 196 781 208
f 208 795 209
f 209 795 210
f 172 225 763
f 224 806 225
f 224 226 806
f 226 238 808
f 238 239 822
f 239 240 822
f 240 241 824
f 241 347 824
f 210 1004 320
f 320 1004 321
f 321 1011 327
f 327 1011 328
f 347 351 1093
f 259 280 1529
f 256 1526 257
f 258 260 1527
f 258 1527 261
f 259 1528 260
f 256 261 1526
f 277 284 1545
f 278 279 1547
f 278 1549 280
f 277 1547 279
f 282 1551 284
f 282 287 1554
f 287 323 1554
f 297 298 1572
f 257 1525 298
f 297 1572 299
f 299 1583 311
f 311 1583 312
f 312 1584 313
f 313 1586 314
f 314 1586 355
f 323 325 1600
f 325 326 1600
f 326 328 1603
f 355 1853 359
f 329 391 366
f 330 393 367
f 336 373 393
f 330 367 391
f 331 404 368
f 331 368 405
f 369 360 340
f 369 362 360
f 370 361 362
f 370 377 361
f 332 405 369
f 329 366 404
f 337 363 375
f 150 371 451
f 335 372 371
f 150 451 373
f 337 375 374
f 337 374 372
f 375 363 364
f 375 364 365
f 369 414 362
f 370 362 414
f 375 365 376
f 371 372 453
f 371 453 451
f 374 375 463
f 372 374 454
f 375 376 466
f 381 378 377
f 381 379 378
f 382 380 379
f 370 559 377
f 381 377 559
f 381 562 379
f 382 379 562
f 376 365 383
f 387 383 384
f 388 384 385
f 389 385 386
f 376 383 387
f 387 384 388
f 388 385 389
f 389 386 390
f 376 387 632
f 387 388 633
f 388 389 635
f 389 390 643
f 366 391 422
f 391 395 392
f 391 392 422
f 392 424 422
f 367 393 395
f 373 459 393
f 393 394 395
f 393 459 394
f 394 398 395
f 367 395 391
f 392 395 398
f 392 396 424
f 396 427 424
f 396 399 427
f 399 438 427
f 394 397 398
f 397 400 398
f 397 462 400
f 400 462 402
f 392 398 396
f 396 398 400
f 396 400 399
f 399 400 402
f 399 402 401
f 399 401 438
f 401 402 479
f 401 403 442
f 401 479 403
f 368 404 406
f 404 423 406
f 406 423 409
f 368 406 405
f 405 406 407
f 405 407 412
f 406 409 407
f 409 423 425
f 409 425 410
f 407 408 419
f 407 409 408
f 408 409 410
f 410 440 411
f 408 410 411
f 369 412 414
f 412 415 414
f 412 419 415
f 370 414 413
f 370 413 559
f 413 414 415
f 413 417 560
f 413 415 417
f 369 405 412
f 407 419 412
f 415 419 416
f 415 416 417
f 416 418 417
f 417 418 565
f 416 421 418
f 418 429 566
f 418 421 429
f 408 420 419
f 416 419 420
f 408 411 420
f 411 430 420
f 416 420 421
f 420 430 421
f 366 422 404
f 404 422 423
f 422 424 423
f 423 424 425
f 424 427 425
f 425 427 426
f 410 425 426
f 426 427 438
f 410 426 440
f 411 440 428
f 429 433 574
f 421 430 432
f 411 428 430
f 430 431 432
f 428 431 430
f 428 448 431
f 431 436 432
f 421 432 429
f 429 432 433
f 432 436 433
f 431 448 434
f 431 434 436
f 433 436 435
f 435 436 437
f 434 437 436
f 435 437 581
f 437 500 581
f 426 439 440
f 426 438 439
f 438 442 439
f 439 442 443
f 439 441 440
f 428 440 441
f 428 441 448
f 439 443 441
f 401 442 438
f 441 444 448
f 444 449 448
f 441 443 444
f 443 447 444
f 444 497 449
f 444 447 497
f 442 445 443
f 403 445 442
f 443 445 447
f 403 482 445
f 445 446 447
f 445 482 446
f 446 498 447
f 434 448 449
f 434 450 437
f 434 449 450
f 437 450 500
f 451 453 452
f 452 456 460
f 372 454 453
f 453 454 455
f 452 453 455
f 452 455 456
f 454 465 455
f 455 465 457
f 455 457 456
f 456 458 461
f 456 457 458
f 458 474 477
f 457 469 458
f 458 469 474
f 373 451 459
f 451 452 459
f 394 459 460
f 452 460 459
f 394 460 397
f 397 460 461
f 456 461 460
f 397 461 462
f 458 477 461
f 461 477 462
f 374 463 454
f 463 466 464
f 463 464 465
f 464 468 465
f 454 463 465
f 375 466 463
f 376 632 466
f 466 632 467
f 464 466 467
f 464 467 471
f 464 471 468
f 457 465 468
f 457 468 469
f 468 470 469
f 468 471 470
f 467 472 471
f 470 471 473
f 471 472 473
f 472 639 473
f 402 462 476
f 476 477 480
f 462 477 476
f 476 478 479
f 476 480 478
f 402 476 479
f 403 479 481
f 478 481 479
f 474 480 477
f 478 480 485
f 474 475 480
f 475 485 480
f 478 484 481
f 403 481 482
f 481 484 483
f 481 483 482
f 482 483 521
f 478 485 484
f 475 494 485
f 485 494 486
f 484 485 486
f 484 486 510
f 486 511 510
f 483 484 510
f 469 470 487
f 469 487 474
f 474 487 475
f 470 490 487
f 475 487 488
f 475 488 494
f 487 490 488
f 473 639 489
f 470 473 490
f 473 489 490
f 488 490 491
f 489 491 490
f 489 648 491
f 488 492 494
f 488 491 492
f 491 493 492
f 491 648 493
f 492 493 496
f 493 652 496
f 492 495 494
f 486 494 495
f 486 495 511
f 492 496 495
f 495 496 514
f 446 482 521
f 446 522 498
f 447 498 497
f 497 498 503
f 498 522 524
f 498 524 503
f 503 524 505
f 449 497 499
f 449 499 450
f 450 499 501
f 499 504 501
f 450 501 500
f 500 593 581
f 500 502 593
f 501 506 502
f 500 501 502
f 497 503 499
f 499 503 504
f 503 505 504
f 501 504 506
f 504 505 507
f 505 532 507
f 504 507 506
f 502 506 598
f 506 508 598
f 506 507 508
f 507 533 508
f 483 509 521
f 483 510 509
f 510 511 512
f 509 510 512
f 509 512 525
f 495 514 511
f 511 514 513
f 511 513 512
f 512 513 517
f 512 517 525
f 513 518 517
f 496 515 514
f 514 515 516
f 496 652 515
f 513 514 516
f 515 662 516
f 516 662 519
f 513 516 518
f 517 518 536
f 518 520 536
f 516 519 518
f 518 519 520
f 519 666 520
f 520 666 678
f 446 521 522
f 521 523 522
f 509 523 521
f 522 523 527
f 522 527 524
f 509 525 523
f 523 525 528
f 505 524 526
f 524 527 526
f 526 527 529
f 526 529 534
f 523 528 527
f 525 535 528
f 528 535 530
f 527 528 529
f 529 531 534
f 528 530 529
f 529 530 531
f 505 526 532
f 507 532 533
f 532 539 533
f 526 534 532
f 532 534 539
f 508 533 607
f 517 535 525
f 517 536 535
f 530 535 537
f 535 536 537
f 536 538 537
f 537 538 547
f 530 544 531
f 530 537 544
f 520 538 536
f 520 678 538
f 533 540 607
f 533 539 540
f 531 541 534
f 534 541 539
f 539 541 542
f 531 550 541
f 541 551 542
f 541 550 551
f 539 542 540
f 540 542 612
f 542 551 543
f 542 543 612
f 531 544 550
f 544 545 550
f 537 547 544
f 544 547 545
f 538 546 547
f 538 678 546
f 545 547 548
f 546 548 547
f 546 681 548
f 545 548 554
f 548 549 554
f 548 681 549
f 550 552 551
f 551 552 553
f 545 552 550
f 545 554 552
f 552 555 553
f 543 551 553
f 543 553 621
f 552 554 555
f 549 556 554
f 554 556 555
f 553 557 621
f 555 556 558
f 553 555 557
f 555 558 557
f 557 558 625
f 413 560 559
f 381 559 561
f 559 560 561
f 560 563 561
f 560 565 563
f 381 561 562
f 561 564 562
f 561 563 564
f 563 567 564
f 417 565 560
f 563 565 568
f 565 566 568
f 418 566 565
f 566 575 568
f 563 568 567
f 567 568 569
f 568 575 569
f 382 562 570
f 562 564 570
f 564 571 570
f 564 567 571
f 567 572 571
f 567 569 572
f 569 573 572
f 429 574 566
f 566 574 575
f 574 577 575
f 574 579 577
f 575 577 576
f 569 575 576
f 577 582 578
f 576 577 578
f 433 579 574
f 577 579 582
f 433 435 579
f 435 580 579
f 579 580 582
f 580 584 582
f 435 581 580
f 580 581 589
f 580 589 584
f 582 584 583
f 578 582 583
f 583 584 585
f 584 590 585
f 569 576 573
f 573 576 586
f 576 578 586
f 578 587 586
f 578 583 587
f 583 588 587
f 583 585 588
f 585 592 588
f 581 593 589
f 584 589 590
f 589 594 590
f 585 590 591
f 585 591 592
f 589 593 594
f 593 595 594
f 502 595 593
f 594 595 597
f 590 594 596
f 594 597 596
f 590 596 591
f 502 598 595
f 595 599 597
f 596 597 604
f 597 601 604
f 598 600 599
f 595 598 599
f 508 600 598
f 508 607 600
f 599 600 602
f 600 608 602
f 597 599 601
f 599 602 601
f 601 602 606
f 602 610 606
f 591 596 603
f 596 604 603
f 601 605 604
f 601 606 605
f 602 608 610
f 606 610 617
f 600 607 608
f 607 609 608
f 608 609 611
f 540 609 607
f 540 612 609
f 609 613 611
f 608 611 610
f 610 611 618
f 611 613 615
f 611 615 618
f 609 612 613
f 612 614 613
f 543 614 612
f 613 614 616
f 613 616 615
f 615 616 620
f 610 618 617
f 615 619 618
f 615 620 619
f 543 621 614
f 614 621 622
f 614 622 616
f 621 624 622
f 616 622 623
f 616 623 620
f 622 627 623
f 623 627 630
f 557 624 621
f 622 624 627
f 624 626 627
f 557 625 624
f 624 625 626
f 627 628 630
f 626 628 627
f 620 623 629
f 623 630 629
f 628 631 630
f 632 633 634
f 387 633 632
f 467 632 634
f 467 634 472
f 633 636 634
f 634 636 638
f 388 635 633
f 633 635 636
f 635 643 637
f 635 637 636
f 636 637 640
f 472 634 638
f 472 638 639
f 638 641 639
f 636 640 638
f 637 645 640
f 638 640 641
f 640 642 641
f 640 645 642
f 389 643 635
f 637 643 644
f 637 644 645
f 642 645 646
f 489 639 647
f 639 641 647
f 489 647 648
f 647 650 648
f 641 649 647
f 641 642 649
f 642 655 649
f 647 649 650
f 649 653 650
f 649 655 653
f 493 648 651
f 648 650 651
f 493 651 652
f 651 658 652
f 650 653 654
f 650 654 651
f 653 657 654
f 651 654 658
f 654 657 659
f 654 659 658
f 642 646 655
f 653 655 656
f 653 656 657
f 657 673 659
f 652 658 661
f 658 660 661
f 658 659 660
f 659 672 660
f 515 652 661
f 515 661 662
f 661 663 662
f 662 663 665
f 660 663 661
f 663 664 668
f 660 664 663
f 660 672 664
f 519 662 665
f 519 665 666
f 665 669 666
f 666 667 678
f 666 669 667
f 663 668 665
f 665 668 669
f 664 675 668
f 668 675 671
f 668 671 669
f 669 671 670
f 667 669 670
f 670 671 676
f 659 673 672
f 664 672 674
f 664 674 675
f 671 675 677
f 671 677 676
f 667 670 683
f 670 684 683
f 670 676 684
f 676 693 684
f 546 678 679
f 667 679 678
f 546 679 681
f 667 683 679
f 679 680 681
f 679 683 680
f 549 681 682
f 680 682 681
f 680 686 682
f 680 683 685
f 683 684 685
f 684 694 685
f 680 685 686
f 682 686 690
f 685 696 686
f 686 696 697
f 686 697 690
f 549 682 687
f 549 687 556
f 556 687 688
f 682 690 687
f 687 691 688
f 556 688 558
f 558 688 689
f 558 689 625
f 688 692 689
f 687 690 691
f 690 697 699
f 690 699 691
f 691 699 702
f 688 691 692
f 691 702 692
f 689 692 707
f 692 703 707
f 692 702 703
f 684 693 694
f 685 694 696
f 694 695 696
f 696 698 697
f 695 698 696
f 697 698 700
f 697 700 699
f 699 701 702
f 699 700 701
f 702 704 703
f 701 704 702
f 703 704 713
f 625 705 626
f 625 689 705
f 626 705 706
f 689 707 705
f 705 708 706
f 626 706 628
f 628 706 710
f 706 709 710
f 705 707 708
f 703 712 707
f 707 712 708
f 708 712 714
f 706 708 709
f 708 714 709
f 709 714 717
f 628 710 631
f 709 711 710
f 709 717 711
f 703 713 712
f 712 713 715
f 712 715 714
f 714 716 717
f 714 715 716
f 716 718 717
f 382 1126 380
f 382 570 1126
f 570 571 1154
f 571 572 1154
f 572 573 1156
f 573 586 1156
f 586 587 1169
f 587 588 1169
f 588 592 1183
f 591 1183 592
f 591 603 1187
f 603 604 1187
f 604 605 1189
f 605 606 1189
f 606 617 1202
f 617 618 1203
f 618 619 1204
f 619 620 1204
f 620 629 1215
f 629 630 1216
f 630 631 1216
f 631 710 1217
f 710 711 1395
f 711 717 1395
f 717 718 1402
f 390 386 1928
f 390 1959 643
f 643 1959 644
f 644 1960 645
f 645 1962 646
f 646 1962 655
f 655 1975 656
f 656 1975 657
f 657 1985 673
f 672 673 1986
f 672 1986 674
f 674 1988 675
f 675 1988 677
f 676 677 1990
f 676 1990 693
f 693 2008 694
f 694 2008 695
f 695 2010 698
f 698 2010 700
f 700 2014 701
f 701 2014 704
f 704 2015 713
f 713 2034 715
f 715 2034 716
f 716 2035 718
f 718 757 746
f 718 754 757
f 718 756 754
f 718 758 756
f 718 760 758
f 718 761 760
f 718 749 751
f 718 751 750
f 718 746 748
f 718 748 749
f 718 750 753
f 718 753 1509
f 718 1509 1510
f 718 1510 1511
f 718 1511 1512
f 718 1512 1514
f 718 2037 761
f 720 735 730
f 720 730 721
f 720 724 723
f 719 735 720
f 719 720 723
f 721 730 1481
f 720 721 724
f 721 1481 724
f 719 722 741
f 719 723 722
f 723 724 725
f 724 1485 725
f 726 731 735
f 726 734 731
f 726 727 734
f 726 735 728
f 719 741 728
f 719 728 735
f 727 729 737
f 728 742 729
f 729 743 737
f 729 742 743
f 726 728 729
f 726 729 727
f 730 735 731
f 730 731 732
f 730 732 1488
f 731 734 733
f 731 733 732
f 733 734 738
f 732 733 1488
f 727 736 734
f 734 736 738
f 733 738 739
f 733 739 1498
f 728 741 742
f 740 742 741
f 742 744 743
f 740 744 742
f 743 744 745
f 736 1884 738
f 727 1884 736
f 727 737 1888
f 737 743 1899
f 738 1887 739
f 739 1887 1498
f 743 745 1898
f 722 747 741
f 723 725 751
f 722 723 747
f 725 1485 752
f 740 741 755
f 740 755 744
f 744 762 745
f 741 747 757
f 723 751 747
f 725 750 751
f 725 752 750
f 746 757 747
f 747 749 748
f 746 747 748
f 747 751 749
f 750 752 753
f 752 1509 753
f 741 757 755
f 744 755 759
f 744 759 762
f 754 755 757
f 754 756 755
f 755 758 759
f 755 756 758
f 758 760 759
f 759 760 761
f 759 761 762
f 745 762 1911
f 761 1911 762
f 197 769 782
f 171 763 764
f 183 767 768
f 183 770 767
f 184 768 769
f 171 764 770
f 199 783 784
f 197 782 783
f 196 784 781
f 208 781 794
f 208 794 795
f 210 795 796
f 225 807 763
f 225 806 807
f 226 808 806
f 238 821 808
f 238 822 821
f 240 823 822
f 240 824 823
f 210 796 1004
f 321 1004 1005
f 321 1005 1011
f 328 1011 1012
f 347 1091 824
f 347 1093 1091
f 769 785 782
f 773 787 785
f 763 810 764
f 764 810 765
f 765 766 778
f 765 809 766
f 766 814 780
f 767 772 768
f 768 772 769
f 767 770 777
f 764 777 770
f 767 771 772
f 767 777 771
f 771 779 775
f 776 779 840
f 769 772 773
f 772 775 773
f 769 773 785
f 771 775 772
f 773 774 787
f 773 775 774
f 774 836 805
f 774 776 836
f 775 779 776
f 774 775 776
f 764 765 777
f 771 777 778
f 765 778 777
f 778 780 779
f 771 778 779
f 779 780 840
f 766 780 778
f 783 789 784
f 782 785 783
f 781 784 789
f 783 786 789
f 786 791 789
f 783 785 786
f 785 787 786
f 786 787 788
f 787 805 788
f 786 788 791
f 788 848 792
f 788 805 848
f 789 791 790
f 781 789 790
f 788 792 791
f 791 792 793
f 790 791 793
f 792 850 793
f 781 797 794
f 794 797 795
f 795 800 796
f 781 790 797
f 790 798 797
f 795 797 801
f 797 798 801
f 790 793 798
f 793 799 798
f 798 799 803
f 795 801 800
f 800 801 802
f 798 803 801
f 801 803 802
f 799 853 803
f 802 803 804
f 803 853 804
f 793 850 799
f 774 805 787
f 806 816 811
f 763 807 810
f 807 811 810
f 806 811 807
f 806 808 816
f 808 818 816
f 818 821 825
f 808 821 818
f 809 810 811
f 765 810 809
f 811 816 812
f 809 811 812
f 766 809 813
f 766 813 814
f 813 899 814
f 809 812 813
f 812 815 813
f 813 815 899
f 815 903 899
f 816 818 817
f 812 816 817
f 818 825 819
f 817 818 819
f 815 817 820
f 817 819 820
f 819 828 820
f 820 828 902
f 812 817 815
f 815 820 903
f 821 822 825
f 822 827 825
f 822 823 827
f 823 830 827
f 823 824 830
f 824 832 830
f 824 1091 832
f 819 825 826
f 825 827 826
f 826 827 831
f 826 829 828
f 819 826 828
f 828 829 921
f 826 831 829
f 829 834 922
f 827 830 831
f 830 833 831
f 830 832 833
f 832 1092 833
f 829 831 834
f 831 833 834
f 833 835 834
f 833 1092 835
f 834 835 928
f 836 838 868
f 776 837 836
f 776 840 837
f 837 844 838
f 836 837 838
f 838 839 869
f 838 844 839
f 840 842 841
f 837 840 841
f 780 842 840
f 780 814 842
f 841 842 908
f 841 843 844
f 841 908 843
f 843 908 909
f 843 909 846
f 837 841 844
f 839 844 845
f 843 845 844
f 843 846 845
f 839 845 877
f 845 847 877
f 847 878 877
f 845 846 847
f 846 913 847
f 847 914 878
f 805 868 848
f 848 868 849
f 792 851 850
f 850 851 858
f 792 848 851
f 848 849 851
f 849 870 852
f 849 852 851
f 852 870 874
f 851 852 858
f 852 860 858
f 852 874 860
f 799 857 853
f 853 857 855
f 804 853 854
f 853 855 854
f 854 855 856
f 799 850 857
f 850 858 857
f 857 858 859
f 858 860 859
f 855 857 859
f 859 860 863
f 859 863 861
f 855 859 861
f 855 861 856
f 856 861 864
f 860 862 863
f 860 874 862
f 862 866 863
f 862 882 866
f 861 863 865
f 861 865 864
f 864 865 1024
f 863 866 865
f 865 866 867
f 865 867 1024
f 866 885 867
f 867 885 1044
f 805 836 868
f 849 868 869
f 838 869 868
f 849 869 870
f 869 871 870
f 839 871 869
f 870 871 873
f 839 877 871
f 871 877 872
f 871 872 873
f 870 873 874
f 873 875 874
f 873 876 875
f 872 876 873
f 872 879 876
f 875 876 883
f 876 881 883
f 872 877 878
f 872 878 879
f 878 914 880
f 878 880 879
f 879 880 886
f 876 879 881
f 879 886 881
f 862 874 875
f 862 875 882
f 875 883 882
f 866 882 885
f 882 883 884
f 882 884 885
f 881 888 883
f 883 888 884
f 884 889 885
f 885 889 1044
f 880 959 886
f 881 886 892
f 886 959 887
f 886 887 892
f 887 894 892
f 884 888 890
f 889 1045 1044
f 884 890 889
f 889 890 891
f 889 891 1045
f 890 895 891
f 881 892 888
f 888 892 893
f 888 893 890
f 892 894 893
f 893 894 896
f 894 971 896
f 890 893 895
f 893 896 895
f 891 895 1052
f 895 897 1052
f 895 896 897
f 896 973 897
f 897 973 1065
f 814 898 842
f 814 899 898
f 899 903 900
f 898 899 900
f 898 900 901
f 900 905 901
f 901 905 910
f 820 902 903
f 900 903 904
f 902 904 903
f 902 924 904
f 904 906 905
f 900 904 905
f 905 907 910
f 905 906 907
f 904 924 906
f 906 931 907
f 907 931 917
f 842 898 908
f 898 901 908
f 901 909 908
f 901 910 909
f 846 909 911
f 846 911 913
f 909 910 911
f 910 916 911
f 911 912 913
f 911 916 912
f 913 915 914
f 847 913 914
f 914 915 958
f 912 915 913
f 912 920 915
f 915 920 945
f 915 945 958
f 907 916 910
f 907 917 916
f 916 917 918
f 912 916 918
f 912 918 920
f 918 919 920
f 917 939 918
f 918 939 919
f 919 946 920
f 828 921 902
f 902 921 924
f 921 923 924
f 829 922 921
f 921 922 923
f 922 927 923
f 923 927 926
f 906 924 925
f 923 925 924
f 906 925 931
f 925 933 931
f 923 926 925
f 925 926 933
f 834 928 922
f 922 928 927
f 835 1097 928
f 928 1097 929
f 927 928 929
f 926 927 930
f 927 929 930
f 929 1098 930
f 926 930 935
f 930 1098 936
f 931 933 932
f 917 931 932
f 926 935 933
f 933 935 934
f 932 933 934
f 932 934 941
f 934 943 941
f 934 935 937
f 930 936 935
f 935 936 937
f 936 1099 937
f 934 937 943
f 937 938 943
f 937 1099 938
f 917 932 939
f 932 941 939
f 939 941 940
f 919 939 940
f 940 941 942
f 941 943 942
f 942 943 944
f 938 944 943
f 938 1100 944
f 920 946 945
f 945 946 964
f 919 949 946
f 946 949 947
f 946 947 964
f 919 940 949
f 940 948 949
f 940 942 948
f 942 953 948
f 948 950 949
f 947 949 950
f 948 951 950
f 948 953 951
f 947 950 981
f 950 952 981
f 950 951 952
f 951 956 952
f 942 944 953
f 944 1100 954
f 944 954 953
f 953 954 955
f 951 953 955
f 954 1101 955
f 951 955 956
f 955 1101 957
f 955 957 956
f 956 957 984
f 957 1102 984
f 880 914 958
f 880 958 959
f 958 960 959
f 945 960 958
f 959 960 962
f 960 965 962
f 887 959 962
f 887 961 894
f 887 962 961
f 962 965 963
f 961 962 963
f 961 963 972
f 963 969 972
f 945 964 960
f 960 964 965
f 947 966 964
f 964 966 965
f 965 966 968
f 947 981 966
f 966 981 967
f 966 967 968
f 963 965 968
f 963 968 969
f 968 970 969
f 967 970 968
f 894 961 971
f 961 972 971
f 971 972 974
f 896 971 973
f 971 974 973
f 972 976 974
f 973 974 975
f 973 975 1065
f 974 976 978
f 974 978 975
f 975 978 1069
f 969 976 972
f 969 977 976
f 976 977 979
f 969 970 977
f 970 993 977
f 977 993 994
f 977 994 979
f 976 979 978
f 978 979 980
f 978 980 1069
f 979 994 996
f 979 996 980
f 980 996 1076
f 952 982 981
f 967 981 982
f 967 982 985
f 952 983 982
f 982 983 986
f 952 956 983
f 956 984 983
f 983 984 988
f 984 1102 989
f 984 989 988
f 967 985 970
f 970 985 993
f 985 987 993
f 982 986 985
f 985 986 987
f 986 990 987
f 983 988 986
f 988 989 991
f 986 988 990
f 988 991 990
f 987 990 999
f 990 992 999
f 990 991 992
f 991 1104 992
f 987 995 993
f 993 995 994
f 994 995 997
f 987 999 995
f 995 1000 997
f 994 997 996
f 996 997 998
f 996 998 1076
f 997 1002 998
f 992 1001 999
f 995 999 1000
f 999 1001 1000
f 992 1105 1001
f 1000 1001 1003
f 997 1000 1002
f 1000 1003 1002
f 1001 1106 1003
f 1002 1003 1082
f 1003 1107 1082
f 796 800 1004
f 1004 1008 1005
f 1005 1008 1011
f 800 1006 1004
f 800 802 1006
f 1004 1006 1008
f 802 1007 1006
f 802 804 1007
f 804 1018 1007
f 1006 1007 1009
f 1007 1018 1010
f 1006 1009 1008
f 1008 1013 1011
f 1008 1009 1013
f 1007 1010 1009
f 1009 1010 1016
f 1009 1016 1013
f 1010 1032 1016
f 1011 1014 1012
f 1011 1013 1014
f 1013 1016 1015
f 1013 1015 1014
f 1016 1032 1017
f 1015 1016 1017
f 804 854 1018
f 854 856 1019
f 854 1019 1018
f 1018 1019 1021
f 856 1020 1019
f 856 864 1020
f 1019 1020 1022
f 1020 1025 1023
f 1010 1018 1021
f 1010 1021 1032
f 1021 1033 1032
f 1019 1022 1021
f 1021 1022 1033
f 1020 1023 1022
f 1022 1036 1033
f 1022 1023 1036
f 1023 1038 1036
f 864 1025 1020
f 1023 1028 1038
f 864 1024 1025
f 1025 1026 1028
f 1024 1026 1025
f 867 1027 1024
f 867 1044 1027
f 1027 1044 1046
f 1024 1027 1026
f 1026 1027 1030
f 1027 1046 1030
f 1023 1025 1028
f 1026 1029 1028
f 1028 1029 1040
f 1028 1040 1038
f 1026 1030 1029
f 1029 1030 1031
f 1029 1031 1041
f 1032 1033 1034
f 1017 1032 1034
f 1033 1035 1034
f 1033 1036 1035
f 1036 1038 1037
f 1035 1036 1037
f 1037 1038 1039
f 1038 1040 1039
f 1039 1040 1042
f 1029 1041 1040
f 1040 1041 1042
f 1031 1043 1041
f 1030 1046 1048
f 1030 1048 1031
f 1031 1048 1059
f 1031 1059 1043
f 1044 1045 1046
f 1045 1049 1046
f 891 1047 1045
f 1045 1047 1049
f 891 1052 1047
f 1046 1049 1048
f 1048 1049 1050
f 1048 1050 1059
f 1049 1051 1050
f 1047 1051 1049
f 1047 1054 1051
f 1050 1051 1061
f 1051 1055 1061
f 1047 1052 1054
f 1052 1053 1054
f 897 1053 1052
f 897 1065 1053
f 1051 1054 1055
f 1053 1057 1054
f 1054 1057 1055
f 1055 1057 1063
f 1053 1065 1056
f 1053 1056 1057
f 1057 1058 1063
f 1056 1058 1057
f 1050 1060 1059
f 1050 1061 1060
f 1055 1062 1061
f 1055 1063 1062
f 1058 1064 1063
f 975 1066 1065
f 1056 1065 1066
f 975 1069 1066
f 1066 1069 1071
f 1056 1066 1067
f 1056 1067 1058
f 1058 1067 1073
f 1066 1071 1067
f 1067 1071 1068
f 1067 1068 1073
f 980 1070 1069
f 1069 1070 1071
f 980 1076 1070
f 1070 1076 1078
f 1068 1071 1072
f 1070 1072 1071
f 1068 1072 1075
f 1070 1078 1072
f 1072 1078 1079
f 1072 1079 1075
f 1058 1073 1064
f 1068 1074 1073
f 1068 1075 1074
f 1075 1079 1087
f 998 1077 1076
f 1076 1077 1078
f 998 1081 1077
f 1077 1080 1078
f 1078 1080 1079
f 1079 1080 1088
f 1077 1084 1080
f 1080 1085 1088
f 998 1002 1081
f 1002 1082 1081
f 1077 1081 1084
f 1081 1083 1084
f 1081 1082 1083
f 1082 1114 1083
f 1080 1084 1085
f 1084 1086 1085
f 1083 1086 1084
f 1083 1115 1086
f 1085 1086 1090
f 1079 1088 1087
f 1085 1089 1088
f 1085 1090 1089
f 1086 1116 1090
f 832 1091 1094
f 832 1094 1092
f 835 1092 1096
f 1091 1093 1094
f 835 1096 1108
f 1092 1094 1095
f 1092 1095 1096
f 835 1108 1097
f 929 1097 1109
f 989 1103 991
f 991 1103 1104
f 992 1104 1105
f 1001 1105 1106
f 1003 1106 1107
f 1106 1113 1107
f 929 1109 1110
f 1097 1108 1109
f 929 1135 1098
f 936 1098 1135
f 936 1136 1099
f 938 1099 1136
f 938 1137 1100
f 929 1110 1135
f 954 1100 1137
f 954 1138 1101
f 957 1101 1138
f 957 1276 1102
f 989 1102 1139
f 989 1140 1103
f 1103 1141 1104
f 1104 1142 1105
f 1105 1142 1106
f 1106 1111 1112
f 1106 1112 1113
f 1106 1142 1111
f 1082 1107 1114
f 1083 1114 1115
f 1086 1115 1116
f 1090 1116 1117
f 1107 1118 1114
f 1114 1119 1115
f 1115 1120 1116
f 1116 1121 1117
f 1107 1113 1118
f 1114 1118 1119
f 1115 1119 1120
f 1116 1120 1121
f 328 1012 2287
f 1012 1014 2289
f 1014 1015 2289
f 1015 1017 2292
f 1017 1034 2301
f 1034 1035 2301
f 1035 1037 2304
f 1037 1039 2307
f 1039 1042 2310
f 1041 2311 1042
f 1041 1043 2311
f 1043 1059 2329
f 1059 1060 2329
f 1060 1061 2328
f 1061 1062 2330
f 1062 1063 2331
f 1063 1064 2332
f 1064 1073 2332
f 1073 1074 2349
f 1074 1075 2349
f 1075 1087 2350
f 1087 1088 2360
f 1088 1089 2360
f 1089 1090 2362
f 1090 1117 2615
f 1117 1121 2619
f 1126 1122 380
f 570 1153 1126
f 570 1154 1153
f 572 1155 1154
f 572 1156 1155
f 586 1168 1156
f 586 1169 1168
f 588 1170 1169
f 588 1183 1170
f 591 1184 1183
f 591 1187 1184
f 604 1188 1187
f 604 1189 1188
f 606 1190 1189
f 606 1202 1190
f 617 1203 1202
f 618 1204 1203
f 620 1205 1204
f 620 1215 1205
f 629 1216 1215
f 631 1217 1216
f 710 1394 1217
f 710 1395 1394
f 717 1401 1395
f 717 1402 1401
f 718 1514 1402
f 1157 1123 1122
f 1127 1124 1123
f 1161 1125 1124
f 1126 1157 1122
f 1127 1123 1157
f 1127 1161 1124
f 1134 1125 1161
f 1134 1128 1125
f 1134 1129 1128
f 1135 1110 1130
f 1135 1130 1129
f 936 1135 1236
f 936 1236 1136
f 938 1136 1239
f 938 1239 1137
f 954 1137 1273
f 954 1273 1138
f 957 1138 1276
f 1102 1276 1139
f 989 1139 1290
f 989 1290 1140
f 1103 1140 1141
f 1104 1141 1142
f 1142 1131 1111
f 1143 1132 1131
f 1144 1133 1132
f 1134 1227 1129
f 1135 1129 1227
f 1142 1143 1131
f 1143 1144 1132
f 1140 1290 1292
f 1140 1292 1141
f 1141 1293 1142
f 1142 1299 1143
f 1143 1301 1144
f 1149 1145 1133
f 1150 1146 1145
f 1151 1147 1146
f 1152 1148 1147
f 1144 1149 1133
f 1149 1150 1145
f 1150 1151 1146
f 1151 1152 1147
f 1144 1408 1149
f 1149 1409 1150
f 1150 1411 1151
f 1151 1419 1152
f 1126 1153 1157
f 1153 1159 1157
f 1153 1154 1159
f 1154 1163 1159
f 1154 1155 1163
f 1155 1164 1163
f 1155 1156 1164
f 1157 1159 1158
f 1127 1157 1158
f 1159 1163 1160
f 1158 1159 1160
f 1127 1158 1161
f 1158 1162 1161
f 1161 1162 1226
f 1158 1160 1162
f 1160 1166 1162
f 1163 1164 1165
f 1160 1163 1165
f 1164 1172 1165
f 1160 1165 1166
f 1162 1166 1230
f 1165 1167 1166
f 1165 1172 1167
f 1166 1167 1232
f 1156 1171 1164
f 1156 1168 1171
f 1168 1173 1171
f 1168 1169 1173
f 1169 1176 1173
f 1169 1170 1176
f 1170 1179 1176
f 1170 1183 1179
f 1164 1171 1172
f 1171 1174 1172
f 1171 1173 1174
f 1173 1177 1174
f 1167 1172 1175
f 1172 1174 1175
f 1167 1175 1250
f 1174 1180 1175
f 1174 1177 1180
f 1175 1180 1251
f 1173 1176 1177
f 1176 1178 1177
f 1176 1179 1178
f 1178 1179 1185
f 1177 1181 1180
f 1177 1178 1181
f 1180 1255 1251
f 1180 1181 1255
f 1178 1186 1181
f 1181 1182 1255
f 1181 1186 1182
f 1179 1183 1184
f 1179 1184 1185
f 1178 1185 1186
f 1185 1193 1186
f 1182 1186 1192
f 1184 1187 1191
f 1187 1188 1191
f 1188 1189 1196
f 1189 1190 1196
f 1184 1191 1185
f 1185 1191 1193
f 1191 1195 1193
f 1186 1193 1192
f 1192 1193 1194
f 1193 1195 1194
f 1192 1194 1333
f 1188 1195 1191
f 1188 1196 1195
f 1194 1195 1198
f 1194 1199 1333
f 1195 1196 1198
f 1190 1197 1196
f 1196 1197 1198
f 1190 1206 1197
f 1194 1198 1199
f 1198 1200 1199
f 1197 1200 1198
f 1197 1208 1200
f 1199 1200 1340
f 1200 1201 1340
f 1190 1202 1206
f 1197 1206 1208
f 1200 1208 1201
f 1202 1203 1206
f 1203 1204 1210
f 1204 1205 1210
f 1203 1207 1206
f 1206 1207 1208
f 1203 1210 1207
f 1207 1210 1212
f 1207 1209 1208
f 1201 1208 1209
f 1207 1212 1209
f 1201 1209 1362
f 1209 1213 1362
f 1210 1211 1212
f 1205 1211 1210
f 1209 1212 1213
f 1212 1214 1213
f 1211 1214 1212
f 1213 1214 1365
f 1205 1215 1218
f 1215 1216 1218
f 1216 1217 1222
f 1214 1220 1365
f 1205 1218 1211
f 1211 1218 1219
f 1216 1221 1218
f 1218 1221 1219
f 1211 1219 1214
f 1214 1219 1220
f 1219 1223 1220
f 1216 1222 1221
f 1221 1222 1225
f 1219 1221 1223
f 1221 1225 1223
f 1220 1223 1372
f 1223 1225 1224
f 1223 1224 1372
f 1134 1161 1226
f 1134 1226 1227
f 1226 1228 1227
f 1162 1230 1226
f 1226 1230 1228
f 1135 1227 1229
f 1227 1228 1229
f 1228 1234 1229
f 1135 1229 1236
f 1229 1234 1238
f 1166 1232 1230
f 1230 1232 1231
f 1228 1230 1231
f 1167 1250 1232
f 1232 1250 1233
f 1231 1232 1233
f 1228 1231 1234
f 1231 1235 1234
f 1234 1235 1240
f 1231 1233 1235
f 1233 1253 1235
f 1235 1242 1240
f 1235 1253 1242
f 1229 1238 1236
f 1136 1236 1237
f 1236 1238 1237
f 1237 1238 1241
f 1136 1237 1239
f 1237 1245 1239
f 1237 1241 1245
f 1234 1240 1238
f 1238 1240 1241
f 1240 1243 1241
f 1240 1242 1243
f 1242 1263 1243
f 1241 1246 1245
f 1241 1243 1246
f 1137 1239 1244
f 1239 1245 1244
f 1244 1245 1247
f 1243 1263 1248
f 1245 1246 1247
f 1246 1249 1247
f 1243 1248 1246
f 1246 1248 1249
f 1248 1265 1249
f 1175 1251 1250
f 1250 1251 1252
f 1233 1250 1252
f 1251 1256 1252
f 1233 1252 1253
f 1242 1253 1259
f 1252 1254 1253
f 1252 1256 1254
f 1253 1254 1259
f 1254 1260 1259
f 1251 1255 1256
f 1255 1257 1256
f 1256 1257 1258
f 1182 1257 1255
f 1182 1332 1257
f 1254 1256 1258
f 1254 1258 1260
f 1242 1259 1263
f 1257 1332 1261
f 1258 1262 1260
f 1257 1261 1258
f 1258 1261 1262
f 1259 1264 1263
f 1259 1260 1264
f 1263 1264 1266
f 1264 1269 1266
f 1248 1263 1266
f 1248 1266 1265
f 1266 1269 1267
f 1265 1266 1267
f 1265 1267 1283
f 1260 1268 1264
f 1260 1262 1268
f 1264 1268 1269
f 1268 1270 1269
f 1262 1342 1268
f 1268 1342 1270
f 1269 1270 1271
f 1267 1269 1271
f 1267 1271 1285
f 1271 1315 1285
f 1270 1272 1271
f 1270 1343 1272
f 1271 1272 1315
f 1137 1244 1273
f 1244 1274 1273
f 1273 1274 1275
f 1244 1247 1274
f 1138 1273 1275
f 1274 1279 1275
f 1138 1275 1276
f 1275 1277 1276
f 1276 1277 1286
f 1139 1276 1286
f 1275 1279 1277
f 1247 1278 1274
f 1247 1249 1278
f 1249 1280 1278
f 1249 1265 1280
f 1274 1278 1279
f 1278 1281 1279
f 1278 1280 1281
f 1280 1284 1281
f 1277 1279 1282
f 1279 1281 1282
f 1281 1289 1282
f 1281 1284 1289
f 1265 1283 1280
f 1280 1283 1284
f 1283 1309 1284
f 1267 1285 1283
f 1283 1285 1309
f 1272 1348 1315
f 1139 1286 1290
f 1286 1291 1290
f 1277 1282 1287
f 1277 1287 1286
f 1286 1287 1291
f 1282 1288 1287
f 1287 1288 1295
f 1282 1289 1288
f 1288 1311 1297
f 1288 1289 1311
f 1290 1291 1292
f 1287 1295 1291
f 1141 1292 1293
f 1292 1294 1293
f 1291 1294 1292
f 1291 1295 1294
f 1293 1294 1298
f 1294 1296 1298
f 1294 1295 1296
f 1288 1297 1295
f 1295 1297 1296
f 1297 1311 1320
f 1296 1297 1304
f 1297 1320 1304
f 1293 1298 1299
f 1142 1293 1299
f 1299 1300 1301
f 1298 1300 1299
f 1298 1303 1300
f 1143 1299 1301
f 1144 1301 1408
f 1301 1302 1408
f 1300 1302 1301
f 1300 1306 1302
f 1296 1303 1298
f 1296 1304 1303
f 1303 1304 1305
f 1303 1305 1306
f 1300 1303 1306
f 1302 1306 1307
f 1305 1308 1306
f 1306 1308 1307
f 1307 1308 1415
f 1284 1309 1310
f 1285 1314 1309
f 1309 1314 1312
f 1284 1310 1289
f 1289 1310 1311
f 1310 1313 1311
f 1309 1312 1310
f 1310 1312 1313
f 1311 1313 1320
f 1312 1318 1313
f 1313 1321 1320
f 1313 1318 1321
f 1285 1315 1314
f 1314 1316 1317
f 1314 1315 1316
f 1315 1348 1316
f 1312 1314 1317
f 1316 1383 1317
f 1312 1317 1318
f 1317 1319 1318
f 1318 1322 1321
f 1318 1319 1322
f 1317 1383 1319
f 1319 1383 1386
f 1322 1323 1330
f 1319 1386 1323
f 1319 1323 1322
f 1323 1324 1330
f 1323 1387 1324
f 1304 1320 1325
f 1320 1321 1325
f 1304 1325 1305
f 1305 1325 1327
f 1321 1326 1325
f 1321 1322 1326
f 1325 1326 1327
f 1305 1327 1308
f 1308 1327 1329
f 1326 1328 1327
f 1327 1328 1329
f 1328 1423 1329
f 1308 1329 1415
f 1322 1330 1326
f 1326 1330 1328
f 1328 1330 1331
f 1328 1331 1423
f 1324 1331 1330
f 1324 1428 1331
f 1182 1192 1332
f 1192 1333 1332
f 1261 1332 1334
f 1332 1333 1334
f 1333 1338 1334
f 1261 1335 1262
f 1261 1334 1335
f 1262 1335 1342
f 1334 1336 1335
f 1334 1338 1336
f 1335 1337 1342
f 1335 1336 1337
f 1336 1341 1337
f 1199 1338 1333
f 1199 1340 1338
f 1336 1338 1339
f 1338 1340 1339
f 1339 1340 1344
f 1336 1339 1341
f 1339 1345 1341
f 1337 1343 1342
f 1270 1342 1343
f 1337 1347 1343
f 1337 1341 1347
f 1343 1347 1349
f 1272 1343 1349
f 1201 1344 1340
f 1341 1345 1352
f 1339 1344 1345
f 1344 1363 1345
f 1345 1363 1346
f 1345 1346 1352
f 1347 1353 1349
f 1272 1349 1348
f 1348 1349 1350
f 1348 1350 1382
f 1349 1353 1350
f 1350 1351 1382
f 1350 1357 1351
f 1341 1352 1347
f 1347 1352 1353
f 1352 1354 1353
f 1346 1354 1352
f 1353 1354 1357
f 1346 1355 1354
f 1354 1356 1357
f 1354 1355 1356
f 1350 1353 1357
f 1356 1358 1357
f 1351 1357 1358
f 1355 1376 1356
f 1356 1376 1360
f 1351 1358 1390
f 1358 1359 1390
f 1356 1360 1358
f 1360 1378 1361
f 1358 1360 1359
f 1359 1360 1361
f 1359 1361 1393
f 1361 1434 1393
f 1201 1362 1344
f 1344 1362 1363
f 1213 1364 1362
f 1362 1364 1363
f 1213 1365 1364
f 1364 1365 1369
f 1346 1363 1366
f 1363 1364 1366
f 1346 1366 1355
f 1364 1369 1366
f 1366 1369 1368
f 1355 1366 1368
f 1220 1367 1365
f 1365 1367 1369
f 1367 1370 1369
f 1368 1369 1370
f 1367 1374 1370
f 1368 1370 1377
f 1370 1371 1377
f 1370 1374 1371
f 1371 1374 1375
f 1371 1375 1380
f 1220 1372 1367
f 1367 1372 1374
f 1224 1373 1372
f 1372 1373 1374
f 1373 1375 1374
f 1355 1368 1376
f 1368 1377 1376
f 1360 1376 1378
f 1376 1377 1378
f 1377 1379 1378
f 1378 1379 1381
f 1379 1441 1381
f 1371 1379 1377
f 1371 1380 1379
f 1379 1380 1441
f 1361 1378 1381
f 1361 1381 1434
f 1316 1348 1382
f 1316 1382 1383
f 1383 1384 1386
f 1382 1384 1383
f 1351 1384 1382
f 1384 1385 1386
f 1351 1390 1384
f 1384 1390 1385
f 1385 1390 1391
f 1323 1386 1387
f 1385 1387 1386
f 1385 1391 1389
f 1387 1389 1388
f 1324 1387 1388
f 1324 1388 1428
f 1385 1389 1387
f 1388 1389 1462
f 1389 1392 1462
f 1359 1391 1390
f 1359 1393 1391
f 1389 1391 1392
f 1391 1393 1392
f 1392 1393 1465
f 1393 1434 1465
f 1217 1394 1222
f 1394 1395 1398
f 1395 1401 1398
f 1222 1394 1396
f 1222 1396 1225
f 1394 1398 1396
f 1225 1396 1397
f 1224 1225 1397
f 1224 1397 1436
f 1396 1399 1397
f 1397 1400 1436
f 1396 1398 1399
f 1398 1401 1403
f 1398 1403 1399
f 1397 1399 1400
f 1399 1406 1400
f 1399 1403 1406
f 1400 1406 1449
f 1401 1402 1404
f 1401 1404 1403
f 1403 1405 1406
f 1403 1404 1405
f 1406 1407 1449
f 1405 1407 1406
f 1408 1410 1409
f 1149 1408 1409
f 1302 1410 1408
f 1302 1307 1410
f 1409 1410 1412
f 1410 1414 1412
f 1150 1409 1411
f 1409 1412 1411
f 1411 1413 1419
f 1411 1412 1413
f 1412 1416 1413
f 1307 1414 1410
f 1307 1415 1414
f 1414 1415 1417
f 1412 1414 1416
f 1413 1416 1421
f 1414 1417 1416
f 1416 1417 1418
f 1416 1418 1421
f 1151 1411 1419
f 1413 1420 1419
f 1413 1421 1420
f 1418 1422 1421
f 1329 1424 1415
f 1415 1424 1417
f 1329 1423 1424
f 1423 1425 1424
f 1417 1424 1426
f 1417 1426 1418
f 1418 1426 1431
f 1424 1425 1426
f 1425 1430 1426
f 1426 1430 1431
f 1331 1427 1423
f 1423 1427 1425
f 1331 1428 1427
f 1427 1428 1472
f 1425 1429 1430
f 1425 1427 1429
f 1429 1432 1430
f 1427 1472 1429
f 1429 1472 1473
f 1429 1473 1432
f 1418 1431 1422
f 1430 1433 1431
f 1430 1432 1433
f 1432 1473 1480
f 1380 1437 1442
f 1224 1436 1373
f 1373 1435 1375
f 1373 1436 1435
f 1435 1436 1438
f 1375 1435 1437
f 1375 1437 1380
f 1435 1439 1437
f 1437 1440 1442
f 1435 1438 1439
f 1438 1450 1439
f 1400 1438 1436
f 1400 1449 1438
f 1438 1449 1450
f 1437 1439 1440
f 1439 1450 1452
f 1440 1452 1459
f 1439 1452 1440
f 1380 1442 1441
f 1441 1442 1444
f 1442 1445 1444
f 1381 1441 1443
f 1381 1443 1434
f 1434 1443 1466
f 1441 1444 1443
f 1443 1444 1446
f 1443 1446 1466
f 1440 1445 1442
f 1444 1445 1448
f 1445 1455 1448
f 1445 1459 1455
f 1444 1448 1446
f 1446 1448 1447
f 1447 1448 1457
f 1440 1459 1445
f 1449 1451 1450
f 1407 1451 1449
f 1450 1451 1454
f 1450 1454 1452
f 1452 1453 1459
f 1452 1454 1453
f 1455 1459 1460
f 1455 1460 1458
f 1447 1457 1456
f 1448 1455 1457
f 1455 1458 1457
f 1453 1460 1459
f 1388 1461 1428
f 1388 1462 1461
f 1462 1467 1463
f 1461 1462 1463
f 1461 1463 1474
f 1463 1471 1464
f 1463 1464 1474
f 1464 1479 1474
f 1392 1465 1467
f 1465 1469 1467
f 1434 1466 1465
f 1465 1466 1469
f 1392 1467 1462
f 1469 1470 1471
f 1466 1468 1469
f 1468 1470 1469
f 1468 1476 1470
f 1463 1467 1471
f 1467 1469 1471
f 1464 1471 1478
f 1470 1478 1471
f 1428 1461 1472
f 1461 1474 1472
f 1472 1474 1473
f 1473 1474 1479
f 1464 1475 1479
f 1464 1478 1475
f 1470 1476 1477
f 1470 1477 1478
f 1473 1479 1480
f 1446 1468 1466
f 1446 1447 1468
f 1447 1476 1468
f 1447 1456 1476
f 1402 1514 1515
f 1402 1515 1516
f 1402 1516 1517
f 1402 1517 1519
f 1402 1519 1520
f 1402 1520 1522
f 1402 1522 1523
f 730 1489 1481
f 724 1481 1484
f 1481 1482 1484
f 1481 1489 1482
f 1482 1489 1493
f 1482 1486 1484
f 1482 1493 1483
f 1482 1483 1486
f 724 1484 1485
f 1484 1486 1485
f 1483 1487 1486
f 1483 1502 1487
f 730 1488 1489
f 1489 1490 1493
f 1488 1490 1489
f 733 1491 1488
f 733 1498 1491
f 1488 1491 1490
f 1490 1491 1492
f 1491 1499 1492
f 1490 1494 1493
f 1490 1492 1494
f 1492 1495 1494
f 1493 1494 1496
f 1483 1493 1496
f 1483 1496 1502
f 1494 1497 1496
f 1494 1495 1497
f 1495 1501 1497
f 1496 1497 1504
f 1497 1501 1505
f 1497 1505 1504
f 1491 1498 1499
f 1492 1499 1500
f 1492 1500 1495
f 1496 1504 1502
f 1502 1504 1503
f 1504 1505 1506
f 1503 1504 1506
f 1505 1507 1506
f 1498 2647 1499
f 1499 2648 1500
f 1495 1500 2648
f 1495 2649 1501
f 1501 2649 1505
f 1505 2660 1507
f 1485 1486 1508
f 1486 1487 1513
f 1487 1502 1513
f 1502 1503 1518
f 1503 1506 1518
f 1506 1507 1524
f 752 1485 1508
f 1486 1511 1508
f 1486 1513 1511
f 1502 1516 1513
f 752 1508 1509
f 1508 1510 1509
f 1508 1511 1510
f 1511 1513 1512
f 1512 1513 1514
f 1513 1515 1514
f 1513 1516 1515
f 1502 1518 1516
f 1506 1521 1518
f 1506 1524 1521
f 1516 1518 1517
f 1517 1518 1519
f 1518 1520 1519
f 1518 1521 1520
f 1520 1521 1522
f 1521 1523 1522
f 1521 1524 1523
f 1507 2660 1524
f 1523 1524 2674
f 1402 1523 2674
f 1152 2694 1148
f 1152 1419 2694
f 1402 2723 1404
f 1404 2723 1405
f 1405 2724 1407
f 1407 2726 1451
f 1419 1420 2736
f 1420 1421 2736
f 1421 1422 2738
f 1422 1431 2738
f 1431 1433 2750
f 1432 2751 1433
f 1432 1480 2751
f 1451 2767 1454
f 1453 1454 2767
f 1453 2765 1460
f 1458 1460 2770
f 1456 1457 2771
f 1457 1458 2770
f 1475 2793 1479
f 1475 1478 2788
f 1476 2789 1477
f 1477 2789 1478
f 1479 2793 1480
f 1456 2769 1476
f 280 1549 1529
f 257 1526 1525
f 260 1528 1527
f 259 1529 1528
f 261 1527 1530
f 261 1530 1526
f 278 1547 1548
f 278 1548 1549
f 277 1545 1547
f 284 1552 1545
f 284 1551 1552
f 282 1554 1551
f 298 1525 1573
f 298 1573 1572
f 299 1572 1574
f 299 1574 1583
f 312 1583 1584
f 313 1584 1585
f 313 1585 1586
f 323 1598 1554
f 323 1600 1598
f 326 1601 1600
f 326 1603 1601
f 355 1586 1853
f 1853 1857 359
f 328 2287 1603
f 1529 1549 1558
f 1529 1558 1537
f 1537 1558 1559
f 1537 1559 1539
f 1525 1526 1532
f 1527 1528 1535
f 1528 1529 1535
f 1527 1541 1530
f 1526 1530 1541
f 1526 1531 1532
f 1531 1533 1532
f 1531 1544 1533
f 1533 1544 1577
f 1527 1535 1534
f 1527 1534 1541
f 1534 1536 1538
f 1534 1538 1542
f 1529 1537 1535
f 1535 1537 1536
f 1536 1537 1539
f 1534 1535 1536
f 1538 1613 1543
f 1536 1539 1540
f 1539 1571 1540
f 1536 1540 1538
f 1538 1540 1613
f 1526 1541 1531
f 1531 1541 1542
f 1534 1542 1541
f 1531 1542 1544
f 1542 1543 1544
f 1538 1543 1542
f 1543 1617 1544
f 1544 1617 1577
f 1545 1552 1546
f 1547 1550 1548
f 1548 1550 1557
f 1548 1558 1549
f 1545 1550 1547
f 1545 1546 1550
f 1551 1553 1552
f 1546 1552 1553
f 1551 1555 1553
f 1551 1554 1555
f 1554 1598 1556
f 1554 1556 1555
f 1546 1565 1560
f 1548 1557 1558
f 1557 1559 1558
f 1557 1561 1559
f 1546 1560 1550
f 1550 1560 1557
f 1557 1560 1561
f 1560 1565 1563
f 1539 1559 1562
f 1559 1561 1562
f 1561 1564 1562
f 1539 1562 1571
f 1562 1624 1571
f 1562 1564 1624
f 1560 1563 1561
f 1561 1563 1564
f 1563 1625 1564
f 1553 1566 1565
f 1546 1553 1565
f 1553 1555 1566
f 1565 1566 1568
f 1555 1556 1567
f 1556 1605 1567
f 1567 1605 1569
f 1555 1567 1566
f 1566 1567 1570
f 1563 1565 1568
f 1566 1570 1568
f 1568 1630 1625
f 1568 1570 1630
f 1567 1569 1570
f 1569 1632 1570
f 1570 1632 1630
f 1569 1781 1632
f 1563 1568 1625
f 1525 1532 1573
f 1572 1573 1575
f 1572 1575 1574
f 1574 1587 1583
f 1532 1576 1573
f 1532 1533 1576
f 1533 1578 1576
f 1573 1576 1575
f 1576 1578 1580
f 1575 1576 1580
f 1533 1577 1578
f 1577 1674 1578
f 1578 1582 1580
f 1578 1674 1582
f 1574 1575 1579
f 1575 1580 1579
f 1579 1580 1581
f 1574 1579 1587
f 1579 1588 1587
f 1579 1581 1588
f 1580 1582 1581
f 1581 1582 1676
f 1581 1590 1588
f 1581 1676 1590
f 1583 1587 1584
f 1584 1592 1585
f 1585 1592 1586
f 1586 1594 1854
f 1584 1587 1589
f 1587 1588 1589
f 1588 1591 1589
f 1584 1589 1592
f 1589 1591 1593
f 1588 1590 1591
f 1590 1698 1591
f 1591 1698 1595
f 1589 1593 1592
f 1592 1593 1594
f 1586 1592 1594
f 1593 1596 1594
f 1594 1596 1855
f 1591 1595 1593
f 1593 1595 1596
f 1595 1698 1703
f 1595 1703 1597
f 1596 1597 1856
f 1595 1597 1596
f 1598 1600 1599
f 1556 1598 1599
f 1600 1601 1602
f 1599 1600 1602
f 1601 1604 1602
f 1601 1603 1604
f 1556 1599 1605
f 1599 1602 1606
f 1599 1606 1605
f 1605 1606 1608
f 1602 1607 1606
f 1602 1604 1607
f 1606 1607 1609
f 1569 1605 1608
f 1606 1609 1608
f 1569 1608 1781
f 1608 1780 1781
f 1608 1609 1780
f 1607 1611 1609
f 1609 1783 1780
f 1609 1611 1783
f 1604 1610 1607
f 1607 1610 1611
f 1611 1788 1783
f 1540 1571 1612
f 1540 1612 1613
f 1612 1614 1613
f 1613 1614 1616
f 1612 1646 1614
f 1614 1646 1615
f 1543 1613 1616
f 1543 1616 1617
f 1616 1620 1618
f 1577 1617 1681
f 1617 1618 1681
f 1616 1618 1617
f 1614 1620 1616
f 1618 1620 1619
f 1618 1619 1682
f 1614 1615 1620
f 1615 1621 1620
f 1615 1654 1621
f 1619 1620 1621
f 1621 1654 1623
f 1621 1623 1622
f 1619 1621 1622
f 1622 1623 1689
f 1623 1657 1689
f 1571 1624 1644
f 1624 1627 1644
f 1564 1625 1626
f 1625 1634 1626
f 1626 1634 1628
f 1564 1626 1624
f 1624 1626 1627
f 1626 1628 1627
f 1627 1628 1629
f 1627 1629 1645
f 1628 1637 1629
f 1629 1637 1650
f 1630 1632 1631
f 1631 1632 1633
f 1632 1781 1633
f 1631 1633 1638
f 1633 1785 1638
f 1625 1630 1634
f 1630 1631 1634
f 1631 1635 1634
f 1628 1634 1635
f 1628 1635 1637
f 1631 1638 1635
f 1635 1636 1637
f 1635 1638 1636
f 1636 1638 1640
f 1638 1785 1640
f 1637 1639 1650
f 1636 1639 1637
f 1636 1641 1639
f 1639 1659 1650
f 1639 1641 1642
f 1639 1642 1659
f 1636 1640 1641
f 1640 1792 1641
f 1641 1643 1642
f 1641 1792 1643
f 1642 1643 1661
f 1643 1804 1661
f 1571 1644 1612
f 1612 1644 1646
f 1644 1645 1646
f 1645 1647 1646
f 1627 1645 1644
f 1645 1649 1647
f 1615 1646 1647
f 1615 1647 1654
f 1629 1649 1645
f 1629 1650 1649
f 1647 1648 1654
f 1647 1649 1648
f 1648 1652 1655
f 1649 1650 1651
f 1648 1649 1651
f 1650 1659 1651
f 1648 1651 1652
f 1651 1659 1653
f 1651 1653 1652
f 1652 1653 1658
f 1653 1664 1658
f 1648 1655 1654
f 1623 1654 1655
f 1652 1656 1655
f 1623 1655 1657
f 1655 1656 1657
f 1656 1733 1657
f 1652 1658 1656
f 1653 1659 1660
f 1642 1660 1659
f 1642 1661 1660
f 1660 1661 1666
f 1653 1660 1664
f 1661 1804 1665
f 1656 1662 1733
f 1656 1658 1662
f 1658 1664 1668
f 1658 1668 1662
f 1662 1663 1735
f 1662 1668 1663
f 1660 1666 1664
f 1664 1666 1669
f 1661 1665 1666
f 1665 1667 1666
f 1666 1667 1669
f 1665 1806 1667
f 1667 1806 1672
f 1664 1669 1668
f 1668 1669 1670
f 1663 1668 1670
f 1667 1671 1669
f 1669 1671 1670
f 1663 1670 1743
f 1670 1671 1744
f 1670 1744 1743
f 1667 1672 1671
f 1671 1672 1673
f 1671 1673 1744
f 1672 1813 1673
f 1673 1813 1823
f 1577 1681 1674
f 1674 1681 1675
f 1582 1674 1677
f 1674 1675 1677
f 1675 1679 1677
f 1675 1683 1679
f 1590 1676 1697
f 1582 1677 1676
f 1676 1677 1678
f 1677 1679 1678
f 1676 1678 1697
f 1678 1700 1697
f 1678 1679 1680
f 1679 1683 1684
f 1679 1684 1680
f 1678 1680 1700
f 1680 1701 1700
f 1680 1684 1685
f 1680 1685 1701
f 1618 1682 1681
f 1675 1681 1682
f 1682 1686 1683
f 1619 1686 1682
f 1675 1682 1683
f 1619 1622 1686
f 1622 1688 1686
f 1683 1686 1687
f 1683 1687 1684
f 1686 1688 1687
f 1687 1688 1693
f 1622 1689 1688
f 1688 1691 1693
f 1657 1690 1689
f 1689 1690 1691
f 1688 1689 1691
f 1690 1720 1691
f 1684 1687 1692
f 1684 1692 1685
f 1687 1693 1692
f 1685 1692 1694
f 1692 1693 1695
f 1693 1696 1695
f 1692 1695 1694
f 1694 1695 1716
f 1695 1721 1716
f 1691 1696 1693
f 1691 1720 1696
f 1695 1696 1721
f 1590 1697 1698
f 1697 1699 1698
f 1697 1700 1699
f 1698 1699 1703
f 1699 1702 1705
f 1699 1700 1702
f 1700 1701 1702
f 1701 1709 1702
f 1702 1709 1707
f 1699 1705 1703
f 1703 1705 1704
f 1597 1703 1704
f 1597 1704 1861
f 1704 1706 1862
f 1702 1707 1705
f 1705 1707 1706
f 1704 1705 1706
f 1706 1712 1863
f 1706 1707 1712
f 1685 1708 1701
f 1701 1708 1709
f 1685 1694 1708
f 1708 1710 1709
f 1708 1717 1710
f 1709 1710 1711
f 1707 1709 1711
f 1707 1711 1712
f 1710 1714 1711
f 1711 1714 1713
f 1711 1713 1712
f 1712 1713 1864
f 1710 1718 1714
f 1713 1714 1715
f 1694 1716 1717
f 1694 1717 1708
f 1716 1723 1717
f 1710 1717 1718
f 1717 1723 1718
f 1714 1718 1719
f 1718 1728 1719
f 1718 1723 1728
f 1714 1719 1715
f 1715 1719 1866
f 1657 1733 1690
f 1696 1720 1722
f 1720 1738 1722
f 1696 1722 1721
f 1721 1722 1725
f 1722 1740 1725
f 1716 1721 1724
f 1716 1724 1723
f 1723 1724 1726
f 1723 1726 1728
f 1721 1725 1724
f 1724 1725 1727
f 1724 1727 1726
f 1726 1727 1731
f 1725 1740 1756
f 1725 1756 1727
f 1727 1756 1758
f 1727 1758 1731
f 1726 1730 1728
f 1719 1729 1866
f 1719 1728 1729
f 1728 1730 1729
f 1729 1730 1867
f 1726 1731 1730
f 1730 1732 1867
f 1731 1758 1761
f 1730 1731 1732
f 1731 1761 1732
f 1732 1761 1868
f 1690 1733 1734
f 1662 1735 1733
f 1733 1735 1734
f 1690 1734 1720
f 1720 1734 1738
f 1734 1736 1738
f 1734 1735 1736
f 1663 1737 1735
f 1663 1743 1737
f 1735 1737 1736
f 1736 1737 1741
f 1737 1743 1745
f 1737 1745 1741
f 1722 1738 1740
f 1738 1739 1740
f 1736 1739 1738
f 1739 1757 1740
f 1739 1742 1757
f 1736 1741 1739
f 1739 1741 1742
f 1741 1745 1746
f 1741 1746 1742
f 1743 1744 1747
f 1744 1748 1747
f 1743 1747 1745
f 1673 1748 1744
f 1742 1746 1763
f 1745 1747 1751
f 1747 1749 1751
f 1673 1823 1748
f 1748 1823 1750
f 1747 1748 1749
f 1748 1750 1749
f 1749 1750 1754
f 1745 1751 1746
f 1746 1751 1752
f 1749 1753 1751
f 1751 1753 1752
f 1746 1752 1763
f 1752 1753 1772
f 1749 1754 1753
f 1753 1755 1772
f 1753 1754 1755
f 1754 1830 1755
f 1740 1757 1756
f 1756 1757 1759
f 1757 1762 1759
f 1756 1759 1758
f 1758 1759 1760
f 1742 1762 1757
f 1758 1760 1761
f 1760 1766 1761
f 1761 1766 1868
f 1759 1762 1764
f 1759 1764 1760
f 1742 1763 1762
f 1762 1763 1765
f 1762 1765 1764
f 1764 1765 1767
f 1765 1771 1767
f 1760 1764 1768
f 1760 1768 1766
f 1766 1768 1869
f 1764 1767 1768
f 1767 1769 1768
f 1768 1769 1869
f 1767 1776 1769
f 1752 1770 1763
f 1763 1770 1765
f 1752 1772 1770
f 1770 1772 1774
f 1765 1770 1771
f 1770 1774 1771
f 1771 1774 1777
f 1772 1773 1774
f 1755 1773 1772
f 1755 1838 1773
f 1774 1775 1777
f 1773 1775 1774
f 1773 1839 1775
f 1767 1771 1776
f 1769 1776 1870
f 1771 1777 1776
f 1776 1777 1778
f 1776 1778 1870
f 1775 1779 1777
f 1775 1843 1779
f 1777 1779 1778
f 1778 1779 1871
f 1779 1844 1871
f 1633 1781 1782
f 1780 1782 1781
f 1633 1782 1785
f 1780 1784 1782
f 1782 1784 1786
f 1780 1783 1784
f 1783 1789 1784
f 1782 1786 1785
f 1785 1786 1791
f 1786 1794 1791
f 1784 1787 1786
f 1784 1789 1787
f 1786 1787 1794
f 1787 1800 1794
f 1640 1785 1791
f 1783 1788 1789
f 1787 1789 1790
f 1787 1790 1800
f 1640 1791 1792
f 1791 1794 1793
f 1791 1793 1792
f 1792 1793 1796
f 1794 1800 1795
f 1793 1794 1795
f 1643 1792 1796
f 1643 1796 1804
f 1793 1798 1796
f 1796 1797 1804
f 1796 1798 1797
f 1793 1795 1798
f 1795 1802 1798
f 1797 1798 1799
f 1798 1802 1799
f 1795 1800 1801
f 1795 1801 1802
f 1799 1802 1803
f 1797 1805 1804
f 1797 1799 1808
f 1799 1803 1815
f 1665 1804 1805
f 1665 1805 1806
f 1797 1808 1805
f 1805 1808 1807
f 1805 1807 1806
f 1806 1807 1811
f 1799 1815 1808
f 1807 1808 1809
f 1808 1815 1809
f 1807 1809 1810
f 1672 1806 1811
f 1807 1810 1811
f 1809 1817 1810
f 1810 1817 1814
f 1672 1811 1813
f 1810 1812 1811
f 1811 1812 1813
f 1812 1819 1813
f 1810 1814 1812
f 1812 1814 1820
f 1814 1821 1820
f 1809 1815 1816
f 1809 1816 1817
f 1814 1817 1818
f 1814 1818 1821
f 1813 1819 1823
f 1812 1820 1819
f 1819 1820 1827
f 1820 1821 1826
f 1821 1822 1826
f 1819 1824 1823
f 1750 1823 1824
f 1819 1827 1824
f 1750 1824 1825
f 1750 1825 1754
f 1824 1827 1828
f 1824 1828 1825
f 1820 1826 1827
f 1826 1829 1827
f 1827 1829 1828
f 1828 1829 1832
f 1754 1825 1830
f 1825 1828 1831
f 1825 1831 1830
f 1755 1830 1838
f 1830 1831 1833
f 1830 1833 1838
f 1828 1832 1831
f 1831 1832 1834
f 1831 1834 1833
f 1833 1834 1841
f 1822 1835 1826
f 1826 1835 1829
f 1829 1835 1836
f 1829 1836 1832
f 1832 1836 1837
f 1832 1837 1834
f 1834 1837 1849
f 1834 1849 1841
f 1773 1838 1839
f 1833 1840 1838
f 1838 1840 1839
f 1775 1839 1843
f 1839 1840 1845
f 1833 1841 1840
f 1840 1842 1845
f 1840 1841 1842
f 1839 1845 1843
f 1843 1845 1847
f 1779 1843 1844
f 1843 1847 1844
f 1844 1847 1878
f 1845 1846 1847
f 1842 1846 1845
f 1847 1848 1878
f 1846 1848 1847
f 1841 1849 1850
f 1841 1850 1842
f 1842 1850 1851
f 1842 1851 1846
f 1846 1851 1852
f 1846 1852 1848
f 1848 1852 1879
f 1586 1854 1853
f 1594 1855 1854
f 1596 1856 1855
f 1597 1861 1856
f 1853 1854 1857
f 1854 1855 1858
f 1855 1856 1859
f 1856 1861 1860
f 1854 1858 1857
f 1855 1859 1858
f 1856 1860 1859
f 1861 1872 1860
f 1704 1862 1861
f 1706 1863 1862
f 1712 1864 1863
f 1713 1865 1864
f 1713 1715 1865
f 1861 1862 1872
f 1778 1876 1870
f 1778 1871 1876
f 1844 1877 1871
f 1862 1873 1872
f 1862 1874 1873
f 1862 1863 1944
f 1863 1864 1944
f 1864 1865 1946
f 1715 2060 1865
f 1715 1866 1947
f 1862 1944 1874
f 1729 1947 1866
f 1729 1867 1948
f 1732 2095 1867
f 1732 1868 2095
f 1766 1949 1868
f 1766 1869 1950
f 1769 2113 1869
f 1769 1870 2113
f 1870 1876 1875
f 1870 1875 1939
f 1871 1877 1876
f 1844 1878 1880
f 1848 1881 1878
f 1848 1879 1882
f 1844 1880 1877
f 1848 1882 1881
f 1878 1881 1880
f 1879 1883 1882
f 1603 2287 1604
f 1604 2294 1610
f 1610 2294 1611
f 1611 2295 1788
f 1788 2374 1789
f 1789 2376 1790
f 1790 2376 1800
f 1800 2386 1801
f 1801 2387 1802
f 1802 2387 1803
f 1803 2399 1815
f 1815 2399 1816
f 1816 2401 1817
f 1817 2401 1818
f 1818 2414 1821
f 1821 2414 1822
f 1822 2413 1835
f 1835 2418 1836
f 1836 2419 1837
f 1837 2419 1849
f 1849 2433 1850
f 1850 2433 1851
f 1851 2434 1852
f 1852 2623 1879
f 1879 2623 1883
f 390 1928 1932
f 390 1932 1959
f 644 1959 1960
f 645 1960 1961
f 645 1961 1962
f 655 1962 1974
f 655 1974 1975
f 657 1975 1976
f 657 1976 1985
f 673 1985 1986
f 674 1986 1987
f 674 1987 1988
f 677 1988 1989
f 677 1989 1990
f 693 1990 2006
f 693 2006 2008
f 695 2008 2007
f 695 2007 2010
f 700 2010 2012
f 700 2012 2014
f 704 2014 2015
f 713 2015 2032
f 713 2032 2034
f 716 2034 2035
f 718 2035 2037
f 761 2037 1912
f 727 1888 1884
f 737 1885 1888
f 737 1899 1885
f 738 1884 1886
f 738 1886 1887
f 743 1898 1899
f 1884 1888 1893
f 1884 1893 1886
f 1886 1892 1887
f 1887 1892 2646
f 1888 1889 1893
f 1889 1894 1893
f 1889 1897 1894
f 1885 1890 1888
f 1885 1899 1890
f 1890 1899 1900
f 1890 1900 1891
f 1888 1890 1889
f 1889 1890 1891
f 1889 1891 1897
f 1891 1903 1904
f 1891 1904 1897
f 1886 1893 1892
f 1892 1893 1894
f 1892 1894 1896
f 1892 1896 2652
f 1894 1895 1896
f 1894 1897 1895
f 1895 2652 1896
f 1898 1901 1899
f 1899 1901 1900
f 1900 1901 1902
f 1891 1900 1903
f 1900 1902 1903
f 1895 1897 1905
f 1895 1905 1906
f 1897 1904 1905
f 1904 1908 1905
f 1905 1908 1909
f 1895 1906 2654
f 1905 1909 1906
f 1906 1909 2669
f 1903 1907 1904
f 1904 1907 1908
f 1908 1910 1909
f 1909 1910 2670
f 745 1911 1898
f 761 1912 1911
f 1898 1913 1901
f 1901 1913 1902
f 1902 1919 1903
f 1903 1921 1907
f 1907 1924 1908
f 1908 1924 1910
f 1910 1926 2670
f 1898 1911 1913
f 1902 1913 1917
f 1902 1917 1918
f 1902 1918 1919
f 1911 1912 1913
f 1912 1914 1913
f 1913 1914 1915
f 1913 1915 1917
f 1915 1916 1917
f 1916 1918 1917
f 1903 1919 1921
f 1907 1921 1923
f 1907 1923 1924
f 1910 1924 1926
f 1919 1920 1921
f 1920 1922 1921
f 1921 1922 1923
f 1924 1925 1926
f 1925 1927 1926
f 1926 1927 2682
f 1912 2037 1914
f 1914 2037 1915
f 1915 2037 1916
f 1916 2037 1918
f 1918 2037 1919
f 1919 2037 1920
f 1920 2037 1922
f 1932 1928 1929
f 1933 1929 1930
f 1934 1930 1931
f 1935 1931 1936
f 1932 1929 1933
f 1933 1930 1934
f 1934 1931 1935
f 1935 1936 1942
f 1932 1933 1959
f 1933 1934 1963
f 1934 1935 1966
f 1935 1942 1967
f 1942 1936 1937
f 1943 1937 1938
f 1944 1938 1874
f 1864 1945 1944
f 1864 1946 1945
f 1865 2060 1946
f 1715 1947 2060
f 1729 2092 1947
f 1729 1948 2092
f 1867 2095 1948
f 1868 1949 2095
f 1870 1939 2120
f 1766 2111 1949
f 1766 1950 2111
f 1869 2113 1950
f 1870 1951 2113
f 1870 2120 1951
f 1952 1941 1953
f 2120 1939 1940
f 2120 1940 1941
f 1942 1937 1943
f 1943 1938 1944
f 1942 1943 2046
f 1943 1944 2048
f 1944 1945 2057
f 1945 1946 2058
f 1946 2060 2058
f 1952 2120 1941
f 1957 1953 1954
f 1957 1954 1955
f 1958 1955 1956
f 1952 1953 2214
f 1957 2214 1953
f 1957 1955 2217
f 1958 2217 1955
f 1933 1963 1959
f 1959 1964 1960
f 1960 1964 1961
f 1961 1970 1962
f 1959 1963 1964
f 1934 1966 1963
f 1963 1966 1965
f 1963 1965 1964
f 1964 1965 1969
f 1935 1967 1966
f 1966 1967 1968
f 1965 1966 1968
f 1965 1968 1972
f 1967 2047 1968
f 1968 2047 2051
f 1961 1964 1969
f 1965 1972 1969
f 1961 1969 1970
f 1969 1971 1970
f 1969 1972 1971
f 1968 2051 1972
f 1971 1972 1973
f 1972 2051 1973
f 1962 1970 1974
f 1974 1981 1975
f 1975 1981 1976
f 1976 1991 1985
f 1970 1977 1974
f 1970 1971 1977
f 1971 1979 1977
f 1974 1977 1981
f 1977 1979 1978
f 1977 1978 1981
f 1971 1973 1979
f 1973 2069 1979
f 1978 1979 1980
f 1979 2069 1980
f 1976 1981 1982
f 1978 1982 1981
f 1978 1983 1982
f 1976 1982 1991
f 1982 1993 1991
f 1982 1983 1993
f 1978 1980 1983
f 1980 2074 1983
f 1983 1984 1993
f 1983 2074 1984
f 1985 1991 1986
f 1986 1994 1987
f 1987 1994 1988
f 1988 1999 1989
f 1989 1999 1990
f 1991 1993 1992
f 1986 1991 1992
f 1992 1993 1996
f 1984 1996 1993
f 1986 1992 1994
f 1992 1995 1994
f 1992 1996 1995
f 1994 1995 1998
f 1984 2152 1996
f 1996 2152 1997
f 1995 1996 1997
f 1995 1997 2002
f 1988 1994 1998
f 1988 1998 1999
f 1995 2002 1998
f 1998 2002 2000
f 1998 2000 1999
f 1990 1999 2001
f 1999 2000 2001
f 2000 2003 2001
f 1997 2158 2002
f 2000 2002 2004
f 2002 2158 2004
f 2000 2004 2003
f 2003 2004 2005
f 1990 2018 2006
f 1990 2001 2018
f 2001 2019 2018
f 2001 2003 2019
f 2006 2018 2008
f 2007 2008 2009
f 2008 2020 2009
f 2007 2009 2010
f 2009 2011 2010
f 2010 2011 2012
f 2012 2013 2014
f 2011 2013 2012
f 2013 2016 2014
f 2014 2016 2015
f 2015 2017 2032
f 2015 2016 2017
f 2008 2018 2020
f 2018 2019 2020
f 2019 2023 2020
f 2009 2021 2011
f 2009 2020 2021
f 2020 2023 2021
f 2021 2024 2026
f 2003 2022 2019
f 2019 2022 2023
f 2022 2025 2023
f 2003 2005 2022
f 2005 2182 2022
f 2022 2182 2025
f 2023 2025 2024
f 2021 2023 2024
f 2024 2025 2185
f 2011 2021 2026
f 2024 2185 2029
f 2011 2026 2013
f 2013 2026 2027
f 2013 2027 2016
f 2026 2029 2027
f 2016 2027 2028
f 2027 2030 2028
f 2016 2028 2017
f 2017 2028 2039
f 2028 2031 2039
f 2024 2029 2026
f 2027 2029 2030
f 2029 2185 2193
f 2029 2193 2030
f 2028 2030 2031
f 2030 2195 2031
f 2030 2193 2195
f 2031 2195 2245
f 2032 2033 2034
f 2017 2033 2032
f 2034 2036 2035
f 2033 2036 2034
f 2035 2036 2038
f 2035 2038 2037
f 2017 2039 2033
f 2033 2040 2036
f 2033 2039 2040
f 2039 2042 2040
f 2036 2040 2041
f 2036 2041 2038
f 2040 2043 2041
f 2031 2042 2039
f 2040 2042 2043
f 2031 2245 2042
f 2042 2245 2247
f 2042 2247 2043
f 2041 2043 2045
f 2043 2247 2249
f 2043 2249 2045
f 2038 2041 2044
f 2041 2045 2044
f 2045 2249 2253
f 1942 2046 1967
f 1967 2046 2047
f 1943 2048 2046
f 2046 2049 2047
f 2047 2049 2052
f 2046 2048 2049
f 1944 2057 2048
f 2048 2050 2049
f 2049 2050 2054
f 2048 2057 2050
f 2047 2052 2051
f 1973 2051 2053
f 2051 2052 2053
f 2052 2055 2053
f 2049 2054 2052
f 2050 2062 2054
f 2052 2054 2055
f 2054 2056 2055
f 2054 2062 2056
f 1945 2058 2057
f 2057 2058 2059
f 2050 2057 2059
f 2050 2059 2062
f 2058 2061 2059
f 2059 2061 2063
f 2058 2060 2061
f 2061 2066 2063
f 2059 2063 2062
f 2062 2063 2064
f 2063 2067 2064
f 2056 2062 2064
f 2056 2064 2079
f 2064 2082 2079
f 2060 2065 2061
f 1947 2065 2060
f 2061 2065 2066
f 2065 2093 2066
f 2066 2093 2097
f 2063 2066 2067
f 2066 2097 2067
f 2064 2067 2082
f 2067 2068 2082
f 2067 2097 2068
f 1973 2053 2069
f 2053 2070 2069
f 2053 2055 2070
f 1980 2069 2071
f 2069 2070 2071
f 2070 2073 2071
f 2055 2072 2070
f 2055 2056 2072
f 2056 2079 2072
f 2072 2079 2080
f 2070 2072 2073
f 2072 2080 2073
f 2073 2080 2077
f 1980 2071 2074
f 2071 2075 2074
f 2071 2073 2075
f 1984 2074 2076
f 2074 2075 2076
f 2073 2077 2075
f 2075 2078 2076
f 2076 2078 2153
f 2075 2077 2078
f 2077 2088 2078
f 2078 2088 2155
f 2079 2082 2081
f 2079 2081 2080
f 2080 2081 2086
f 2081 2084 2086
f 2081 2082 2083
f 2068 2083 2082
f 2068 2102 2083
f 2081 2083 2084
f 2083 2085 2084
f 2083 2102 2085
f 2084 2085 2089
f 2085 2104 2089
f 2077 2080 2086
f 2077 2086 2088
f 2086 2087 2088
f 2084 2087 2086
f 2087 2162 2088
f 2088 2162 2155
f 2087 2090 2162
f 2084 2089 2087
f 2087 2089 2090
f 2089 2104 2091
f 2089 2091 2090
f 2090 2091 2169
f 2091 2135 2169
f 1947 2092 2065
f 2065 2092 2093
f 2092 2094 2093
f 1948 2094 2092
f 2093 2094 2098
f 1948 2095 2094
f 2094 2096 2098
f 2094 2095 2096
f 2095 2105 2096
f 1949 2105 2095
f 2096 2105 2107
f 2093 2098 2097
f 2097 2098 2099
f 2068 2097 2099
f 2068 2099 2102
f 2096 2101 2098
f 2098 2101 2099
f 2099 2100 2102
f 2099 2101 2100
f 2096 2107 2101
f 2101 2107 2109
f 2100 2101 2109
f 2100 2109 2130
f 2085 2102 2103
f 2100 2103 2102
f 2100 2130 2103
f 2085 2103 2104
f 2103 2129 2104
f 1949 2111 2105
f 2105 2111 2106
f 2105 2106 2107
f 2106 2108 2107
f 2107 2108 2109
f 2109 2110 2130
f 2108 2110 2109
f 2108 2117 2110
f 2110 2117 2132
f 1950 2112 2111
f 2106 2111 2112
f 2106 2112 2115
f 1950 2113 2112
f 2112 2113 2114
f 2113 2119 2114
f 2112 2114 2115
f 2106 2115 2108
f 2108 2115 2117
f 2115 2116 2117
f 2114 2116 2115
f 2114 2123 2116
f 2117 2118 2132
f 2116 2118 2117
f 1951 2119 2113
f 2114 2119 2123
f 1951 2120 2119
f 2119 2120 2122
f 2119 2122 2123
f 2120 2121 2122
f 1952 2121 2120
f 1952 2214 2121
f 2121 2127 2122
f 2121 2215 2127
f 2116 2123 2124
f 2123 2126 2124
f 2116 2124 2118
f 2118 2124 2143
f 2124 2126 2125
f 2124 2125 2143
f 2122 2126 2123
f 2122 2127 2126
f 2126 2127 2128
f 2127 2220 2128
f 2125 2126 2128
f 2125 2128 2147
f 2128 2221 2147
f 2103 2130 2129
f 2110 2131 2130
f 2110 2132 2131
f 2129 2130 2131
f 2129 2131 2137
f 2131 2133 2137
f 2131 2132 2133
f 2132 2142 2133
f 2133 2142 2139
f 2091 2104 2134
f 2104 2129 2134
f 2129 2137 2134
f 2134 2137 2136
f 2091 2134 2135
f 2135 2136 2202
f 2134 2136 2135
f 2133 2138 2137
f 2136 2137 2138
f 2133 2139 2138
f 2138 2139 2140
f 2136 2138 2203
f 2138 2140 2203
f 2139 2148 2140
f 2140 2148 2141
f 2141 2148 2151
f 2141 2151 2207
f 2118 2142 2132
f 2118 2143 2142
f 2125 2145 2143
f 2142 2143 2144
f 2139 2142 2144
f 2144 2145 2149
f 2143 2145 2144
f 2125 2147 2145
f 2145 2147 2146
f 2145 2146 2149
f 2146 2147 2229
f 2139 2144 2148
f 2144 2149 2148
f 2148 2149 2151
f 2149 2150 2151
f 2146 2150 2149
f 2150 2235 2151
f 2151 2235 2207
f 1984 2076 2152
f 2076 2153 2152
f 2152 2153 2154
f 1997 2152 2154
f 1997 2154 2158
f 2153 2156 2154
f 2154 2156 2159
f 2078 2155 2153
f 2153 2155 2156
f 2155 2157 2156
f 2156 2161 2159
f 2156 2157 2161
f 2157 2168 2161
f 2154 2159 2158
f 2004 2158 2160
f 2158 2159 2160
f 2159 2165 2160
f 2004 2160 2005
f 2159 2161 2165
f 2155 2162 2157
f 2157 2162 2163
f 2090 2163 2162
f 2157 2163 2168
f 2090 2169 2163
f 2005 2160 2164
f 2160 2165 2164
f 2161 2166 2165
f 2161 2168 2166
f 2164 2165 2167
f 2165 2166 2167
f 2164 2167 2183
f 2166 2174 2167
f 2167 2174 2187
f 2174 2175 2187
f 2163 2170 2168
f 2168 2170 2173
f 2163 2169 2170
f 2169 2171 2170
f 2135 2171 2169
f 2170 2171 2177
f 2171 2172 2177
f 2166 2168 2173
f 2166 2173 2174
f 2170 2177 2173
f 2173 2177 2176
f 2173 2176 2174
f 2174 2176 2175
f 2175 2176 2179
f 2176 2177 2178
f 2172 2178 2177
f 2172 2210 2178
f 2176 2178 2179
f 2178 2210 2180
f 2178 2180 2179
f 2179 2180 2200
f 2180 2211 2181
f 2180 2181 2200
f 2181 2213 2244
f 2005 2164 2182
f 2164 2183 2182
f 2025 2182 2184
f 2182 2183 2184
f 2183 2186 2184
f 2025 2184 2185
f 2184 2188 2185
f 2184 2186 2188
f 2167 2187 2183
f 2183 2187 2186
f 2175 2189 2187
f 2186 2187 2189
f 2185 2188 2193
f 2188 2194 2193
f 2188 2190 2194
f 2186 2190 2188
f 2186 2189 2190
f 2190 2192 2194
f 2189 2191 2190
f 2190 2191 2192
f 2191 2199 2192
f 2192 2199 2250
f 2193 2194 2195
f 2194 2196 2195
f 2195 2196 2245
f 2192 2196 2194
f 2192 2250 2196
f 2175 2197 2189
f 2189 2197 2191
f 2191 2197 2198
f 2175 2179 2197
f 2197 2200 2198
f 2179 2200 2197
f 2198 2200 2201
f 2198 2201 2257
f 2191 2198 2199
f 2198 2257 2199
f 2181 2201 2200
f 2181 2244 2201
f 2135 2202 2171
f 2136 2203 2202
f 2202 2203 2204
f 2171 2202 2172
f 2172 2202 2204
f 2172 2204 2210
f 2203 2206 2204
f 2204 2206 2205
f 2204 2205 2210
f 2205 2208 2212
f 2140 2206 2203
f 2140 2141 2206
f 2141 2208 2206
f 2205 2206 2208
f 2141 2207 2208
f 2207 2235 2269
f 2207 2269 2209
f 2208 2209 2212
f 2207 2209 2208
f 2205 2211 2210
f 2180 2210 2211
f 2211 2212 2213
f 2205 2212 2211
f 2209 2273 2212
f 2212 2273 2213
f 2181 2211 2213
f 2121 2214 2215
f 1957 2216 2214
f 2214 2216 2215
f 2215 2216 2218
f 2215 2218 2220
f 1957 2217 2216
f 2216 2217 2219
f 2216 2219 2218
f 2218 2219 2222
f 2127 2215 2220
f 2218 2223 2220
f 2128 2220 2221
f 2221 2223 2230
f 2220 2223 2221
f 2218 2222 2223
f 2222 2224 2223
f 2223 2224 2230
f 1958 2225 2217
f 2217 2225 2219
f 2219 2225 2226
f 2219 2226 2222
f 2222 2226 2227
f 2222 2227 2224
f 2224 2227 2228
f 2146 2229 2234
f 2232 2237 2234
f 2147 2221 2229
f 2221 2230 2229
f 2229 2230 2232
f 2229 2232 2234
f 2230 2231 2232
f 2224 2231 2230
f 2232 2233 2237
f 2231 2233 2232
f 2146 2234 2150
f 2150 2234 2236
f 2234 2237 2236
f 2236 2237 2240
f 2150 2236 2235
f 2235 2236 2283
f 2236 2240 2283
f 2237 2238 2240
f 2233 2238 2237
f 2239 2284 2240
f 2238 2239 2240
f 2228 2241 2231
f 2224 2228 2231
f 2231 2241 2233
f 2233 2241 2243
f 2238 2243 2242
f 2238 2242 2239
f 2239 2242 2286
f 2233 2243 2238
f 2244 2275 2262
f 2199 2256 2250
f 2196 2246 2245
f 2245 2246 2247
f 2196 2250 2246
f 2246 2248 2247
f 2246 2251 2248
f 2247 2248 2249
f 2248 2254 2249
f 2246 2250 2251
f 2250 2256 2251
f 2251 2256 2259
f 2248 2251 2252
f 2248 2252 2254
f 2251 2259 2252
f 2252 2259 2268
f 2249 2254 2253
f 2252 2255 2254
f 2252 2268 2255
f 2199 2257 2256
f 2256 2258 2259
f 2256 2257 2258
f 2257 2261 2258
f 2259 2260 2268
f 2258 2260 2259
f 2201 2244 2261
f 2201 2261 2257
f 2258 2261 2263
f 2244 2262 2261
f 2261 2262 2263
f 2262 2264 2263
f 2263 2264 2266
f 2258 2263 2260
f 2260 2263 2266
f 2260 2265 2268
f 2264 2267 2266
f 2260 2266 2265
f 2269 2283 2271
f 2209 2269 2270
f 2270 2271 2278
f 2269 2271 2270
f 2271 2284 2272
f 2271 2272 2278
f 2272 2284 2285
f 2273 2274 2275
f 2270 2274 2273
f 2213 2273 2275
f 2213 2275 2244
f 2274 2276 2275
f 2262 2275 2276
f 2274 2278 2277
f 2264 2276 2280
f 2274 2277 2276
f 2276 2277 2280
f 2209 2270 2273
f 2270 2278 2274
f 2272 2282 2278
f 2277 2278 2282
f 2272 2285 2279
f 2272 2279 2282
f 2277 2281 2280
f 2277 2282 2281
f 2235 2283 2269
f 2240 2284 2283
f 2271 2283 2284
f 2239 2285 2284
f 2239 2286 2285
f 2262 2276 2264
f 2264 2280 2267
f 1958 1956 2698
f 1922 2037 2721
f 2037 2038 2721
f 2038 2044 2728
f 2044 2045 2728
f 2045 2253 2839
f 1958 2808 2225
f 2225 2808 2226
f 2226 2810 2227
f 2227 2810 2228
f 2228 2823 2241
f 2241 2823 2243
f 2242 2243 2824
f 2242 2877 2286
f 2253 2254 2839
f 2254 2255 2841
f 2255 2268 2841
f 2265 2850 2268
f 2266 2267 2852
f 2265 2266 2850
f 2279 2285 2863
f 2279 2863 2282
f 2280 2281 2865
f 2281 2282 2865
f 2285 2286 2877
f 2267 2280 2852
f 1012 2289 2287
f 1015 2290 2289
f 1015 2292 2290
f 1017 2301 2292
f 1035 2304 2301
f 1037 2305 2304
f 1037 2307 2305
f 1039 2310 2307
f 1042 2311 2310
f 1043 2312 2311
f 1043 2329 2312
f 1060 2328 2329
f 1061 2330 2328
f 1062 2331 2330
f 1063 2333 2331
f 1063 2332 2333
f 1073 2348 2332
f 1073 2349 2348
f 1075 2350 2349
f 1087 2359 2350
f 1087 2360 2359
f 1089 2361 2360
f 1089 2362 2361
f 1090 2615 2362
f 1117 2619 2615
f 1604 2287 2288
f 1604 2288 2294
f 1611 2294 2295
f 1788 2295 2374
f 1789 2374 2375
f 1789 2375 2376
f 1800 2376 2385
f 1800 2385 2386
f 1801 2386 2387
f 1803 2387 2388
f 1803 2388 2399
f 1816 2399 2400
f 1816 2400 2401
f 1818 2401 2402
f 1818 2402 2414
f 1822 2414 2413
f 1835 2413 2417
f 1835 2417 2418
f 1836 2418 2419
f 1849 2419 2432
f 1849 2432 2433
f 1851 2433 2434
f 1852 2434 2435
f 1852 2435 2623
f 2623 2625 1883
f 2287 2289 2288
f 2289 2290 2291
f 2288 2289 2291
f 2290 2293 2291
f 2290 2292 2293
f 2292 2302 2293
f 2288 2296 2294
f 2294 2296 2295
f 2295 2377 2374
f 2288 2291 2296
f 2291 2297 2296
f 2296 2297 2299
f 2291 2293 2297
f 2293 2298 2297
f 2293 2302 2298
f 2297 2298 2300
f 2295 2296 2299
f 2295 2299 2377
f 2299 2379 2377
f 2297 2300 2299
f 2298 2316 2300
f 2299 2300 2379
f 2300 2316 2380
f 2300 2380 2379
f 2292 2301 2302
f 2301 2304 2303
f 2301 2303 2302
f 2304 2305 2306
f 2303 2304 2306
f 2305 2308 2306
f 2305 2307 2308
f 2307 2310 2309
f 2307 2309 2308
f 2309 2310 2311
f 2309 2311 2320
f 2311 2312 2321
f 2302 2303 2313
f 2298 2302 2313
f 2298 2313 2316
f 2303 2314 2313
f 2313 2314 2317
f 2303 2306 2314
f 2306 2315 2314
f 2306 2308 2315
f 2314 2315 2318
f 2313 2317 2316
f 2316 2447 2380
f 2316 2317 2447
f 2317 2449 2447
f 2314 2318 2317
f 2315 2323 2318
f 2317 2318 2449
f 2318 2456 2449
f 2318 2323 2456
f 2308 2319 2315
f 2308 2309 2319
f 2309 2320 2319
f 2315 2319 2323
f 2319 2320 2325
f 2311 2321 2320
f 2320 2321 2322
f 2320 2322 2325
f 2319 2325 2323
f 2323 2325 2324
f 2323 2324 2456
f 2322 2326 2325
f 2324 2325 2326
f 2322 2338 2326
f 2324 2326 2459
f 2326 2338 2327
f 2326 2327 2459
f 2312 2329 2321
f 2321 2329 2335
f 2321 2335 2322
f 2322 2335 2338
f 2328 2334 2329
f 2328 2330 2334
f 2330 2331 2341
f 2331 2333 2341
f 2332 2346 2333
f 2329 2334 2335
f 2335 2336 2338
f 2334 2336 2335
f 2334 2337 2336
f 2330 2337 2334
f 2330 2341 2337
f 2336 2337 2340
f 2337 2342 2340
f 2336 2339 2338
f 2327 2338 2339
f 2336 2340 2339
f 2339 2340 2486
f 2340 2343 2486
f 2333 2345 2341
f 2341 2345 2342
f 2337 2341 2342
f 2342 2345 2344
f 2340 2342 2343
f 2342 2344 2343
f 2343 2344 2490
f 2344 2353 2490
f 2333 2346 2345
f 2345 2346 2347
f 2344 2345 2347
f 2344 2347 2353
f 2332 2348 2346
f 2348 2349 2352
f 2349 2350 2352
f 2350 2359 2363
f 2346 2351 2347
f 2346 2348 2351
f 2347 2351 2354
f 2348 2352 2351
f 2351 2355 2354
f 2351 2352 2355
f 2347 2354 2353
f 2353 2354 2512
f 2354 2355 2357
f 2354 2357 2512
f 2350 2356 2352
f 2352 2356 2355
f 2355 2356 2358
f 2350 2363 2356
f 2356 2363 2364
f 2356 2364 2358
f 2355 2358 2357
f 2357 2358 2516
f 2358 2364 2366
f 2358 2366 2516
f 2359 2360 2363
f 2360 2361 2368
f 2361 2362 2368
f 2362 2616 2370
f 2360 2365 2363
f 2363 2365 2364
f 2364 2365 2367
f 2360 2368 2365
f 2365 2369 2367
f 2364 2367 2366
f 2366 2367 2533
f 2367 2371 2533
f 2365 2368 2369
f 2368 2370 2369
f 2362 2370 2368
f 2369 2370 2372
f 2370 2617 2372
f 2367 2369 2371
f 2369 2372 2371
f 2371 2538 2533
f 2371 2373 2538
f 2372 2618 2373
f 2371 2372 2373
f 2374 2377 2375
f 2375 2382 2376
f 2376 2382 2385
f 2377 2379 2378
f 2375 2377 2378
f 2379 2380 2381
f 2380 2448 2381
f 2378 2379 2381
f 2378 2381 2383
f 2381 2448 2384
f 2375 2378 2382
f 2378 2383 2382
f 2382 2389 2385
f 2382 2383 2389
f 2381 2384 2383
f 2383 2391 2389
f 2383 2384 2391
f 2384 2462 2391
f 2385 2390 2386
f 2386 2390 2387
f 2387 2395 2388
f 2385 2389 2390
f 2389 2392 2390
f 2389 2391 2392
f 2391 2462 2393
f 2391 2393 2392
f 2392 2393 2396
f 2387 2390 2394
f 2390 2392 2394
f 2387 2394 2395
f 2394 2397 2395
f 2392 2396 2394
f 2393 2465 2396
f 2396 2465 2398
f 2394 2396 2397
f 2396 2398 2397
f 2397 2398 2405
f 2388 2395 2399
f 2395 2397 2403
f 2399 2404 2400
f 2400 2404 2401
f 2401 2409 2402
f 2402 2409 2414
f 2395 2403 2399
f 2399 2403 2404
f 2403 2406 2404
f 2404 2406 2408
f 2397 2405 2403
f 2403 2405 2406
f 2398 2497 2405
f 2405 2497 2407
f 2406 2407 2410
f 2405 2407 2406
f 2401 2404 2408
f 2401 2408 2409
f 2406 2410 2408
f 2407 2503 2410
f 2409 2415 2414
f 2408 2411 2409
f 2409 2411 2415
f 2408 2410 2411
f 2410 2503 2412
f 2410 2412 2411
f 2411 2412 2416
f 2413 2414 2420
f 2414 2415 2420
f 2411 2416 2415
f 2415 2416 2421
f 2412 2424 2416
f 2413 2420 2417
f 2417 2420 2422
f 2417 2422 2418
f 2418 2422 2427
f 2418 2427 2419
f 2419 2427 2429
f 2419 2429 2432
f 2429 2436 2432
f 2415 2421 2420
f 2420 2421 2422
f 2422 2423 2427
f 2421 2423 2422
f 2416 2425 2421
f 2416 2424 2425
f 2424 2570 2425
f 2421 2425 2423
f 2423 2425 2426
f 2425 2570 2426
f 2426 2570 2572
f 2423 2426 2428
f 2426 2572 2431
f 2427 2428 2429
f 2423 2428 2427
f 2429 2430 2436
f 2428 2430 2429
f 2426 2431 2428
f 2428 2431 2430
f 2430 2431 2439
f 2431 2576 2439
f 2432 2436 2433
f 2433 2436 2438
f 2433 2438 2434
f 2434 2438 2441
f 2434 2441 2435
f 2435 2441 2443
f 2435 2443 2623
f 2430 2437 2436
f 2436 2437 2438
f 2437 2442 2438
f 2430 2439 2437
f 2439 2587 2440
f 2437 2439 2440
f 2437 2440 2442
f 2440 2588 2445
f 2438 2442 2441
f 2441 2442 2444
f 2441 2444 2443
f 2443 2444 2624
f 2440 2445 2442
f 2442 2445 2444
f 2444 2445 2446
f 2444 2446 2624
f 2445 2592 2446
f 2380 2447 2448
f 2447 2450 2448
f 2448 2450 2452
f 2447 2449 2450
f 2384 2448 2452
f 2449 2451 2450
f 2449 2456 2451
f 2450 2451 2453
f 2384 2452 2462
f 2452 2454 2462
f 2450 2453 2452
f 2451 2460 2453
f 2453 2460 2455
f 2452 2453 2454
f 2453 2455 2454
f 2324 2457 2456
f 2451 2456 2457
f 2451 2457 2460
f 2324 2459 2457
f 2457 2459 2458
f 2457 2458 2460
f 2327 2467 2459
f 2458 2459 2467
f 2458 2461 2460
f 2458 2468 2461
f 2455 2460 2461
f 2455 2461 2474
f 2393 2462 2463
f 2454 2463 2462
f 2393 2463 2465
f 2463 2466 2465
f 2454 2455 2464
f 2454 2464 2463
f 2455 2474 2464
f 2463 2464 2466
f 2464 2471 2466
f 2464 2474 2471
f 2465 2466 2472
f 2398 2465 2472
f 2327 2485 2467
f 2467 2485 2469
f 2461 2468 2475
f 2461 2475 2474
f 2458 2467 2468
f 2467 2469 2468
f 2468 2469 2470
f 2468 2470 2475
f 2469 2488 2470
f 2470 2488 2480
f 2398 2472 2497
f 2466 2471 2473
f 2471 2479 2473
f 2466 2473 2472
f 2472 2473 2498
f 2473 2479 2500
f 2474 2475 2476
f 2475 2477 2476
f 2471 2474 2476
f 2476 2477 2478
f 2470 2477 2475
f 2470 2480 2477
f 2477 2482 2478
f 2471 2476 2479
f 2476 2478 2479
f 2478 2481 2479
f 2479 2481 2500
f 2477 2480 2482
f 2480 2496 2482
f 2478 2483 2481
f 2478 2482 2483
f 2482 2496 2484
f 2482 2484 2483
f 2483 2484 2559
f 2327 2339 2485
f 2339 2486 2485
f 2485 2486 2487
f 2486 2489 2487
f 2469 2485 2487
f 2469 2487 2488
f 2487 2489 2492
f 2343 2489 2486
f 2343 2490 2489
f 2489 2491 2492
f 2353 2509 2490
f 2489 2490 2491
f 2490 2509 2491
f 2487 2492 2488
f 2480 2488 2493
f 2488 2492 2493
f 2492 2494 2493
f 2491 2494 2492
f 2491 2510 2494
f 2480 2493 2496
f 2493 2495 2496
f 2493 2494 2495
f 2495 2522 2496
f 2484 2496 2522
f 2472 2498 2497
f 2497 2498 2499
f 2407 2497 2499
f 2407 2499 2503
f 2498 2501 2499
f 2473 2500 2498
f 2498 2500 2501
f 2499 2501 2504
f 2500 2502 2501
f 2501 2502 2506
f 2502 2508 2506
f 2503 2504 2505
f 2499 2504 2503
f 2412 2503 2505
f 2412 2505 2424
f 2504 2555 2505
f 2501 2506 2504
f 2504 2506 2555
f 2506 2556 2555
f 2506 2508 2556
f 2481 2502 2500
f 2481 2507 2502
f 2481 2483 2507
f 2502 2507 2508
f 2507 2558 2508
f 2483 2559 2507
f 2484 2523 2559
f 2491 2509 2510
f 2509 2513 2510
f 2494 2510 2519
f 2510 2511 2519
f 2510 2513 2511
f 2353 2512 2509
f 2509 2512 2513
f 2357 2514 2512
f 2512 2514 2513
f 2513 2514 2517
f 2511 2513 2517
f 2357 2516 2514
f 2514 2516 2515
f 2514 2515 2517
f 2515 2516 2532
f 2515 2532 2535
f 2366 2532 2516
f 2515 2518 2517
f 2511 2517 2530
f 2517 2518 2530
f 2515 2535 2518
f 2518 2531 2530
f 2518 2536 2531
f 2518 2535 2536
f 2495 2521 2522
f 2494 2519 2495
f 2495 2519 2521
f 2519 2520 2521
f 2511 2520 2519
f 2511 2530 2520
f 2520 2527 2521
f 2484 2522 2523
f 2522 2524 2523
f 2521 2524 2522
f 2523 2524 2602
f 2521 2527 2524
f 2520 2530 2525
f 2525 2530 2531
f 2520 2525 2527
f 2525 2531 2528
f 2524 2527 2526
f 2524 2526 2602
f 2526 2529 2603
f 2525 2529 2527
f 2526 2527 2529
f 2528 2543 2529
f 2525 2528 2529
f 2529 2543 2603
f 2366 2533 2532
f 2532 2533 2534
f 2532 2534 2535
f 2533 2538 2534
f 2534 2537 2535
f 2535 2537 2536
f 2536 2537 2548
f 2537 2540 2548
f 2534 2541 2537
f 2534 2538 2541
f 2538 2539 2541
f 2373 2539 2538
f 2373 2629 2539
f 2539 2630 2542
f 2540 2542 2551
f 2537 2541 2540
f 2540 2541 2542
f 2539 2542 2541
f 2542 2631 2551
f 2528 2544 2543
f 2528 2547 2544
f 2543 2544 2608
f 2544 2549 2545
f 2544 2545 2608
f 2545 2611 2608
f 2545 2553 2546
f 2545 2546 2611
f 2546 2553 2554
f 2546 2554 2632
f 2531 2536 2547
f 2536 2548 2547
f 2528 2531 2547
f 2547 2548 2549
f 2544 2547 2549
f 2548 2550 2549
f 2540 2550 2548
f 2540 2551 2550
f 2549 2550 2553
f 2550 2552 2553
f 2550 2551 2552
f 2551 2633 2552
f 2545 2549 2553
f 2552 2554 2553
f 2505 2555 2568
f 2555 2556 2571
f 2555 2571 2568
f 2556 2557 2571
f 2507 2559 2558
f 2523 2560 2559
f 2558 2559 2560
f 2523 2602 2560
f 2558 2560 2562
f 2560 2602 2563
f 2560 2563 2562
f 2508 2558 2561
f 2508 2561 2556
f 2558 2562 2561
f 2561 2562 2564
f 2556 2561 2557
f 2557 2561 2564
f 2563 2604 2567
f 2562 2566 2564
f 2557 2564 2577
f 2564 2565 2577
f 2564 2566 2565
f 2562 2563 2566
f 2563 2567 2566
f 2566 2567 2579
f 2565 2566 2579
f 2424 2505 2568
f 2424 2568 2570
f 2568 2571 2569
f 2568 2569 2570
f 2569 2572 2570
f 2569 2571 2574
f 2557 2574 2571
f 2569 2573 2572
f 2572 2573 2576
f 2573 2584 2576
f 2569 2574 2573
f 2557 2577 2574
f 2574 2577 2575
f 2573 2574 2575
f 2575 2577 2594
f 2573 2575 2584
f 2431 2572 2576
f 2565 2594 2577
f 2565 2579 2595
f 2567 2578 2579
f 2579 2580 2595
f 2578 2580 2579
f 2578 2581 2580
f 2580 2581 2582
f 2581 2583 2582
f 2582 2583 2601
f 2583 2639 2601
f 2575 2585 2584
f 2584 2585 2589
f 2575 2594 2585
f 2585 2594 2597
f 2585 2586 2589
f 2585 2597 2586
f 2576 2584 2587
f 2439 2576 2587
f 2584 2589 2587
f 2440 2587 2588
f 2587 2589 2588
f 2588 2589 2590
f 2586 2590 2589
f 2586 2598 2593
f 2593 2600 2636
f 2588 2590 2592
f 2445 2588 2592
f 2590 2591 2592
f 2446 2592 2635
f 2591 2635 2592
f 2586 2593 2590
f 2590 2593 2591
f 2591 2593 2636
f 2594 2595 2597
f 2565 2595 2594
f 2595 2596 2597
f 2596 2598 2597
f 2586 2597 2598
f 2580 2596 2595
f 2580 2582 2596
f 2596 2599 2598
f 2593 2598 2600
f 2598 2599 2600
f 2599 2637 2600
f 2582 2599 2596
f 2582 2601 2599
f 2599 2601 2637
f 2526 2604 2602
f 2563 2602 2604
f 2526 2603 2604
f 2567 2604 2606
f 2603 2606 2604
f 2603 2605 2606
f 2605 2609 2606
f 2605 2607 2609
f 2607 2613 2609
f 2543 2605 2603
f 2543 2608 2605
f 2605 2608 2607
f 2607 2608 2611
f 2567 2606 2578
f 2578 2606 2609
f 2578 2609 2581
f 2581 2609 2613
f 2607 2610 2613
f 2610 2638 2614
f 2607 2611 2610
f 2546 2612 2611
f 2610 2611 2612
f 2546 2632 2612
f 2610 2612 2638
f 2581 2613 2583
f 2583 2613 2614
f 2610 2614 2613
f 2583 2614 2639
f 2362 2615 2616
f 2370 2616 2617
f 2372 2617 2618
f 2373 2618 2629
f 2615 2620 2616
f 2616 2621 2617
f 2617 2622 2618
f 2618 2640 2629
f 2615 2619 2620
f 2616 2620 2621
f 2617 2621 2622
f 2618 2622 2640
f 2443 2626 2623
f 2443 2624 2626
f 2446 2627 2624
f 2446 2635 2628
f 2623 2626 2625
f 2446 2628 2627
f 2624 2627 2626
f 2539 2629 2630
f 2551 2631 2633
f 2542 2630 2631
f 2552 2634 2554
f 2552 2633 2634
f 2629 2641 2630
f 2630 2642 2631
f 2591 2644 2635
f 2591 2636 2643
f 2629 2640 2641
f 2630 2641 2642
f 2631 2712 2633
f 2631 2642 2706
f 2554 2713 2632
f 2633 2715 2634
f 2554 2634 2715
f 2601 2639 2720
f 2591 2643 2644
f 2600 2717 2636
f 2635 2644 2628
f 2636 2645 2643
f 2636 2709 2645
f 2600 2637 2944
f 2601 2718 2637
f 2614 2638 2719
f 2612 2632 2713
f 2612 2719 2638
f 2614 2720 2639
f 1498 1887 2646
f 1498 2646 2647
f 1499 2647 2648
f 1495 2648 2656
f 1495 2656 2649
f 1505 2649 2661
f 1505 2661 2660
f 2646 2650 2647
f 2647 2651 2648
f 2648 2651 2656
f 1892 2650 2646
f 1892 2652 2650
f 2647 2650 2651
f 2650 2652 2653
f 2650 2653 2651
f 1895 2654 2652
f 2652 2654 2653
f 2653 2654 2655
f 2651 2657 2656
f 2651 2653 2657
f 2653 2655 2657
f 2656 2657 2658
f 2657 2659 2658
f 2649 2656 2658
f 2649 2658 2661
f 2658 2662 2661
f 2658 2659 2662
f 2655 2659 2657
f 2655 2668 2659
f 2659 2668 2664
f 2660 2661 2663
f 2661 2662 2663
f 2662 2665 2663
f 2659 2664 2662
f 2662 2664 2665
f 1906 2666 2654
f 1906 2669 2666
f 2666 2669 2667
f 2654 2666 2667
f 2654 2667 2655
f 2655 2667 2668
f 2667 2671 2668
f 2667 2669 2671
f 1909 2670 2669
f 2669 2670 2671
f 2668 2671 2672
f 2664 2668 2672
f 1524 2660 2673
f 1524 2673 2674
f 2660 2663 2675
f 2663 2665 2675
f 2664 2678 2665
f 2671 2687 2672
f 2670 2684 2671
f 2664 2672 2687
f 2660 2675 2673
f 2665 2680 2675
f 2665 2678 2680
f 2673 2675 2674
f 2674 2675 2676
f 2675 2677 2676
f 2677 2680 2679
f 2675 2680 2677
f 2679 2680 2681
f 2678 2681 2680
f 1926 2682 2670
f 2670 2682 2685
f 2670 2685 2684
f 2671 2684 2687
f 2664 2687 2678
f 1927 2683 2682
f 2682 2683 2685
f 2684 2686 2687
f 2687 2688 2689
f 2686 2688 2687
f 2678 2687 2689
f 1402 2674 2721
f 1922 2721 1923
f 1923 2721 1924
f 1924 2721 1925
f 1925 2721 1927
f 1927 2721 2683
f 2683 2721 2685
f 2686 2721 2688
f 2688 2721 2689
f 2684 2685 2721
f 2684 2721 2686
f 2674 2676 2721
f 2676 2677 2721
f 2677 2679 2721
f 2679 2681 2721
f 2678 2721 2681
f 2678 2689 2721
f 2694 2690 1148
f 1402 2721 2723
f 1405 2723 2724
f 1407 2724 2726
f 1419 2735 2694
f 1419 2736 2735
f 1421 2737 2736
f 1421 2738 2737
f 1431 2750 2738
f 1433 2752 2750
f 1480 2792 2751
f 1433 2751 2752
f 1451 2726 2762
f 1451 2762 2767
f 1453 2767 2765
f 1460 2772 2770
f 1456 2771 2769
f 1457 2770 2771
f 1460 2765 2772
f 1475 2788 2793
f 1476 2790 2789
f 1478 2791 2788
f 1478 2789 2791
f 1480 2793 2792
f 1476 2769 2790
f 1958 2698 2702
f 1958 2702 2808
f 2038 2722 2721
f 2038 2728 2722
f 2045 2729 2728
f 2045 2839 2729
f 2226 2808 2809
f 2226 2809 2810
f 2228 2810 2811
f 2228 2811 2823
f 2243 2823 2825
f 2243 2825 2824
f 2242 2824 2877
f 2254 2840 2839
f 2254 2841 2840
f 2268 2853 2841
f 2268 2850 2853
f 2266 2852 2851
f 2266 2851 2850
f 2285 2878 2863
f 2280 2864 2852
f 2280 2865 2864
f 2282 2863 2866
f 2282 2866 2865
f 2285 2877 2878
f 2695 2691 2690
f 2696 2692 2691
f 2697 2693 2692
f 2710 2704 2693
f 2694 2695 2690
f 2695 2696 2691
f 2696 2697 2692
f 2697 2710 2693
f 2694 2735 2695
f 2695 2739 2696
f 2696 2742 2697
f 2697 2743 2710
f 2702 2698 2699
f 2703 2700 2701
f 2812 2699 2700
f 2702 2699 2812
f 2703 2812 2700
f 2703 2701 2816
f 2716 2816 2701
f 2631 2706 2711
f 2711 2705 2704
f 2711 2706 2705
f 2631 2711 2712
f 2554 2899 2713
f 2633 2712 2714
f 2633 2714 2715
f 2554 2715 2899
f 2636 2933 2709
f 2601 2720 2946
f 2716 2701 2708
f 2716 2708 2707
f 2636 2717 2933
f 2933 2707 2709
f 2600 2944 2717
f 2637 2718 2944
f 2601 2946 2718
f 2612 2713 2975
f 2612 2975 2719
f 2614 2977 2720
f 2614 2719 2977
f 2710 2711 2704
f 2710 2881 2711
f 2712 2896 2714
f 2711 2884 2712
f 2715 2897 2899
f 2714 2897 2715
f 2716 2707 2933
f 2721 2722 2723
f 2723 2725 2724
f 2722 2725 2723
f 2724 2725 2727
f 2724 2727 2726
f 2726 2727 2763
f 2722 2728 2730
f 2728 2729 2730
f 2729 2839 2843
f 2722 2730 2725
f 2725 2730 2731
f 2730 2733 2731
f 2725 2731 2727
f 2727 2731 2732
f 2727 2732 2763
f 2731 2734 2732
f 2729 2733 2730
f 2729 2843 2733
f 2733 2843 2846
f 2731 2733 2734
f 2732 2734 2778
f 2733 2846 2734
f 2734 2844 2778
f 2734 2846 2844
f 2695 2735 2739
f 2735 2736 2740
f 2736 2737 2740
f 2737 2738 2746
f 2735 2740 2739
f 2696 2739 2742
f 2739 2741 2742
f 2739 2740 2741
f 2740 2745 2741
f 2697 2742 2743
f 2742 2744 2743
f 2741 2744 2742
f 2741 2748 2744
f 2743 2744 2882
f 2744 2886 2882
f 2737 2745 2740
f 2741 2745 2748
f 2737 2746 2745
f 2745 2746 2747
f 2745 2747 2748
f 2744 2748 2886
f 2747 2749 2748
f 2748 2749 2886
f 2738 2750 2746
f 2750 2752 2758
f 2751 2758 2752
f 2751 2792 2805
f 2746 2750 2754
f 2746 2754 2747
f 2747 2754 2756
f 2750 2758 2754
f 2753 2756 2754
f 2753 2754 2758
f 2747 2756 2749
f 2749 2756 2909
f 2753 2755 2756
f 2755 2909 2756
f 2751 2757 2758
f 2753 2758 2757
f 2753 2757 2759
f 2757 2805 2807
f 2751 2805 2757
f 2757 2807 2759
f 2753 2759 2755
f 2755 2759 2912
f 2759 2807 2760
f 2759 2760 2912
f 2726 2763 2762
f 2762 2764 2767
f 2762 2763 2764
f 2765 2767 2766
f 2764 2766 2767
f 2765 2766 2773
f 2768 2770 2772
f 2768 2772 2773
f 2769 2771 2781
f 2768 2771 2770
f 2768 2783 2771
f 2765 2773 2772
f 2779 3016 2784
f 2764 2774 2775
f 2774 2777 2775
f 2763 2774 2764
f 2732 2774 2763
f 2732 2778 2774
f 2764 2775 2766
f 2766 2776 2773
f 2766 2775 2776
f 2775 2779 2776
f 2774 2778 2777
f 2778 2844 3010
f 2777 2778 3010
f 2777 3010 3012
f 2775 2777 2779
f 2776 2779 2784
f 2777 3012 2779
f 2779 3012 3016
f 2768 2773 2780
f 2768 2780 2783
f 2776 2784 2780
f 2780 2787 2783
f 2771 2783 2781
f 2781 2783 2782
f 2782 2783 2787
f 2784 2785 2787
f 2780 2784 2787
f 2784 3016 2785
f 2782 2787 2786
f 2785 2786 2787
f 2782 2786 2802
f 2785 3017 2786
f 2761 2802 2786
f 2761 2786 3017
f 2773 2776 2780
f 2788 2794 2793
f 2788 2791 2794
f 2789 2790 2798
f 2789 2798 2791
f 2792 2793 2805
f 2793 2794 2806
f 2794 2795 2806
f 2795 2796 2806
f 2794 2801 2795
f 2760 2796 3025
f 2796 2797 3025
f 2795 2804 2797
f 2795 2797 2796
f 2798 2800 2801
f 2790 2799 2798
f 2799 2802 2800
f 2798 2799 2800
f 2791 2801 2794
f 2791 2798 2801
f 2795 2801 2804
f 2800 2804 2801
f 2800 2803 2804
f 2803 3031 2804
f 2800 2802 2803
f 2761 2803 2802
f 2797 2804 3031
f 2805 2806 2807
f 2793 2806 2805
f 2796 2807 2806
f 2760 2807 2796
f 2769 2781 2790
f 2781 2799 2790
f 2781 2782 2799
f 2782 2802 2799
f 2702 2812 2808
f 2808 2812 2814
f 2808 2814 2809
f 2809 2814 2818
f 2809 2818 2810
f 2810 2818 2819
f 2810 2819 2811
f 2812 2813 2814
f 2703 2813 2812
f 2814 2815 2818
f 2813 2815 2814
f 2703 2816 2813
f 2813 2816 2817
f 2816 2934 2817
f 2813 2817 2815
f 2815 2817 2821
f 2818 2820 2819
f 2815 2820 2818
f 2819 2820 2827
f 2815 2821 2820
f 2817 2940 2821
f 2820 2822 2827
f 2821 2942 2822
f 2820 2821 2822
f 2811 2826 2823
f 2811 2819 2826
f 2823 2826 2828
f 2823 2828 2825
f 2824 2825 2831
f 2824 2831 2833
f 2824 2833 2877
f 2825 2828 2831
f 2829 2835 2832
f 2830 2964 2835
f 2819 2827 2826
f 2826 2827 2829
f 2826 2829 2828
f 2828 2829 2832
f 2822 2830 2827
f 2827 2830 2829
f 2822 2968 2830
f 2829 2830 2835
f 2828 2832 2831
f 2831 2832 2834
f 2833 2834 2879
f 2831 2834 2833
f 2832 2835 2837
f 2832 2837 2834
f 2835 2964 2970
f 2835 2970 2837
f 2834 2837 2880
f 2836 2837 2970
f 2836 2880 2837
f 2838 2862 2875
f 2839 2840 2843
f 2840 2841 2847
f 2841 2853 2847
f 2849 2856 3021
f 2842 2846 2843
f 2840 2842 2843
f 2844 2846 2845
f 2844 2845 3011
f 2842 2845 2846
f 2842 2848 2845
f 2845 2849 3011
f 2840 2847 2842
f 2842 2847 2848
f 2847 2853 2854
f 2847 2854 2848
f 2845 2848 2849
f 2848 2854 2856
f 2848 2856 2849
f 2850 2855 2853
f 2851 2852 2860
f 2850 2851 2855
f 2853 2855 2854
f 2854 2855 2857
f 2854 2857 2856
f 2856 2858 3021
f 2856 2857 2858
f 2857 2861 2858
f 2851 2860 2859
f 2859 2860 2862
f 2851 2859 2855
f 2855 2859 2857
f 2857 2859 2861
f 2838 3023 2861
f 2858 2861 3023
f 2859 2862 2861
f 2838 2861 2862
f 2863 2878 2867
f 2863 2867 2866
f 2864 2865 2872
f 2865 2866 2872
f 2867 2878 2879
f 2867 2879 2870
f 2867 2870 2876
f 2868 2870 2880
f 2869 2876 2870
f 2868 3040 2869
f 2868 2869 2870
f 2872 2876 2873
f 2860 2864 2871
f 2864 2872 2871
f 2871 2872 2873
f 2869 2874 2873
f 2873 2874 2875
f 2871 2873 2875
f 2862 2871 2875
f 2874 3045 2875
f 2838 2875 3045
f 2866 2867 2876
f 2866 2876 2872
f 2869 2873 2876
f 2869 3040 2874
f 2833 2878 2877
f 2833 2879 2878
f 2834 2880 2879
f 2870 2879 2880
f 2836 2868 2880
f 2852 2864 2860
f 2860 2871 2862
f 2924 2996 2961
f 2710 2743 2881
f 2743 2882 2881
f 2711 2881 2884
f 2881 2882 2885
f 2882 2887 2885
f 2883 2896 2884
f 2881 2885 2884
f 2712 2884 2896
f 2883 2884 2885
f 2883 2885 2889
f 2882 2886 2887
f 2749 2888 2886
f 2886 2888 2887
f 2887 2888 2890
f 2883 2889 2901
f 2887 2890 2889
f 2889 2890 2891
f 2889 2891 2901
f 2885 2887 2889
f 2892 2899 2900
f 2713 2899 2892
f 2893 2982 2976
f 2892 2900 2893
f 2892 2893 2976
f 2893 2902 2894
f 2893 2894 2982
f 2894 2903 2916
f 2894 2916 2895
f 2894 2895 2982
f 2714 2896 2897
f 2896 2898 2897
f 2883 2898 2896
f 2883 2901 2898
f 2897 2898 2900
f 2898 2902 2900
f 2897 2900 2899
f 2893 2900 2902
f 2898 2901 2902
f 2901 2903 2902
f 2894 2902 2903
f 2891 2903 2901
f 2891 2925 2903
f 2903 2925 2916
f 2904 2906 2913
f 2904 3026 2906
f 2905 2913 2906
f 2906 3030 2921
f 2905 2906 2921
f 2888 2909 2907
f 2888 2907 2890
f 2755 2908 2909
f 2907 2909 2908
f 2907 2908 2911
f 2749 2909 2888
f 2890 2907 2910
f 2891 2910 2925
f 2910 2926 2925
f 2890 2910 2891
f 2907 2911 2910
f 2910 2911 2926
f 2905 2926 2911
f 2755 2912 2908
f 2908 2912 2913
f 2908 2913 2911
f 2760 2904 2912
f 2904 2913 2912
f 2905 2911 2913
f 2914 2916 2925
f 2914 2925 2926
f 2914 2926 2919
f 2914 2919 2918
f 2915 2984 2917
f 2915 2918 2922
f 2915 2922 2986
f 2895 2916 2917
f 2914 2917 2916
f 2895 2917 2984
f 2914 2918 2917
f 2915 2917 2918
f 2920 3035 2923
f 2919 2921 2920
f 2905 2919 2926
f 2905 2921 2919
f 2918 2919 2920
f 2920 2921 3035
f 2921 3030 3035
f 2920 2923 2922
f 2922 2924 2986
f 2922 2923 2924
f 2923 2996 2924
f 2918 2920 2922
f 2720 2927 2946
f 2927 2928 2946
f 2927 2930 2928
f 2932 2955 2950
f 2928 2930 2929
f 2929 2930 2931
f 2931 2957 2932
f 2929 2932 2950
f 2929 2931 2932
f 2717 2944 2936
f 2936 2945 2938
f 2933 2935 2934
f 2716 2934 2816
f 2716 2933 2934
f 2934 2935 2940
f 2817 2934 2940
f 2717 2936 2933
f 2933 2936 2935
f 2935 2936 2938
f 2938 2939 2941
f 2938 2948 2939
f 2937 2941 2939
f 2937 2939 2966
f 2939 2948 2949
f 2939 2949 2966
f 2821 2940 2942
f 2940 2941 2942
f 2935 2941 2940
f 2937 2968 2942
f 2822 2942 2968
f 2937 2942 2941
f 2935 2938 2941
f 2936 2944 2945
f 2718 2943 2944
f 2943 2945 2944
f 2943 2947 2945
f 2718 2946 2943
f 2928 2943 2946
f 2928 2947 2943
f 2947 2950 2948
f 2945 2947 2948
f 2938 2945 2948
f 2948 2950 2949
f 2949 2950 2955
f 2928 2929 2947
f 2929 2950 2947
f 2952 3039 2971
f 2951 2953 2972
f 2952 2972 2953
f 2952 2971 2972
f 2954 2957 2985
f 2956 2958 2963
f 2955 2956 2973
f 2951 2973 2956
f 2955 2958 2956
f 2932 2957 2958
f 2932 2958 2955
f 2954 2963 2958
f 2954 2958 2957
f 2924 2960 2986
f 2959 2963 2960
f 2954 2986 2960
f 2954 2960 2963
f 2959 2961 3047
f 2924 2961 2960
f 2959 2960 2961
f 2956 2963 2962
f 2959 2962 2963
f 2951 2956 2962
f 2951 2962 2953
f 2959 3048 2962
f 2953 2962 3048
f 2964 2968 2965
f 2937 2965 2968
f 2964 2965 2969
f 2949 2973 2966
f 2937 2966 2965
f 2965 2967 2969
f 2966 2973 2967
f 2951 2967 2973
f 2965 2966 2967
f 2830 2968 2964
f 2969 2972 2971
f 2969 2971 2970
f 2964 2969 2970
f 2836 2970 2971
f 2836 2971 3039
f 2967 2972 2969
f 2951 2972 2967
f 2949 2955 2973
f 2719 2974 2977
f 2974 2979 2978
f 2892 2976 2975
f 2974 2975 2976
f 2713 2892 2975
f 2719 2975 2974
f 2974 2976 2979
f 2927 2977 2978
f 2974 2978 2977
f 2720 2977 2927
f 2927 2978 2930
f 2978 2979 2983
f 2979 2980 2983
f 2980 2984 2981
f 2980 2981 2983
f 2976 2982 2979
f 2979 2982 2980
f 2895 2980 2982
f 2895 2984 2980
f 2930 2978 2983
f 2930 2983 2931
f 2931 2983 2981
f 2931 2981 2957
f 2915 2985 2984
f 2957 2981 2985
f 2981 2984 2985
f 2915 2986 2985
f 2954 2985 2986
f 2761 2987 3033
f 2987 2988 3033
f 2990 3019 3000
f 2999 3000 3019
f 2988 2989 3034
f 2989 2994 3034
f 2987 3014 2990
f 2987 2990 2988
f 2988 2990 2989
f 2989 2990 3000
f 2838 3045 2992
f 2993 3046 3004
f 2991 3024 2993
f 2991 2993 3004
f 2992 3043 2993
f 2992 2993 3024
f 2994 2997 3036
f 2994 3002 2997
f 2995 2998 3003
f 2996 3036 2997
f 2996 2997 2998
f 2961 2996 2998
f 2997 3003 2998
f 3001 3003 3002
f 3000 3001 3002
f 2999 3001 3000
f 2991 3001 2999
f 2989 3000 3002
f 2989 3002 2994
f 2997 3002 3003
f 3001 3004 3003
f 2995 3003 3004
f 2995 3004 3046
f 2991 3004 3001
f 3005 3012 3013
f 3005 3016 3012
f 3005 3013 3008
f 2849 3021 3006
f 3006 3021 3009
f 3006 3008 3013
f 3005 3008 3018
f 3007 3018 3008
f 3006 3009 3008
f 3007 3008 3009
f 2844 3011 3010
f 3010 3011 3013
f 3006 3013 3011
f 3010 3013 3012
f 2849 3006 3011
f 2785 3015 3017
f 3014 3017 3015
f 3014 3015 3018
f 2785 3016 3015
f 3005 3015 3016
f 3005 3018 3015
f 2761 3017 2987
f 2987 3017 3014
f 2990 3014 3019
f 3014 3018 3019
f 2999 3019 3007
f 3007 3019 3018
f 2858 3023 3020
f 3020 3023 3024
f 2858 3020 3021
f 3009 3021 3020
f 3007 3009 3022
f 3009 3020 3022
f 2999 3007 3022
f 3020 3024 3022
f 2991 3022 3024
f 2991 2999 3022
f 2992 3024 3023
f 2838 2992 3023
f 3027 3032 3028
f 2760 3025 2904
f 3025 3027 3026
f 2904 3025 3026
f 2797 3027 3025
f 2797 3031 3027
f 3026 3027 3028
f 3028 3029 3030
f 3028 3032 3034
f 2994 3029 3034
f 3028 3034 3029
f 2906 3026 3030
f 3026 3028 3030
f 3027 3031 3032
f 2803 3033 3031
f 3031 3033 3032
f 2988 3032 3033
f 2761 3033 2803
f 2988 3034 3032
f 3029 3035 3030
f 3029 3036 3035
f 2923 3035 3036
f 2994 3036 3029
f 2923 3036 2996
f 3037 3044 3041
f 3038 3042 3048
f 3037 3042 3038
f 3037 3038 3046
f 2836 3039 2868
f 2868 3039 3040
f 2952 3041 3039
f 3039 3041 3040
f 3040 3041 3044
f 2952 2953 3042
f 2952 3042 3041
f 2953 3048 3042
f 3037 3041 3042
f 3043 3045 3044
f 2874 3040 3044
f 2874 3044 3045
f 3037 3043 3044
f 2992 3045 3043
f 3037 3046 3043
f 2993 3043 3046
f 3038 3048 3047
f 2959 3047 3048
f 2995 3038 3047
f 2995 3046 3038
f 2995 3047 2998
f 2961 2998 3047
f 342 340 1110
f 341 342 1110
f 341 1110 348
f 349 348 1110
f 349 1110 350
f 351 350 1110
f 344 1874 343
f 344 345 1874
f 343 1874 363
f 356 1874 345
f 356 357 1874
f 358 1874 357
f 358 359 1874
f 340 360 1130
f 362 1130 360
f 362 361 1130
f 361 377 1130
f 377 378 1130
f 378 379 1130
f 379 380 1130
f 364 363 1928
f 364 1928 365
f 365 1928 383
f 383 1928 384
f 384 1928 385
f 385 1928 386
f 351 1110 1093
f 340 1130 1110
f 1093 1095 1094
f 1093 1096 1095
f 1093 1108 1096
f 1093 1109 1108
f 1109 1093 1110
f 1112 1111 2619
f 1112 2619 1113
f 1118 1113 2619
f 1119 1118 2619
f 1119 2619 1120
f 1121 1120 2619
f 380 1122 1123
f 380 1123 1124
f 380 1124 1125
f 380 1125 1128
f 1129 380 1128
f 1129 1130 380
f 1132 1148 1131
f 1148 1132 1133
f 1133 1145 1148
f 1145 1146 1148
f 1148 1146 1147
f 1111 1131 2706
f 2690 1131 1148
f 359 1857 1858
f 359 1858 1859
f 359 1859 1860
f 359 1860 1872
f 1873 359 1872
f 1873 1874 359
f 1876 1883 1875
f 1876 1877 1883
f 1877 1880 1883
f 1881 1883 1880
f 1881 1882 1883
f 2625 1875 1883
f 1939 1875 2645
f 1928 363 1929
f 1929 363 1930
f 1930 363 1931
f 1931 363 1936
f 363 1874 1938
f 1937 1936 363
f 1937 363 1938
f 1940 1939 2698
f 1940 2698 1941
f 1953 1941 2698
f 1953 2698 1954
f 1954 2698 1955
f 1955 2698 1956
f 2620 2619 1111
f 2620 1111 2621
f 2621 1111 2622
f 2640 2622 1111
f 2640 1111 2641
f 2641 1111 2642
f 1111 2706 2642
f 2626 1875 2625
f 2626 2627 1875
f 2627 2628 1875
f 2644 1875 2628
f 2644 2643 1875
f 2643 2645 1875
f 2690 2691 1131
f 2692 1131 2691
f 2692 2693 1131
f 2693 2704 1131
f 2705 1131 2704
f 2705 2706 1131
f 2698 1939 2699
f 2699 1939 2700
f 2701 2700 1939
f 2701 1939 2708
f 1939 2645 2709
f 2708 1939 2707
f 2707 1939 2709

