# https://github.com/mikedh/trimesh
v -0.05644972 -0.02431744 -0.01363545
v -0.05632038 -0.02472023 -0.01342627
v -0.05668956 -0.02453499 -0.01335179
v -0.05681058 -0.02412394 -0.01354761
v -0.05710782 -0.02431125 -0.01322683
v -0.05555935 -0.02400333 -0.01417601
v -0.05439455 -0.02443779 -0.01415909
v -0.05439490 -0.02407219 -0.01435756
v -0.05517609 -0.02416160 -0.01419523
v -0.05478720 -0.02430665 -0.01418958
v -0.05400000 -0.02455439 -0.01410391
v -0.05400000 -0.02419395 -0.01430979
v -0.05488448 -0.02496937 -0.01374102
v -0.05448652 -0.02509385 -0.01370306
v -0.05577603 -0.02528447 -0.01321386
v -0.05537340 -0.02543392 -0.01322389
v -0.05593285 -0.02490215 -0.01347203
v -0.05553108 -0.02506556 -0.01349661
v -0.05616955 -0.02511511 -0.01318222
v -0.05472687 -0.02533769 -0.01346836
v -0.05496373 -0.02556268 -0.01321228
v -0.05448344 -0.02560373 -0.01325381
v -0.05512459 -0.02520747 -0.01349871
v -0.05542337 -0.02442526 -0.01398215
v -0.05607692 -0.02449673 -0.01370071
v -0.05568192 -0.02467065 -0.01374067
v -0.05582281 -0.02425735 -0.01395105
v -0.05619616 -0.02408186 -0.01389739
v -0.05503519 -0.02457481 -0.01398487
v -0.05463896 -0.02471115 -0.01396266
v -0.05527814 -0.02482751 -0.01375590
v -0.05424384 -0.02483233 -0.01391524
v -0.05400000 -0.02510606 -0.01371860
v -0.05424385 -0.02536530 -0.01349632
v -0.05400000 -0.02561744 -0.01326769
v -0.05648563 -0.02581007 -0.01222070
v -0.05672394 -0.02594761 -0.01181058
v -0.05629610 -0.02611539 -0.01191427
v -0.05649358 -0.02621810 -0.01156281
v -0.05713499 -0.02575179 -0.01168956
v -0.05691744 -0.02603545 -0.01144972
v -0.05639862 -0.02529669 -0.01288104
v -0.05655195 -0.02492671 -0.01312915
v -0.05682550 -0.02511545 -0.01276988
v -0.05724390 -0.02489171 -0.01264487
v -0.05749171 -0.02504487 -0.01224390
v -0.05666374 -0.02547386 -0.01250829
v -0.05708025 -0.02527947 -0.01238552
v -0.05738553 -0.02448025 -0.01287947
v -0.05750829 -0.02406374 -0.01307386
v -0.05776988 -0.02422550 -0.01271545
v -0.05697865 -0.02471451 -0.01301767
v -0.05764487 -0.02464390 -0.01249171
v -0.05801767 -0.02437865 -0.01231451
v -0.05822683 -0.02450782 -0.01191125
v -0.05835180 -0.02408956 -0.01213499
v -0.05841007 -0.02462070 -0.01148564
v -0.05854761 -0.02421058 -0.01172394
v -0.05731451 -0.02541767 -0.01197865
v -0.05771545 -0.02516988 -0.01182550
v -0.05691125 -0.02562683 -0.01210782
v -0.05789669 -0.02528104 -0.01139861
v -0.05752671 -0.02552915 -0.01155195
v -0.05807386 -0.02490829 -0.01166374
v -0.05787947 -0.02478553 -0.01208025
v -0.05519599 -0.02576775 -0.01293603
v -0.05472716 -0.02583332 -0.01297705
v -0.05448685 -0.02608123 -0.01272144
v -0.05583128 -0.02580876 -0.01263445
v -0.05542252 -0.02595191 -0.01264095
v -0.05604861 -0.02596244 -0.01231472
v -0.05564224 -0.02611429 -0.01232844
v -0.05518365 -0.02620902 -0.01238708
v -0.05471447 -0.02627302 -0.01242684
v -0.05495768 -0.02603104 -0.01269273
v -0.05424406 -0.02586097 -0.01300501
v -0.05400000 -0.02609671 -0.01273375
v -0.05424405 -0.02630514 -0.01244675
v -0.05518936 -0.02661121 -0.01172557
v -0.05471853 -0.02667607 -0.01176529
v -0.05496604 -0.02682903 -0.01136482
v -0.05449394 -0.02687789 -0.01139764
v -0.05540067 -0.02636288 -0.01206723
v -0.05585410 -0.02625410 -0.01200000
v -0.05493861 -0.02644107 -0.01211555
v -0.05447076 -0.02648817 -0.01214466
v -0.05605709 -0.02637068 -0.01165720
v -0.05564816 -0.02651584 -0.01166678
v -0.05424780 -0.02670856 -0.01178528
v -0.05400000 -0.02689655 -0.01140581
v -0.05400000 -0.02650391 -0.01215439
v -0.05560429 -0.02563142 -0.01293972
v -0.05600815 -0.02547348 -0.01292098
v -0.05623049 -0.02564264 -0.01260901
v -0.05631544 -0.02324596 -0.01421835
v -0.05631712 -0.02283206 -0.01434604
v -0.05666678 -0.02304816 -0.01411584
v -0.05636482 -0.02236604 -0.01442903
v -0.05672557 -0.02258936 -0.01421121
v -0.05821228 -0.02236373 -0.01316268
v -0.05630168 -0.02365023 -0.01406347
v -0.05691427 -0.02369610 -0.01371539
v -0.05656281 -0.02389359 -0.01381810
v -0.05700000 -0.02325410 -0.01385410
v -0.05665720 -0.02345709 -0.01397068
v -0.05722070 -0.02388564 -0.01341007
v -0.05760901 -0.02363049 -0.01324264
v -0.05731472 -0.02344861 -0.01356244
v -0.05763445 -0.02323128 -0.01340877
v -0.05732844 -0.02304224 -0.01371429
v -0.05769274 -0.02235768 -0.01363104
v -0.05738708 -0.02258365 -0.01380902
v -0.05706723 -0.02280067 -0.01396288
v -0.05711555 -0.02233861 -0.01404107
v -0.05764095 -0.02282252 -0.01355191
v -0.05793972 -0.02300429 -0.01323142
v -0.05793604 -0.02259599 -0.01336775
v -0.05639764 -0.02189394 -0.01447789
v -0.05676529 -0.02211853 -0.01427607
v -0.05714466 -0.02187075 -0.01408817
v -0.05678528 -0.02164779 -0.01430856
v -0.05640581 -0.02140000 -0.01449655
v -0.05715439 -0.02140000 -0.01410391
v -0.05825381 -0.02188344 -0.01320373
v -0.05826769 -0.02140000 -0.01321744
v -0.05742684 -0.02211447 -0.01387302
v -0.05772144 -0.02188685 -0.01368123
v -0.05744675 -0.02164405 -0.01390514
v -0.05797705 -0.02212716 -0.01343332
v -0.05800501 -0.02164406 -0.01346097
v -0.05773375 -0.02140000 -0.01369671
v -0.05478993 -0.02354937 -0.01454583
v -0.05479542 -0.02313958 -0.01468693
v -0.05439625 -0.02330067 -0.01467719
v -0.05557596 -0.02361111 -0.01435045
v -0.05593515 -0.02383260 -0.01413202
v -0.05558450 -0.02320755 -0.01449747
v -0.05594918 -0.02343525 -0.01429702
v -0.05517847 -0.02378410 -0.01437841
v -0.05479049 -0.02393418 -0.01438080
v -0.05439593 -0.02369033 -0.01453151
v -0.05519032 -0.02338364 -0.01453609
v -0.05558491 -0.02279473 -0.01461630
v -0.05595318 -0.02260713 -0.01454328
v -0.05557719 -0.02237476 -0.01470634
v -0.05479676 -0.02272070 -0.01479836
v -0.05439940 -0.02288395 -0.01479986
v -0.05519456 -0.02296930 -0.01466660
v -0.05439963 -0.02247757 -0.01488890
v -0.05479954 -0.02230929 -0.01487656
v -0.05519002 -0.02255068 -0.01476713
v -0.05595557 -0.02302376 -0.01443499
v -0.05400000 -0.02343474 -0.01464445
v -0.05400000 -0.02382013 -0.01449026
v -0.05400000 -0.02303960 -0.01477163
v -0.05400000 -0.02263662 -0.01487118
v -0.05599405 -0.02213680 -0.01461078
v -0.05559311 -0.02188901 -0.01476393
v -0.05600484 -0.02164781 -0.01464971
v -0.05519148 -0.02213638 -0.01483422
v -0.05440026 -0.02206231 -0.01494989
v -0.05479843 -0.02189345 -0.01492613
v -0.05520221 -0.02164751 -0.01487311
v -0.05440045 -0.02164749 -0.01498150
v -0.05559843 -0.02140000 -0.01478317
v -0.05480114 -0.02140000 -0.01494627
v -0.05400000 -0.02222771 -0.01494263
v -0.05400000 -0.02181485 -0.01498564
v -0.05400000 -0.02140000 -0.01500000
v -0.05818222 -0.02356955 -0.01271511
v -0.05821386 -0.02317603 -0.01288447
v -0.05812915 -0.02395195 -0.01252671
v -0.05842627 -0.02372038 -0.01232023
v -0.05847203 -0.02333285 -0.01250215
v -0.05822390 -0.02277340 -0.01303392
v -0.05849871 -0.02252459 -0.01280748
v -0.05849661 -0.02293108 -0.01266556
v -0.05874067 -0.02308192 -0.01227065
v -0.05874102 -0.02228448 -0.01256937
v -0.05875590 -0.02267814 -0.01242751
v -0.05788104 -0.02379861 -0.01289669
v -0.05792098 -0.02340815 -0.01307348
v -0.05863545 -0.02384972 -0.01191744
v -0.05870071 -0.02347692 -0.01209673
v -0.05895105 -0.02322281 -0.01185735
v -0.05913202 -0.02333515 -0.01143260
v -0.05889739 -0.02359616 -0.01168186
v -0.05881809 -0.02396281 -0.01149359
v -0.05898215 -0.02282337 -0.01202526
v -0.05898487 -0.02243519 -0.01217481
v -0.05917601 -0.02295935 -0.01160333
v -0.05919523 -0.02257609 -0.01176160
v -0.05937840 -0.02257847 -0.01138410
v -0.05846836 -0.02212686 -0.01293769
v -0.05849632 -0.02164385 -0.01296530
v -0.05870306 -0.02188652 -0.01269385
v -0.05896266 -0.02203896 -0.01231115
v -0.05891525 -0.02164384 -0.01243233
v -0.05871860 -0.02140000 -0.01270606
v -0.05918958 -0.02218720 -0.01190665
v -0.05915909 -0.02179454 -0.01203779
v -0.05938080 -0.02219049 -0.01153418
v -0.05935756 -0.02179490 -0.01167219
v -0.05910391 -0.02140000 -0.01215439
v -0.05930979 -0.02140000 -0.01179395
v -0.05949026 -0.02140000 -0.01142013
v -0.05660333 -0.02657601 -0.01055935
v -0.05732023 -0.02582627 -0.01132038
v -0.05750215 -0.02587203 -0.01093285
v -0.05625023 -0.02646347 -0.01130168
v -0.05668186 -0.02629740 -0.01119616
v -0.05643260 -0.02653202 -0.01093515
v -0.05709673 -0.02610071 -0.01107692
v -0.05727065 -0.02614067 -0.01068192
v -0.05766556 -0.02589661 -0.01053108
v -0.05685735 -0.02635105 -0.01082281
v -0.05702526 -0.02638215 -0.01042337
v -0.05638411 -0.02677841 -0.01017847
v -0.05676160 -0.02659523 -0.01017609
v -0.05690665 -0.02658958 -0.00978720
v -0.05653418 -0.02678080 -0.00979049
v -0.05742751 -0.02615589 -0.01027814
v -0.05780748 -0.02589871 -0.01012459
v -0.05717481 -0.02638487 -0.01003519
v -0.05756937 -0.02614102 -0.00988448
v -0.05731115 -0.02636266 -0.00963896
v -0.05793769 -0.02586836 -0.00972686
v -0.05824264 -0.02500901 -0.01123049
v -0.05823142 -0.02533972 -0.01060429
v -0.05840877 -0.02503445 -0.01083128
v -0.05855191 -0.02504095 -0.01042252
v -0.05856244 -0.02471472 -0.01104861
v -0.05871539 -0.02431427 -0.01129610
v -0.05897068 -0.02405720 -0.01105709
v -0.05911584 -0.02406678 -0.01064816
v -0.05871429 -0.02472844 -0.01064224
v -0.05885410 -0.02440000 -0.01085410
v -0.05771511 -0.02558222 -0.01116955
v -0.05807348 -0.02532098 -0.01100815
v -0.05788447 -0.02561386 -0.01077603
v -0.05836775 -0.02533603 -0.01019599
v -0.05816268 -0.02561228 -0.00996373
v -0.05863104 -0.02509274 -0.00995768
v -0.05843332 -0.02537705 -0.00972716
v -0.05921121 -0.02412557 -0.01018936
v -0.05880902 -0.02478708 -0.01018365
v -0.05896289 -0.02446723 -0.01040067
v -0.05927607 -0.02416529 -0.00971853
v -0.05904107 -0.02451555 -0.00993861
v -0.05887302 -0.02482684 -0.00971447
v -0.05803392 -0.02562390 -0.01037340
v -0.05584596 -0.02661835 -0.01131544
v -0.05543206 -0.02674604 -0.01131712
v -0.05603525 -0.02669702 -0.01094918
v -0.05562376 -0.02683499 -0.01095557
v -0.05473680 -0.02701078 -0.01099405
v -0.05520713 -0.02694328 -0.01095318
v -0.05539473 -0.02701630 -0.01058491
v -0.05580755 -0.02689747 -0.01058450
v -0.05621111 -0.02675045 -0.01057596
v -0.05497476 -0.02710634 -0.01057719
v -0.05448901 -0.02716393 -0.01059311
v -0.05424781 -0.02704971 -0.01100484
v -0.05400000 -0.02718317 -0.01059843
v -0.05556930 -0.02706660 -0.01019456
v -0.05598364 -0.02693609 -0.01019032
v -0.05515068 -0.02716713 -0.01019002
v -0.05473638 -0.02723422 -0.01019148
v -0.05532070 -0.02719836 -0.00979675
v -0.05573958 -0.02708693 -0.00979542
v -0.05614937 -0.02694583 -0.00978993
v -0.05490929 -0.02727656 -0.00979954
v -0.05449345 -0.02732613 -0.00979843
v -0.05424751 -0.02727311 -0.01020221
v -0.05400000 -0.02734627 -0.00980114
v -0.05703779 -0.02655909 -0.00939455
v -0.05629033 -0.02693151 -0.00939593
v -0.05667219 -0.02675756 -0.00939490
v -0.05679395 -0.02670979 -0.00900000
v -0.05642013 -0.02689026 -0.00900000
v -0.05743233 -0.02631524 -0.00924384
v -0.05769385 -0.02610306 -0.00948652
v -0.05796530 -0.02589632 -0.00924385
v -0.05770605 -0.02611860 -0.00900000
v -0.05715439 -0.02650391 -0.00900000
v -0.05820373 -0.02565381 -0.00948344
v -0.05846097 -0.02540501 -0.00924406
v -0.05868123 -0.02512144 -0.00948685
v -0.05890514 -0.02484675 -0.00924405
v -0.05821744 -0.02566769 -0.00900000
v -0.05869671 -0.02513375 -0.00900000
v -0.05908817 -0.02454466 -0.00947075
v -0.05930856 -0.02418528 -0.00924779
v -0.05910391 -0.02455439 -0.00900000
v -0.05590067 -0.02707719 -0.00939625
v -0.05548396 -0.02719986 -0.00939940
v -0.05507758 -0.02728890 -0.00939963
v -0.05466231 -0.02734989 -0.00940026
v -0.05603474 -0.02704445 -0.00900000
v -0.05563960 -0.02717163 -0.00900000
v -0.05523662 -0.02727118 -0.00900000
v -0.05482771 -0.02734263 -0.00900000
v -0.05441485 -0.02738564 -0.00900000
v -0.05424749 -0.02738150 -0.00940045
v -0.05400000 -0.02740000 -0.00900000
v -0.05906347 -0.02370168 -0.01125023
v -0.05929702 -0.02334918 -0.01103525
v -0.05921835 -0.02371544 -0.01084596
v -0.05934604 -0.02371712 -0.01043206
v -0.05943499 -0.02335557 -0.01062376
v -0.05935045 -0.02297596 -0.01121111
v -0.05953609 -0.02259032 -0.01098364
v -0.05949746 -0.02298450 -0.01080755
v -0.05966660 -0.02259457 -0.01056930
v -0.05942903 -0.02376482 -0.00996604
v -0.05954328 -0.02335318 -0.01020713
v -0.05947790 -0.02379764 -0.00949394
v -0.05961078 -0.02339405 -0.00973680
v -0.05961630 -0.02298491 -0.01039473
v -0.05970634 -0.02297719 -0.00997476
v -0.05976713 -0.02259002 -0.01015068
v -0.05976393 -0.02299311 -0.00948901
v -0.05983422 -0.02259148 -0.00973638
v -0.05954583 -0.02218993 -0.01114937
v -0.05953151 -0.02179593 -0.01129033
v -0.05967719 -0.02179625 -0.01090067
v -0.05968693 -0.02219542 -0.01073958
v -0.05979986 -0.02179940 -0.01048395
v -0.05964445 -0.02140000 -0.01103474
v -0.05977163 -0.02140000 -0.01063960
v -0.05979836 -0.02219675 -0.01032070
v -0.05988890 -0.02179963 -0.01007758
v -0.05987656 -0.02219954 -0.00990929
v -0.05992613 -0.02219843 -0.00949345
v -0.05994989 -0.02180026 -0.00966231
v -0.05987118 -0.02140000 -0.01023662
v -0.05994263 -0.02140000 -0.00982771
v -0.05964971 -0.02340484 -0.00924781
v -0.05949655 -0.02380581 -0.00900000
v -0.05987311 -0.02260221 -0.00924751
v -0.05978317 -0.02299843 -0.00900000
v -0.05998150 -0.02180045 -0.00924749
v -0.05994627 -0.02220114 -0.00900000
v -0.05998564 -0.02140000 -0.00941485
v -0.06000000 -0.02140000 -0.00900000
v -0.04770000 -0.02740000 -0.00550000
v -0.05679395 -0.02670979 0.00840000
v -0.05642013 -0.02689026 0.00840000
v -0.05703779 -0.02655909 0.00879455
v -0.05629033 -0.02693151 0.00879593
v -0.05667219 -0.02675756 0.00879490
v -0.05770605 -0.02611860 0.00840000
v -0.05715439 -0.02650391 0.00840000
v -0.05743233 -0.02631524 0.00864384
v -0.05796530 -0.02589632 0.00864385
v -0.05769385 -0.02610306 0.00888652
v -0.05821744 -0.02566769 0.00840000
v -0.05869671 -0.02513375 0.00840000
v -0.05846097 -0.02540501 0.00864406
v -0.05820373 -0.02565381 0.00888344
v -0.05890514 -0.02484675 0.00864405
v -0.05868123 -0.02512144 0.00888685
v -0.05910391 -0.02455439 0.00840000
v -0.05908817 -0.02454466 0.00887075
v -0.05930856 -0.02418528 0.00864779
v -0.05603474 -0.02704445 0.00840000
v -0.05563960 -0.02717163 0.00840000
v -0.05523662 -0.02727118 0.00840000
v -0.05482771 -0.02734263 0.00840000
v -0.05441485 -0.02738564 0.00840000
v -0.05590067 -0.02707719 0.00879625
v -0.05548396 -0.02719986 0.00879940
v -0.05507758 -0.02728890 0.00879963
v -0.05466231 -0.02734989 0.00880026
v -0.05400000 -0.02740000 0.00840000
v -0.05424749 -0.02738150 0.00880045
v -0.05690665 -0.02658958 0.00918720
v -0.05653418 -0.02678080 0.00919049
v -0.05676160 -0.02659523 0.00957609
v -0.05638411 -0.02677841 0.00957847
v -0.05731115 -0.02636266 0.00903896
v -0.05756937 -0.02614102 0.00928448
v -0.05793769 -0.02586836 0.00912686
v -0.05742751 -0.02615589 0.00967814
v -0.05780748 -0.02589871 0.00952459
v -0.05717481 -0.02638487 0.00943519
v -0.05660333 -0.02657601 0.00995935
v -0.05727065 -0.02614067 0.01008192
v -0.05766556 -0.02589661 0.00993108
v -0.05702526 -0.02638215 0.00982337
v -0.05685735 -0.02635105 0.01022281
v -0.05750215 -0.02587203 0.01033285
v -0.05732023 -0.02582627 0.01072038
v -0.05643260 -0.02653202 0.01033515
v -0.05625023 -0.02646347 0.01070168
v -0.05668186 -0.02629740 0.01059616
v -0.05709673 -0.02610071 0.01047692
v -0.05843332 -0.02537705 0.00912716
v -0.05816268 -0.02561228 0.00936373
v -0.05836775 -0.02533603 0.00959599
v -0.05863104 -0.02509274 0.00935768
v -0.05927607 -0.02416529 0.00911853
v -0.05887302 -0.02482684 0.00911447
v -0.05904107 -0.02451555 0.00933861
v -0.05921121 -0.02412557 0.00958936
v -0.05880902 -0.02478708 0.00958365
v -0.05896289 -0.02446723 0.00980067
v -0.05803392 -0.02562390 0.00977340
v -0.05823142 -0.02533972 0.01000429
v -0.05855191 -0.02504095 0.00982252
v -0.05840877 -0.02503445 0.01023128
v -0.05824264 -0.02500901 0.01063049
v -0.05911584 -0.02406678 0.01004816
v -0.05871429 -0.02472844 0.01004224
v -0.05885410 -0.02440000 0.01025410
v -0.05856244 -0.02471472 0.01044861
v -0.05897068 -0.02405720 0.01045709
v -0.05871539 -0.02431427 0.01069610
v -0.05788447 -0.02561386 0.01017603
v -0.05807348 -0.02532098 0.01040815
v -0.05771511 -0.02558222 0.01056955
v -0.05532070 -0.02719836 0.00919675
v -0.05573958 -0.02708693 0.00919542
v -0.05614937 -0.02694583 0.00918993
v -0.05490929 -0.02727656 0.00919954
v -0.05449345 -0.02732613 0.00919843
v -0.05556930 -0.02706660 0.00959456
v -0.05598364 -0.02693609 0.00959032
v -0.05515068 -0.02716713 0.00959002
v -0.05473638 -0.02723422 0.00959148
v -0.05400000 -0.02734627 0.00920114
v -0.05424751 -0.02727311 0.00960221
v -0.05539473 -0.02701630 0.00998491
v -0.05580755 -0.02689747 0.00998450
v -0.05621111 -0.02675045 0.00997596
v -0.05497476 -0.02710634 0.00997719
v -0.05448901 -0.02716393 0.00999311
v -0.05603525 -0.02669702 0.01034918
v -0.05562376 -0.02683499 0.01035557
v -0.05584596 -0.02661835 0.01071544
v -0.05543206 -0.02674604 0.01071712
v -0.05473680 -0.02701078 0.01039405
v -0.05520713 -0.02694328 0.01035318
v -0.05400000 -0.02718317 0.00999843
v -0.05424781 -0.02704971 0.01040484
v -0.05949655 -0.02380581 0.00840000
v -0.05964971 -0.02340484 0.00864781
v -0.05978317 -0.02299843 0.00840000
v -0.05987311 -0.02260221 0.00864751
v -0.05994627 -0.02220114 0.00840000
v -0.05998150 -0.02180045 0.00864749
v -0.06000000 -0.02140000 0.00840000
v -0.05998564 -0.02140000 0.00881485
v -0.05947790 -0.02379764 0.00889394
v -0.05961078 -0.02339405 0.00913680
v -0.05942903 -0.02376482 0.00936604
v -0.05954328 -0.02335318 0.00960713
v -0.05976393 -0.02299311 0.00888901
v -0.05983422 -0.02259148 0.00913638
v -0.05970634 -0.02297719 0.00937476
v -0.05961630 -0.02298491 0.00979473
v -0.05976713 -0.02259002 0.00955068
v -0.05934604 -0.02371712 0.00983206
v -0.05921835 -0.02371544 0.01024596
v -0.05943499 -0.02335557 0.01002376
v -0.05906347 -0.02370168 0.01065023
v -0.05929702 -0.02334918 0.01043525
v -0.05949746 -0.02298450 0.01020755
v -0.05966660 -0.02259457 0.00996930
v -0.05935045 -0.02297596 0.01061111
v -0.05953609 -0.02259032 0.01038364
v -0.05992613 -0.02219843 0.00889345
v -0.05987656 -0.02219954 0.00930929
v -0.05994989 -0.02180026 0.00906231
v -0.05979836 -0.02219675 0.00972070
v -0.05988890 -0.02179963 0.00947758
v -0.05994263 -0.02140000 0.00922771
v -0.05987118 -0.02140000 0.00963662
v -0.05968693 -0.02219542 0.01013958
v -0.05979986 -0.02179940 0.00988395
v -0.05954583 -0.02218993 0.01054937
v -0.05967719 -0.02179625 0.01030067
v -0.05953151 -0.02179593 0.01069033
v -0.05977163 -0.02140000 0.01003960
v -0.05964445 -0.02140000 0.01043473
v -0.04770000 -0.02740000 0.00840000
v -0.04770000 -0.02738150 0.00880045
v -0.04770000 -0.02734627 0.00920114
v -0.04770000 -0.02727311 0.00960221
v -0.04770000 -0.02718317 0.00999843
v -0.04770000 -0.02704971 0.01040484
v -0.05649358 -0.02621810 0.01096281
v -0.05691744 -0.02603545 0.01084972
v -0.05713499 -0.02575179 0.01108956
v -0.05672394 -0.02594761 0.01121058
v -0.05629610 -0.02611539 0.01131427
v -0.05648563 -0.02581007 0.01162070
v -0.05841007 -0.02462070 0.01088564
v -0.05854761 -0.02421058 0.01112394
v -0.05822683 -0.02450782 0.01131125
v -0.05835180 -0.02408956 0.01153499
v -0.05789669 -0.02528104 0.01079861
v -0.05752671 -0.02552915 0.01095195
v -0.05807386 -0.02490829 0.01106374
v -0.05731451 -0.02541767 0.01137865
v -0.05771545 -0.02516988 0.01122550
v -0.05691125 -0.02562683 0.01150782
v -0.05787947 -0.02478553 0.01148025
v -0.05749171 -0.02504487 0.01164390
v -0.05724390 -0.02489171 0.01204487
v -0.05708025 -0.02527947 0.01178552
v -0.05666374 -0.02547386 0.01190829
v -0.05639862 -0.02529669 0.01228104
v -0.05682550 -0.02511545 0.01216988
v -0.05655195 -0.02492671 0.01252915
v -0.05764487 -0.02464390 0.01189171
v -0.05801767 -0.02437865 0.01171451
v -0.05738553 -0.02448025 0.01227947
v -0.05776988 -0.02422550 0.01211545
v -0.05750829 -0.02406374 0.01247386
v -0.05697865 -0.02471451 0.01241767
v -0.05496604 -0.02682903 0.01076482
v -0.05449394 -0.02687789 0.01079764
v -0.05518936 -0.02661121 0.01112557
v -0.05471853 -0.02667607 0.01116529
v -0.05605709 -0.02637068 0.01105720
v -0.05564816 -0.02651584 0.01106678
v -0.05585410 -0.02625410 0.01140000
v -0.05540067 -0.02636288 0.01146723
v -0.05493861 -0.02644107 0.01151555
v -0.05447076 -0.02648817 0.01154466
v -0.05400000 -0.02689655 0.01080581
v -0.05424780 -0.02670856 0.01118528
v -0.05400000 -0.02650391 0.01155439
v -0.05604861 -0.02596244 0.01171472
v -0.05564224 -0.02611429 0.01172844
v -0.05583128 -0.02580876 0.01203445
v -0.05542252 -0.02595191 0.01204095
v -0.05518365 -0.02620902 0.01178708
v -0.05471447 -0.02627302 0.01182684
v -0.05495768 -0.02603104 0.01209273
v -0.05448685 -0.02608123 0.01212144
v -0.05519599 -0.02576775 0.01233603
v -0.05472716 -0.02583332 0.01237705
v -0.05424405 -0.02630514 0.01184675
v -0.05400000 -0.02609671 0.01213375
v -0.05424406 -0.02586097 0.01240501
v -0.05623049 -0.02564264 0.01200901
v -0.05600815 -0.02547348 0.01232098
v -0.05560429 -0.02563142 0.01233972
v -0.05668956 -0.02453499 0.01275179
v -0.05632038 -0.02472023 0.01282627
v -0.05710782 -0.02431125 0.01262683
v -0.05681058 -0.02412394 0.01294761
v -0.05644972 -0.02431744 0.01303545
v -0.05577603 -0.02528447 0.01261386
v -0.05537340 -0.02543392 0.01262389
v -0.05616955 -0.02511511 0.01258222
v -0.05593285 -0.02490215 0.01287203
v -0.05553108 -0.02506556 0.01289661
v -0.05496373 -0.02556268 0.01261228
v -0.05448344 -0.02560373 0.01265381
v -0.05472687 -0.02533769 0.01286836
v -0.05512459 -0.02520747 0.01289871
v -0.05488448 -0.02496937 0.01314102
v -0.05448652 -0.02509385 0.01310306
v -0.05607692 -0.02449673 0.01310071
v -0.05568192 -0.02467065 0.01314067
v -0.05542337 -0.02442526 0.01338215
v -0.05582281 -0.02425735 0.01335105
v -0.05619616 -0.02408186 0.01329739
v -0.05527814 -0.02482751 0.01315590
v -0.05503519 -0.02457481 0.01338487
v -0.05463896 -0.02471115 0.01336266
v -0.05400000 -0.02561744 0.01266769
v -0.05424385 -0.02536530 0.01289632
v -0.05400000 -0.02510606 0.01311860
v -0.05424384 -0.02483233 0.01331524
v -0.05555935 -0.02400333 0.01357601
v -0.05439455 -0.02443779 0.01355909
v -0.05517609 -0.02416160 0.01359523
v -0.05478720 -0.02430665 0.01358958
v -0.05439490 -0.02407219 0.01375756
v -0.05400000 -0.02455439 0.01350390
v -0.05400000 -0.02419395 0.01370979
v -0.05913202 -0.02333515 0.01083260
v -0.05881809 -0.02396281 0.01089359
v -0.05889739 -0.02359616 0.01108186
v -0.05863545 -0.02384972 0.01131744
v -0.05895105 -0.02322281 0.01125735
v -0.05870071 -0.02347692 0.01149673
v -0.05917601 -0.02295935 0.01100333
v -0.05937840 -0.02257847 0.01078410
v -0.05919523 -0.02257609 0.01116160
v -0.05898215 -0.02282337 0.01142526
v -0.05898487 -0.02243519 0.01157481
v -0.05842627 -0.02372038 0.01172023
v -0.05812915 -0.02395195 0.01192671
v -0.05847203 -0.02333285 0.01190215
v -0.05818222 -0.02356955 0.01211511
v -0.05821386 -0.02317603 0.01228447
v -0.05874067 -0.02308192 0.01167065
v -0.05849661 -0.02293108 0.01206555
v -0.05875590 -0.02267814 0.01182751
v -0.05874102 -0.02228448 0.01196937
v -0.05822390 -0.02277340 0.01243392
v -0.05849871 -0.02252459 0.01220748
v -0.05788104 -0.02379861 0.01229669
v -0.05792098 -0.02340815 0.01247348
v -0.05938080 -0.02219049 0.01093418
v -0.05935756 -0.02179490 0.01107219
v -0.05918958 -0.02218720 0.01130665
v -0.05915909 -0.02179454 0.01143779
v -0.05949026 -0.02140000 0.01082013
v -0.05930979 -0.02140000 0.01119395
v -0.05910391 -0.02140000 0.01155439
v -0.05896266 -0.02203896 0.01171115
v -0.05870306 -0.02188652 0.01209385
v -0.05891525 -0.02164384 0.01183233
v -0.05846836 -0.02212686 0.01233769
v -0.05849632 -0.02164385 0.01236530
v -0.05871860 -0.02140000 0.01210606
v -0.05821228 -0.02236373 0.01256268
v -0.05760901 -0.02363049 0.01264264
v -0.05722070 -0.02388564 0.01281007
v -0.05731472 -0.02344861 0.01296244
v -0.05763445 -0.02323128 0.01280877
v -0.05691427 -0.02369610 0.01311539
v -0.05656281 -0.02389359 0.01321810
v -0.05630168 -0.02365023 0.01346347
v -0.05700000 -0.02325410 0.01325410
v -0.05665720 -0.02345709 0.01337068
v -0.05793972 -0.02300429 0.01263142
v -0.05764095 -0.02282252 0.01295191
v -0.05793604 -0.02259599 0.01276775
v -0.05732844 -0.02304224 0.01311429
v -0.05769274 -0.02235768 0.01303104
v -0.05738708 -0.02258365 0.01320902
v -0.05706723 -0.02280067 0.01336288
v -0.05711555 -0.02233861 0.01344107
v -0.05631544 -0.02324596 0.01361835
v -0.05666678 -0.02304816 0.01351584
v -0.05631712 -0.02283206 0.01374604
v -0.05672557 -0.02258936 0.01361121
v -0.05636482 -0.02236604 0.01382903
v -0.05825381 -0.02188344 0.01260373
v -0.05826769 -0.02140000 0.01261744
v -0.05797705 -0.02212716 0.01283332
v -0.05800501 -0.02164406 0.01286097
v -0.05772144 -0.02188685 0.01308123
v -0.05742684 -0.02211447 0.01327302
v -0.05744675 -0.02164405 0.01330514
v -0.05773375 -0.02140000 0.01309671
v -0.05676529 -0.02211853 0.01367607
v -0.05714466 -0.02187075 0.01348817
v -0.05639764 -0.02189394 0.01387789
v -0.05678528 -0.02164779 0.01370856
v -0.05715439 -0.02140000 0.01350390
v -0.05640581 -0.02140000 0.01389655
v -0.05593515 -0.02383260 0.01353202
v -0.05557596 -0.02361111 0.01375045
v -0.05594918 -0.02343525 0.01369702
v -0.05558450 -0.02320755 0.01389746
v -0.05517847 -0.02378410 0.01377841
v -0.05479049 -0.02393418 0.01378080
v -0.05439593 -0.02369033 0.01393151
v -0.05519032 -0.02338364 0.01393609
v -0.05478993 -0.02354937 0.01394583
v -0.05479542 -0.02313958 0.01408693
v -0.05439625 -0.02330067 0.01407719
v -0.05595557 -0.02302376 0.01383499
v -0.05558491 -0.02279473 0.01401630
v -0.05595318 -0.02260713 0.01394328
v -0.05557719 -0.02237476 0.01410634
v -0.05519456 -0.02296930 0.01406660
v -0.05479676 -0.02272070 0.01419836
v -0.05439940 -0.02288395 0.01419986
v -0.05519002 -0.02255068 0.01416713
v -0.05439963 -0.02247757 0.01428890
v -0.05479954 -0.02230929 0.01427656
v -0.05400000 -0.02382013 0.01389026
v -0.05400000 -0.02343474 0.01404445
v -0.05400000 -0.02303960 0.01417163
v -0.05400000 -0.02263662 0.01427118
v -0.05599405 -0.02213680 0.01401078
v -0.05559311 -0.02188901 0.01416393
v -0.05600484 -0.02164781 0.01404971
v -0.05519148 -0.02213638 0.01423422
v -0.05440026 -0.02206231 0.01434989
v -0.05479843 -0.02189345 0.01432613
v -0.05520221 -0.02164751 0.01427311
v -0.05440045 -0.02164749 0.01438150
v -0.05559843 -0.02140000 0.01418317
v -0.05480114 -0.02140000 0.01434627
v -0.05400000 -0.02222771 0.01434263
v -0.05400000 -0.02181485 0.01438564
v -0.05400000 -0.02140000 0.01440000
v -0.04770000 -0.02689655 0.01080581
v -0.04770000 -0.02670856 0.01118528
v -0.04770000 -0.02650391 0.01155439
v -0.04770000 -0.02630514 0.01184675
v -0.04770000 -0.02609671 0.01213375
v -0.04770000 -0.02586097 0.01240501
v -0.04770000 -0.02561744 0.01266769
v -0.04770000 -0.02536530 0.01289632
v -0.04770000 -0.02510606 0.01311860
v -0.04770000 -0.02483233 0.01331524
v -0.04770000 -0.02455439 0.01350390
v -0.04770000 -0.02419395 0.01370979
v -0.04770000 -0.02382013 0.01389026
v -0.04770000 -0.02343474 0.01404445
v -0.04770000 -0.02303960 0.01417163
v -0.04770000 -0.02263662 0.01427118
v -0.04770000 -0.02222771 0.01434263
v -0.04770000 -0.02181485 0.01438564
v -0.04770000 -0.02140000 0.01440000
v -0.05640581 0.02140000 -0.01449655
v -0.05715439 0.02140000 -0.01410391
v -0.05678528 0.02164779 -0.01430856
v -0.05639764 0.02189394 -0.01447789
v -0.05714466 0.02187075 -0.01408817
v -0.05676529 0.02211853 -0.01427607
v -0.05826769 0.02140000 -0.01321744
v -0.05825381 0.02188344 -0.01320373
v -0.05773375 0.02140000 -0.01369671
v -0.05744675 0.02164405 -0.01390514
v -0.05742684 0.02211447 -0.01387302
v -0.05772144 0.02188685 -0.01368123
v -0.05800501 0.02164406 -0.01346097
v -0.05797705 0.02212716 -0.01343332
v -0.05636482 0.02236604 -0.01442903
v -0.05672557 0.02258936 -0.01421121
v -0.05631712 0.02283206 -0.01434604
v -0.05666678 0.02304816 -0.01411584
v -0.05631544 0.02324596 -0.01421835
v -0.05821228 0.02236373 -0.01316268
v -0.05769274 0.02235768 -0.01363104
v -0.05738708 0.02258365 -0.01380902
v -0.05732844 0.02304224 -0.01371429
v -0.05711555 0.02233861 -0.01404107
v -0.05706723 0.02280067 -0.01396288
v -0.05793604 0.02259599 -0.01336775
v -0.05764095 0.02282252 -0.01355191
v -0.05793972 0.02300429 -0.01323142
v -0.05700000 0.02325410 -0.01385410
v -0.05665720 0.02345709 -0.01397068
v -0.05630168 0.02365023 -0.01406347
v -0.05691427 0.02369610 -0.01371539
v -0.05656281 0.02389359 -0.01381810
v -0.05763445 0.02323128 -0.01340877
v -0.05731472 0.02344861 -0.01356244
v -0.05722070 0.02388564 -0.01341007
v -0.05760901 0.02363049 -0.01324264
v -0.05559843 0.02140000 -0.01478317
v -0.05480114 0.02140000 -0.01494627
v -0.05600484 0.02164781 -0.01464971
v -0.05599405 0.02213680 -0.01461078
v -0.05559311 0.02188901 -0.01476393
v -0.05520221 0.02164751 -0.01487311
v -0.05440045 0.02164749 -0.01498150
v -0.05519148 0.02213638 -0.01483422
v -0.05479843 0.02189345 -0.01492613
v -0.05440026 0.02206231 -0.01494989
v -0.05400000 0.02140000 -0.01500000
v -0.05400000 0.02181485 -0.01498564
v -0.05400000 0.02222771 -0.01494263
v -0.05595318 0.02260713 -0.01454328
v -0.05557719 0.02237476 -0.01470634
v -0.05558491 0.02279473 -0.01461630
v -0.05479954 0.02230929 -0.01487656
v -0.05439963 0.02247757 -0.01488890
v -0.05519002 0.02255068 -0.01476713
v -0.05479676 0.02272070 -0.01479836
v -0.05439940 0.02288395 -0.01479986
v -0.05519456 0.02296930 -0.01466660
v -0.05595557 0.02302376 -0.01443499
v -0.05479542 0.02313958 -0.01468693
v -0.05439625 0.02330067 -0.01467719
v -0.05478993 0.02354937 -0.01454583
v -0.05558450 0.02320755 -0.01449747
v -0.05594918 0.02343525 -0.01429702
v -0.05557596 0.02361111 -0.01435045
v -0.05593515 0.02383260 -0.01413202
v -0.05519032 0.02338364 -0.01453609
v -0.05517847 0.02378410 -0.01437841
v -0.05439593 0.02369033 -0.01453151
v -0.05479049 0.02393418 -0.01438080
v -0.05400000 0.02263662 -0.01487118
v -0.05400000 0.02303960 -0.01477163
v -0.05400000 0.02343474 -0.01464445
v -0.05400000 0.02382013 -0.01449026
v -0.05871860 0.02140000 -0.01270606
v -0.05849632 0.02164385 -0.01296530
v -0.05846836 0.02212686 -0.01293769
v -0.05891525 0.02164384 -0.01243233
v -0.05870306 0.02188652 -0.01269385
v -0.05896266 0.02203896 -0.01231115
v -0.05910391 0.02140000 -0.01215439
v -0.05930979 0.02140000 -0.01179395
v -0.05949026 0.02140000 -0.01142013
v -0.05915909 0.02179454 -0.01203779
v -0.05918958 0.02218720 -0.01190665
v -0.05935756 0.02179490 -0.01167219
v -0.05938080 0.02219049 -0.01153418
v -0.05849871 0.02252459 -0.01280748
v -0.05822390 0.02277340 -0.01303392
v -0.05874102 0.02228448 -0.01256937
v -0.05875590 0.02267814 -0.01242751
v -0.05849661 0.02293108 -0.01266556
v -0.05874067 0.02308192 -0.01227065
v -0.05821386 0.02317603 -0.01288447
v -0.05818222 0.02356955 -0.01271511
v -0.05847203 0.02333285 -0.01250215
v -0.05812915 0.02395195 -0.01252671
v -0.05842627 0.02372038 -0.01232023
v -0.05792098 0.02340815 -0.01307348
v -0.05788104 0.02379861 -0.01289669
v -0.05898487 0.02243519 -0.01217481
v -0.05898215 0.02282337 -0.01202526
v -0.05919523 0.02257609 -0.01176160
v -0.05937840 0.02257847 -0.01138410
v -0.05917601 0.02295935 -0.01160333
v -0.05870071 0.02347692 -0.01209673
v -0.05895105 0.02322281 -0.01185735
v -0.05863545 0.02384972 -0.01191744
v -0.05913202 0.02333515 -0.01143260
v -0.05889739 0.02359616 -0.01168186
v -0.05881809 0.02396281 -0.01149359
v -0.05644972 0.02431744 -0.01363545
v -0.05681058 0.02412394 -0.01354761
v -0.05710782 0.02431125 -0.01322683
v -0.05632038 0.02472023 -0.01342627
v -0.05668956 0.02453499 -0.01335179
v -0.05555935 0.02400333 -0.01417601
v -0.05439490 0.02407219 -0.01435756
v -0.05517609 0.02416160 -0.01419523
v -0.05478720 0.02430665 -0.01418958
v -0.05439455 0.02443779 -0.01415909
v -0.05400000 0.02419395 -0.01430979
v -0.05400000 0.02455439 -0.01410391
v -0.05619616 0.02408186 -0.01389739
v -0.05582281 0.02425735 -0.01395105
v -0.05542337 0.02442526 -0.01398215
v -0.05607692 0.02449673 -0.01370071
v -0.05568192 0.02467065 -0.01374067
v -0.05503519 0.02457481 -0.01398487
v -0.05463896 0.02471115 -0.01396266
v -0.05527814 0.02482751 -0.01375590
v -0.05488448 0.02496937 -0.01374102
v -0.05448652 0.02509385 -0.01370306
v -0.05593285 0.02490215 -0.01347203
v -0.05553108 0.02506556 -0.01349661
v -0.05616955 0.02511511 -0.01318222
v -0.05577603 0.02528447 -0.01321386
v -0.05537340 0.02543392 -0.01322389
v -0.05512459 0.02520747 -0.01349871
v -0.05472687 0.02533769 -0.01346836
v -0.05496373 0.02556268 -0.01321228
v -0.05448344 0.02560373 -0.01325381
v -0.05424384 0.02483233 -0.01391524
v -0.05400000 0.02510606 -0.01371860
v -0.05424385 0.02536530 -0.01349632
v -0.05400000 0.02561744 -0.01326769
v -0.05750829 0.02406374 -0.01307386
v -0.05776988 0.02422550 -0.01271545
v -0.05738553 0.02448025 -0.01287947
v -0.05697865 0.02471451 -0.01301767
v -0.05801767 0.02437865 -0.01231451
v -0.05764487 0.02464390 -0.01249171
v -0.05655195 0.02492671 -0.01312915
v -0.05682550 0.02511545 -0.01276988
v -0.05639862 0.02529669 -0.01288104
v -0.05724390 0.02489171 -0.01264487
v -0.05749171 0.02504487 -0.01224390
v -0.05666374 0.02547386 -0.01250829
v -0.05708025 0.02527947 -0.01238552
v -0.05835180 0.02408956 -0.01213499
v -0.05822683 0.02450782 -0.01191125
v -0.05854761 0.02421058 -0.01172394
v -0.05841007 0.02462070 -0.01148564
v -0.05787947 0.02478553 -0.01208025
v -0.05771545 0.02516988 -0.01182550
v -0.05731451 0.02541767 -0.01197865
v -0.05691125 0.02562683 -0.01210782
v -0.05807386 0.02490829 -0.01166374
v -0.05789669 0.02528104 -0.01139861
v -0.05752671 0.02552915 -0.01155195
v -0.05648563 0.02581007 -0.01222070
v -0.05672394 0.02594761 -0.01181058
v -0.05629610 0.02611539 -0.01191427
v -0.05713499 0.02575179 -0.01168956
v -0.05691744 0.02603545 -0.01144972
v -0.05649358 0.02621810 -0.01156281
v -0.05560429 0.02563142 -0.01293972
v -0.05600815 0.02547348 -0.01292098
v -0.05623049 0.02564264 -0.01260901
v -0.05519599 0.02576775 -0.01293603
v -0.05472716 0.02583332 -0.01297705
v -0.05448685 0.02608123 -0.01272144
v -0.05583128 0.02580876 -0.01263445
v -0.05542252 0.02595191 -0.01264095
v -0.05604861 0.02596244 -0.01231472
v -0.05564224 0.02611429 -0.01232844
v -0.05495768 0.02603104 -0.01269273
v -0.05518365 0.02620902 -0.01238708
v -0.05471447 0.02627302 -0.01242684
v -0.05424406 0.02586097 -0.01300501
v -0.05400000 0.02609671 -0.01273375
v -0.05424405 0.02630514 -0.01244675
v -0.05540067 0.02636288 -0.01206723
v -0.05585410 0.02625410 -0.01200000
v -0.05493861 0.02644107 -0.01211555
v -0.05447076 0.02648817 -0.01214466
v -0.05605709 0.02637068 -0.01165720
v -0.05564816 0.02651584 -0.01166678
v -0.05518936 0.02661121 -0.01172557
v -0.05471853 0.02667607 -0.01176529
v -0.05496604 0.02682903 -0.01136482
v -0.05449394 0.02687789 -0.01139764
v -0.05400000 0.02650391 -0.01215439
v -0.05424780 0.02670856 -0.01178528
v -0.05400000 0.02689655 -0.01140581
v -0.05964445 0.02140000 -0.01103474
v -0.05977163 0.02140000 -0.01063960
v -0.05953151 0.02179593 -0.01129033
v -0.05967719 0.02179625 -0.01090067
v -0.05954583 0.02218993 -0.01114937
v -0.05979986 0.02179940 -0.01048395
v -0.05968693 0.02219542 -0.01073958
v -0.05987118 0.02140000 -0.01023662
v -0.05994263 0.02140000 -0.00982771
v -0.05988890 0.02179963 -0.01007758
v -0.05979836 0.02219675 -0.01032070
v -0.05994989 0.02180026 -0.00966231
v -0.05987656 0.02219954 -0.00990929
v -0.05992613 0.02219843 -0.00949345
v -0.05953609 0.02259032 -0.01098364
v -0.05935045 0.02297596 -0.01121111
v -0.05966660 0.02259457 -0.01056930
v -0.05949746 0.02298450 -0.01080755
v -0.05929702 0.02334918 -0.01103525
v -0.05906347 0.02370168 -0.01125023
v -0.05943499 0.02335557 -0.01062376
v -0.05921835 0.02371544 -0.01084596
v -0.05934604 0.02371712 -0.01043206
v -0.05976713 0.02259002 -0.01015068
v -0.05961630 0.02298491 -0.01039473
v -0.05970634 0.02297719 -0.00997476
v -0.05983422 0.02259148 -0.00973638
v -0.05976393 0.02299311 -0.00948901
v -0.05954328 0.02335318 -0.01020713
v -0.05942903 0.02376482 -0.00996604
v -0.05961078 0.02339405 -0.00973680
v -0.05947790 0.02379764 -0.00949394
v -0.05998564 0.02140000 -0.00941485
v -0.06000000 0.02140000 -0.00900000
v -0.05998150 0.02180045 -0.00924749
v -0.05994627 0.02220114 -0.00900000
v -0.05987311 0.02260221 -0.00924751
v -0.05978317 0.02299843 -0.00900000
v -0.05964971 0.02340484 -0.00924781
v -0.05949655 0.02380581 -0.00900000
v -0.05871539 0.02431427 -0.01129610
v -0.05897068 0.02405720 -0.01105709
v -0.05856244 0.02471472 -0.01104861
v -0.05911584 0.02406678 -0.01064816
v -0.05885410 0.02440000 -0.01085410
v -0.05871429 0.02472844 -0.01064224
v -0.05824264 0.02500901 -0.01123049
v -0.05840877 0.02503445 -0.01083128
v -0.05855191 0.02504095 -0.01042252
v -0.05823142 0.02533972 -0.01060429
v -0.05771511 0.02558222 -0.01116955
v -0.05807348 0.02532098 -0.01100815
v -0.05788447 0.02561386 -0.01077603
v -0.05921121 0.02412557 -0.01018936
v -0.05896289 0.02446723 -0.01040067
v -0.05880902 0.02478708 -0.01018365
v -0.05927607 0.02416529 -0.00971853
v -0.05904107 0.02451555 -0.00993861
v -0.05887302 0.02482684 -0.00971447
v -0.05863104 0.02509274 -0.00995768
v -0.05836775 0.02533603 -0.01019599
v -0.05816268 0.02561228 -0.00996373
v -0.05843332 0.02537705 -0.00972716
v -0.05803392 0.02562390 -0.01037340
v -0.05732023 0.02582627 -0.01132038
v -0.05750215 0.02587203 -0.01093285
v -0.05709673 0.02610071 -0.01107692
v -0.05668186 0.02629740 -0.01119616
v -0.05625023 0.02646347 -0.01130168
v -0.05643260 0.02653202 -0.01093515
v -0.05766556 0.02589661 -0.01053108
v -0.05727065 0.02614067 -0.01068192
v -0.05685735 0.02635105 -0.01082281
v -0.05702526 0.02638215 -0.01042337
v -0.05660333 0.02657601 -0.01055935
v -0.05780748 0.02589871 -0.01012459
v -0.05742751 0.02615589 -0.01027814
v -0.05717481 0.02638487 -0.01003519
v -0.05793769 0.02586836 -0.00972686
v -0.05756937 0.02614102 -0.00988448
v -0.05731115 0.02636266 -0.00963896
v -0.05638411 0.02677841 -0.01017847
v -0.05676160 0.02659523 -0.01017609
v -0.05690665 0.02658958 -0.00978720
v -0.05653418 0.02678080 -0.00979049
v -0.05584596 0.02661835 -0.01131544
v -0.05543206 0.02674604 -0.01131712
v -0.05603525 0.02669702 -0.01094918
v -0.05562376 0.02683499 -0.01095557
v -0.05520713 0.02694328 -0.01095318
v -0.05473680 0.02701078 -0.01099405
v -0.05621111 0.02675045 -0.01057596
v -0.05580755 0.02689747 -0.01058450
v -0.05539473 0.02701630 -0.01058491
v -0.05497476 0.02710634 -0.01057719
v -0.05448901 0.02716393 -0.01059311
v -0.05424781 0.02704971 -0.01100484
v -0.05400000 0.02718317 -0.01059843
v -0.05598364 0.02693609 -0.01019032
v -0.05556930 0.02706660 -0.01019456
v -0.05515068 0.02716713 -0.01019002
v -0.05473638 0.02723422 -0.01019148
v -0.05614937 0.02694583 -0.00978993
v -0.05573958 0.02708693 -0.00979542
v -0.05532070 0.02719836 -0.00979675
v -0.05490929 0.02727656 -0.00979954
v -0.05449345 0.02732613 -0.00979843
v -0.05424751 0.02727311 -0.01020221
v -0.05400000 0.02734627 -0.00980114
v -0.05930856 0.02418528 -0.00924779
v -0.05908817 0.02454466 -0.00947075
v -0.05910391 0.02455439 -0.00900000
v -0.05868123 0.02512144 -0.00948685
v -0.05890514 0.02484675 -0.00924405
v -0.05820373 0.02565381 -0.00948344
v -0.05846097 0.02540501 -0.00924406
v -0.05869671 0.02513375 -0.00900000
v -0.05821744 0.02566769 -0.00900000
v -0.05769385 0.02610306 -0.00948652
v -0.05796530 0.02589632 -0.00924385
v -0.05743233 0.02631524 -0.00924384
v -0.05770605 0.02611860 -0.00900000
v -0.05715439 0.02650391 -0.00900000
v -0.05703779 0.02655909 -0.00939455
v -0.05667219 0.02675756 -0.00939490
v -0.05629033 0.02693151 -0.00939593
v -0.05679395 0.02670979 -0.00900000
v -0.05642013 0.02689026 -0.00900000
v -0.05590067 0.02707719 -0.00939625
v -0.05548396 0.02719986 -0.00939940
v -0.05507758 0.02728890 -0.00939963
v -0.05466231 0.02734989 -0.00940026
v -0.05603474 0.02704445 -0.00900000
v -0.05563960 0.02717163 -0.00900000
v -0.05523662 0.02727118 -0.00900000
v -0.05482771 0.02734263 -0.00900000
v -0.05441485 0.02738564 -0.00900000
v -0.05424749 0.02738150 -0.00940045
v -0.05400000 0.02740000 -0.00900000
v -0.04770000 0.02740000 -0.00550000
v -0.06000000 0.02140000 0.00840000
v -0.05998564 0.02140000 0.00881485
v -0.05994627 0.02220114 0.00840000
v -0.05998150 0.02180045 0.00864749
v -0.05978317 0.02299843 0.00840000
v -0.05987311 0.02260221 0.00864751
v -0.05949655 0.02380581 0.00840000
v -0.05964971 0.02340484 0.00864781
v -0.05994263 0.02140000 0.00922771
v -0.05987118 0.02140000 0.00963662
v -0.05994989 0.02180026 0.00906231
v -0.05992613 0.02219843 0.00889345
v -0.05987656 0.02219954 0.00930929
v -0.05988890 0.02179963 0.00947758
v -0.05979836 0.02219675 0.00972070
v -0.05977163 0.02140000 0.01003960
v -0.05964445 0.02140000 0.01043473
v -0.05979986 0.02179940 0.00988395
v -0.05968693 0.02219542 0.01013958
v -0.05967719 0.02179625 0.01030067
v -0.05953151 0.02179593 0.01069033
v -0.05954583 0.02218993 0.01054937
v -0.05983422 0.02259148 0.00913638
v -0.05976393 0.02299311 0.00888901
v -0.05976713 0.02259002 0.00955068
v -0.05970634 0.02297719 0.00937476
v -0.05961630 0.02298491 0.00979473
v -0.05961078 0.02339405 0.00913680
v -0.05947790 0.02379764 0.00889394
v -0.05954328 0.02335318 0.00960713
v -0.05942903 0.02376482 0.00936604
v -0.05966660 0.02259457 0.00996930
v -0.05949746 0.02298450 0.01020755
v -0.05953609 0.02259032 0.01038364
v -0.05935045 0.02297596 0.01061111
v -0.05943499 0.02335557 0.01002376
v -0.05934604 0.02371712 0.00983206
v -0.05921835 0.02371544 0.01024596
v -0.05929702 0.02334918 0.01043525
v -0.05906347 0.02370168 0.01065023
v -0.05910391 0.02455439 0.00840000
v -0.05930856 0.02418528 0.00864779
v -0.05908817 0.02454466 0.00887075
v -0.05869671 0.02513375 0.00840000
v -0.05821744 0.02566769 0.00840000
v -0.05890514 0.02484675 0.00864405
v -0.05868123 0.02512144 0.00888685
v -0.05846097 0.02540501 0.00864406
v -0.05820373 0.02565381 0.00888344
v -0.05770605 0.02611860 0.00840000
v -0.05715439 0.02650391 0.00840000
v -0.05796530 0.02589632 0.00864385
v -0.05769385 0.02610306 0.00888652
v -0.05743233 0.02631524 0.00864384
v -0.05679395 0.02670979 0.00840000
v -0.05642013 0.02689026 0.00840000
v -0.05703779 0.02655909 0.00879455
v -0.05667219 0.02675756 0.00879490
v -0.05629033 0.02693151 0.00879593
v -0.05603474 0.02704445 0.00840000
v -0.05563960 0.02717163 0.00840000
v -0.05523662 0.02727118 0.00840000
v -0.05482771 0.02734263 0.00840000
v -0.05441485 0.02738564 0.00840000
v -0.05590067 0.02707719 0.00879625
v -0.05548396 0.02719986 0.00879940
v -0.05507758 0.02728890 0.00879963
v -0.05466231 0.02734989 0.00880026
v -0.05400000 0.02740000 0.00840000
v -0.05424749 0.02738150 0.00880045
v -0.05927607 0.02416529 0.00911853
v -0.05887302 0.02482684 0.00911447
v -0.05904107 0.02451555 0.00933861
v -0.05921121 0.02412557 0.00958936
v -0.05896289 0.02446723 0.00980067
v -0.05880902 0.02478708 0.00958365
v -0.05843332 0.02537705 0.00912716
v -0.05863104 0.02509274 0.00935768
v -0.05816268 0.02561228 0.00936373
v -0.05836775 0.02533603 0.00959599
v -0.05803392 0.02562390 0.00977340
v -0.05911584 0.02406678 0.01004816
v -0.05885410 0.02440000 0.01025410
v -0.05871429 0.02472844 0.01004224
v -0.05897068 0.02405720 0.01045709
v -0.05871539 0.02431427 0.01069610
v -0.05856244 0.02471472 0.01044861
v -0.05855191 0.02504095 0.00982252
v -0.05840877 0.02503445 0.01023128
v -0.05823142 0.02533972 0.01000429
v -0.05824264 0.02500901 0.01063049
v -0.05788447 0.02561386 0.01017603
v -0.05807348 0.02532098 0.01040815
v -0.05771511 0.02558222 0.01056955
v -0.05793769 0.02586836 0.00912686
v -0.05731115 0.02636266 0.00903896
v -0.05756937 0.02614102 0.00928448
v -0.05780748 0.02589871 0.00952459
v -0.05742751 0.02615589 0.00967814
v -0.05717481 0.02638487 0.00943519
v -0.05690665 0.02658958 0.00918720
v -0.05653418 0.02678080 0.00919049
v -0.05676160 0.02659523 0.00957609
v -0.05638411 0.02677841 0.00957847
v -0.05766556 0.02589661 0.00993108
v -0.05727065 0.02614067 0.01008192
v -0.05702526 0.02638215 0.00982337
v -0.05685735 0.02635105 0.01022281
v -0.05750215 0.02587203 0.01033285
v -0.05732023 0.02582627 0.01072038
v -0.05709673 0.02610071 0.01047692
v -0.05643260 0.02653202 0.01033515
v -0.05668186 0.02629740 0.01059616
v -0.05625023 0.02646347 0.01070168
v -0.05660333 0.02657601 0.00995935
v -0.05614937 0.02694583 0.00918993
v -0.05573958 0.02708693 0.00919542
v -0.05532070 0.02719836 0.00919675
v -0.05490929 0.02727656 0.00919954
v -0.05449345 0.02732613 0.00919843
v -0.05598364 0.02693609 0.00959032
v -0.05556930 0.02706660 0.00959456
v -0.05515068 0.02716713 0.00959002
v -0.05473638 0.02723422 0.00959148
v -0.05400000 0.02734627 0.00920114
v -0.05424751 0.02727311 0.00960221
v -0.05621111 0.02675045 0.00997596
v -0.05580755 0.02689747 0.00998450
v -0.05539473 0.02701630 0.00998491
v -0.05497476 0.02710634 0.00997719
v -0.05448901 0.02716393 0.00999311
v -0.05603525 0.02669702 0.01034918
v -0.05562376 0.02683499 0.01035557
v -0.05584596 0.02661835 0.01071544
v -0.05543206 0.02674604 0.01071712
v -0.05520713 0.02694328 0.01035318
v -0.05473680 0.02701078 0.01039405
v -0.05400000 0.02718317 0.00999843
v -0.05424781 0.02704971 0.01040484
v -0.04770000 0.02740000 0.00840000
v -0.04770000 0.02738150 0.00880045
v -0.04770000 0.02734627 0.00920114
v -0.04770000 0.02727311 0.00960221
v -0.04770000 0.02718317 0.00999843
v -0.04770000 0.02704971 0.01040484
v -0.05949026 0.02140000 0.01082013
v -0.05930979 0.02140000 0.01119395
v -0.05910391 0.02140000 0.01155439
v -0.05935756 0.02179490 0.01107219
v -0.05938080 0.02219049 0.01093418
v -0.05915909 0.02179454 0.01143779
v -0.05918958 0.02218720 0.01130665
v -0.05871860 0.02140000 0.01210606
v -0.05891525 0.02164384 0.01183233
v -0.05896266 0.02203896 0.01171115
v -0.05870306 0.02188652 0.01209385
v -0.05849632 0.02164385 0.01236530
v -0.05846836 0.02212686 0.01233769
v -0.05937840 0.02257847 0.01078410
v -0.05919523 0.02257609 0.01116160
v -0.05917601 0.02295935 0.01100333
v -0.05898487 0.02243519 0.01157481
v -0.05898215 0.02282337 0.01142526
v -0.05913202 0.02333515 0.01083260
v -0.05881809 0.02396281 0.01089359
v -0.05889739 0.02359616 0.01108186
v -0.05895105 0.02322281 0.01125735
v -0.05870071 0.02347692 0.01149673
v -0.05863545 0.02384972 0.01131744
v -0.05875590 0.02267814 0.01182751
v -0.05874102 0.02228448 0.01196937
v -0.05874067 0.02308192 0.01167065
v -0.05849661 0.02293108 0.01206555
v -0.05849871 0.02252459 0.01220748
v -0.05822390 0.02277340 0.01243392
v -0.05847203 0.02333285 0.01190215
v -0.05842627 0.02372038 0.01172023
v -0.05812915 0.02395195 0.01192671
v -0.05821386 0.02317603 0.01228447
v -0.05818222 0.02356955 0.01211511
v -0.05792098 0.02340815 0.01247348
v -0.05788104 0.02379861 0.01229669
v -0.05826769 0.02140000 0.01261744
v -0.05825381 0.02188344 0.01260373
v -0.05773375 0.02140000 0.01309671
v -0.05800501 0.02164406 0.01286097
v -0.05797705 0.02212716 0.01283332
v -0.05744675 0.02164405 0.01330514
v -0.05772144 0.02188685 0.01308123
v -0.05742684 0.02211447 0.01327302
v -0.05715439 0.02140000 0.01350390
v -0.05640581 0.02140000 0.01389655
v -0.05678528 0.02164779 0.01370856
v -0.05714466 0.02187075 0.01348817
v -0.05676529 0.02211853 0.01367607
v -0.05639764 0.02189394 0.01387789
v -0.05821228 0.02236373 0.01256268
v -0.05793604 0.02259599 0.01276775
v -0.05793972 0.02300429 0.01263142
v -0.05764095 0.02282252 0.01295191
v -0.05769274 0.02235768 0.01303104
v -0.05738708 0.02258365 0.01320902
v -0.05732844 0.02304224 0.01311429
v -0.05711555 0.02233861 0.01344107
v -0.05706723 0.02280067 0.01336288
v -0.05763445 0.02323128 0.01280877
v -0.05731472 0.02344861 0.01296244
v -0.05760901 0.02363049 0.01264264
v -0.05722070 0.02388564 0.01281007
v -0.05700000 0.02325410 0.01325410
v -0.05665720 0.02345709 0.01337068
v -0.05691427 0.02369610 0.01311539
v -0.05656281 0.02389359 0.01321810
v -0.05630168 0.02365023 0.01346347
v -0.05672557 0.02258936 0.01361121
v -0.05636482 0.02236604 0.01382903
v -0.05666678 0.02304816 0.01351584
v -0.05631712 0.02283206 0.01374604
v -0.05631544 0.02324596 0.01361835
v -0.05559843 0.02140000 0.01418317
v -0.05480114 0.02140000 0.01434627
v -0.05600484 0.02164781 0.01404971
v -0.05599405 0.02213680 0.01401078
v -0.05559311 0.02188901 0.01416393
v -0.05520221 0.02164751 0.01427311
v -0.05440045 0.02164749 0.01438150
v -0.05519148 0.02213638 0.01423422
v -0.05479843 0.02189345 0.01432613
v -0.05440026 0.02206231 0.01434989
v -0.05400000 0.02140000 0.01440000
v -0.05400000 0.02181485 0.01438564
v -0.05400000 0.02222771 0.01434263
v -0.05595557 0.02302376 0.01383499
v -0.05595318 0.02260713 0.01394328
v -0.05557719 0.02237476 0.01410634
v -0.05558491 0.02279473 0.01401630
v -0.05519002 0.02255068 0.01416713
v -0.05479954 0.02230929 0.01427656
v -0.05439963 0.02247757 0.01428890
v -0.05519456 0.02296930 0.01406660
v -0.05479676 0.02272070 0.01419836
v -0.05439940 0.02288395 0.01419986
v -0.05594918 0.02343525 0.01369702
v -0.05558450 0.02320755 0.01389746
v -0.05593515 0.02383260 0.01353202
v -0.05557596 0.02361111 0.01375045
v -0.05519032 0.02338364 0.01393609
v -0.05517847 0.02378410 0.01377841
v -0.05439593 0.02369033 0.01393151
v -0.05479049 0.02393418 0.01378080
v -0.05479542 0.02313958 0.01408693
v -0.05439625 0.02330067 0.01407719
v -0.05478993 0.02354937 0.01394583
v -0.05400000 0.02263662 0.01427118
v -0.05400000 0.02303960 0.01417163
v -0.05400000 0.02382013 0.01389026
v -0.05400000 0.02343474 0.01404445
v -0.05854761 0.02421058 0.01112394
v -0.05841007 0.02462070 0.01088564
v -0.05835180 0.02408956 0.01153499
v -0.05822683 0.02450782 0.01131125
v -0.05787947 0.02478553 0.01148025
v -0.05807386 0.02490829 0.01106374
v -0.05789669 0.02528104 0.01079861
v -0.05752671 0.02552915 0.01095195
v -0.05771545 0.02516988 0.01122550
v -0.05731451 0.02541767 0.01137865
v -0.05691125 0.02562683 0.01150782
v -0.05801767 0.02437865 0.01171451
v -0.05764487 0.02464390 0.01189171
v -0.05776988 0.02422550 0.01211545
v -0.05750829 0.02406374 0.01247386
v -0.05738553 0.02448025 0.01227947
v -0.05697865 0.02471451 0.01241767
v -0.05749171 0.02504487 0.01164390
v -0.05724390 0.02489171 0.01204487
v -0.05708025 0.02527947 0.01178552
v -0.05666374 0.02547386 0.01190829
v -0.05682550 0.02511545 0.01216988
v -0.05655195 0.02492671 0.01252915
v -0.05639862 0.02529669 0.01228104
v -0.05691744 0.02603545 0.01084972
v -0.05713499 0.02575179 0.01108956
v -0.05649358 0.02621810 0.01096281
v -0.05672394 0.02594761 0.01121058
v -0.05629610 0.02611539 0.01131427
v -0.05648563 0.02581007 0.01162070
v -0.05623049 0.02564264 0.01200901
v -0.05600815 0.02547348 0.01232098
v -0.05560429 0.02563142 0.01233972
v -0.05605709 0.02637068 0.01105720
v -0.05564816 0.02651584 0.01106678
v -0.05585410 0.02625410 0.01140000
v -0.05540067 0.02636288 0.01146723
v -0.05493861 0.02644107 0.01151555
v -0.05447076 0.02648817 0.01154466
v -0.05496604 0.02682903 0.01076482
v -0.05449394 0.02687789 0.01079764
v -0.05518936 0.02661121 0.01112557
v -0.05471853 0.02667607 0.01116529
v -0.05400000 0.02650391 0.01155439
v -0.05400000 0.02689655 0.01080581
v -0.05424780 0.02670856 0.01118528
v -0.05604861 0.02596244 0.01171472
v -0.05564224 0.02611429 0.01172844
v -0.05583128 0.02580876 0.01203445
v -0.05542252 0.02595191 0.01204095
v -0.05495768 0.02603104 0.01209273
v -0.05518365 0.02620902 0.01178708
v -0.05471447 0.02627302 0.01182684
v -0.05448685 0.02608123 0.01212144
v -0.05519599 0.02576775 0.01233603
v -0.05472716 0.02583332 0.01237705
v -0.05424405 0.02630514 0.01184675
v -0.05400000 0.02609671 0.01213375
v -0.05424406 0.02586097 0.01240501
v -0.05710782 0.02431125 0.01262683
v -0.05681058 0.02412394 0.01294761
v -0.05668956 0.02453499 0.01275179
v -0.05632038 0.02472023 0.01282627
v -0.05644972 0.02431744 0.01303545
v -0.05619616 0.02408186 0.01329739
v -0.05582281 0.02425735 0.01335105
v -0.05607692 0.02449673 0.01310071
v -0.05568192 0.02467065 0.01314067
v -0.05542337 0.02442526 0.01338215
v -0.05527814 0.02482751 0.01315590
v -0.05503519 0.02457481 0.01338487
v -0.05463896 0.02471115 0.01336266
v -0.05616955 0.02511511 0.01258222
v -0.05593285 0.02490215 0.01287203
v -0.05553108 0.02506556 0.01289661
v -0.05577603 0.02528447 0.01261386
v -0.05537340 0.02543392 0.01262389
v -0.05512459 0.02520747 0.01289871
v -0.05496373 0.02556268 0.01261228
v -0.05448344 0.02560373 0.01265381
v -0.05472687 0.02533769 0.01286836
v -0.05488448 0.02496937 0.01314102
v -0.05448652 0.02509385 0.01310306
v -0.05400000 0.02561744 0.01266769
v -0.05424385 0.02536530 0.01289632
v -0.05400000 0.02510606 0.01311860
v -0.05424384 0.02483233 0.01331524
v -0.05555935 0.02400333 0.01357601
v -0.05517609 0.02416160 0.01359523
v -0.05478720 0.02430665 0.01358958
v -0.05439490 0.02407219 0.01375756
v -0.05439455 0.02443779 0.01355909
v -0.05400000 0.02419395 0.01370979
v -0.05400000 0.02455439 0.01350390
v -0.04770000 0.02140000 0.01440000
v -0.04770000 0.02181485 0.01438564
v -0.04770000 0.02222771 0.01434263
v -0.04770000 0.02263662 0.01427118
v -0.04770000 0.02303960 0.01417163
v -0.04770000 0.02382013 0.01389026
v -0.04770000 0.02343474 0.01404445
v -0.04770000 0.02650391 0.01155439
v -0.04770000 0.02689655 0.01080581
v -0.04770000 0.02670856 0.01118528
v -0.04770000 0.02630514 0.01184675
v -0.04770000 0.02609671 0.01213375
v -0.04770000 0.02586097 0.01240501
v -0.04770000 0.02561744 0.01266769
v -0.04770000 0.02536530 0.01289632
v -0.04770000 0.02510606 0.01311860
v -0.04770000 0.02483233 0.01331524
v -0.04770000 0.02419395 0.01370979
v -0.04770000 0.02455439 0.01350390
v 0.05400000 -0.02455439 -0.01410391
v 0.05400000 -0.02419395 -0.01430979
v 0.05439455 -0.02443779 -0.01415909
v 0.05439490 -0.02407219 -0.01435756
v 0.05478720 -0.02430665 -0.01418958
v 0.05517609 -0.02416160 -0.01419523
v 0.05555935 -0.02400333 -0.01417601
v 0.05424384 -0.02483233 -0.01391524
v 0.05400000 -0.02510606 -0.01371860
v 0.05424385 -0.02536530 -0.01349632
v 0.05400000 -0.02561744 -0.01326769
v 0.05448652 -0.02509385 -0.01370306
v 0.05488448 -0.02496937 -0.01374102
v 0.05472687 -0.02533769 -0.01346836
v 0.05448344 -0.02560373 -0.01325381
v 0.05496373 -0.02556268 -0.01321228
v 0.05512459 -0.02520747 -0.01349871
v 0.05537340 -0.02543392 -0.01322389
v 0.05577603 -0.02528447 -0.01321386
v 0.05553108 -0.02506556 -0.01349661
v 0.05593285 -0.02490215 -0.01347203
v 0.05616955 -0.02511511 -0.01318222
v 0.05463896 -0.02471115 -0.01396266
v 0.05503519 -0.02457481 -0.01398487
v 0.05527814 -0.02482751 -0.01375590
v 0.05542337 -0.02442526 -0.01398215
v 0.05568192 -0.02467065 -0.01374067
v 0.05607692 -0.02449673 -0.01370071
v 0.05582281 -0.02425735 -0.01395105
v 0.05619616 -0.02408186 -0.01389739
v 0.05644972 -0.02431744 -0.01363545
v 0.05632038 -0.02472023 -0.01342627
v 0.05668956 -0.02453499 -0.01335179
v 0.05681058 -0.02412394 -0.01354761
v 0.05710782 -0.02431125 -0.01322683
v 0.05424406 -0.02586097 -0.01300501
v 0.05400000 -0.02609671 -0.01273375
v 0.05424405 -0.02630514 -0.01244675
v 0.05472716 -0.02583332 -0.01297705
v 0.05519599 -0.02576775 -0.01293603
v 0.05448685 -0.02608123 -0.01272144
v 0.05471447 -0.02627302 -0.01242684
v 0.05518365 -0.02620902 -0.01238708
v 0.05495768 -0.02603104 -0.01269273
v 0.05542252 -0.02595191 -0.01264095
v 0.05583128 -0.02580876 -0.01263445
v 0.05564224 -0.02611429 -0.01232844
v 0.05604861 -0.02596244 -0.01231472
v 0.05424780 -0.02670856 -0.01178528
v 0.05400000 -0.02689655 -0.01140581
v 0.05400000 -0.02650391 -0.01215439
v 0.05471853 -0.02667607 -0.01176529
v 0.05518936 -0.02661121 -0.01172557
v 0.05449394 -0.02687789 -0.01139764
v 0.05496604 -0.02682903 -0.01136482
v 0.05447076 -0.02648817 -0.01214466
v 0.05493861 -0.02644107 -0.01211555
v 0.05540067 -0.02636288 -0.01206723
v 0.05585410 -0.02625410 -0.01200000
v 0.05564816 -0.02651584 -0.01166678
v 0.05605709 -0.02637068 -0.01165720
v 0.05560429 -0.02563142 -0.01293972
v 0.05600815 -0.02547348 -0.01292098
v 0.05623049 -0.02564264 -0.01260901
v 0.05648563 -0.02581007 -0.01222070
v 0.05629610 -0.02611539 -0.01191427
v 0.05672394 -0.02594761 -0.01181058
v 0.05649358 -0.02621810 -0.01156281
v 0.05713499 -0.02575179 -0.01168956
v 0.05691744 -0.02603545 -0.01144972
v 0.05639862 -0.02529669 -0.01288104
v 0.05655195 -0.02492671 -0.01312915
v 0.05682550 -0.02511545 -0.01276988
v 0.05666374 -0.02547386 -0.01250829
v 0.05708025 -0.02527947 -0.01238552
v 0.05724390 -0.02489171 -0.01264487
v 0.05749171 -0.02504487 -0.01224390
v 0.05697865 -0.02471451 -0.01301767
v 0.05738553 -0.02448025 -0.01287947
v 0.05750829 -0.02406374 -0.01307386
v 0.05776988 -0.02422550 -0.01271545
v 0.05764487 -0.02464390 -0.01249171
v 0.05801767 -0.02437865 -0.01231451
v 0.05691125 -0.02562683 -0.01210782
v 0.05731451 -0.02541767 -0.01197865
v 0.05771545 -0.02516988 -0.01182550
v 0.05752671 -0.02552915 -0.01155195
v 0.05789669 -0.02528104 -0.01139861
v 0.05807386 -0.02490829 -0.01166374
v 0.05787947 -0.02478553 -0.01208025
v 0.05822683 -0.02450782 -0.01191125
v 0.05835180 -0.02408956 -0.01213499
v 0.05841007 -0.02462070 -0.01148564
v 0.05854761 -0.02421058 -0.01172394
v 0.05400000 -0.02343474 -0.01464445
v 0.05400000 -0.02382013 -0.01449026
v 0.05400000 -0.02303960 -0.01477163
v 0.05400000 -0.02263662 -0.01487118
v 0.05478993 -0.02354937 -0.01454583
v 0.05439625 -0.02330067 -0.01467719
v 0.05479542 -0.02313958 -0.01468693
v 0.05479049 -0.02393418 -0.01438080
v 0.05439593 -0.02369033 -0.01453151
v 0.05517847 -0.02378410 -0.01437841
v 0.05519032 -0.02338364 -0.01453609
v 0.05557596 -0.02361111 -0.01435045
v 0.05593515 -0.02383260 -0.01413202
v 0.05558450 -0.02320755 -0.01449747
v 0.05594918 -0.02343525 -0.01429702
v 0.05439940 -0.02288395 -0.01479986
v 0.05479676 -0.02272070 -0.01479836
v 0.05519456 -0.02296930 -0.01466660
v 0.05439963 -0.02247757 -0.01488890
v 0.05479954 -0.02230929 -0.01487656
v 0.05519002 -0.02255068 -0.01476713
v 0.05558491 -0.02279473 -0.01461630
v 0.05557719 -0.02237476 -0.01470634
v 0.05595318 -0.02260713 -0.01454328
v 0.05595557 -0.02302376 -0.01443499
v 0.05400000 -0.02222771 -0.01494263
v 0.05400000 -0.02181485 -0.01498564
v 0.05400000 -0.02140000 -0.01500000
v 0.05440026 -0.02206231 -0.01494989
v 0.05479843 -0.02189345 -0.01492613
v 0.05519148 -0.02213638 -0.01483422
v 0.05440045 -0.02164749 -0.01498150
v 0.05520221 -0.02164751 -0.01487311
v 0.05559311 -0.02188901 -0.01476393
v 0.05599405 -0.02213680 -0.01461078
v 0.05600484 -0.02164781 -0.01464971
v 0.05480114 -0.02140000 -0.01494627
v 0.05559843 -0.02140000 -0.01478317
v 0.05631544 -0.02324596 -0.01421835
v 0.05631712 -0.02283206 -0.01434604
v 0.05666678 -0.02304816 -0.01411584
v 0.05636482 -0.02236604 -0.01442903
v 0.05672557 -0.02258936 -0.01421121
v 0.05630168 -0.02365023 -0.01406347
v 0.05656281 -0.02389359 -0.01381810
v 0.05691427 -0.02369610 -0.01371539
v 0.05665720 -0.02345709 -0.01397068
v 0.05700000 -0.02325410 -0.01385410
v 0.05722070 -0.02388564 -0.01341007
v 0.05760901 -0.02363049 -0.01324264
v 0.05731472 -0.02344861 -0.01356244
v 0.05763445 -0.02323128 -0.01340877
v 0.05706723 -0.02280067 -0.01396288
v 0.05711555 -0.02233861 -0.01404107
v 0.05732844 -0.02304224 -0.01371429
v 0.05738708 -0.02258365 -0.01380902
v 0.05769274 -0.02235768 -0.01363104
v 0.05764095 -0.02282252 -0.01355191
v 0.05793972 -0.02300429 -0.01323142
v 0.05793604 -0.02259599 -0.01336775
v 0.05821228 -0.02236373 -0.01316268
v 0.05639764 -0.02189394 -0.01447789
v 0.05676529 -0.02211853 -0.01427607
v 0.05714466 -0.02187075 -0.01408817
v 0.05678528 -0.02164779 -0.01430856
v 0.05640581 -0.02140000 -0.01449655
v 0.05715439 -0.02140000 -0.01410391
v 0.05742684 -0.02211447 -0.01387302
v 0.05772144 -0.02188685 -0.01368123
v 0.05744675 -0.02164405 -0.01390514
v 0.05797705 -0.02212716 -0.01343332
v 0.05800501 -0.02164406 -0.01346097
v 0.05773375 -0.02140000 -0.01369671
v 0.05825381 -0.02188344 -0.01320373
v 0.05826769 -0.02140000 -0.01321744
v 0.05788104 -0.02379861 -0.01289669
v 0.05792098 -0.02340815 -0.01307348
v 0.05818222 -0.02356955 -0.01271511
v 0.05821386 -0.02317603 -0.01288447
v 0.05812915 -0.02395195 -0.01252671
v 0.05842627 -0.02372038 -0.01232023
v 0.05847203 -0.02333285 -0.01250215
v 0.05822390 -0.02277340 -0.01303392
v 0.05849871 -0.02252459 -0.01280748
v 0.05849661 -0.02293108 -0.01266556
v 0.05874067 -0.02308192 -0.01227065
v 0.05874102 -0.02228448 -0.01256937
v 0.05875590 -0.02267814 -0.01242751
v 0.05863545 -0.02384972 -0.01191744
v 0.05870071 -0.02347692 -0.01209673
v 0.05895105 -0.02322281 -0.01185735
v 0.05889739 -0.02359616 -0.01168186
v 0.05881809 -0.02396281 -0.01149359
v 0.05913202 -0.02333515 -0.01143260
v 0.05898215 -0.02282337 -0.01202526
v 0.05898487 -0.02243519 -0.01217481
v 0.05917601 -0.02295935 -0.01160333
v 0.05919523 -0.02257609 -0.01176160
v 0.05937840 -0.02257847 -0.01138410
v 0.05846836 -0.02212686 -0.01293769
v 0.05849632 -0.02164385 -0.01296530
v 0.05870306 -0.02188652 -0.01269385
v 0.05896266 -0.02203896 -0.01231115
v 0.05891525 -0.02164384 -0.01243233
v 0.05871860 -0.02140000 -0.01270606
v 0.05918958 -0.02218720 -0.01190665
v 0.05915909 -0.02179454 -0.01203779
v 0.05938080 -0.02219049 -0.01153418
v 0.05935756 -0.02179490 -0.01167219
v 0.05910391 -0.02140000 -0.01215439
v 0.05930979 -0.02140000 -0.01179395
v 0.05949026 -0.02140000 -0.01142013
v 0.05424781 -0.02704971 -0.01100484
v 0.05400000 -0.02718317 -0.01059843
v 0.05473680 -0.02701078 -0.01099405
v 0.05520713 -0.02694328 -0.01095318
v 0.05543206 -0.02674604 -0.01131712
v 0.05584596 -0.02661835 -0.01131544
v 0.05562376 -0.02683499 -0.01095557
v 0.05603525 -0.02669702 -0.01094918
v 0.05448901 -0.02716393 -0.01059311
v 0.05497476 -0.02710634 -0.01057719
v 0.05539473 -0.02701630 -0.01058491
v 0.05580755 -0.02689747 -0.01058450
v 0.05621111 -0.02675045 -0.01057596
v 0.05424751 -0.02727311 -0.01020221
v 0.05400000 -0.02734627 -0.00980114
v 0.05473638 -0.02723422 -0.01019148
v 0.05515068 -0.02716713 -0.01019002
v 0.05556930 -0.02706660 -0.01019456
v 0.05598364 -0.02693609 -0.01019032
v 0.05449345 -0.02732613 -0.00979843
v 0.05490929 -0.02727656 -0.00979954
v 0.05532070 -0.02719836 -0.00979675
v 0.05573958 -0.02708693 -0.00979542
v 0.05614937 -0.02694583 -0.00978993
v 0.05660333 -0.02657601 -0.01055935
v 0.05625023 -0.02646347 -0.01130168
v 0.05668186 -0.02629740 -0.01119616
v 0.05643260 -0.02653202 -0.01093515
v 0.05709673 -0.02610071 -0.01107692
v 0.05732023 -0.02582627 -0.01132038
v 0.05750215 -0.02587203 -0.01093285
v 0.05685735 -0.02635105 -0.01082281
v 0.05702526 -0.02638215 -0.01042337
v 0.05727065 -0.02614067 -0.01068192
v 0.05766556 -0.02589661 -0.01053108
v 0.05638411 -0.02677841 -0.01017847
v 0.05676160 -0.02659523 -0.01017609
v 0.05653418 -0.02678080 -0.00979049
v 0.05690665 -0.02658958 -0.00978720
v 0.05717481 -0.02638487 -0.01003519
v 0.05742751 -0.02615589 -0.01027814
v 0.05780748 -0.02589871 -0.01012459
v 0.05756937 -0.02614102 -0.00988448
v 0.05731115 -0.02636266 -0.00963896
v 0.05793769 -0.02586836 -0.00972686
v 0.05771511 -0.02558222 -0.01116955
v 0.05807348 -0.02532098 -0.01100815
v 0.05788447 -0.02561386 -0.01077603
v 0.05824264 -0.02500901 -0.01123049
v 0.05823142 -0.02533972 -0.01060429
v 0.05840877 -0.02503445 -0.01083128
v 0.05855191 -0.02504095 -0.01042252
v 0.05856244 -0.02471472 -0.01104861
v 0.05871539 -0.02431427 -0.01129610
v 0.05897068 -0.02405720 -0.01105709
v 0.05871429 -0.02472844 -0.01064224
v 0.05885410 -0.02440000 -0.01085410
v 0.05911584 -0.02406678 -0.01064816
v 0.05803392 -0.02562390 -0.01037340
v 0.05836775 -0.02533603 -0.01019599
v 0.05816268 -0.02561228 -0.00996373
v 0.05863104 -0.02509274 -0.00995768
v 0.05843332 -0.02537705 -0.00972716
v 0.05880902 -0.02478708 -0.01018365
v 0.05896289 -0.02446723 -0.01040067
v 0.05921121 -0.02412557 -0.01018936
v 0.05904107 -0.02451555 -0.00993861
v 0.05887302 -0.02482684 -0.00971447
v 0.05927607 -0.02416529 -0.00971853
v 0.05424749 -0.02738150 -0.00940045
v 0.05400000 -0.02740000 -0.00900000
v 0.05466231 -0.02734989 -0.00940026
v 0.05507758 -0.02728890 -0.00939963
v 0.05548396 -0.02719986 -0.00939940
v 0.05590067 -0.02707719 -0.00939625
v 0.05441485 -0.02738564 -0.00900000
v 0.05482771 -0.02734263 -0.00900000
v 0.05523662 -0.02727118 -0.00900000
v 0.05563960 -0.02717163 -0.00900000
v 0.05603474 -0.02704445 -0.00900000
v 0.05629033 -0.02693151 -0.00939593
v 0.05667219 -0.02675756 -0.00939490
v 0.05703779 -0.02655909 -0.00939455
v 0.05642013 -0.02689026 -0.00900000
v 0.05679395 -0.02670979 -0.00900000
v 0.05743233 -0.02631524 -0.00924384
v 0.05769385 -0.02610306 -0.00948652
v 0.05796530 -0.02589632 -0.00924385
v 0.05715439 -0.02650391 -0.00900000
v 0.05770605 -0.02611860 -0.00900000
v 0.05820373 -0.02565381 -0.00948344
v 0.05846097 -0.02540501 -0.00924406
v 0.05868123 -0.02512144 -0.00948685
v 0.05890514 -0.02484675 -0.00924405
v 0.05821744 -0.02566769 -0.00900000
v 0.05869671 -0.02513375 -0.00900000
v 0.05908817 -0.02454466 -0.00947075
v 0.05930856 -0.02418528 -0.00924779
v 0.05910391 -0.02455439 -0.00900000
v 0.05906347 -0.02370168 -0.01125023
v 0.05929702 -0.02334918 -0.01103525
v 0.05921835 -0.02371544 -0.01084596
v 0.05934604 -0.02371712 -0.01043206
v 0.05943499 -0.02335557 -0.01062376
v 0.05935045 -0.02297596 -0.01121111
v 0.05953609 -0.02259032 -0.01098364
v 0.05949746 -0.02298450 -0.01080755
v 0.05966660 -0.02259457 -0.01056930
v 0.05942903 -0.02376482 -0.00996604
v 0.05954328 -0.02335318 -0.01020713
v 0.05947790 -0.02379764 -0.00949394
v 0.05961078 -0.02339405 -0.00973680
v 0.05961630 -0.02298491 -0.01039473
v 0.05970634 -0.02297719 -0.00997476
v 0.05976713 -0.02259002 -0.01015068
v 0.05976393 -0.02299311 -0.00948901
v 0.05983422 -0.02259148 -0.00973638
v 0.05954583 -0.02218993 -0.01114937
v 0.05953151 -0.02179593 -0.01129033
v 0.05967719 -0.02179625 -0.01090067
v 0.05968693 -0.02219542 -0.01073958
v 0.05979986 -0.02179940 -0.01048395
v 0.05964445 -0.02140000 -0.01103474
v 0.05977163 -0.02140000 -0.01063960
v 0.05979836 -0.02219675 -0.01032070
v 0.05988890 -0.02179963 -0.01007758
v 0.05987656 -0.02219954 -0.00990929
v 0.05992613 -0.02219843 -0.00949345
v 0.05994989 -0.02180026 -0.00966231
v 0.05987118 -0.02140000 -0.01023662
v 0.05994263 -0.02140000 -0.00982771
v 0.05964971 -0.02340484 -0.00924781
v 0.05949655 -0.02380581 -0.00900000
v 0.05987311 -0.02260221 -0.00924751
v 0.05978317 -0.02299843 -0.00900000
v 0.05998150 -0.02180045 -0.00924749
v 0.05994627 -0.02220114 -0.00900000
v 0.05998564 -0.02140000 -0.00941485
v 0.06000000 -0.02140000 -0.00900000
v 0.04770000 -0.02740000 -0.00550000
v 0.04770000 -0.02740000 0.00840000
v 0.04770000 -0.02738150 0.00880045
v 0.04770000 -0.02734627 0.00920114
v 0.04770000 -0.02727311 0.00960221
v 0.04770000 -0.02718317 0.00999843
v 0.04770000 -0.02704971 0.01040484
v 0.05400000 -0.02740000 0.00840000
v 0.05424749 -0.02738150 0.00880045
v 0.05441485 -0.02738564 0.00840000
v 0.05482771 -0.02734263 0.00840000
v 0.05523662 -0.02727118 0.00840000
v 0.05563960 -0.02717163 0.00840000
v 0.05603474 -0.02704445 0.00840000
v 0.05466231 -0.02734989 0.00880026
v 0.05507758 -0.02728890 0.00879963
v 0.05548396 -0.02719986 0.00879940
v 0.05590067 -0.02707719 0.00879625
v 0.05642013 -0.02689026 0.00840000
v 0.05679395 -0.02670979 0.00840000
v 0.05629033 -0.02693151 0.00879593
v 0.05667219 -0.02675756 0.00879490
v 0.05703779 -0.02655909 0.00879455
v 0.05715439 -0.02650391 0.00840000
v 0.05770605 -0.02611860 0.00840000
v 0.05743233 -0.02631524 0.00864384
v 0.05796530 -0.02589632 0.00864385
v 0.05769385 -0.02610306 0.00888652
v 0.05821744 -0.02566769 0.00840000
v 0.05869671 -0.02513375 0.00840000
v 0.05846097 -0.02540501 0.00864406
v 0.05820373 -0.02565381 0.00888344
v 0.05890514 -0.02484675 0.00864405
v 0.05868123 -0.02512144 0.00888685
v 0.05910391 -0.02455439 0.00840000
v 0.05908817 -0.02454466 0.00887075
v 0.05930856 -0.02418528 0.00864779
v 0.05400000 -0.02734627 0.00920114
v 0.05424751 -0.02727311 0.00960221
v 0.05449345 -0.02732613 0.00919843
v 0.05490929 -0.02727656 0.00919954
v 0.05532070 -0.02719836 0.00919675
v 0.05573958 -0.02708693 0.00919542
v 0.05614937 -0.02694583 0.00918993
v 0.05473638 -0.02723422 0.00959148
v 0.05515068 -0.02716713 0.00959002
v 0.05556930 -0.02706660 0.00959456
v 0.05598364 -0.02693609 0.00959032
v 0.05400000 -0.02718317 0.00999843
v 0.05424781 -0.02704971 0.01040484
v 0.05448901 -0.02716393 0.00999311
v 0.05497476 -0.02710634 0.00997719
v 0.05539473 -0.02701630 0.00998491
v 0.05580755 -0.02689747 0.00998450
v 0.05621111 -0.02675045 0.00997596
v 0.05473680 -0.02701078 0.01039405
v 0.05520713 -0.02694328 0.01035318
v 0.05562376 -0.02683499 0.01035557
v 0.05603525 -0.02669702 0.01034918
v 0.05543206 -0.02674604 0.01071712
v 0.05584596 -0.02661835 0.01071544
v 0.05653418 -0.02678080 0.00919049
v 0.05690665 -0.02658958 0.00918720
v 0.05676160 -0.02659523 0.00957609
v 0.05638411 -0.02677841 0.00957847
v 0.05731115 -0.02636266 0.00903896
v 0.05756937 -0.02614102 0.00928448
v 0.05793769 -0.02586836 0.00912686
v 0.05717481 -0.02638487 0.00943519
v 0.05742751 -0.02615589 0.00967814
v 0.05780748 -0.02589871 0.00952459
v 0.05660333 -0.02657601 0.00995935
v 0.05702526 -0.02638215 0.00982337
v 0.05685735 -0.02635105 0.01022281
v 0.05727065 -0.02614067 0.01008192
v 0.05766556 -0.02589661 0.00993108
v 0.05643260 -0.02653202 0.01033515
v 0.05625023 -0.02646347 0.01070168
v 0.05668186 -0.02629740 0.01059616
v 0.05709673 -0.02610071 0.01047692
v 0.05750215 -0.02587203 0.01033285
v 0.05732023 -0.02582627 0.01072038
v 0.05803392 -0.02562390 0.00977340
v 0.05843332 -0.02537705 0.00912716
v 0.05816268 -0.02561228 0.00936373
v 0.05836775 -0.02533603 0.00959599
v 0.05863104 -0.02509274 0.00935768
v 0.05887302 -0.02482684 0.00911447
v 0.05904107 -0.02451555 0.00933861
v 0.05927607 -0.02416529 0.00911853
v 0.05880902 -0.02478708 0.00958365
v 0.05896289 -0.02446723 0.00980067
v 0.05921121 -0.02412557 0.00958936
v 0.05788447 -0.02561386 0.01017603
v 0.05807348 -0.02532098 0.01040815
v 0.05771511 -0.02558222 0.01056955
v 0.05823142 -0.02533972 0.01000429
v 0.05855191 -0.02504095 0.00982252
v 0.05840877 -0.02503445 0.01023128
v 0.05824264 -0.02500901 0.01063049
v 0.05871429 -0.02472844 0.01004224
v 0.05885410 -0.02440000 0.01025410
v 0.05911584 -0.02406678 0.01004816
v 0.05856244 -0.02471472 0.01044861
v 0.05897068 -0.02405720 0.01045709
v 0.05871539 -0.02431427 0.01069610
v 0.05949655 -0.02380581 0.00840000
v 0.05964971 -0.02340484 0.00864781
v 0.05978317 -0.02299843 0.00840000
v 0.05987311 -0.02260221 0.00864751
v 0.05994627 -0.02220114 0.00840000
v 0.05998150 -0.02180045 0.00864749
v 0.06000000 -0.02140000 0.00840000
v 0.05998564 -0.02140000 0.00881485
v 0.05947790 -0.02379764 0.00889394
v 0.05961078 -0.02339405 0.00913680
v 0.05942903 -0.02376482 0.00936604
v 0.05954328 -0.02335318 0.00960713
v 0.05976393 -0.02299311 0.00888901
v 0.05983422 -0.02259148 0.00913638
v 0.05970634 -0.02297719 0.00937476
v 0.05961630 -0.02298491 0.00979473
v 0.05976713 -0.02259002 0.00955068
v 0.05934604 -0.02371712 0.00983206
v 0.05921835 -0.02371544 0.01024596
v 0.05943499 -0.02335557 0.01002376
v 0.05906347 -0.02370168 0.01065023
v 0.05929702 -0.02334918 0.01043525
v 0.05949746 -0.02298450 0.01020755
v 0.05966660 -0.02259457 0.00996930
v 0.05935045 -0.02297596 0.01061111
v 0.05953609 -0.02259032 0.01038364
v 0.05992613 -0.02219843 0.00889345
v 0.05987656 -0.02219954 0.00930929
v 0.05994989 -0.02180026 0.00906231
v 0.05979836 -0.02219675 0.00972070
v 0.05988890 -0.02179963 0.00947758
v 0.05994263 -0.02140000 0.00922771
v 0.05987118 -0.02140000 0.00963662
v 0.05968693 -0.02219542 0.01013958
v 0.05979986 -0.02179940 0.00988395
v 0.05954583 -0.02218993 0.01054937
v 0.05967719 -0.02179625 0.01030067
v 0.05953151 -0.02179593 0.01069033
v 0.05977163 -0.02140000 0.01003960
v 0.05964445 -0.02140000 0.01043473
v 0.04770000 -0.02689655 0.01080581
v 0.04770000 -0.02670856 0.01118528
v 0.04770000 -0.02650391 0.01155439
v 0.04770000 -0.02630514 0.01184675
v 0.04770000 -0.02609671 0.01213375
v 0.04770000 -0.02586097 0.01240501
v 0.04770000 -0.02561744 0.01266769
v 0.04770000 -0.02536530 0.01289632
v 0.04770000 -0.02510606 0.01311860
v 0.04770000 -0.02483233 0.01331524
v 0.04770000 -0.02455439 0.01350390
v 0.04770000 -0.02419395 0.01370979
v 0.04770000 -0.02382013 0.01389026
v 0.04770000 -0.02343474 0.01404445
v 0.04770000 -0.02303960 0.01417163
v 0.04770000 -0.02263662 0.01427118
v 0.04770000 -0.02222771 0.01434263
v 0.04770000 -0.02181485 0.01438564
v 0.04770000 -0.02140000 0.01440000
v 0.05400000 -0.02689655 0.01080581
v 0.05424780 -0.02670856 0.01118528
v 0.05400000 -0.02650391 0.01155439
v 0.05449394 -0.02687789 0.01079764
v 0.05496604 -0.02682903 0.01076482
v 0.05471853 -0.02667607 0.01116529
v 0.05518936 -0.02661121 0.01112557
v 0.05564816 -0.02651584 0.01106678
v 0.05605709 -0.02637068 0.01105720
v 0.05447076 -0.02648817 0.01154466
v 0.05493861 -0.02644107 0.01151555
v 0.05585410 -0.02625410 0.01140000
v 0.05540067 -0.02636288 0.01146723
v 0.05424405 -0.02630514 0.01184675
v 0.05400000 -0.02609671 0.01213375
v 0.05424406 -0.02586097 0.01240501
v 0.05471447 -0.02627302 0.01182684
v 0.05518365 -0.02620902 0.01178708
v 0.05495768 -0.02603104 0.01209273
v 0.05564224 -0.02611429 0.01172844
v 0.05604861 -0.02596244 0.01171472
v 0.05542252 -0.02595191 0.01204095
v 0.05583128 -0.02580876 0.01203445
v 0.05448685 -0.02608123 0.01212144
v 0.05472716 -0.02583332 0.01237705
v 0.05519599 -0.02576775 0.01233603
v 0.05623049 -0.02564264 0.01200901
v 0.05600815 -0.02547348 0.01232098
v 0.05560429 -0.02563142 0.01233972
v 0.05649358 -0.02621810 0.01096281
v 0.05691744 -0.02603545 0.01084972
v 0.05713499 -0.02575179 0.01108956
v 0.05629610 -0.02611539 0.01131427
v 0.05672394 -0.02594761 0.01121058
v 0.05648563 -0.02581007 0.01162070
v 0.05752671 -0.02552915 0.01095195
v 0.05789669 -0.02528104 0.01079861
v 0.05807386 -0.02490829 0.01106374
v 0.05691125 -0.02562683 0.01150782
v 0.05731451 -0.02541767 0.01137865
v 0.05771545 -0.02516988 0.01122550
v 0.05787947 -0.02478553 0.01148025
v 0.05841007 -0.02462070 0.01088564
v 0.05854761 -0.02421058 0.01112394
v 0.05822683 -0.02450782 0.01131125
v 0.05835180 -0.02408956 0.01153499
v 0.05708025 -0.02527947 0.01178552
v 0.05666374 -0.02547386 0.01190829
v 0.05749171 -0.02504487 0.01164390
v 0.05724390 -0.02489171 0.01204487
v 0.05639862 -0.02529669 0.01228104
v 0.05682550 -0.02511545 0.01216988
v 0.05655195 -0.02492671 0.01252915
v 0.05764487 -0.02464390 0.01189171
v 0.05801767 -0.02437865 0.01171451
v 0.05697865 -0.02471451 0.01241767
v 0.05738553 -0.02448025 0.01227947
v 0.05776988 -0.02422550 0.01211545
v 0.05750829 -0.02406374 0.01247386
v 0.05400000 -0.02561744 0.01266769
v 0.05424385 -0.02536530 0.01289632
v 0.05400000 -0.02510606 0.01311860
v 0.05424384 -0.02483233 0.01331524
v 0.05448344 -0.02560373 0.01265381
v 0.05496373 -0.02556268 0.01261228
v 0.05472687 -0.02533769 0.01286836
v 0.05512459 -0.02520747 0.01289871
v 0.05537340 -0.02543392 0.01262389
v 0.05577603 -0.02528447 0.01261386
v 0.05616955 -0.02511511 0.01258222
v 0.05553108 -0.02506556 0.01289661
v 0.05593285 -0.02490215 0.01287203
v 0.05448652 -0.02509385 0.01310306
v 0.05488448 -0.02496937 0.01314102
v 0.05527814 -0.02482751 0.01315590
v 0.05463896 -0.02471115 0.01336266
v 0.05503519 -0.02457481 0.01338487
v 0.05568192 -0.02467065 0.01314067
v 0.05607692 -0.02449673 0.01310071
v 0.05542337 -0.02442526 0.01338215
v 0.05582281 -0.02425735 0.01335105
v 0.05619616 -0.02408186 0.01329739
v 0.05400000 -0.02455439 0.01350390
v 0.05400000 -0.02419395 0.01370979
v 0.05439455 -0.02443779 0.01355909
v 0.05478720 -0.02430665 0.01358958
v 0.05517609 -0.02416160 0.01359523
v 0.05439490 -0.02407219 0.01375756
v 0.05555935 -0.02400333 0.01357601
v 0.05668956 -0.02453499 0.01275179
v 0.05632038 -0.02472023 0.01282627
v 0.05710782 -0.02431125 0.01262683
v 0.05681058 -0.02412394 0.01294761
v 0.05644972 -0.02431744 0.01303545
v 0.05881809 -0.02396281 0.01089359
v 0.05889739 -0.02359616 0.01108186
v 0.05913202 -0.02333515 0.01083260
v 0.05863545 -0.02384972 0.01131744
v 0.05895105 -0.02322281 0.01125735
v 0.05870071 -0.02347692 0.01149673
v 0.05917601 -0.02295935 0.01100333
v 0.05937840 -0.02257847 0.01078410
v 0.05919523 -0.02257609 0.01116160
v 0.05898215 -0.02282337 0.01142526
v 0.05898487 -0.02243519 0.01157481
v 0.05788104 -0.02379861 0.01229669
v 0.05792098 -0.02340815 0.01247348
v 0.05842627 -0.02372038 0.01172023
v 0.05812915 -0.02395195 0.01192671
v 0.05847203 -0.02333285 0.01190215
v 0.05818222 -0.02356955 0.01211511
v 0.05821386 -0.02317603 0.01228447
v 0.05874067 -0.02308192 0.01167065
v 0.05849661 -0.02293108 0.01206555
v 0.05875590 -0.02267814 0.01182751
v 0.05874102 -0.02228448 0.01196937
v 0.05822390 -0.02277340 0.01243392
v 0.05849871 -0.02252459 0.01220748
v 0.05938080 -0.02219049 0.01093418
v 0.05935756 -0.02179490 0.01107219
v 0.05918958 -0.02218720 0.01130665
v 0.05915909 -0.02179454 0.01143779
v 0.05949026 -0.02140000 0.01082013
v 0.05930979 -0.02140000 0.01119395
v 0.05910391 -0.02140000 0.01155439
v 0.05896266 -0.02203896 0.01171115
v 0.05870306 -0.02188652 0.01209385
v 0.05891525 -0.02164384 0.01183233
v 0.05846836 -0.02212686 0.01233769
v 0.05849632 -0.02164385 0.01236530
v 0.05871860 -0.02140000 0.01210606
v 0.05400000 -0.02382013 0.01389026
v 0.05400000 -0.02343474 0.01404445
v 0.05400000 -0.02303960 0.01417163
v 0.05400000 -0.02263662 0.01427118
v 0.05479049 -0.02393418 0.01378080
v 0.05439593 -0.02369033 0.01393151
v 0.05517847 -0.02378410 0.01377841
v 0.05519032 -0.02338364 0.01393609
v 0.05593515 -0.02383260 0.01353202
v 0.05557596 -0.02361111 0.01375045
v 0.05594918 -0.02343525 0.01369702
v 0.05558450 -0.02320755 0.01389746
v 0.05478993 -0.02354937 0.01394583
v 0.05439625 -0.02330067 0.01407719
v 0.05479542 -0.02313958 0.01408693
v 0.05595557 -0.02302376 0.01383499
v 0.05519456 -0.02296930 0.01406660
v 0.05439940 -0.02288395 0.01419986
v 0.05479676 -0.02272070 0.01419836
v 0.05519002 -0.02255068 0.01416713
v 0.05439963 -0.02247757 0.01428890
v 0.05479954 -0.02230929 0.01427656
v 0.05558491 -0.02279473 0.01401630
v 0.05557719 -0.02237476 0.01410634
v 0.05595318 -0.02260713 0.01394328
v 0.05400000 -0.02222771 0.01434263
v 0.05400000 -0.02181485 0.01438564
v 0.05400000 -0.02140000 0.01440000
v 0.05440026 -0.02206231 0.01434989
v 0.05479843 -0.02189345 0.01432613
v 0.05519148 -0.02213638 0.01423422
v 0.05440045 -0.02164749 0.01438150
v 0.05520221 -0.02164751 0.01427311
v 0.05559311 -0.02188901 0.01416393
v 0.05599405 -0.02213680 0.01401078
v 0.05600484 -0.02164781 0.01404971
v 0.05480114 -0.02140000 0.01434627
v 0.05559843 -0.02140000 0.01418317
v 0.05760901 -0.02363049 0.01264264
v 0.05722070 -0.02388564 0.01281007
v 0.05731472 -0.02344861 0.01296244
v 0.05763445 -0.02323128 0.01280877
v 0.05656281 -0.02389359 0.01321810
v 0.05691427 -0.02369610 0.01311539
v 0.05630168 -0.02365023 0.01346347
v 0.05665720 -0.02345709 0.01337068
v 0.05700000 -0.02325410 0.01325410
v 0.05793972 -0.02300429 0.01263142
v 0.05764095 -0.02282252 0.01295191
v 0.05793604 -0.02259599 0.01276775
v 0.05706723 -0.02280067 0.01336288
v 0.05711555 -0.02233861 0.01344107
v 0.05732844 -0.02304224 0.01311429
v 0.05738708 -0.02258365 0.01320902
v 0.05769274 -0.02235768 0.01303104
v 0.05821228 -0.02236373 0.01256268
v 0.05631544 -0.02324596 0.01361835
v 0.05666678 -0.02304816 0.01351584
v 0.05631712 -0.02283206 0.01374604
v 0.05672557 -0.02258936 0.01361121
v 0.05636482 -0.02236604 0.01382903
v 0.05797705 -0.02212716 0.01283332
v 0.05800501 -0.02164406 0.01286097
v 0.05772144 -0.02188685 0.01308123
v 0.05742684 -0.02211447 0.01327302
v 0.05744675 -0.02164405 0.01330514
v 0.05773375 -0.02140000 0.01309671
v 0.05825381 -0.02188344 0.01260373
v 0.05826769 -0.02140000 0.01261744
v 0.05676529 -0.02211853 0.01367607
v 0.05714466 -0.02187075 0.01348817
v 0.05639764 -0.02189394 0.01387789
v 0.05678528 -0.02164779 0.01370856
v 0.05715439 -0.02140000 0.01350390
v 0.05640581 -0.02140000 0.01389655
v 0.05400000 0.02140000 -0.01500000
v 0.05400000 0.02181485 -0.01498564
v 0.05400000 0.02222771 -0.01494263
v 0.05480114 0.02140000 -0.01494627
v 0.05559843 0.02140000 -0.01478317
v 0.05440045 0.02164749 -0.01498150
v 0.05520221 0.02164751 -0.01487311
v 0.05479843 0.02189345 -0.01492613
v 0.05440026 0.02206231 -0.01494989
v 0.05519148 0.02213638 -0.01483422
v 0.05600484 0.02164781 -0.01464971
v 0.05559311 0.02188901 -0.01476393
v 0.05599405 0.02213680 -0.01461078
v 0.05400000 0.02263662 -0.01487118
v 0.05400000 0.02303960 -0.01477163
v 0.05400000 0.02343474 -0.01464445
v 0.05400000 0.02382013 -0.01449026
v 0.05479954 0.02230929 -0.01487656
v 0.05439963 0.02247757 -0.01488890
v 0.05519002 0.02255068 -0.01476713
v 0.05439940 0.02288395 -0.01479986
v 0.05479676 0.02272070 -0.01479836
v 0.05519456 0.02296930 -0.01466660
v 0.05557719 0.02237476 -0.01470634
v 0.05595318 0.02260713 -0.01454328
v 0.05558491 0.02279473 -0.01461630
v 0.05595557 0.02302376 -0.01443499
v 0.05439625 0.02330067 -0.01467719
v 0.05479542 0.02313958 -0.01468693
v 0.05478993 0.02354937 -0.01454583
v 0.05519032 0.02338364 -0.01453609
v 0.05439593 0.02369033 -0.01453151
v 0.05479049 0.02393418 -0.01438080
v 0.05517847 0.02378410 -0.01437841
v 0.05558450 0.02320755 -0.01449747
v 0.05594918 0.02343525 -0.01429702
v 0.05557596 0.02361111 -0.01435045
v 0.05593515 0.02383260 -0.01413202
v 0.05640581 0.02140000 -0.01449655
v 0.05715439 0.02140000 -0.01410391
v 0.05678528 0.02164779 -0.01430856
v 0.05639764 0.02189394 -0.01447789
v 0.05714466 0.02187075 -0.01408817
v 0.05676529 0.02211853 -0.01427607
v 0.05773375 0.02140000 -0.01369671
v 0.05744675 0.02164405 -0.01390514
v 0.05742684 0.02211447 -0.01387302
v 0.05772144 0.02188685 -0.01368123
v 0.05800501 0.02164406 -0.01346097
v 0.05797705 0.02212716 -0.01343332
v 0.05826769 0.02140000 -0.01321744
v 0.05825381 0.02188344 -0.01320373
v 0.05636482 0.02236604 -0.01442903
v 0.05672557 0.02258936 -0.01421121
v 0.05631712 0.02283206 -0.01434604
v 0.05666678 0.02304816 -0.01411584
v 0.05631544 0.02324596 -0.01421835
v 0.05711555 0.02233861 -0.01404107
v 0.05706723 0.02280067 -0.01396288
v 0.05738708 0.02258365 -0.01380902
v 0.05769274 0.02235768 -0.01363104
v 0.05732844 0.02304224 -0.01371429
v 0.05793604 0.02259599 -0.01336775
v 0.05764095 0.02282252 -0.01355191
v 0.05793972 0.02300429 -0.01323142
v 0.05665720 0.02345709 -0.01397068
v 0.05700000 0.02325410 -0.01385410
v 0.05630168 0.02365023 -0.01406347
v 0.05656281 0.02389359 -0.01381810
v 0.05691427 0.02369610 -0.01371539
v 0.05763445 0.02323128 -0.01340877
v 0.05731472 0.02344861 -0.01356244
v 0.05722070 0.02388564 -0.01341007
v 0.05760901 0.02363049 -0.01324264
v 0.05821228 0.02236373 -0.01316268
v 0.05871860 0.02140000 -0.01270606
v 0.05849632 0.02164385 -0.01296530
v 0.05846836 0.02212686 -0.01293769
v 0.05891525 0.02164384 -0.01243233
v 0.05870306 0.02188652 -0.01269385
v 0.05896266 0.02203896 -0.01231115
v 0.05910391 0.02140000 -0.01215439
v 0.05930979 0.02140000 -0.01179395
v 0.05949026 0.02140000 -0.01142013
v 0.05915909 0.02179454 -0.01203779
v 0.05918958 0.02218720 -0.01190665
v 0.05935756 0.02179490 -0.01167219
v 0.05938080 0.02219049 -0.01153418
v 0.05792098 0.02340815 -0.01307348
v 0.05788104 0.02379861 -0.01289669
v 0.05849871 0.02252459 -0.01280748
v 0.05822390 0.02277340 -0.01303392
v 0.05874102 0.02228448 -0.01256937
v 0.05875590 0.02267814 -0.01242751
v 0.05849661 0.02293108 -0.01266556
v 0.05874067 0.02308192 -0.01227065
v 0.05821386 0.02317603 -0.01288447
v 0.05818222 0.02356955 -0.01271511
v 0.05847203 0.02333285 -0.01250215
v 0.05812915 0.02395195 -0.01252671
v 0.05842627 0.02372038 -0.01232023
v 0.05898487 0.02243519 -0.01217481
v 0.05898215 0.02282337 -0.01202526
v 0.05919523 0.02257609 -0.01176160
v 0.05937840 0.02257847 -0.01138410
v 0.05917601 0.02295935 -0.01160333
v 0.05870071 0.02347692 -0.01209673
v 0.05895105 0.02322281 -0.01185735
v 0.05863545 0.02384972 -0.01191744
v 0.05889739 0.02359616 -0.01168186
v 0.05881809 0.02396281 -0.01149359
v 0.05913202 0.02333515 -0.01143260
v 0.05400000 0.02419395 -0.01430979
v 0.05400000 0.02455439 -0.01410391
v 0.05439490 0.02407219 -0.01435756
v 0.05478720 0.02430665 -0.01418958
v 0.05517609 0.02416160 -0.01419523
v 0.05439455 0.02443779 -0.01415909
v 0.05555935 0.02400333 -0.01417601
v 0.05424384 0.02483233 -0.01391524
v 0.05400000 0.02510606 -0.01371860
v 0.05424385 0.02536530 -0.01349632
v 0.05400000 0.02561744 -0.01326769
v 0.05463896 0.02471115 -0.01396266
v 0.05503519 0.02457481 -0.01398487
v 0.05527814 0.02482751 -0.01375590
v 0.05619616 0.02408186 -0.01389739
v 0.05582281 0.02425735 -0.01395105
v 0.05542337 0.02442526 -0.01398215
v 0.05568192 0.02467065 -0.01374067
v 0.05607692 0.02449673 -0.01370071
v 0.05448652 0.02509385 -0.01370306
v 0.05488448 0.02496937 -0.01374102
v 0.05512459 0.02520747 -0.01349871
v 0.05472687 0.02533769 -0.01346836
v 0.05448344 0.02560373 -0.01325381
v 0.05496373 0.02556268 -0.01321228
v 0.05553108 0.02506556 -0.01349661
v 0.05593285 0.02490215 -0.01347203
v 0.05616955 0.02511511 -0.01318222
v 0.05537340 0.02543392 -0.01322389
v 0.05577603 0.02528447 -0.01321386
v 0.05644972 0.02431744 -0.01363545
v 0.05681058 0.02412394 -0.01354761
v 0.05710782 0.02431125 -0.01322683
v 0.05632038 0.02472023 -0.01342627
v 0.05668956 0.02453499 -0.01335179
v 0.05560429 0.02563142 -0.01293972
v 0.05600815 0.02547348 -0.01292098
v 0.05623049 0.02564264 -0.01260901
v 0.05424406 0.02586097 -0.01300501
v 0.05400000 0.02609671 -0.01273375
v 0.05424405 0.02630514 -0.01244675
v 0.05472716 0.02583332 -0.01297705
v 0.05519599 0.02576775 -0.01293603
v 0.05448685 0.02608123 -0.01272144
v 0.05495768 0.02603104 -0.01269273
v 0.05471447 0.02627302 -0.01242684
v 0.05518365 0.02620902 -0.01238708
v 0.05542252 0.02595191 -0.01264095
v 0.05583128 0.02580876 -0.01263445
v 0.05564224 0.02611429 -0.01232844
v 0.05604861 0.02596244 -0.01231472
v 0.05400000 0.02650391 -0.01215439
v 0.05424780 0.02670856 -0.01178528
v 0.05400000 0.02689655 -0.01140581
v 0.05447076 0.02648817 -0.01214466
v 0.05493861 0.02644107 -0.01211555
v 0.05540067 0.02636288 -0.01206723
v 0.05585410 0.02625410 -0.01200000
v 0.05564816 0.02651584 -0.01166678
v 0.05605709 0.02637068 -0.01165720
v 0.05471853 0.02667607 -0.01176529
v 0.05518936 0.02661121 -0.01172557
v 0.05449394 0.02687789 -0.01139764
v 0.05496604 0.02682903 -0.01136482
v 0.05697865 0.02471451 -0.01301767
v 0.05750829 0.02406374 -0.01307386
v 0.05776988 0.02422550 -0.01271545
v 0.05738553 0.02448025 -0.01287947
v 0.05801767 0.02437865 -0.01231451
v 0.05764487 0.02464390 -0.01249171
v 0.05655195 0.02492671 -0.01312915
v 0.05682550 0.02511545 -0.01276988
v 0.05639862 0.02529669 -0.01288104
v 0.05666374 0.02547386 -0.01250829
v 0.05708025 0.02527947 -0.01238552
v 0.05724390 0.02489171 -0.01264487
v 0.05749171 0.02504487 -0.01224390
v 0.05787947 0.02478553 -0.01208025
v 0.05691125 0.02562683 -0.01210782
v 0.05771545 0.02516988 -0.01182550
v 0.05731451 0.02541767 -0.01197865
v 0.05807386 0.02490829 -0.01166374
v 0.05752671 0.02552915 -0.01155195
v 0.05789669 0.02528104 -0.01139861
v 0.05835180 0.02408956 -0.01213499
v 0.05822683 0.02450782 -0.01191125
v 0.05854761 0.02421058 -0.01172394
v 0.05841007 0.02462070 -0.01148564
v 0.05648563 0.02581007 -0.01222070
v 0.05629610 0.02611539 -0.01191427
v 0.05672394 0.02594761 -0.01181058
v 0.05713499 0.02575179 -0.01168956
v 0.05691744 0.02603545 -0.01144972
v 0.05649358 0.02621810 -0.01156281
v 0.05964445 0.02140000 -0.01103474
v 0.05977163 0.02140000 -0.01063960
v 0.05953151 0.02179593 -0.01129033
v 0.05967719 0.02179625 -0.01090067
v 0.05954583 0.02218993 -0.01114937
v 0.05979986 0.02179940 -0.01048395
v 0.05968693 0.02219542 -0.01073958
v 0.05987118 0.02140000 -0.01023662
v 0.05994263 0.02140000 -0.00982771
v 0.05988890 0.02179963 -0.01007758
v 0.05979836 0.02219675 -0.01032070
v 0.05994989 0.02180026 -0.00966231
v 0.05987656 0.02219954 -0.00990929
v 0.05992613 0.02219843 -0.00949345
v 0.05953609 0.02259032 -0.01098364
v 0.05935045 0.02297596 -0.01121111
v 0.05966660 0.02259457 -0.01056930
v 0.05949746 0.02298450 -0.01080755
v 0.05929702 0.02334918 -0.01103525
v 0.05906347 0.02370168 -0.01125023
v 0.05943499 0.02335557 -0.01062376
v 0.05921835 0.02371544 -0.01084596
v 0.05934604 0.02371712 -0.01043206
v 0.05976713 0.02259002 -0.01015068
v 0.05961630 0.02298491 -0.01039473
v 0.05970634 0.02297719 -0.00997476
v 0.05983422 0.02259148 -0.00973638
v 0.05976393 0.02299311 -0.00948901
v 0.05954328 0.02335318 -0.01020713
v 0.05942903 0.02376482 -0.00996604
v 0.05961078 0.02339405 -0.00973680
v 0.05947790 0.02379764 -0.00949394
v 0.05998564 0.02140000 -0.00941485
v 0.06000000 0.02140000 -0.00900000
v 0.05998150 0.02180045 -0.00924749
v 0.05994627 0.02220114 -0.00900000
v 0.05987311 0.02260221 -0.00924751
v 0.05978317 0.02299843 -0.00900000
v 0.05964971 0.02340484 -0.00924781
v 0.05949655 0.02380581 -0.00900000
v 0.05424781 0.02704971 -0.01100484
v 0.05400000 0.02718317 -0.01059843
v 0.05520713 0.02694328 -0.01095318
v 0.05473680 0.02701078 -0.01099405
v 0.05543206 0.02674604 -0.01131712
v 0.05584596 0.02661835 -0.01131544
v 0.05562376 0.02683499 -0.01095557
v 0.05603525 0.02669702 -0.01094918
v 0.05448901 0.02716393 -0.01059311
v 0.05497476 0.02710634 -0.01057719
v 0.05621111 0.02675045 -0.01057596
v 0.05580755 0.02689747 -0.01058450
v 0.05539473 0.02701630 -0.01058491
v 0.05424751 0.02727311 -0.01020221
v 0.05400000 0.02734627 -0.00980114
v 0.05473638 0.02723422 -0.01019148
v 0.05515068 0.02716713 -0.01019002
v 0.05598364 0.02693609 -0.01019032
v 0.05556930 0.02706660 -0.01019456
v 0.05449345 0.02732613 -0.00979843
v 0.05490929 0.02727656 -0.00979954
v 0.05614937 0.02694583 -0.00978993
v 0.05573958 0.02708693 -0.00979542
v 0.05532070 0.02719836 -0.00979675
v 0.05771511 0.02558222 -0.01116955
v 0.05807348 0.02532098 -0.01100815
v 0.05788447 0.02561386 -0.01077603
v 0.05871539 0.02431427 -0.01129610
v 0.05897068 0.02405720 -0.01105709
v 0.05856244 0.02471472 -0.01104861
v 0.05885410 0.02440000 -0.01085410
v 0.05871429 0.02472844 -0.01064224
v 0.05911584 0.02406678 -0.01064816
v 0.05824264 0.02500901 -0.01123049
v 0.05840877 0.02503445 -0.01083128
v 0.05855191 0.02504095 -0.01042252
v 0.05823142 0.02533972 -0.01060429
v 0.05803392 0.02562390 -0.01037340
v 0.05896289 0.02446723 -0.01040067
v 0.05880902 0.02478708 -0.01018365
v 0.05921121 0.02412557 -0.01018936
v 0.05904107 0.02451555 -0.00993861
v 0.05887302 0.02482684 -0.00971447
v 0.05927607 0.02416529 -0.00971853
v 0.05863104 0.02509274 -0.00995768
v 0.05836775 0.02533603 -0.01019599
v 0.05816268 0.02561228 -0.00996373
v 0.05843332 0.02537705 -0.00972716
v 0.05709673 0.02610071 -0.01107692
v 0.05668186 0.02629740 -0.01119616
v 0.05625023 0.02646347 -0.01130168
v 0.05643260 0.02653202 -0.01093515
v 0.05732023 0.02582627 -0.01132038
v 0.05750215 0.02587203 -0.01093285
v 0.05685735 0.02635105 -0.01082281
v 0.05702526 0.02638215 -0.01042337
v 0.05766556 0.02589661 -0.01053108
v 0.05727065 0.02614067 -0.01068192
v 0.05660333 0.02657601 -0.01055935
v 0.05717481 0.02638487 -0.01003519
v 0.05780748 0.02589871 -0.01012459
v 0.05742751 0.02615589 -0.01027814
v 0.05793769 0.02586836 -0.00972686
v 0.05756937 0.02614102 -0.00988448
v 0.05731115 0.02636266 -0.00963896
v 0.05638411 0.02677841 -0.01017847
v 0.05676160 0.02659523 -0.01017609
v 0.05653418 0.02678080 -0.00979049
v 0.05690665 0.02658958 -0.00978720
v 0.05424749 0.02738150 -0.00940045
v 0.05400000 0.02740000 -0.00900000
v 0.05466231 0.02734989 -0.00940026
v 0.05507758 0.02728890 -0.00939963
v 0.05548396 0.02719986 -0.00939940
v 0.05590067 0.02707719 -0.00939625
v 0.05441485 0.02738564 -0.00900000
v 0.05482771 0.02734263 -0.00900000
v 0.05523662 0.02727118 -0.00900000
v 0.05563960 0.02717163 -0.00900000
v 0.05603474 0.02704445 -0.00900000
v 0.05930856 0.02418528 -0.00924779
v 0.05908817 0.02454466 -0.00947075
v 0.05910391 0.02455439 -0.00900000
v 0.05868123 0.02512144 -0.00948685
v 0.05890514 0.02484675 -0.00924405
v 0.05820373 0.02565381 -0.00948344
v 0.05846097 0.02540501 -0.00924406
v 0.05869671 0.02513375 -0.00900000
v 0.05821744 0.02566769 -0.00900000
v 0.05769385 0.02610306 -0.00948652
v 0.05796530 0.02589632 -0.00924385
v 0.05743233 0.02631524 -0.00924384
v 0.05715439 0.02650391 -0.00900000
v 0.05770605 0.02611860 -0.00900000
v 0.05667219 0.02675756 -0.00939490
v 0.05629033 0.02693151 -0.00939593
v 0.05703779 0.02655909 -0.00939455
v 0.05642013 0.02689026 -0.00900000
v 0.05679395 0.02670979 -0.00900000
v 0.04770000 0.02740000 -0.00550000
v 0.04770000 0.02740000 0.00840000
v 0.04770000 0.02738150 0.00880045
v 0.04770000 0.02734627 0.00920114
v 0.04770000 0.02727311 0.00960221
v 0.04770000 0.02718317 0.00999843
v 0.04770000 0.02704971 0.01040484
v 0.06000000 0.02140000 0.00840000
v 0.05998564 0.02140000 0.00881485
v 0.05994627 0.02220114 0.00840000
v 0.05998150 0.02180045 0.00864749
v 0.05978317 0.02299843 0.00840000
v 0.05987311 0.02260221 0.00864751
v 0.05949655 0.02380581 0.00840000
v 0.05964971 0.02340484 0.00864781
v 0.05994263 0.02140000 0.00922771
v 0.05987118 0.02140000 0.00963662
v 0.05994989 0.02180026 0.00906231
v 0.05992613 0.02219843 0.00889345
v 0.05987656 0.02219954 0.00930929
v 0.05988890 0.02179963 0.00947758
v 0.05979836 0.02219675 0.00972070
v 0.05977163 0.02140000 0.01003960
v 0.05964445 0.02140000 0.01043473
v 0.05979986 0.02179940 0.00988395
v 0.05968693 0.02219542 0.01013958
v 0.05967719 0.02179625 0.01030067
v 0.05953151 0.02179593 0.01069033
v 0.05954583 0.02218993 0.01054937
v 0.05983422 0.02259148 0.00913638
v 0.05976393 0.02299311 0.00888901
v 0.05976713 0.02259002 0.00955068
v 0.05970634 0.02297719 0.00937476
v 0.05961630 0.02298491 0.00979473
v 0.05961078 0.02339405 0.00913680
v 0.05947790 0.02379764 0.00889394
v 0.05954328 0.02335318 0.00960713
v 0.05942903 0.02376482 0.00936604
v 0.05966660 0.02259457 0.00996930
v 0.05949746 0.02298450 0.01020755
v 0.05953609 0.02259032 0.01038364
v 0.05935045 0.02297596 0.01061111
v 0.05943499 0.02335557 0.01002376
v 0.05934604 0.02371712 0.00983206
v 0.05921835 0.02371544 0.01024596
v 0.05929702 0.02334918 0.01043525
v 0.05906347 0.02370168 0.01065023
v 0.05400000 0.02740000 0.00840000
v 0.05424749 0.02738150 0.00880045
v 0.05441485 0.02738564 0.00840000
v 0.05482771 0.02734263 0.00840000
v 0.05523662 0.02727118 0.00840000
v 0.05563960 0.02717163 0.00840000
v 0.05603474 0.02704445 0.00840000
v 0.05466231 0.02734989 0.00880026
v 0.05507758 0.02728890 0.00879963
v 0.05548396 0.02719986 0.00879940
v 0.05590067 0.02707719 0.00879625
v 0.05910391 0.02455439 0.00840000
v 0.05930856 0.02418528 0.00864779
v 0.05908817 0.02454466 0.00887075
v 0.05869671 0.02513375 0.00840000
v 0.05821744 0.02566769 0.00840000
v 0.05890514 0.02484675 0.00864405
v 0.05868123 0.02512144 0.00888685
v 0.05846097 0.02540501 0.00864406
v 0.05820373 0.02565381 0.00888344
v 0.05715439 0.02650391 0.00840000
v 0.05770605 0.02611860 0.00840000
v 0.05796530 0.02589632 0.00864385
v 0.05769385 0.02610306 0.00888652
v 0.05743233 0.02631524 0.00864384
v 0.05642013 0.02689026 0.00840000
v 0.05679395 0.02670979 0.00840000
v 0.05667219 0.02675756 0.00879490
v 0.05629033 0.02693151 0.00879593
v 0.05703779 0.02655909 0.00879455
v 0.05400000 0.02734627 0.00920114
v 0.05424751 0.02727311 0.00960221
v 0.05449345 0.02732613 0.00919843
v 0.05490929 0.02727656 0.00919954
v 0.05614937 0.02694583 0.00918993
v 0.05573958 0.02708693 0.00919542
v 0.05532070 0.02719836 0.00919675
v 0.05473638 0.02723422 0.00959148
v 0.05515068 0.02716713 0.00959002
v 0.05598364 0.02693609 0.00959032
v 0.05556930 0.02706660 0.00959456
v 0.05400000 0.02718317 0.00999843
v 0.05424781 0.02704971 0.01040484
v 0.05448901 0.02716393 0.00999311
v 0.05497476 0.02710634 0.00997719
v 0.05621111 0.02675045 0.00997596
v 0.05580755 0.02689747 0.00998450
v 0.05539473 0.02701630 0.00998491
v 0.05520713 0.02694328 0.01035318
v 0.05473680 0.02701078 0.01039405
v 0.05562376 0.02683499 0.01035557
v 0.05603525 0.02669702 0.01034918
v 0.05543206 0.02674604 0.01071712
v 0.05584596 0.02661835 0.01071544
v 0.05803392 0.02562390 0.00977340
v 0.05887302 0.02482684 0.00911447
v 0.05904107 0.02451555 0.00933861
v 0.05927607 0.02416529 0.00911853
v 0.05896289 0.02446723 0.00980067
v 0.05880902 0.02478708 0.00958365
v 0.05921121 0.02412557 0.00958936
v 0.05843332 0.02537705 0.00912716
v 0.05863104 0.02509274 0.00935768
v 0.05816268 0.02561228 0.00936373
v 0.05836775 0.02533603 0.00959599
v 0.05788447 0.02561386 0.01017603
v 0.05807348 0.02532098 0.01040815
v 0.05771511 0.02558222 0.01056955
v 0.05885410 0.02440000 0.01025410
v 0.05871429 0.02472844 0.01004224
v 0.05911584 0.02406678 0.01004816
v 0.05897068 0.02405720 0.01045709
v 0.05871539 0.02431427 0.01069610
v 0.05856244 0.02471472 0.01044861
v 0.05855191 0.02504095 0.00982252
v 0.05840877 0.02503445 0.01023128
v 0.05823142 0.02533972 0.01000429
v 0.05824264 0.02500901 0.01063049
v 0.05793769 0.02586836 0.00912686
v 0.05731115 0.02636266 0.00903896
v 0.05756937 0.02614102 0.00928448
v 0.05717481 0.02638487 0.00943519
v 0.05780748 0.02589871 0.00952459
v 0.05742751 0.02615589 0.00967814
v 0.05653418 0.02678080 0.00919049
v 0.05690665 0.02658958 0.00918720
v 0.05676160 0.02659523 0.00957609
v 0.05638411 0.02677841 0.00957847
v 0.05702526 0.02638215 0.00982337
v 0.05685735 0.02635105 0.01022281
v 0.05766556 0.02589661 0.00993108
v 0.05727065 0.02614067 0.01008192
v 0.05709673 0.02610071 0.01047692
v 0.05643260 0.02653202 0.01033515
v 0.05668186 0.02629740 0.01059616
v 0.05625023 0.02646347 0.01070168
v 0.05750215 0.02587203 0.01033285
v 0.05732023 0.02582627 0.01072038
v 0.05660333 0.02657601 0.00995935
v 0.04770000 0.02140000 0.01440000
v 0.04770000 0.02181485 0.01438564
v 0.04770000 0.02222771 0.01434263
v 0.04770000 0.02263662 0.01427118
v 0.04770000 0.02303960 0.01417163
v 0.04770000 0.02382013 0.01389026
v 0.04770000 0.02343474 0.01404445
v 0.04770000 0.02650391 0.01155439
v 0.04770000 0.02689655 0.01080581
v 0.04770000 0.02670856 0.01118528
v 0.04770000 0.02630514 0.01184675
v 0.04770000 0.02609671 0.01213375
v 0.04770000 0.02586097 0.01240501
v 0.04770000 0.02561744 0.01266769
v 0.04770000 0.02536530 0.01289632
v 0.04770000 0.02510606 0.01311860
v 0.04770000 0.02483233 0.01331524
v 0.04770000 0.02419395 0.01370979
v 0.04770000 0.02455439 0.01350390
v 0.05949026 0.02140000 0.01082013
v 0.05930979 0.02140000 0.01119395
v 0.05910391 0.02140000 0.01155439
v 0.05935756 0.02179490 0.01107219
v 0.05938080 0.02219049 0.01093418
v 0.05915909 0.02179454 0.01143779
v 0.05918958 0.02218720 0.01130665
v 0.05871860 0.02140000 0.01210606
v 0.05891525 0.02164384 0.01183233
v 0.05896266 0.02203896 0.01171115
v 0.05870306 0.02188652 0.01209385
v 0.05849632 0.02164385 0.01236530
v 0.05846836 0.02212686 0.01233769
v 0.05937840 0.02257847 0.01078410
v 0.05919523 0.02257609 0.01116160
v 0.05917601 0.02295935 0.01100333
v 0.05898487 0.02243519 0.01157481
v 0.05898215 0.02282337 0.01142526
v 0.05881809 0.02396281 0.01089359
v 0.05889739 0.02359616 0.01108186
v 0.05913202 0.02333515 0.01083260
v 0.05895105 0.02322281 0.01125735
v 0.05870071 0.02347692 0.01149673
v 0.05863545 0.02384972 0.01131744
v 0.05792098 0.02340815 0.01247348
v 0.05788104 0.02379861 0.01229669
v 0.05875590 0.02267814 0.01182751
v 0.05874102 0.02228448 0.01196937
v 0.05874067 0.02308192 0.01167065
v 0.05849661 0.02293108 0.01206555
v 0.05849871 0.02252459 0.01220748
v 0.05822390 0.02277340 0.01243392
v 0.05847203 0.02333285 0.01190215
v 0.05842627 0.02372038 0.01172023
v 0.05812915 0.02395195 0.01192671
v 0.05821386 0.02317603 0.01228447
v 0.05818222 0.02356955 0.01211511
v 0.05400000 0.02140000 0.01440000
v 0.05400000 0.02181485 0.01438564
v 0.05400000 0.02222771 0.01434263
v 0.05480114 0.02140000 0.01434627
v 0.05559843 0.02140000 0.01418317
v 0.05440045 0.02164749 0.01438150
v 0.05520221 0.02164751 0.01427311
v 0.05479843 0.02189345 0.01432613
v 0.05440026 0.02206231 0.01434989
v 0.05519148 0.02213638 0.01423422
v 0.05600484 0.02164781 0.01404971
v 0.05559311 0.02188901 0.01416393
v 0.05599405 0.02213680 0.01401078
v 0.05400000 0.02263662 0.01427118
v 0.05400000 0.02303960 0.01417163
v 0.05400000 0.02382013 0.01389026
v 0.05400000 0.02343474 0.01404445
v 0.05595557 0.02302376 0.01383499
v 0.05519002 0.02255068 0.01416713
v 0.05479954 0.02230929 0.01427656
v 0.05439963 0.02247757 0.01428890
v 0.05519456 0.02296930 0.01406660
v 0.05439940 0.02288395 0.01419986
v 0.05479676 0.02272070 0.01419836
v 0.05557719 0.02237476 0.01410634
v 0.05595318 0.02260713 0.01394328
v 0.05558491 0.02279473 0.01401630
v 0.05519032 0.02338364 0.01393609
v 0.05439593 0.02369033 0.01393151
v 0.05479049 0.02393418 0.01378080
v 0.05517847 0.02378410 0.01377841
v 0.05594918 0.02343525 0.01369702
v 0.05558450 0.02320755 0.01389746
v 0.05593515 0.02383260 0.01353202
v 0.05557596 0.02361111 0.01375045
v 0.05439625 0.02330067 0.01407719
v 0.05479542 0.02313958 0.01408693
v 0.05478993 0.02354937 0.01394583
v 0.05773375 0.02140000 0.01309671
v 0.05800501 0.02164406 0.01286097
v 0.05797705 0.02212716 0.01283332
v 0.05744675 0.02164405 0.01330514
v 0.05772144 0.02188685 0.01308123
v 0.05742684 0.02211447 0.01327302
v 0.05826769 0.02140000 0.01261744
v 0.05825381 0.02188344 0.01260373
v 0.05715439 0.02140000 0.01350390
v 0.05640581 0.02140000 0.01389655
v 0.05678528 0.02164779 0.01370856
v 0.05714466 0.02187075 0.01348817
v 0.05676529 0.02211853 0.01367607
v 0.05639764 0.02189394 0.01387789
v 0.05793604 0.02259599 0.01276775
v 0.05793972 0.02300429 0.01263142
v 0.05764095 0.02282252 0.01295191
v 0.05711555 0.02233861 0.01344107
v 0.05706723 0.02280067 0.01336288
v 0.05738708 0.02258365 0.01320902
v 0.05769274 0.02235768 0.01303104
v 0.05732844 0.02304224 0.01311429
v 0.05763445 0.02323128 0.01280877
v 0.05731472 0.02344861 0.01296244
v 0.05760901 0.02363049 0.01264264
v 0.05722070 0.02388564 0.01281007
v 0.05665720 0.02345709 0.01337068
v 0.05700000 0.02325410 0.01325410
v 0.05656281 0.02389359 0.01321810
v 0.05691427 0.02369610 0.01311539
v 0.05630168 0.02365023 0.01346347
v 0.05821228 0.02236373 0.01256268
v 0.05672557 0.02258936 0.01361121
v 0.05636482 0.02236604 0.01382903
v 0.05666678 0.02304816 0.01351584
v 0.05631712 0.02283206 0.01374604
v 0.05631544 0.02324596 0.01361835
v 0.05623049 0.02564264 0.01200901
v 0.05600815 0.02547348 0.01232098
v 0.05560429 0.02563142 0.01233972
v 0.05400000 0.02650391 0.01155439
v 0.05400000 0.02689655 0.01080581
v 0.05424780 0.02670856 0.01118528
v 0.05564816 0.02651584 0.01106678
v 0.05605709 0.02637068 0.01105720
v 0.05447076 0.02648817 0.01154466
v 0.05493861 0.02644107 0.01151555
v 0.05585410 0.02625410 0.01140000
v 0.05540067 0.02636288 0.01146723
v 0.05449394 0.02687789 0.01079764
v 0.05496604 0.02682903 0.01076482
v 0.05471853 0.02667607 0.01116529
v 0.05518936 0.02661121 0.01112557
v 0.05424405 0.02630514 0.01184675
v 0.05400000 0.02609671 0.01213375
v 0.05424406 0.02586097 0.01240501
v 0.05495768 0.02603104 0.01209273
v 0.05471447 0.02627302 0.01182684
v 0.05518365 0.02620902 0.01178708
v 0.05564224 0.02611429 0.01172844
v 0.05604861 0.02596244 0.01171472
v 0.05542252 0.02595191 0.01204095
v 0.05583128 0.02580876 0.01203445
v 0.05448685 0.02608123 0.01212144
v 0.05472716 0.02583332 0.01237705
v 0.05519599 0.02576775 0.01233603
v 0.05787947 0.02478553 0.01148025
v 0.05807386 0.02490829 0.01106374
v 0.05752671 0.02552915 0.01095195
v 0.05789669 0.02528104 0.01079861
v 0.05691125 0.02562683 0.01150782
v 0.05771545 0.02516988 0.01122550
v 0.05731451 0.02541767 0.01137865
v 0.05854761 0.02421058 0.01112394
v 0.05841007 0.02462070 0.01088564
v 0.05835180 0.02408956 0.01153499
v 0.05822683 0.02450782 0.01131125
v 0.05801767 0.02437865 0.01171451
v 0.05764487 0.02464390 0.01189171
v 0.05697865 0.02471451 0.01241767
v 0.05776988 0.02422550 0.01211545
v 0.05750829 0.02406374 0.01247386
v 0.05738553 0.02448025 0.01227947
v 0.05708025 0.02527947 0.01178552
v 0.05666374 0.02547386 0.01190829
v 0.05749171 0.02504487 0.01164390
v 0.05724390 0.02489171 0.01204487
v 0.05682550 0.02511545 0.01216988
v 0.05655195 0.02492671 0.01252915
v 0.05639862 0.02529669 0.01228104
v 0.05691744 0.02603545 0.01084972
v 0.05713499 0.02575179 0.01108956
v 0.05649358 0.02621810 0.01096281
v 0.05629610 0.02611539 0.01131427
v 0.05672394 0.02594761 0.01121058
v 0.05648563 0.02581007 0.01162070
v 0.05400000 0.02561744 0.01266769
v 0.05424385 0.02536530 0.01289632
v 0.05400000 0.02510606 0.01311860
v 0.05424384 0.02483233 0.01331524
v 0.05527814 0.02482751 0.01315590
v 0.05463896 0.02471115 0.01336266
v 0.05503519 0.02457481 0.01338487
v 0.05619616 0.02408186 0.01329739
v 0.05582281 0.02425735 0.01335105
v 0.05568192 0.02467065 0.01314067
v 0.05607692 0.02449673 0.01310071
v 0.05542337 0.02442526 0.01338215
v 0.05512459 0.02520747 0.01289871
v 0.05448344 0.02560373 0.01265381
v 0.05496373 0.02556268 0.01261228
v 0.05472687 0.02533769 0.01286836
v 0.05616955 0.02511511 0.01258222
v 0.05553108 0.02506556 0.01289661
v 0.05593285 0.02490215 0.01287203
v 0.05537340 0.02543392 0.01262389
v 0.05577603 0.02528447 0.01261386
v 0.05448652 0.02509385 0.01310306
v 0.05488448 0.02496937 0.01314102
v 0.05400000 0.02419395 0.01370979
v 0.05400000 0.02455439 0.01350390
v 0.05478720 0.02430665 0.01358958
v 0.05517609 0.02416160 0.01359523
v 0.05439490 0.02407219 0.01375756
v 0.05439455 0.02443779 0.01355909
v 0.05555935 0.02400333 0.01357601
v 0.05710782 0.02431125 0.01262683
v 0.05681058 0.02412394 0.01294761
v 0.05668956 0.02453499 0.01275179
v 0.05632038 0.02472023 0.01282627
v 0.05644972 0.02431744 0.01303545
v -0.04119443 -0.00534046 0.01030000
v -0.04084046 -0.00569443 0.01030000
v -0.04039443 -0.00592169 0.01030000
v -0.04142169 -0.00489443 0.01030000
v -0.03990000 -0.00600000 0.01030000
v -0.03927082 -0.00454127 0.01030000
v -0.04150000 -0.00440000 0.01030000
v -0.03987082 -0.00410534 0.01030000
v -0.04004127 -0.00377082 0.01030000
v -0.03960534 -0.00437082 0.01030000
v -0.04010000 -0.00340000 0.01030000
v -0.03890000 -0.00460000 0.01030000
v -0.04119443 -0.00534046 0.01620000
v -0.04084046 -0.00569443 0.01620000
v -0.04039443 -0.00592169 0.01620000
v -0.04142169 -0.00489443 0.01620000
v -0.03990000 -0.00600000 0.01620000
v -0.03927082 -0.00454127 0.01620000
v -0.04150000 -0.00440000 0.01620000
v -0.03987082 -0.00410534 0.01620000
v -0.04004127 -0.00377082 0.01620000
v -0.03960534 -0.00437082 0.01620000
v -0.04010000 -0.00340000 0.01620000
v -0.03890000 -0.00460000 0.01620000
v -0.04150000 0.00440000 0.01030000
v -0.04010000 0.00340000 0.01030000
v -0.04004127 0.00377082 0.01030000
v -0.03987082 0.00410534 0.01030000
v -0.03960534 0.00437082 0.01030000
v -0.04142169 0.00489443 0.01030000
v -0.04119443 0.00534046 0.01030000
v -0.04084046 0.00569443 0.01030000
v -0.04039443 0.00592169 0.01030000
v -0.03927082 0.00454127 0.01030000
v -0.03990000 0.00600000 0.01030000
v -0.03890000 0.00460000 0.01030000
v -0.04150000 0.00440000 0.01620000
v -0.04010000 0.00340000 0.01620000
v -0.04004127 0.00377082 0.01620000
v -0.03987082 0.00410534 0.01620000
v -0.03960534 0.00437082 0.01620000
v -0.04142169 0.00489443 0.01620000
v -0.04119443 0.00534046 0.01620000
v -0.04084046 0.00569443 0.01620000
v -0.04039443 0.00592169 0.01620000
v -0.03927082 0.00454127 0.01620000
v -0.03990000 0.00600000 0.01620000
v -0.03890000 0.00460000 0.01620000
v -0.02610000 -0.00460000 0.01030000
v -0.02510000 -0.00600000 0.01030000
v -0.02572918 -0.00454127 0.01030000
v -0.02460557 -0.00592169 0.01030000
v -0.02415954 -0.00569443 0.01030000
v -0.02380557 -0.00534046 0.01030000
v -0.02357831 -0.00489443 0.01030000
v -0.02539466 -0.00437082 0.01030000
v -0.02512918 -0.00410534 0.01030000
v -0.02495873 -0.00377082 0.01030000
v -0.02490000 -0.00340000 0.01030000
v -0.02350000 -0.00440000 0.01030000
v -0.02610000 -0.00460000 0.01620000
v -0.02510000 -0.00600000 0.01620000
v -0.02572918 -0.00454127 0.01620000
v -0.02460557 -0.00592169 0.01620000
v -0.02415954 -0.00569443 0.01620000
v -0.02380557 -0.00534046 0.01620000
v -0.02357831 -0.00489443 0.01620000
v -0.02539466 -0.00437082 0.01620000
v -0.02512918 -0.00410534 0.01620000
v -0.02495873 -0.00377082 0.01620000
v -0.02490000 -0.00340000 0.01620000
v -0.02350000 -0.00440000 0.01620000
v -0.02610000 0.00460000 0.01030000
v -0.02490000 0.00340000 0.01030000
v -0.02539466 0.00437082 0.01030000
v -0.02495873 0.00377082 0.01030000
v -0.02512918 0.00410534 0.01030000
v -0.02350000 0.00440000 0.01030000
v -0.02572918 0.00454127 0.01030000
v -0.02510000 0.00600000 0.01030000
v -0.02357831 0.00489443 0.01030000
v -0.02460557 0.00592169 0.01030000
v -0.02415954 0.00569443 0.01030000
v -0.02380557 0.00534046 0.01030000
v -0.02610000 0.00460000 0.01620000
v -0.02490000 0.00340000 0.01620000
v -0.02539466 0.00437082 0.01620000
v -0.02495873 0.00377082 0.01620000
v -0.02512918 0.00410534 0.01620000
v -0.02350000 0.00440000 0.01620000
v -0.02572918 0.00454127 0.01620000
v -0.02510000 0.00600000 0.01620000
v -0.02357831 0.00489443 0.01620000
v -0.02460557 0.00592169 0.01620000
v -0.02415954 0.00569443 0.01620000
v -0.02380557 0.00534046 0.01620000
v 0.02316844 -0.01505725 0.01230000
v 0.02267130 -0.01408156 0.01230000
v 0.02250000 -0.01300000 0.01230000
v 0.02394275 -0.01583156 0.01230000
v 0.02491844 -0.01632870 0.01230000
v 0.02600000 -0.01650000 0.01230000
v 0.02625000 -0.00900000 0.01230000
v 0.02625000 -0.00400000 0.01230000
v 0.02316844 -0.01505725 0.01450000
v 0.02267130 -0.01408156 0.01450000
v 0.02250000 -0.01300000 0.01450000
v 0.02394275 -0.01583156 0.01450000
v 0.02491844 -0.01632870 0.01450000
v 0.02600000 -0.01650000 0.01450000
v 0.02625000 -0.00900000 0.01450000
v 0.02625000 -0.00400000 0.01450000
v 0.02625000 -0.00000000 0.01230000
v 0.02625000 0.00500000 0.01230000
v 0.02250000 0.00900000 0.01230000
v 0.02267130 0.01008156 0.01230000
v 0.02316844 0.01105725 0.01230000
v 0.02394275 0.01183156 0.01230000
v 0.02491844 0.01232870 0.01230000
v 0.02600000 0.01250000 0.01230000
v 0.02625000 -0.00000000 0.01450000
v 0.02625000 0.00500000 0.01450000
v 0.02250000 0.00900000 0.01450000
v 0.02267130 0.01008156 0.01450000
v 0.02316844 0.01105725 0.01450000
v 0.02394275 0.01183156 0.01450000
v 0.02491844 0.01232870 0.01450000
v 0.02600000 0.01250000 0.01450000
v 0.03900000 -0.01650000 0.01230000
v 0.04008156 -0.01632870 0.01230000
v 0.04105725 -0.01583156 0.01230000
v 0.04183156 -0.01505725 0.01230000
v 0.04232870 -0.01408156 0.01230000
v 0.04250000 -0.01300000 0.01230000
v 0.03875000 -0.00900000 0.01230000
v 0.03875000 -0.00400000 0.01230000
v 0.03900000 -0.01650000 0.01450000
v 0.04008156 -0.01632870 0.01450000
v 0.04105725 -0.01583156 0.01450000
v 0.04183156 -0.01505725 0.01450000
v 0.04232870 -0.01408156 0.01450000
v 0.04250000 -0.01300000 0.01450000
v 0.03875000 -0.00900000 0.01450000
v 0.03875000 -0.00400000 0.01450000
v 0.03875000 -0.00000000 0.01230000
v 0.03875000 0.00500000 0.01230000
v 0.03900000 0.01250000 0.01230000
v 0.04008156 0.01232870 0.01230000
v 0.04105725 0.01183156 0.01230000
v 0.04250000 0.00900000 0.01230000
v 0.04232870 0.01008156 0.01230000
v 0.04183156 0.01105725 0.01230000
v 0.03875000 -0.00000000 0.01450000
v 0.03875000 0.00500000 0.01450000
v 0.03900000 0.01250000 0.01450000
v 0.04008156 0.01232870 0.01450000
v 0.04105725 0.01183156 0.01450000
v 0.04250000 0.00900000 0.01450000
v 0.04232870 0.01008156 0.01450000
v 0.04183156 0.01105725 0.01450000
f 2 19 43
f 1 103 28
f 1 4 103
f 5 50 106
f 1 25 2
f 1 2 3
f 3 43 52
f 3 52 5
f 2 43 3
f 4 5 106
f 1 3 4
f 3 5 4
f 22 35 76
f 6 9 24
f 6 27 136
f 7 30 10
f 9 10 29
f 6 139 9
f 9 140 10
f 7 10 8
f 8 10 140
f 8 154 12
f 7 8 12
f 7 12 11
f 18 26 31
f 14 30 32
f 13 23 31
f 13 14 20
f 13 30 14
f 15 18 16
f 15 17 18
f 16 18 23
f 17 26 18
f 15 19 17
f 2 17 19
f 20 21 23
f 14 34 20
f 20 34 22
f 16 23 21
f 20 22 21
f 13 20 23
f 18 31 23
f 24 26 27
f 17 25 26
f 25 27 26
f 24 31 26
f 27 28 136
f 6 24 27
f 1 28 25
f 25 28 27
f 13 29 30
f 24 29 31
f 7 32 30
f 10 30 29
f 13 31 29
f 9 29 24
f 2 25 17
f 14 33 34
f 14 32 33
f 22 34 35
f 7 11 32
f 36 94 71
f 36 71 38
f 36 37 61
f 37 40 61
f 36 38 37
f 40 208 63
f 38 87 39
f 39 87 210
f 39 211 41
f 39 210 211
f 37 41 40
f 37 38 39
f 37 39 41
f 40 41 208
f 54 56 172
f 42 47 44
f 43 44 52
f 19 42 43
f 44 45 52
f 42 44 43
f 45 48 46
f 45 46 53
f 44 47 48
f 42 94 47
f 47 61 48
f 36 47 94
f 36 61 47
f 44 48 45
f 45 49 52
f 5 49 50
f 50 51 181
f 51 172 181
f 49 51 50
f 5 52 49
f 51 53 54
f 45 53 49
f 49 53 51
f 46 65 53
f 53 65 54
f 51 54 172
f 57 64 228
f 54 55 56
f 55 58 56
f 56 58 183
f 55 64 57
f 55 57 58
f 58 188 183
f 58 233 188
f 57 233 58
f 59 63 60
f 46 60 65
f 46 48 59
f 46 59 60
f 60 64 65
f 48 61 59
f 40 59 61
f 60 63 62
f 40 63 59
f 62 63 238
f 63 208 238
f 60 62 64
f 62 228 64
f 54 65 55
f 55 65 64
f 66 70 92
f 69 92 70
f 21 67 66
f 22 76 67
f 66 75 70
f 66 67 75
f 67 76 68
f 67 68 75
f 72 73 83
f 69 71 94
f 69 70 72
f 69 72 71
f 70 73 72
f 73 75 74
f 68 74 75
f 68 78 74
f 73 74 85
f 74 78 86
f 70 75 73
f 68 76 77
f 68 77 78
f 78 91 86
f 79 85 80
f 80 86 89
f 79 253 88
f 88 253 252
f 79 80 81
f 80 89 82
f 79 81 253
f 80 82 81
f 72 83 84
f 38 84 87
f 83 88 84
f 79 88 83
f 71 72 84
f 38 71 84
f 73 85 83
f 74 86 85
f 79 83 85
f 80 85 86
f 84 88 87
f 87 88 252
f 87 252 210
f 86 91 89
f 82 89 90
f 15 93 19
f 19 93 42
f 15 92 93
f 16 66 92
f 15 16 92
f 69 93 92
f 69 94 93
f 42 93 94
f 16 21 66
f 21 22 67
f 95 101 105
f 95 105 97
f 97 113 99
f 95 97 96
f 96 97 99
f 96 99 98
f 99 114 119
f 98 99 119
f 104 108 110
f 28 103 101
f 101 103 105
f 4 102 103
f 102 105 103
f 97 105 104
f 102 104 105
f 102 108 104
f 106 107 108
f 50 107 106
f 107 109 108
f 108 109 110
f 107 182 109
f 109 182 116
f 4 106 102
f 102 106 108
f 110 112 113
f 110 115 112
f 112 114 113
f 112 126 114
f 111 112 115
f 111 126 112
f 97 104 113
f 104 110 113
f 99 113 114
f 109 116 115
f 109 115 110
f 115 116 117
f 116 175 117
f 111 115 117
f 111 117 129
f 100 117 175
f 100 129 117
f 118 122 159
f 98 118 157
f 98 119 118
f 118 119 121
f 114 120 119
f 119 120 121
f 118 121 122
f 120 123 121
f 100 124 129
f 124 125 130
f 114 126 120
f 120 126 128
f 111 127 126
f 126 127 128
f 120 128 123
f 127 131 128
f 111 129 127
f 127 129 130
f 124 130 129
f 127 130 131
f 137 148 142
f 132 142 133
f 133 142 148
f 132 134 141
f 132 133 134
f 135 142 139
f 135 136 138
f 101 138 136
f 6 136 135
f 6 135 139
f 95 152 138
f 137 138 152
f 135 137 142
f 135 138 137
f 95 138 101
f 9 139 140
f 132 140 139
f 132 139 142
f 8 140 141
f 132 141 140
f 137 143 148
f 143 151 148
f 144 157 145
f 143 145 151
f 143 144 145
f 145 160 151
f 146 149 147
f 133 148 146
f 146 148 151
f 133 146 147
f 133 147 134
f 146 151 150
f 150 151 160
f 146 150 149
f 149 150 161
f 95 96 152
f 96 144 152
f 143 152 144
f 137 152 143
f 96 98 144
f 98 157 144
f 141 153 154
f 134 153 141
f 134 155 153
f 8 141 154
f 147 156 155
f 134 147 155
f 147 149 156
f 149 167 156
f 28 101 136
f 158 163 160
f 157 159 158
f 118 159 157
f 145 157 158
f 145 158 160
f 158 165 163
f 158 159 165
f 150 160 162
f 160 163 162
f 150 162 161
f 161 162 164
f 162 163 166
f 162 166 164
f 149 161 167
f 161 164 168
f 161 168 167
f 164 169 168
f 170 172 173
f 56 173 172
f 170 174 171
f 170 173 174
f 171 174 177
f 174 184 178
f 173 184 174
f 116 171 175
f 171 177 175
f 175 177 176
f 100 175 176
f 100 176 194
f 176 179 194
f 174 178 177
f 176 177 180
f 177 178 180
f 176 180 179
f 179 180 190
f 50 181 107
f 107 181 182
f 170 181 172
f 170 182 181
f 116 182 171
f 170 171 182
f 56 183 173
f 173 183 184
f 183 187 184
f 178 184 185
f 184 187 185
f 185 186 191
f 183 188 187
f 187 188 306
f 185 187 186
f 186 187 306
f 189 191 192
f 190 192 200
f 178 185 189
f 178 189 180
f 185 191 189
f 180 189 190
f 189 192 190
f 191 193 192
f 186 311 191
f 191 311 193
f 192 202 200
f 192 193 202
f 193 324 202
f 100 194 124
f 124 194 195
f 179 196 194
f 194 196 195
f 124 195 125
f 195 196 199
f 179 197 196
f 196 197 198
f 179 190 197
f 196 198 199
f 197 201 198
f 197 200 201
f 200 203 201
f 201 203 205
f 201 205 204
f 190 200 197
f 198 201 204
f 200 202 203
f 202 325 203
f 203 206 205
f 203 325 206
f 207 212 260
f 207 260 218
f 208 213 209
f 208 209 238
f 209 240 238
f 209 213 214
f 41 211 213
f 210 212 211
f 211 216 213
f 211 212 216
f 41 213 208
f 214 217 222
f 209 215 240
f 209 214 215
f 215 251 240
f 214 222 215
f 213 216 214
f 214 216 217
f 207 216 212
f 207 217 216
f 207 218 219
f 218 221 219
f 219 221 220
f 218 271 221
f 220 278 276
f 221 271 277
f 221 277 278
f 220 221 278
f 217 224 222
f 222 224 225
f 215 223 251
f 215 222 223
f 223 242 251
f 222 225 223
f 207 219 217
f 217 219 224
f 219 220 224
f 224 226 225
f 225 226 282
f 223 225 227
f 223 227 242
f 227 286 242
f 225 282 227
f 220 226 224
f 220 276 226
f 228 239 230
f 228 230 232
f 229 230 239
f 231 246 236
f 229 231 230
f 229 241 231
f 230 231 236
f 57 228 232
f 57 232 233
f 232 237 233
f 188 233 234
f 233 237 234
f 235 247 245
f 232 236 237
f 230 236 232
f 236 246 247
f 236 247 237
f 234 237 235
f 235 237 247
f 62 238 239
f 238 240 239
f 62 239 228
f 229 239 240
f 229 240 251
f 241 251 242
f 229 251 241
f 241 244 243
f 241 242 244
f 231 243 246
f 231 241 243
f 243 250 246
f 242 286 244
f 243 288 250
f 243 244 288
f 245 247 249
f 245 249 248
f 245 248 315
f 246 249 247
f 248 249 292
f 246 250 249
f 249 250 292
f 210 252 254
f 252 253 255
f 210 254 212
f 252 255 254
f 253 257 255
f 82 263 256
f 81 257 253
f 81 256 257
f 81 82 256
f 258 265 259
f 254 255 259
f 254 259 260
f 212 254 260
f 255 257 258
f 255 258 259
f 259 266 260
f 256 261 257
f 257 261 258
f 256 263 262
f 256 262 261
f 258 261 267
f 261 262 268
f 82 90 263
f 262 263 264
f 262 264 274
f 258 267 265
f 265 270 266
f 265 267 269
f 218 260 266
f 259 265 266
f 218 266 271
f 261 268 267
f 262 274 268
f 267 268 272
f 268 274 273
f 266 270 271
f 265 269 270
f 270 295 271
f 271 295 277
f 269 296 270
f 270 296 295
f 267 272 269
f 268 273 272
f 269 272 297
f 269 297 296
f 272 298 297
f 272 273 298
f 273 304 298
f 273 274 275
f 273 275 304
f 283 290 286
f 276 278 279
f 277 280 278
f 276 279 285
f 278 280 279
f 226 276 281
f 226 281 282
f 276 285 281
f 281 284 282
f 227 282 283
f 227 283 286
f 282 284 283
f 244 286 287
f 244 287 288
f 286 290 287
f 250 288 289
f 287 291 288
f 288 291 289
f 292 294 293
f 248 292 293
f 248 293 317
f 250 289 292
f 289 294 292
f 277 295 299
f 295 296 300
f 295 300 299
f 296 301 300
f 277 299 280
f 296 297 301
f 297 298 302
f 298 304 303
f 297 302 301
f 298 303 302
f 303 304 305
f 234 308 306
f 306 308 307
f 186 306 307
f 186 307 311
f 188 234 306
f 234 235 308
f 235 309 308
f 235 245 309
f 308 309 310
f 307 308 310
f 307 310 313
f 310 316 319
f 309 316 310
f 193 311 312
f 307 313 311
f 311 313 312
f 193 312 324
f 312 327 324
f 312 313 314
f 313 319 314
f 310 319 313
f 312 314 327
f 314 331 327
f 245 315 309
f 309 315 316
f 316 318 320
f 315 318 316
f 248 317 315
f 315 317 318
f 318 322 320
f 317 338 318
f 318 338 322
f 316 320 319
f 314 319 321
f 319 320 321
f 320 323 321
f 314 321 331
f 321 333 331
f 320 322 323
f 322 340 323
f 321 323 333
f 323 334 333
f 323 340 334
f 324 326 325
f 202 324 325
f 324 327 326
f 206 325 329
f 325 326 329
f 326 327 328
f 327 331 328
f 326 328 330
f 326 330 329
f 328 336 330
f 328 331 332
f 331 333 332
f 328 332 336
f 332 337 336
f 332 333 335
f 333 334 335
f 332 335 337
f 335 344 337
f 317 339 338
f 293 339 317
f 322 338 341
f 322 341 340
f 334 340 343
f 334 342 335
f 334 343 342
f 335 342 344
f 342 345 344
f 283 357 290
f 279 353 285
f 279 280 348
f 281 285 353
f 281 354 284
f 283 284 352
f 287 290 357
f 287 358 291
f 289 291 358
f 293 294 365
f 293 365 339
f 289 363 294
f 280 299 366
f 299 300 366
f 300 301 368
f 301 302 368
f 302 303 369
f 303 305 370
f 338 339 447
f 338 447 341
f 340 341 449
f 340 449 343
f 342 343 450
f 342 451 345
f 305 346 486
f 121 719 122
f 121 123 719
f 125 723 130
f 123 128 718
f 128 131 725
f 130 725 131
f 163 165 754
f 159 756 165
f 122 756 159
f 163 755 166
f 164 166 760
f 164 764 169
f 125 195 723
f 195 199 792
f 198 792 199
f 198 204 798
f 204 205 799
f 205 206 799
f 206 329 800
f 329 330 923
f 330 336 930
f 336 337 930
f 337 344 955
f 344 345 956
f 345 452 956
f 12 154 1434
f 11 12 1434
f 32 1441 33
f 33 1442 34
f 34 1442 35
f 11 1433 32
f 35 1468 76
f 76 1468 77
f 77 1470 78
f 78 1483 91
f 89 91 1483
f 89 1482 90
f 153 1527 154
f 153 155 1529
f 155 156 1530
f 156 167 1530
f 167 168 1553
f 168 169 1554
f 90 1639 263
f 263 1639 264
f 264 1640 274
f 274 1653 275
f 275 1653 304
f 304 1708 305
f 305 1709 346
f 279 347 353
f 279 348 347
f 280 366 348
f 281 353 354
f 284 354 352
f 283 352 355
f 283 355 357
f 287 357 359
f 287 359 358
f 289 358 361
f 294 363 365
f 289 361 363
f 300 368 367
f 300 367 366
f 302 369 368
f 303 370 369
f 305 375 370
f 339 446 447
f 339 365 446
f 341 447 448
f 341 448 449
f 343 449 450
f 342 450 451
f 345 451 452
f 305 486 375
f 355 360 357
f 347 349 353
f 347 348 351
f 347 351 349
f 348 350 351
f 349 354 353
f 352 354 356
f 349 381 354
f 354 381 356
f 352 356 355
f 355 356 383
f 355 383 360
f 357 360 359
f 359 360 398
f 359 398 362
f 358 359 362
f 358 362 361
f 361 362 403
f 363 364 365
f 364 402 365
f 365 402 454
f 361 364 363
f 361 403 364
f 366 367 371
f 367 368 372
f 350 366 371
f 367 372 371
f 348 366 350
f 368 369 373
f 369 370 374
f 368 373 372
f 369 374 373
f 370 376 374
f 370 375 376
f 349 351 377
f 350 378 351
f 350 424 378
f 351 378 377
f 377 378 379
f 378 424 380
f 378 380 379
f 379 380 387
f 356 381 382
f 381 386 382
f 356 382 383
f 382 385 383
f 360 383 399
f 383 385 399
f 349 377 381
f 377 386 381
f 382 386 384
f 384 386 390
f 385 408 399
f 382 384 385
f 385 389 408
f 384 389 385
f 377 379 386
f 379 390 386
f 379 387 390
f 380 435 387
f 387 435 394
f 384 390 388
f 389 419 408
f 384 388 389
f 389 392 419
f 388 392 389
f 387 391 390
f 388 390 391
f 388 391 397
f 387 394 391
f 392 421 419
f 388 397 392
f 392 397 393
f 392 393 421
f 391 396 397
f 391 394 396
f 396 493 397
f 394 395 396
f 393 397 493
f 360 399 398
f 362 401 403
f 362 398 401
f 398 400 401
f 398 399 400
f 399 408 400
f 400 408 409
f 401 406 403
f 401 410 406
f 400 410 401
f 364 404 402
f 364 403 404
f 403 406 404
f 402 404 405
f 404 407 405
f 402 405 456
f 404 406 407
f 406 410 414
f 400 409 410
f 409 411 410
f 410 411 414
f 409 420 411
f 411 420 412
f 411 412 416
f 405 407 413
f 406 414 407
f 407 414 415
f 414 416 415
f 411 416 414
f 407 415 413
f 413 415 417
f 415 416 418
f 412 498 416
f 416 498 418
f 415 418 417
f 417 418 587
f 408 419 409
f 409 419 420
f 419 421 420
f 420 421 502
f 412 420 502
f 350 371 424
f 371 423 424
f 371 372 423
f 372 422 423
f 423 428 424
f 422 427 423
f 372 373 422
f 373 374 425
f 373 425 422
f 374 376 426
f 374 426 425
f 422 425 429
f 425 426 430
f 423 427 428
f 422 429 427
f 427 429 433
f 380 424 428
f 380 428 435
f 427 434 428
f 425 430 429
f 426 432 430
f 429 430 436
f 430 432 437
f 376 431 426
f 426 431 432
f 427 433 434
f 428 434 435
f 434 438 435
f 434 439 438
f 394 435 438
f 433 439 434
f 433 443 439
f 429 436 433
f 430 437 436
f 433 436 443
f 436 442 443
f 436 437 442
f 437 445 442
f 394 438 395
f 438 439 440
f 439 443 441
f 395 438 440
f 439 441 440
f 442 445 523
f 442 522 443
f 441 443 522
f 442 523 522
f 432 444 437
f 437 444 445
f 445 532 523
f 446 454 447
f 365 454 446
f 447 458 448
f 448 458 449
f 449 472 450
f 450 472 451
f 451 472 474
f 451 453 452
f 451 474 453
f 402 456 454
f 454 456 455
f 447 454 455
f 447 455 458
f 455 460 458
f 405 463 456
f 456 463 457
f 455 457 460
f 455 456 457
f 449 458 459
f 458 460 459
f 449 459 472
f 459 473 472
f 459 462 473
f 459 460 462
f 460 461 462
f 457 461 460
f 461 469 462
f 462 475 473
f 462 469 475
f 405 413 463
f 463 464 465
f 413 464 463
f 413 417 464
f 457 465 461
f 457 463 465
f 464 467 465
f 465 467 468
f 417 466 464
f 464 466 467
f 466 586 467
f 467 586 470
f 417 587 466
f 461 468 469
f 461 465 468
f 468 471 469
f 469 479 475
f 469 471 479
f 467 470 468
f 468 470 471
f 470 593 471
f 471 481 479
f 471 593 481
f 472 473 474
f 473 476 474
f 453 474 477
f 474 476 477
f 473 475 476
f 475 480 476
f 476 478 477
f 476 480 478
f 475 479 480
f 479 482 480
f 478 480 484
f 480 482 484
f 482 485 484
f 479 481 482
f 481 483 482
f 481 610 483
f 482 483 485
f 483 614 485
f 375 487 376
f 375 486 487
f 376 487 431
f 431 489 432
f 431 487 488
f 431 488 489
f 432 489 490
f 432 490 444
f 444 491 445
f 445 698 532
f 444 490 491
f 445 491 698
f 393 494 503
f 395 526 492
f 396 492 493
f 395 492 396
f 492 526 496
f 393 493 494
f 493 495 494
f 492 495 493
f 492 496 495
f 494 495 507
f 495 496 497
f 496 535 497
f 495 497 507
f 497 535 548
f 412 504 498
f 498 504 500
f 498 500 499
f 418 499 587
f 418 498 499
f 499 589 587
f 499 500 501
f 499 501 589
f 500 517 501
f 421 503 502
f 393 503 421
f 502 503 506
f 494 505 503
f 412 502 504
f 502 506 504
f 503 505 506
f 504 506 508
f 506 509 508
f 505 509 506
f 505 511 509
f 494 507 505
f 505 507 511
f 500 504 508
f 500 508 517
f 501 517 598
f 509 511 510
f 509 510 516
f 507 512 511
f 497 512 507
f 497 548 512
f 511 512 514
f 512 548 513
f 510 511 514
f 512 513 514
f 510 514 521
f 513 515 514
f 514 515 521
f 513 558 515
f 508 509 516
f 508 516 517
f 516 519 517
f 510 518 516
f 516 518 519
f 517 519 598
f 510 521 518
f 519 608 598
f 519 520 608
f 518 520 519
f 518 553 520
f 518 521 553
f 440 441 527
f 441 524 527
f 441 522 524
f 522 523 525
f 522 525 524
f 523 533 525
f 524 525 530
f 525 533 531
f 395 440 526
f 440 527 526
f 526 527 528
f 496 526 528
f 524 529 527
f 527 529 528
f 528 529 536
f 496 528 535
f 528 536 535
f 524 530 529
f 525 531 530
f 529 530 539
f 530 531 540
f 523 532 533
f 531 533 534
f 529 539 536
f 535 536 537
f 536 539 538
f 535 537 548
f 536 538 537
f 530 540 539
f 531 545 540
f 539 540 541
f 540 545 542
f 540 542 541
f 538 539 541
f 537 538 550
f 538 543 550
f 538 541 543
f 541 544 543
f 541 542 544
f 542 547 544
f 543 544 561
f 544 547 562
f 531 534 545
f 542 545 546
f 542 546 547
f 537 549 548
f 537 550 549
f 513 548 549
f 513 549 558
f 549 550 556
f 549 556 558
f 543 557 550
f 550 557 556
f 543 561 557
f 544 562 561
f 515 558 552
f 520 553 625
f 515 551 521
f 521 551 553
f 515 552 551
f 551 552 555
f 552 567 555
f 551 554 553
f 553 554 625
f 551 555 554
f 554 555 629
f 555 571 629
f 547 575 562
f 556 557 560
f 556 559 558
f 552 558 559
f 556 560 559
f 557 564 560
f 559 560 568
f 557 561 564
f 561 562 563
f 561 563 564
f 562 576 563
f 563 576 566
f 563 565 564
f 560 564 572
f 560 572 568
f 564 565 572
f 563 566 565
f 565 566 574
f 566 578 574
f 552 559 567
f 559 568 567
f 567 568 570
f 568 572 569
f 568 569 570
f 555 567 571
f 567 570 571
f 570 660 571
f 569 579 570
f 565 573 572
f 565 574 573
f 569 572 573
f 574 578 580
f 573 574 582
f 569 573 581
f 562 575 576
f 566 576 577
f 566 577 578
f 578 584 580
f 569 581 579
f 570 579 660
f 574 580 582
f 573 582 581
f 579 581 664
f 581 582 665
f 580 583 582
f 582 583 665
f 580 584 585
f 580 585 583
f 583 585 681
f 586 590 592
f 466 587 588
f 587 589 588
f 466 588 586
f 586 588 590
f 588 589 591
f 501 597 589
f 589 597 591
f 588 591 590
f 590 591 602
f 470 586 592
f 470 592 593
f 592 594 593
f 481 593 610
f 593 594 610
f 594 612 610
f 592 595 594
f 594 596 612
f 590 595 592
f 590 602 595
f 595 602 604
f 594 595 596
f 595 604 596
f 501 598 597
f 597 598 600
f 591 599 602
f 591 597 599
f 597 600 599
f 599 600 601
f 599 601 603
f 602 603 604
f 599 603 602
f 603 607 604
f 596 604 605
f 604 607 605
f 601 606 603
f 603 606 607
f 601 633 606
f 605 607 620
f 606 623 607
f 607 623 620
f 598 608 600
f 600 608 609
f 520 624 608
f 608 624 609
f 600 609 601
f 601 609 633
f 483 610 611
f 610 612 611
f 483 611 614
f 611 615 614
f 611 612 613
f 612 617 613
f 611 613 615
f 613 616 615
f 596 617 612
f 613 619 616
f 596 605 617
f 605 618 617
f 617 618 619
f 613 617 619
f 618 622 619
f 605 620 618
f 618 620 621
f 620 623 646
f 620 646 621
f 618 621 622
f 621 646 647
f 520 625 624
f 624 625 626
f 609 624 627
f 609 627 633
f 624 626 627
f 626 636 627
f 554 628 625
f 625 628 626
f 626 631 636
f 554 629 628
f 628 629 632
f 571 630 629
f 629 630 632
f 626 628 631
f 628 632 631
f 631 632 642
f 606 633 635
f 633 634 635
f 627 634 633
f 627 636 634
f 606 635 623
f 623 635 648
f 634 637 635
f 635 637 648
f 634 636 638
f 636 639 638
f 634 638 637
f 637 638 651
f 638 639 640
f 638 640 651
f 631 639 636
f 631 642 639
f 639 644 640
f 630 641 632
f 632 641 642
f 639 642 644
f 641 643 642
f 642 643 644
f 640 644 654
f 644 645 654
f 643 645 644
f 623 648 646
f 646 649 647
f 646 648 649
f 637 650 648
f 648 650 649
f 649 650 653
f 637 651 650
f 650 651 652
f 640 655 651
f 651 655 652
f 650 652 653
f 652 655 658
f 640 654 655
f 654 657 655
f 645 656 654
f 645 685 656
f 654 656 657
f 655 657 658
f 656 659 657
f 656 687 659
f 571 660 630
f 630 660 662
f 660 661 662
f 579 661 660
f 579 664 661
f 661 664 667
f 630 662 641
f 641 662 671
f 662 663 671
f 661 663 662
f 661 667 663
f 581 665 664
f 664 665 668
f 664 668 667
f 583 666 665
f 665 666 668
f 663 667 675
f 667 668 669
f 667 669 675
f 666 670 668
f 668 670 669
f 641 671 643
f 643 671 673
f 671 672 673
f 663 672 671
f 643 673 645
f 645 673 685
f 663 675 672
f 672 675 678
f 673 674 685
f 672 674 673
f 672 678 674
f 674 678 688
f 669 676 675
f 675 676 678
f 669 677 676
f 669 670 677
f 676 677 679
f 676 680 678
f 678 680 688
f 676 679 680
f 679 689 680
f 583 681 666
f 666 681 682
f 666 682 670
f 670 682 683
f 670 683 677
f 677 683 684
f 677 684 679
f 679 684 695
f 656 685 687
f 685 686 687
f 674 686 685
f 674 688 686
f 686 688 691
f 686 693 687
f 686 691 693
f 680 690 688
f 688 690 691
f 680 689 690
f 689 692 690
f 690 694 691
f 690 692 694
f 679 695 689
f 689 696 692
f 689 695 696
f 692 696 697
f 532 699 533
f 533 699 534
f 532 698 699
f 534 699 700
f 534 701 545
f 545 701 546
f 546 703 547
f 534 700 701
f 546 701 702
f 546 702 703
f 547 703 704
f 547 704 575
f 575 705 576
f 576 706 577
f 577 707 578
f 578 708 584
f 575 704 705
f 576 705 706
f 577 706 707
f 578 707 708
f 584 709 585
f 584 708 709
f 585 709 710
f 585 710 681
f 681 711 682
f 682 712 683
f 683 713 684
f 684 714 695
f 681 710 711
f 682 711 712
f 683 712 713
f 684 713 714
f 695 715 696
f 696 716 697
f 695 714 715
f 696 715 716
f 452 453 1064
f 453 477 1064
f 477 478 1071
f 478 484 1078
f 484 485 1078
f 485 614 1208
f 614 615 1208
f 615 616 1210
f 616 619 1210
f 619 622 1215
f 621 1219 622
f 621 647 1219
f 647 649 1245
f 649 653 1247
f 652 1247 653
f 652 658 1253
f 657 1255 658
f 657 659 1255
f 659 687 1254
f 687 693 1284
f 691 1287 693
f 691 694 1287
f 692 1288 694
f 692 697 1292
f 697 716 1414
f 122 717 756
f 122 719 717
f 123 718 719
f 128 726 718
f 128 725 726
f 130 729 725
f 130 723 729
f 163 754 759
f 165 756 754
f 163 759 755
f 166 755 760
f 164 760 764
f 195 793 723
f 195 792 793
f 198 795 792
f 198 798 795
f 204 799 798
f 206 800 799
f 329 923 800
f 330 924 923
f 330 930 924
f 337 931 930
f 337 955 931
f 344 956 955
f 717 720 756
f 717 719 720
f 718 721 719
f 719 722 720
f 720 731 757
f 720 722 731
f 719 721 722
f 721 740 722
f 723 724 729
f 724 736 730
f 718 726 721
f 725 728 726
f 721 726 727
f 721 727 740
f 726 728 727
f 727 728 737
f 725 729 728
f 728 729 730
f 728 730 737
f 724 730 729
f 731 732 733
f 722 740 732
f 722 732 731
f 732 741 734
f 732 734 733
f 733 734 735
f 734 746 735
f 735 746 747
f 727 738 740
f 738 741 740
f 727 737 738
f 737 743 738
f 738 739 741
f 738 743 739
f 732 740 741
f 734 741 745
f 739 745 741
f 730 742 737
f 737 742 743
f 730 736 742
f 736 806 742
f 743 744 750
f 739 743 750
f 742 744 743
f 742 806 744
f 739 751 745
f 734 745 746
f 745 748 746
f 745 751 748
f 746 749 747
f 747 749 841
f 748 830 749
f 746 748 749
f 739 750 751
f 750 753 751
f 744 816 750
f 750 816 753
f 751 753 752
f 752 753 864
f 748 751 752
f 748 752 830
f 754 758 759
f 754 756 758
f 758 761 759
f 756 757 758
f 720 757 756
f 757 768 758
f 758 768 761
f 755 759 762
f 755 762 760
f 759 761 762
f 761 770 762
f 760 762 763
f 762 770 763
f 760 765 764
f 760 763 765
f 763 766 765
f 763 771 766
f 757 767 768
f 761 768 772
f 768 769 772
f 767 769 768
f 769 775 772
f 769 780 775
f 761 772 770
f 770 772 773
f 763 770 771
f 770 773 771
f 771 773 774
f 772 775 773
f 773 775 777
f 773 777 774
f 774 777 778
f 731 767 757
f 731 733 767
f 733 776 767
f 767 776 769
f 733 735 776
f 769 776 780
f 775 780 784
f 775 784 777
f 777 784 779
f 777 779 778
f 778 779 786
f 735 781 776
f 776 781 780
f 780 782 784
f 780 781 782
f 735 747 781
f 782 785 784
f 781 783 782
f 747 783 781
f 782 783 834
f 782 834 785
f 779 784 785
f 779 785 787
f 785 836 787
f 779 787 786
f 786 787 835
f 766 771 788
f 771 774 788
f 774 789 788
f 774 778 789
f 778 790 789
f 778 786 790
f 786 791 790
f 786 835 791
f 747 841 783
f 723 793 724
f 792 796 793
f 724 793 794
f 724 794 736
f 794 796 807
f 793 796 794
f 792 795 796
f 795 801 797
f 795 797 796
f 796 797 807
f 797 818 807
f 798 799 801
f 799 803 801
f 797 801 802
f 801 803 802
f 795 798 801
f 797 802 818
f 799 800 803
f 800 925 803
f 802 803 804
f 803 925 804
f 736 794 805
f 736 805 806
f 794 807 805
f 744 806 811
f 805 809 806
f 806 809 811
f 805 807 808
f 807 818 808
f 805 808 809
f 809 810 813
f 808 810 809
f 809 813 811
f 811 813 812
f 812 813 815
f 810 823 813
f 813 823 815
f 812 815 814
f 814 815 877
f 744 811 816
f 811 812 816
f 753 816 817
f 753 817 864
f 812 817 816
f 812 814 817
f 802 820 818
f 819 820 822
f 808 818 819
f 818 820 819
f 808 819 810
f 810 819 824
f 819 822 824
f 802 804 820
f 804 821 820
f 804 927 821
f 820 821 822
f 821 938 822
f 822 938 826
f 810 824 823
f 823 824 827
f 815 823 825
f 815 825 877
f 823 827 825
f 822 826 824
f 824 826 827
f 826 942 827
f 825 827 828
f 827 942 828
f 749 829 841
f 749 830 829
f 752 864 831
f 752 831 830
f 829 830 833
f 830 831 833
f 829 832 844
f 829 833 832
f 831 867 833
f 833 867 870
f 832 833 870
f 832 870 853
f 783 842 834
f 834 843 836
f 785 834 836
f 787 836 837
f 836 846 837
f 787 837 835
f 835 837 838
f 837 847 838
f 791 835 839
f 835 838 839
f 838 840 839
f 783 841 842
f 834 842 843
f 841 844 842
f 829 844 841
f 842 845 843
f 842 844 845
f 844 851 845
f 843 845 848
f 836 843 846
f 843 848 846
f 846 849 847
f 837 846 847
f 838 847 860
f 846 848 849
f 832 851 844
f 845 852 848
f 847 850 860
f 848 856 849
f 847 849 850
f 849 857 850
f 845 851 852
f 851 854 852
f 852 855 856
f 832 853 851
f 851 853 854
f 852 854 855
f 848 852 856
f 849 856 857
f 856 858 857
f 850 857 862
f 857 859 862
f 855 858 856
f 857 858 859
f 838 860 840
f 850 861 860
f 850 862 861
f 859 863 862
f 859 907 863
f 814 877 868
f 831 864 866
f 817 865 864
f 814 865 817
f 864 865 866
f 866 873 867
f 831 866 867
f 814 868 865
f 865 868 869
f 865 869 866
f 866 869 873
f 868 881 869
f 869 881 874
f 867 871 870
f 853 870 872
f 867 873 871
f 870 871 872
f 871 875 872
f 869 874 873
f 873 874 876
f 871 873 876
f 871 876 875
f 872 875 896
f 875 876 884
f 875 888 896
f 875 884 888
f 868 877 878
f 825 879 877
f 877 879 878
f 825 828 879
f 828 963 879
f 879 963 880
f 878 879 880
f 878 880 885
f 880 969 885
f 868 878 881
f 878 885 881
f 874 881 882
f 874 883 876
f 874 882 883
f 881 885 882
f 882 887 883
f 876 883 884
f 883 891 884
f 882 885 886
f 885 969 886
f 882 886 887
f 883 887 891
f 886 973 887
f 887 973 987
f 888 902 896
f 884 889 888
f 888 890 902
f 884 891 889
f 888 889 890
f 887 987 891
f 889 891 892
f 889 893 890
f 889 892 893
f 891 987 892
f 890 893 914
f 892 990 893
f 893 990 991
f 893 991 914
f 853 895 854
f 853 872 895
f 854 895 894
f 854 894 855
f 855 894 897
f 872 896 895
f 894 895 900
f 895 896 900
f 855 897 858
f 858 898 859
f 894 901 897
f 894 900 901
f 858 897 898
f 859 898 907
f 897 904 898
f 897 901 904
f 898 899 907
f 898 904 899
f 896 902 900
f 900 903 901
f 900 902 903
f 901 903 905
f 903 910 905
f 901 905 904
f 904 905 906
f 899 904 906
f 899 906 909
f 905 912 906
f 906 913 909
f 899 908 907
f 899 909 908
f 909 913 920
f 902 911 903
f 890 911 902
f 903 911 910
f 890 914 911
f 910 911 915
f 910 915 916
f 905 910 912
f 906 912 913
f 910 916 912
f 912 917 913
f 911 914 915
f 914 1008 915
f 914 991 1008
f 912 916 917
f 913 917 921
f 915 1009 916
f 915 1008 1009
f 916 918 917
f 917 919 921
f 916 1009 918
f 917 918 919
f 913 921 920
f 919 922 921
f 800 923 925
f 923 926 925
f 925 926 927
f 804 925 927
f 926 929 927
f 923 924 926
f 924 928 926
f 924 930 928
f 926 928 929
f 928 933 929
f 928 930 932
f 930 931 932
f 928 932 933
f 932 935 933
f 931 934 932
f 931 955 934
f 932 934 935
f 934 936 935
f 821 927 937
f 927 929 937
f 821 937 938
f 937 940 938
f 938 940 941
f 929 939 937
f 929 933 939
f 937 939 940
f 939 947 940
f 940 947 943
f 826 938 941
f 826 941 942
f 941 944 942
f 942 944 964
f 828 942 964
f 940 943 941
f 941 943 944
f 943 947 951
f 943 951 945
f 944 966 964
f 944 945 966
f 943 945 944
f 945 976 966
f 933 946 939
f 933 935 946
f 939 946 947
f 947 948 951
f 946 948 947
f 946 949 948
f 935 949 946
f 935 936 949
f 936 959 949
f 948 949 950
f 949 959 950
f 948 953 951
f 951 953 952
f 945 951 952
f 945 952 976
f 948 950 953
f 950 961 953
f 953 961 954
f 952 953 954
f 952 954 979
f 934 955 957
f 955 956 957
f 934 957 936
f 936 957 958
f 936 958 959
f 950 959 960
f 950 960 961
f 954 961 962
f 954 962 1032
f 828 964 963
f 963 964 967
f 880 963 965
f 880 965 969
f 963 967 965
f 966 976 977
f 964 966 967
f 966 977 967
f 965 967 968
f 965 968 970
f 967 977 968
f 968 977 978
f 965 970 969
f 969 970 974
f 970 972 974
f 968 978 971
f 968 971 970
f 970 971 972
f 971 983 972
f 886 969 974
f 886 974 973
f 973 974 975
f 972 975 974
f 972 986 975
f 952 979 976
f 976 980 977
f 976 979 980
f 977 980 978
f 979 1033 980
f 978 980 981
f 980 1033 981
f 971 978 982
f 971 982 983
f 978 981 982
f 972 983 986
f 983 984 986
f 982 985 983
f 983 985 984
f 981 1035 982
f 982 1035 985
f 984 985 1037
f 973 988 987
f 987 988 989
f 973 975 988
f 988 994 989
f 892 987 989
f 892 989 990
f 990 992 991
f 989 995 990
f 990 995 992
f 975 993 988
f 988 993 994
f 975 986 993
f 993 999 994
f 994 999 996
f 989 994 995
f 994 996 995
f 992 995 997
f 995 996 997
f 992 997 1014
f 997 1004 1014
f 986 998 993
f 993 998 999
f 984 998 986
f 998 1002 999
f 996 999 1000
f 999 1002 1000
f 996 1005 997
f 996 1000 1005
f 1000 1006 1005
f 984 1001 998
f 984 1037 1001
f 998 1001 1002
f 1001 1041 1002
f 1000 1002 1003
f 1002 1041 1003
f 1000 1003 1006
f 1003 1046 1006
f 997 1005 1004
f 1004 1005 1007
f 1005 1006 1007
f 1004 1007 1025
f 1006 1046 1047
f 1006 1047 1007
f 1007 1048 1025
f 1007 1047 1048
f 991 1010 1008
f 1008 1011 1009
f 991 992 1010
f 1008 1010 1011
f 1009 1011 1012
f 918 1009 1012
f 918 1012 1013
f 918 1013 919
f 919 1013 1019
f 992 1014 1010
f 1010 1015 1011
f 1010 1014 1015
f 1011 1016 1012
f 1011 1015 1016
f 1014 1021 1015
f 1015 1022 1016
f 1012 1017 1013
f 1012 1016 1017
f 1013 1018 1019
f 1013 1017 1018
f 1016 1023 1017
f 1017 1024 1018
f 919 1019 922
f 1018 1020 1019
f 1018 1030 1020
f 1004 1021 1014
f 1015 1021 1022
f 1004 1025 1021
f 1016 1022 1023
f 1021 1026 1022
f 1022 1027 1023
f 1017 1023 1024
f 1018 1024 1030
f 1023 1028 1024
f 1024 1029 1030
f 1021 1025 1026
f 1022 1026 1027
f 1025 1051 1026
f 1025 1048 1051
f 1026 1052 1027
f 1026 1051 1052
f 1023 1027 1028
f 1024 1028 1029
f 1027 1053 1028
f 1027 1052 1053
f 1028 1053 1054
f 1028 1054 1029
f 1029 1054 1060
f 1029 1031 1030
f 1029 1060 1031
f 954 1032 979
f 979 1032 1033
f 1032 1034 1033
f 981 1033 1036
f 1033 1034 1036
f 981 1036 1035
f 1035 1036 1039
f 1035 1039 1038
f 985 1035 1038
f 985 1038 1037
f 1037 1038 1040
f 1037 1040 1042
f 1001 1037 1042
f 1001 1042 1041
f 1041 1042 1044
f 1003 1041 1043
f 1003 1043 1046
f 1041 1044 1043
f 1043 1045 1046
f 1046 1049 1047
f 1047 1050 1048
f 1045 1049 1046
f 1047 1049 1050
f 1048 1050 1055
f 1048 1055 1051
f 1051 1056 1052
f 1051 1055 1056
f 1052 1056 1057
f 1052 1057 1053
f 1053 1058 1054
f 1054 1059 1060
f 1053 1057 1058
f 1054 1058 1059
f 1059 1061 1060
f 956 1063 957
f 957 1065 958
f 958 1065 959
f 959 1068 960
f 960 1067 961
f 961 1069 962
f 962 1069 1032
f 1032 1103 1034
f 1034 1108 1036
f 1036 1108 1039
f 1038 1039 1110
f 1038 1107 1040
f 1040 1107 1042
f 1042 1112 1044
f 1043 1044 1116
f 1043 1116 1045
f 1045 1113 1049
f 1049 1118 1050
f 1050 1122 1055
f 1055 1123 1056
f 1056 1124 1057
f 1057 1124 1058
f 1058 1125 1059
f 1059 1131 1061
f 1061 1131 1062
f 169 764 2149
f 764 765 2150
f 765 766 2151
f 766 788 2151
f 788 789 2162
f 789 790 2163
f 790 791 2165
f 791 839 2165
f 839 840 2261
f 840 860 2268
f 860 861 2269
f 861 862 2269
f 862 863 2271
f 863 907 2299
f 907 908 2300
f 908 909 2300
f 909 920 2312
f 920 921 2312
f 921 922 2313
f 922 1019 2395
f 1019 1020 2396
f 1020 1030 2396
f 1030 1031 2408
f 1031 1060 2409
f 1060 1061 2465
f 1061 1062 2465
f 452 1063 956
f 452 1064 1063
f 477 1071 1064
f 478 1072 1071
f 478 1078 1072
f 485 1079 1078
f 485 1208 1079
f 615 1209 1208
f 615 1210 1209
f 619 1216 1210
f 619 1215 1216
f 622 1219 1215
f 647 1245 1219
f 649 1248 1245
f 649 1247 1248
f 652 1250 1247
f 652 1253 1250
f 658 1255 1253
f 659 1254 1255
f 687 1284 1254
f 693 1282 1284
f 693 1287 1282
f 694 1283 1287
f 694 1288 1283
f 692 1292 1288
f 697 1414 1292
f 957 1063 1066
f 957 1066 1065
f 959 1065 1068
f 960 1068 1067
f 961 1067 1070
f 961 1070 1069
f 1032 1069 1104
f 1032 1104 1103
f 1034 1103 1108
f 1039 1108 1106
f 1039 1106 1110
f 1038 1110 1107
f 1042 1107 1114
f 1042 1114 1112
f 1044 1112 1116
f 1045 1116 1113
f 1049 1113 1117
f 1049 1117 1118
f 1050 1118 1122
f 1055 1122 1123
f 1056 1123 1124
f 1058 1124 1125
f 1059 1125 1126
f 1059 1126 1131
f 1131 1202 1062
f 1063 1064 1066
f 1064 1073 1066
f 1065 1066 1074
f 1066 1073 1074
f 1065 1074 1068
f 1067 1068 1086
f 1067 1086 1070
f 1069 1070 1091
f 1069 1091 1104
f 1064 1071 1073
f 1071 1076 1073
f 1073 1075 1074
f 1073 1076 1075
f 1071 1072 1076
f 1072 1080 1076
f 1075 1076 1077
f 1076 1080 1077
f 1072 1078 1080
f 1078 1079 1082
f 1078 1082 1080
f 1077 1080 1081
f 1080 1082 1081
f 1079 1083 1082
f 1079 1208 1083
f 1081 1082 1084
f 1082 1083 1084
f 1083 1212 1084
f 1068 1074 1085
f 1074 1075 1085
f 1075 1087 1085
f 1068 1085 1086
f 1085 1088 1086
f 1075 1077 1087
f 1077 1094 1087
f 1085 1087 1088
f 1087 1089 1088
f 1087 1094 1089
f 1088 1089 1092
f 1070 1086 1090
f 1070 1090 1091
f 1086 1088 1090
f 1090 1093 1091
f 1091 1093 1133
f 1088 1092 1090
f 1090 1092 1093
f 1092 1099 1093
f 1093 1099 1136
f 1077 1081 1094
f 1081 1096 1094
f 1089 1094 1095
f 1089 1095 1098
f 1094 1096 1095
f 1081 1084 1096
f 1084 1221 1096
f 1095 1096 1097
f 1095 1097 1101
f 1096 1221 1097
f 1089 1098 1092
f 1092 1098 1099
f 1095 1101 1098
f 1098 1101 1100
f 1098 1100 1099
f 1099 1144 1136
f 1099 1100 1144
f 1100 1147 1144
f 1097 1226 1101
f 1101 1226 1102
f 1100 1101 1102
f 1100 1102 1147
f 1102 1227 1147
f 1091 1133 1104
f 1104 1133 1105
f 1103 1104 1105
f 1103 1105 1108
f 1105 1134 1108
f 1106 1108 1109
f 1106 1109 1110
f 1108 1134 1109
f 1107 1110 1111
f 1109 1139 1110
f 1110 1139 1111
f 1107 1111 1114
f 1112 1114 1115
f 1111 1157 1114
f 1114 1157 1115
f 1112 1115 1116
f 1113 1116 1119
f 1115 1158 1116
f 1116 1158 1119
f 1113 1119 1117
f 1117 1120 1118
f 1117 1119 1120
f 1118 1120 1121
f 1118 1121 1122
f 1122 1127 1123
f 1123 1128 1124
f 1121 1127 1122
f 1123 1127 1128
f 1124 1129 1125
f 1125 1130 1126
f 1124 1128 1129
f 1125 1129 1130
f 1126 1130 1132
f 1126 1132 1131
f 1105 1133 1135
f 1105 1135 1134
f 1134 1135 1138
f 1093 1136 1133
f 1133 1136 1135
f 1135 1136 1137
f 1135 1137 1138
f 1109 1134 1140
f 1109 1140 1139
f 1111 1139 1141
f 1134 1138 1140
f 1138 1150 1140
f 1140 1150 1142
f 1139 1140 1142
f 1139 1142 1141
f 1142 1152 1143
f 1141 1142 1143
f 1136 1144 1137
f 1137 1144 1145
f 1144 1147 1145
f 1137 1145 1146
f 1137 1146 1138
f 1145 1149 1146
f 1146 1149 1151
f 1145 1147 1148
f 1147 1227 1148
f 1145 1148 1149
f 1148 1321 1149
f 1149 1321 1153
f 1138 1146 1150
f 1146 1151 1150
f 1142 1150 1152
f 1150 1151 1152
f 1151 1155 1152
f 1149 1153 1151
f 1151 1153 1155
f 1143 1152 1154
f 1152 1155 1154
f 1153 1326 1155
f 1154 1155 1156
f 1155 1326 1156
f 1115 1157 1159
f 1111 1141 1157
f 1141 1160 1157
f 1157 1160 1159
f 1115 1159 1158
f 1158 1159 1162
f 1119 1158 1163
f 1158 1162 1163
f 1141 1143 1160
f 1159 1160 1161
f 1143 1167 1160
f 1160 1167 1161
f 1159 1161 1162
f 1161 1169 1162
f 1162 1165 1163
f 1162 1169 1165
f 1165 1169 1177
f 1119 1163 1120
f 1120 1163 1164
f 1120 1164 1121
f 1121 1164 1178
f 1163 1165 1164
f 1164 1166 1178
f 1164 1165 1166
f 1165 1177 1166
f 1143 1154 1167
f 1161 1167 1168
f 1154 1171 1167
f 1167 1171 1168
f 1161 1168 1169
f 1169 1170 1177
f 1168 1170 1169
f 1168 1173 1170
f 1170 1174 1177
f 1154 1156 1171
f 1168 1171 1173
f 1156 1172 1171
f 1171 1172 1173
f 1172 1344 1173
f 1170 1173 1175
f 1170 1175 1174
f 1173 1344 1175
f 1174 1175 1176
f 1166 1177 1189
f 1174 1189 1177
f 1121 1178 1127
f 1127 1178 1179
f 1127 1179 1128
f 1128 1179 1180
f 1178 1183 1179
f 1179 1184 1180
f 1128 1180 1129
f 1129 1181 1130
f 1129 1180 1181
f 1130 1182 1132
f 1130 1181 1182
f 1180 1185 1181
f 1181 1186 1182
f 1166 1183 1178
f 1166 1189 1183
f 1183 1190 1184
f 1179 1183 1184
f 1180 1184 1185
f 1184 1191 1185
f 1181 1185 1186
f 1182 1186 1188
f 1185 1192 1186
f 1186 1193 1188
f 1132 1182 1187
f 1182 1188 1187
f 1183 1189 1190
f 1174 1194 1189
f 1189 1194 1190
f 1190 1194 1195
f 1190 1195 1191
f 1191 1195 1198
f 1184 1190 1191
f 1185 1191 1192
f 1186 1192 1193
f 1191 1198 1192
f 1192 1198 1199
f 1192 1199 1193
f 1193 1199 1201
f 1174 1176 1194
f 1194 1196 1195
f 1195 1197 1198
f 1176 1196 1194
f 1195 1196 1197
f 1198 1359 1199
f 1197 1359 1198
f 1199 1359 1360
f 1199 1360 1201
f 1188 1193 1200
f 1193 1201 1200
f 1201 1360 1364
f 1131 1132 1203
f 1131 1203 1202
f 1132 1187 1203
f 1187 1188 1205
f 1188 1200 1205
f 1187 1204 1203
f 1187 1205 1204
f 1200 1201 1206
f 1201 1364 1207
f 1200 1206 1205
f 1364 1422 1207
f 1201 1207 1206
f 1083 1208 1211
f 1208 1209 1211
f 1083 1211 1212
f 1211 1214 1212
f 1209 1210 1213
f 1209 1213 1211
f 1211 1213 1214
f 1213 1217 1214
f 1210 1216 1213
f 1214 1217 1224
f 1213 1216 1217
f 1215 1218 1216
f 1217 1233 1224
f 1216 1218 1217
f 1217 1218 1233
f 1215 1219 1218
f 1219 1245 1246
f 1218 1220 1233
f 1218 1219 1220
f 1219 1246 1220
f 1220 1246 1259
f 1084 1212 1221
f 1212 1222 1221
f 1212 1214 1222
f 1097 1221 1223
f 1097 1223 1226
f 1221 1222 1223
f 1214 1224 1222
f 1222 1225 1223
f 1222 1224 1225
f 1224 1232 1225
f 1223 1225 1229
f 1225 1232 1234
f 1225 1234 1229
f 1223 1229 1226
f 1102 1226 1228
f 1226 1229 1228
f 1102 1228 1227
f 1227 1228 1231
f 1228 1229 1230
f 1229 1234 1230
f 1228 1230 1231
f 1230 1239 1231
f 1231 1239 1322
f 1224 1233 1232
f 1232 1233 1236
f 1232 1235 1234
f 1232 1236 1235
f 1234 1235 1238
f 1220 1236 1233
f 1220 1259 1236
f 1236 1259 1237
f 1235 1236 1237
f 1235 1237 1241
f 1237 1261 1241
f 1230 1234 1238
f 1230 1238 1239
f 1235 1241 1238
f 1238 1242 1239
f 1238 1241 1242
f 1239 1240 1322
f 1239 1242 1240
f 1241 1243 1242
f 1241 1261 1243
f 1242 1243 1244
f 1240 1242 1244
f 1243 1270 1244
f 1244 1270 1334
f 1245 1248 1246
f 1246 1249 1259
f 1247 1251 1248
f 1246 1248 1249
f 1248 1251 1249
f 1249 1251 1263
f 1247 1250 1251
f 1250 1253 1256
f 1250 1252 1251
f 1251 1252 1263
f 1250 1256 1252
f 1252 1256 1266
f 1253 1255 1256
f 1254 1258 1255
f 1255 1257 1256
f 1256 1257 1266
f 1255 1258 1257
f 1257 1258 1278
f 1258 1285 1278
f 1254 1284 1258
f 1249 1260 1259
f 1237 1259 1260
f 1249 1263 1260
f 1260 1263 1262
f 1237 1260 1261
f 1260 1262 1261
f 1261 1262 1268
f 1262 1265 1268
f 1252 1264 1263
f 1262 1263 1264
f 1252 1266 1264
f 1264 1266 1267
f 1262 1264 1265
f 1264 1267 1265
f 1266 1277 1267
f 1265 1267 1272
f 1267 1279 1272
f 1243 1261 1268
f 1243 1268 1270
f 1265 1269 1268
f 1268 1269 1270
f 1270 1271 1334
f 1269 1271 1270
f 1269 1274 1271
f 1271 1274 1380
f 1265 1272 1269
f 1269 1272 1274
f 1272 1273 1274
f 1272 1279 1273
f 1274 1275 1380
f 1273 1275 1274
f 1273 1276 1275
f 1275 1276 1384
f 1257 1277 1266
f 1257 1278 1277
f 1277 1278 1280
f 1267 1277 1279
f 1277 1280 1279
f 1279 1280 1281
f 1273 1279 1281
f 1273 1281 1276
f 1282 1286 1284
f 1282 1287 1286
f 1258 1284 1285
f 1284 1286 1285
f 1285 1286 1297
f 1286 1289 1297
f 1286 1287 1289
f 1283 1290 1287
f 1283 1288 1290
f 1287 1290 1289
f 1289 1290 1300
f 1288 1291 1290
f 1290 1291 1300
f 1288 1292 1293
f 1288 1293 1291
f 1291 1293 1294
f 1291 1294 1301
f 1276 1307 1384
f 1278 1285 1296
f 1278 1296 1280
f 1280 1296 1295
f 1295 1296 1298
f 1280 1295 1281
f 1295 1298 1306
f 1285 1297 1296
f 1289 1299 1297
f 1296 1297 1298
f 1297 1299 1298
f 1298 1299 1302
f 1298 1302 1306
f 1289 1300 1299
f 1299 1300 1303
f 1291 1301 1300
f 1300 1301 1303
f 1299 1303 1302
f 1302 1303 1313
f 1303 1304 1313
f 1304 1314 1313
f 1301 1304 1303
f 1276 1281 1305
f 1281 1295 1305
f 1295 1306 1305
f 1305 1306 1308
f 1306 1309 1308
f 1276 1305 1307
f 1305 1308 1307
f 1307 1308 1407
f 1308 1310 1407
f 1308 1309 1310
f 1309 1315 1310
f 1310 1315 1312
f 1310 1312 1408
f 1311 1312 1315
f 1311 1410 1312
f 1302 1309 1306
f 1302 1313 1309
f 1309 1313 1315
f 1313 1314 1315
f 1311 1315 1314
f 1294 1316 1301
f 1301 1316 1304
f 1304 1317 1314
f 1304 1316 1317
f 1311 1318 1410
f 1314 1317 1319
f 1311 1314 1319
f 1311 1319 1318
f 1148 1227 1320
f 1148 1320 1321
f 1227 1231 1320
f 1320 1323 1321
f 1321 1323 1325
f 1231 1322 1320
f 1320 1322 1323
f 1322 1331 1323
f 1153 1321 1325
f 1323 1324 1325
f 1323 1331 1324
f 1153 1325 1326
f 1325 1328 1326
f 1156 1326 1327
f 1156 1327 1172
f 1326 1328 1327
f 1327 1329 1345
f 1324 1328 1325
f 1324 1337 1328
f 1328 1337 1329
f 1329 1337 1339
f 1327 1328 1329
f 1329 1330 1345
f 1329 1339 1330
f 1240 1331 1322
f 1240 1333 1331
f 1324 1331 1332
f 1324 1332 1337
f 1331 1333 1332
f 1332 1333 1335
f 1332 1335 1338
f 1240 1244 1333
f 1244 1334 1333
f 1333 1334 1335
f 1334 1379 1335
f 1335 1336 1338
f 1335 1379 1336
f 1332 1338 1337
f 1337 1338 1339
f 1338 1341 1339
f 1330 1339 1340
f 1330 1340 1349
f 1340 1350 1349
f 1339 1341 1340
f 1340 1343 1350
f 1336 1341 1338
f 1341 1342 1343
f 1336 1342 1341
f 1342 1392 1343
f 1340 1341 1343
f 1172 1327 1345
f 1172 1345 1344
f 1344 1345 1347
f 1344 1347 1346
f 1346 1347 1348
f 1175 1344 1346
f 1175 1346 1176
f 1176 1346 1353
f 1346 1348 1353
f 1330 1347 1345
f 1347 1349 1348
f 1330 1349 1347
f 1348 1349 1366
f 1349 1350 1366
f 1343 1351 1350
f 1350 1351 1368
f 1351 1352 1368
f 1343 1392 1351
f 1351 1395 1352
f 1351 1392 1395
f 1352 1395 1396
f 1352 1396 1374
f 1374 1396 1398
f 1375 1398 1399
f 1176 1353 1196
f 1196 1353 1354
f 1353 1355 1354
f 1348 1366 1355
f 1355 1366 1367
f 1348 1355 1353
f 1354 1356 1361
f 1354 1355 1356
f 1355 1367 1356
f 1356 1357 1361
f 1357 1358 1362
f 1356 1371 1357
f 1357 1372 1358
f 1196 1354 1197
f 1197 1354 1361
f 1197 1361 1359
f 1359 1362 1360
f 1359 1361 1362
f 1360 1362 1365
f 1357 1362 1361
f 1358 1365 1362
f 1360 1365 1364
f 1358 1363 1365
f 1366 1368 1367
f 1367 1369 1371
f 1350 1368 1366
f 1367 1368 1369
f 1356 1367 1371
f 1369 1370 1371
f 1357 1371 1372
f 1358 1372 1376
f 1370 1372 1371
f 1372 1373 1376
f 1370 1373 1372
f 1352 1369 1368
f 1352 1374 1369
f 1370 1374 1375
f 1369 1374 1370
f 1370 1375 1373
f 1373 1375 1378
f 1374 1398 1375
f 1375 1399 1378
f 1358 1376 1363
f 1373 1377 1376
f 1373 1378 1377
f 1271 1379 1334
f 1379 1380 1381
f 1271 1380 1379
f 1380 1383 1381
f 1336 1379 1381
f 1336 1381 1342
f 1342 1381 1382
f 1381 1383 1382
f 1382 1383 1386
f 1275 1383 1380
f 1275 1384 1383
f 1342 1382 1392
f 1382 1386 1393
f 1384 1385 1386
f 1383 1384 1386
f 1307 1385 1384
f 1385 1407 1388
f 1385 1387 1386
f 1386 1387 1393
f 1387 1388 1389
f 1385 1388 1387
f 1388 1408 1390
f 1389 1390 1401
f 1388 1390 1389
f 1390 1391 1401
f 1390 1409 1391
f 1391 1411 1406
f 1382 1393 1392
f 1392 1393 1395
f 1387 1394 1393
f 1393 1394 1395
f 1394 1397 1396
f 1394 1396 1395
f 1389 1397 1394
f 1397 1401 1400
f 1396 1397 1398
f 1398 1400 1399
f 1397 1400 1398
f 1399 1400 1404
f 1400 1402 1404
f 1387 1389 1394
f 1389 1401 1397
f 1391 1402 1401
f 1400 1401 1402
f 1391 1406 1402
f 1406 1411 1413
f 1399 1404 1403
f 1402 1406 1405
f 1402 1405 1404
f 1307 1407 1385
f 1388 1407 1408
f 1310 1408 1407
f 1312 1409 1408
f 1390 1408 1409
f 1312 1410 1409
f 1409 1410 1411
f 1391 1409 1411
f 1411 1412 1413
f 1410 1412 1411
f 1318 1412 1410
f 1378 1399 1403
f 1292 1415 1293
f 1293 1416 1294
f 1292 1414 1415
f 1293 1415 1416
f 1294 1417 1316
f 1316 1418 1317
f 1317 1420 1319
f 1318 1319 1419
f 1294 1416 1417
f 1316 1417 1418
f 1318 1419 1431
f 1317 1418 1420
f 1319 1420 1419
f 1364 1365 1423
f 1363 1423 1365
f 1364 1423 1422
f 1363 1421 1423
f 1363 1376 1424
f 1376 1377 1424
f 1377 1378 1425
f 1378 1403 1426
f 1363 1424 1421
f 1377 1425 1424
f 1378 1426 1425
f 1406 1413 1430
f 1403 1404 1428
f 1404 1405 1428
f 1405 1406 1430
f 1413 1432 1430
f 1403 1428 1427
f 1405 1430 1429
f 1405 1429 1428
f 1318 1431 1412
f 1412 1432 1413
f 1412 1431 1432
f 1403 1427 1426
f 35 1443 1468
f 11 1434 1433
f 33 1441 1442
f 32 1440 1441
f 35 1442 1443
f 32 1433 1440
f 77 1468 1469
f 77 1469 1470
f 78 1470 1483
f 89 1483 1481
f 89 1481 1482
f 154 1527 1528
f 153 1529 1527
f 154 1528 1434
f 155 1530 1529
f 167 1552 1530
f 167 1553 1552
f 168 1554 1553
f 90 1482 1639
f 264 1639 1640
f 274 1640 1652
f 274 1652 1653
f 304 1653 1708
f 305 1708 1709
f 1709 1778 346
f 169 2149 1554
f 1443 1447 1468
f 1434 1528 1436
f 1434 1436 1435
f 1433 1434 1435
f 1435 1437 1455
f 1435 1436 1437
f 1436 1534 1437
f 1437 1438 1456
f 1437 1534 1438
f 1438 1536 1439
f 1438 1439 1458
f 1439 1539 1461
f 1441 1444 1442
f 1440 1444 1441
f 1442 1447 1443
f 1433 1435 1440
f 1440 1455 1444
f 1444 1445 1446
f 1444 1455 1445
f 1445 1457 1449
f 1452 1457 1459
f 1442 1444 1446
f 1442 1446 1447
f 1446 1449 1448
f 1446 1448 1447
f 1448 1449 1450
f 1445 1449 1446
f 1449 1457 1452
f 1450 1452 1451
f 1449 1452 1450
f 1451 1452 1453
f 1452 1459 1453
f 1451 1453 1454
f 1453 1464 1454
f 1435 1455 1440
f 1437 1456 1455
f 1445 1455 1456
f 1456 1458 1457
f 1445 1456 1457
f 1438 1458 1456
f 1458 1461 1459
f 1457 1458 1459
f 1453 1459 1460
f 1459 1461 1460
f 1439 1461 1458
f 1461 1539 1462
f 1460 1462 1463
f 1460 1461 1462
f 1453 1460 1464
f 1454 1464 1504
f 1462 1571 1463
f 1463 1571 1466
f 1460 1463 1464
f 1463 1465 1464
f 1464 1465 1504
f 1465 1510 1504
f 1465 1467 1510
f 1463 1466 1465
f 1466 1575 1467
f 1465 1466 1467
f 1467 1575 1512
f 1468 1473 1469
f 1469 1473 1470
f 1470 1488 1483
f 1447 1471 1468
f 1448 1472 1471
f 1468 1471 1473
f 1471 1476 1473
f 1472 1477 1476
f 1471 1472 1476
f 1472 1494 1477
f 1477 1494 1478
f 1473 1476 1474
f 1470 1473 1474
f 1474 1476 1475
f 1470 1474 1488
f 1474 1475 1489
f 1475 1476 1477
f 1475 1479 1490
f 1477 1478 1479
f 1478 1496 1480
f 1475 1477 1479
f 1478 1480 1479
f 1481 1483 1488
f 1481 1486 1482
f 1481 1488 1484
f 1484 1489 1485
f 1481 1484 1486
f 1484 1485 1487
f 1484 1487 1486
f 1485 1643 1487
f 1485 1492 1643
f 1492 1644 1643
f 1474 1489 1488
f 1475 1490 1489
f 1484 1488 1489
f 1485 1489 1490
f 1479 1491 1490
f 1490 1491 1492
f 1485 1490 1492
f 1491 1498 1493
f 1479 1480 1491
f 1480 1498 1491
f 1491 1493 1492
f 1492 1493 1644
f 1493 1664 1644
f 1447 1448 1471
f 1448 1450 1472
f 1450 1494 1472
f 1450 1451 1494
f 1451 1454 1495
f 1451 1495 1494
f 1454 1503 1495
f 1478 1494 1495
f 1478 1495 1496
f 1495 1503 1496
f 1480 1496 1497
f 1480 1497 1498
f 1497 1516 1499
f 1497 1499 1498
f 1499 1516 1501
f 1493 1498 1500
f 1493 1500 1664
f 1500 1665 1664
f 1500 1502 1665
f 1498 1499 1500
f 1499 1502 1500
f 1499 1501 1502
f 1501 1668 1502
f 1501 1519 1668
f 1503 1505 1506
f 1454 1504 1503
f 1504 1510 1505
f 1503 1504 1505
f 1505 1510 1508
f 1496 1503 1506
f 1505 1507 1506
f 1496 1506 1497
f 1497 1506 1516
f 1506 1507 1516
f 1505 1508 1507
f 1507 1508 1509
f 1508 1514 1509
f 1467 1511 1510
f 1508 1510 1511
f 1467 1512 1511
f 1511 1512 1513
f 1512 1602 1513
f 1513 1602 1606
f 1508 1511 1514
f 1511 1513 1514
f 1513 1515 1514
f 1509 1514 1522
f 1514 1515 1522
f 1513 1606 1515
f 1515 1606 1524
f 1507 1517 1516
f 1501 1516 1517
f 1517 1518 1519
f 1507 1509 1517
f 1509 1518 1517
f 1509 1522 1518
f 1518 1522 1521
f 1501 1517 1519
f 1518 1520 1519
f 1519 1684 1668
f 1519 1520 1684
f 1518 1521 1520
f 1520 1521 1687
f 1515 1523 1522
f 1521 1522 1523
f 1521 1525 1687
f 1515 1524 1523
f 1523 1524 1526
f 1524 1615 1526
f 1521 1523 1525
f 1523 1526 1525
f 1526 1615 1619
f 1525 1526 1692
f 1526 1619 1692
f 1527 1535 1528
f 1527 1532 1535
f 1527 1529 1532
f 1436 1528 1535
f 1529 1530 1542
f 1529 1542 1532
f 1530 1545 1542
f 1530 1552 1545
f 1531 1535 1532
f 1531 1532 1533
f 1531 1533 1537
f 1533 1544 1537
f 1537 1544 1540
f 1436 1535 1534
f 1531 1534 1535
f 1438 1534 1536
f 1531 1536 1534
f 1531 1537 1536
f 1536 1537 1538
f 1439 1536 1538
f 1439 1538 1539
f 1538 1541 1539
f 1539 1541 1570
f 1537 1540 1538
f 1538 1540 1541
f 1540 1551 1541
f 1541 1551 1565
f 1541 1565 1570
f 1542 1545 1543
f 1532 1542 1533
f 1533 1542 1543
f 1533 1543 1544
f 1543 1547 1544
f 1543 1545 1546
f 1545 1555 1546
f 1543 1546 1547
f 1546 1557 1547
f 1540 1544 1548
f 1544 1547 1548
f 1547 1549 1548
f 1548 1549 1550
f 1547 1557 1549
f 1549 1561 1550
f 1540 1548 1551
f 1551 1566 1565
f 1548 1550 1551
f 1550 1566 1551
f 1550 1568 1566
f 1550 1561 1568
f 1462 1539 1570
f 1545 1552 1555
f 1552 1553 1555
f 1553 1558 1555
f 1553 1554 1558
f 1546 1555 1556
f 1555 1558 1556
f 1546 1556 1557
f 1556 1559 1557
f 1556 1558 1563
f 1556 1563 1559
f 1557 1559 1560
f 1549 1557 1560
f 1549 1560 1561
f 1560 1562 1561
f 1561 1562 1588
f 1559 1564 1560
f 1560 1564 1562
f 1565 1573 1570
f 1565 1567 1573
f 1565 1566 1567
f 1566 1569 1567
f 1567 1569 1579
f 1566 1568 1569
f 1568 1589 1569
f 1569 1589 1580
f 1462 1570 1571
f 1570 1573 1571
f 1571 1573 1572
f 1466 1571 1572
f 1567 1574 1573
f 1572 1573 1574
f 1572 1574 1577
f 1574 1581 1577
f 1466 1572 1575
f 1572 1577 1575
f 1575 1577 1576
f 1512 1575 1576
f 1576 1577 1578
f 1577 1581 1578
f 1576 1578 1603
f 1578 1585 1603
f 1567 1579 1574
f 1574 1579 1581
f 1569 1580 1579
f 1579 1582 1581
f 1581 1582 1584
f 1579 1580 1582
f 1580 1594 1582
f 1582 1583 1584
f 1582 1594 1583
f 1578 1581 1584
f 1578 1584 1585
f 1584 1586 1585
f 1585 1586 1609
f 1583 1586 1584
f 1583 1597 1586
f 1586 1587 1609
f 1586 1597 1587
f 1562 1592 1588
f 1561 1588 1568
f 1568 1588 1589
f 1588 1591 1589
f 1580 1589 1590
f 1589 1591 1590
f 1588 1592 1591
f 1590 1591 1593
f 1580 1590 1594
f 1590 1596 1594
f 1583 1594 1595
f 1594 1596 1595
f 1590 1593 1596
f 1595 1596 1599
f 1583 1595 1597
f 1595 1598 1597
f 1597 1598 1600
f 1595 1599 1598
f 1587 1597 1600
f 1598 1601 1600
f 1512 1576 1602
f 1576 1603 1602
f 1602 1604 1606
f 1602 1603 1604
f 1585 1605 1603
f 1603 1605 1604
f 1604 1607 1606
f 1524 1606 1607
f 1604 1605 1608
f 1604 1608 1607
f 1605 1611 1608
f 1607 1608 1616
f 1608 1612 1616
f 1585 1609 1605
f 1605 1609 1611
f 1609 1610 1611
f 1587 1610 1609
f 1587 1626 1610
f 1610 1626 1613
f 1608 1611 1612
f 1610 1614 1611
f 1611 1614 1612
f 1610 1613 1614
f 1613 1622 1614
f 1524 1607 1615
f 1607 1616 1615
f 1615 1616 1618
f 1612 1617 1616
f 1616 1617 1618
f 1615 1618 1619
f 1618 1738 1619
f 1617 1620 1618
f 1618 1620 1738
f 1617 1623 1620
f 1612 1621 1617
f 1612 1614 1621
f 1617 1621 1623
f 1614 1622 1621
f 1621 1622 1624
f 1621 1624 1623
f 1622 1632 1624
f 1623 1624 1625
f 1620 1623 1743
f 1623 1625 1743
f 1624 1632 1634
f 1624 1634 1625
f 1625 1634 1756
f 1587 1600 1626
f 1600 1627 1626
f 1626 1627 1628
f 1613 1626 1628
f 1600 1601 1627
f 1627 1631 1628
f 1613 1628 1629
f 1628 1630 1629
f 1613 1629 1622
f 1628 1631 1630
f 1629 1630 1633
f 1622 1629 1632
f 1630 1636 1633
f 1629 1633 1632
f 1632 1633 1635
f 1633 1637 1635
f 1633 1636 1637
f 1632 1635 1634
f 1634 1635 1757
f 1635 1637 1638
f 1635 1638 1757
f 1482 1486 1639
f 1639 1647 1640
f 1640 1647 1652
f 1486 1641 1639
f 1486 1487 1641
f 1487 1643 1642
f 1487 1642 1641
f 1643 1644 1645
f 1644 1664 1646
f 1642 1643 1645
f 1644 1646 1645
f 1646 1664 1666
f 1639 1641 1647
f 1641 1648 1647
f 1641 1642 1648
f 1642 1649 1648
f 1647 1648 1654
f 1648 1649 1655
f 1649 1650 1656
f 1642 1645 1649
f 1645 1650 1649
f 1645 1646 1650
f 1646 1651 1650
f 1646 1666 1651
f 1650 1651 1657
f 1652 1658 1653
f 1653 1658 1708
f 1647 1654 1652
f 1648 1655 1654
f 1652 1654 1658
f 1654 1655 1659
f 1649 1656 1655
f 1655 1656 1660
f 1656 1657 1661
f 1650 1657 1656
f 1651 1674 1657
f 1657 1674 1662
f 1654 1659 1658
f 1655 1660 1659
f 1658 1659 1710
f 1658 1710 1708
f 1659 1660 1711
f 1659 1711 1710
f 1660 1712 1711
f 1656 1661 1660
f 1657 1662 1661
f 1660 1661 1712
f 1661 1713 1712
f 1661 1662 1713
f 1662 1719 1713
f 1651 1666 1663
f 1651 1663 1674
f 1664 1665 1666
f 1502 1667 1665
f 1665 1670 1666
f 1665 1667 1670
f 1502 1668 1667
f 1667 1668 1669
f 1668 1684 1669
f 1667 1669 1672
f 1669 1684 1686
f 1663 1666 1670
f 1667 1672 1670
f 1670 1672 1671
f 1663 1670 1671
f 1671 1672 1679
f 1669 1673 1672
f 1669 1686 1673
f 1672 1673 1679
f 1673 1686 1697
f 1663 1675 1674
f 1674 1675 1676
f 1662 1674 1676
f 1675 1677 1676
f 1662 1676 1719
f 1676 1720 1719
f 1676 1677 1720
f 1677 1721 1720
f 1663 1671 1675
f 1671 1678 1675
f 1675 1678 1677
f 1671 1679 1678
f 1678 1679 1681
f 1673 1680 1679
f 1673 1697 1680
f 1679 1680 1681
f 1680 1697 1699
f 1677 1678 1682
f 1677 1682 1721
f 1678 1681 1682
f 1681 1725 1682
f 1680 1683 1681
f 1680 1699 1683
f 1683 1699 1729
f 1681 1683 1725
f 1520 1685 1684
f 1684 1685 1686
f 1520 1687 1685
f 1685 1688 1686
f 1686 1688 1697
f 1685 1687 1689
f 1687 1691 1689
f 1685 1689 1688
f 1688 1689 1690
f 1688 1690 1698
f 1689 1694 1690
f 1690 1694 1702
f 1525 1691 1687
f 1525 1692 1691
f 1691 1692 1695
f 1619 1693 1692
f 1692 1693 1695
f 1689 1691 1694
f 1691 1695 1694
f 1694 1703 1702
f 1694 1695 1703
f 1693 1696 1695
f 1695 1696 1703
f 1696 1704 1703
f 1697 1698 1699
f 1688 1698 1697
f 1698 1701 1699
f 1698 1700 1701
f 1690 1700 1698
f 1690 1702 1700
f 1700 1702 1706
f 1699 1701 1729
f 1700 1731 1701
f 1700 1706 1731
f 1702 1703 1705
f 1703 1704 1705
f 1704 1707 1705
f 1704 1747 1707
f 1702 1705 1706
f 1705 1735 1706
f 1705 1707 1735
f 1708 1714 1709
f 1708 1710 1714
f 1710 1711 1715
f 1711 1712 1716
f 1710 1715 1714
f 1711 1716 1715
f 1712 1713 1717
f 1713 1719 1718
f 1712 1717 1716
f 1713 1718 1717
f 1718 1719 1722
f 1719 1720 1722
f 1720 1721 1723
f 1720 1723 1722
f 1721 1727 1723
f 1682 1724 1721
f 1682 1725 1724
f 1721 1724 1727
f 1724 1725 1728
f 1683 1726 1725
f 1683 1729 1726
f 1725 1726 1728
f 1726 1729 1733
f 1701 1730 1729
f 1701 1731 1730
f 1729 1730 1733
f 1706 1732 1731
f 1730 1731 1734
f 1731 1732 1734
f 1706 1735 1732
f 1732 1735 1737
f 1735 1736 1737
f 1707 1736 1735
f 1707 1749 1736
f 1619 1738 1693
f 1693 1738 1740
f 1738 1739 1740
f 1620 1739 1738
f 1620 1743 1739
f 1693 1740 1696
f 1696 1740 1741
f 1696 1741 1704
f 1740 1742 1741
f 1739 1742 1740
f 1739 1745 1742
f 1741 1742 1748
f 1742 1751 1748
f 1625 1744 1743
f 1739 1743 1745
f 1743 1744 1745
f 1625 1756 1744
f 1744 1756 1759
f 1744 1746 1745
f 1742 1745 1751
f 1745 1746 1751
f 1744 1759 1746
f 1746 1759 1763
f 1704 1741 1747
f 1741 1748 1747
f 1747 1748 1750
f 1748 1752 1750
f 1707 1747 1749
f 1747 1750 1749
f 1750 1752 1754
f 1749 1750 1770
f 1750 1754 1770
f 1748 1751 1752
f 1746 1753 1751
f 1751 1753 1752
f 1752 1753 1755
f 1746 1763 1753
f 1753 1763 1765
f 1752 1755 1754
f 1754 1755 1772
f 1753 1765 1755
f 1755 1765 1766
f 1755 1766 1772
f 1634 1757 1756
f 1756 1757 1758
f 1756 1758 1759
f 1638 1761 1757
f 1757 1761 1758
f 1758 1760 1759
f 1759 1760 1763
f 1758 1762 1760
f 1758 1761 1762
f 1760 1762 1768
f 1760 1764 1763
f 1763 1764 1765
f 1760 1768 1764
f 1764 1768 1769
f 1764 1767 1765
f 1765 1767 1766
f 1764 1769 1767
f 1767 1769 1776
f 1736 1749 1771
f 1749 1770 1771
f 1754 1773 1770
f 1754 1772 1773
f 1766 1775 1772
f 1766 1767 1774
f 1766 1774 1775
f 1767 1776 1774
f 1774 1776 1777
f 1709 1785 1778
f 1709 1714 1785
f 1714 1715 1788
f 1715 1716 1789
f 1716 1717 1789
f 1717 1718 1790
f 1718 1722 1796
f 1722 1723 1796
f 1723 1727 1801
f 1724 1801 1727
f 1724 1728 1802
f 1726 1804 1728
f 1726 1733 1804
f 1730 1806 1733
f 1730 1734 1807
f 1732 1810 1734
f 1732 1737 1810
f 1736 1812 1737
f 1736 1771 1884
f 1770 1884 1771
f 1770 1773 1886
f 1772 1886 1773
f 1772 1775 1888
f 1774 1888 1775
f 1774 1777 1890
f 1554 2149 1558
f 1558 2152 1563
f 1559 1563 2155
f 1559 2155 1564
f 1562 1564 2159
f 1562 2159 1592
f 1591 1592 2187
f 1591 2189 1593
f 1593 2194 1596
f 1596 2194 1599
f 1598 1599 2197
f 1598 2197 1601
f 1601 2225 1627
f 1627 2225 1631
f 1630 1631 2227
f 1630 2227 1636
f 1636 2231 1637
f 1637 2231 1638
f 1638 2355 1761
f 1761 2356 1762
f 1762 2356 1768
f 1768 2362 1769
f 1769 2387 1776
f 1776 2387 1777
f 1777 2388 1890
f 1714 1787 1785
f 1714 1788 1787
f 1715 1789 1788
f 1717 1790 1789
f 1718 1791 1790
f 1718 1796 1791
f 1723 1797 1796
f 1723 1801 1797
f 1724 1803 1801
f 1724 1802 1803
f 1728 1804 1802
f 1733 1806 1804
f 1730 1808 1806
f 1730 1807 1808
f 1734 1810 1807
f 1737 1812 1810
f 1736 1814 1812
f 1736 1884 1814
f 1770 1885 1884
f 1770 1886 1885
f 1772 1887 1886
f 1772 1888 1887
f 1774 1889 1888
f 1774 1890 1889
f 1785 1779 1778
f 1785 1780 1779
f 1785 1786 1780
f 1815 1781 1780
f 1815 1782 1781
f 1786 1815 1780
f 1815 1816 1782
f 1816 1826 1782
f 1826 1783 1782
f 1826 1784 1783
f 1943 1924 1784
f 1826 1827 1784
f 1827 1943 1784
f 1785 1787 1786
f 1787 1788 1792
f 1788 1789 1793
f 1786 1787 1792
f 1788 1793 1792
f 1789 1794 1793
f 1789 1790 1794
f 1790 1791 1795
f 1790 1795 1794
f 1791 1798 1795
f 1791 1796 1798
f 1796 1797 1799
f 1797 1801 1800
f 1796 1799 1798
f 1797 1800 1799
f 1800 1801 1803
f 1802 1805 1803
f 1800 1803 1843
f 1803 1805 1843
f 1802 1804 1805
f 1804 1845 1805
f 1804 1809 1845
f 1804 1806 1809
f 1806 1808 1809
f 1808 1861 1809
f 1808 1811 1861
f 1807 1811 1808
f 1807 1810 1811
f 1810 1865 1811
f 1810 1812 1813
f 1810 1813 1865
f 1812 1814 1813
f 1813 1814 1867
f 1814 1892 1867
f 1786 1817 1815
f 1815 1817 1816
f 1786 1792 1817
f 1792 1818 1817
f 1792 1793 1818
f 1793 1794 1819
f 1793 1819 1818
f 1817 1818 1822
f 1818 1819 1823
f 1794 1795 1820
f 1794 1820 1819
f 1795 1798 1821
f 1795 1821 1820
f 1819 1820 1824
f 1820 1821 1825
f 1816 1817 1822
f 1818 1823 1822
f 1816 1822 1828
f 1822 1823 1829
f 1819 1824 1823
f 1820 1825 1824
f 1823 1824 1830
f 1821 1842 1825
f 1824 1825 1831
f 1825 1842 1832
f 1816 1828 1826
f 1826 1828 1827
f 1827 1946 1943
f 1822 1829 1828
f 1823 1830 1829
f 1828 1829 1833
f 1827 1828 1833
f 1829 1830 1834
f 1829 1834 1833
f 1824 1831 1830
f 1825 1832 1831
f 1830 1831 1835
f 1830 1835 1834
f 1831 1832 1836
f 1831 1836 1835
f 1832 1854 1836
f 1827 1833 1946
f 1833 1947 1946
f 1833 1834 1947
f 1834 1837 1947
f 1834 1835 1837
f 1835 1836 1838
f 1836 1854 1855
f 1835 1838 1837
f 1836 1855 1838
f 1798 1799 1839
f 1798 1839 1821
f 1799 1840 1839
f 1799 1800 1840
f 1821 1839 1842
f 1839 1840 1841
f 1839 1841 1842
f 1841 1849 1842
f 1800 1843 1840
f 1840 1843 1846
f 1805 1844 1843
f 1843 1844 1846
f 1805 1845 1844
f 1844 1845 1848
f 1809 1862 1845
f 1845 1862 1848
f 1840 1846 1841
f 1841 1846 1850
f 1841 1850 1849
f 1844 1847 1846
f 1846 1847 1850
f 1844 1848 1847
f 1848 1862 1860
f 1847 1848 1853
f 1848 1860 1853
f 1832 1842 1849
f 1832 1849 1854
f 1849 1850 1851
f 1849 1851 1854
f 1850 1852 1851
f 1851 1852 1857
f 1847 1852 1850
f 1847 1853 1852
f 1853 1860 1871
f 1852 1853 1858
f 1853 1871 1858
f 1851 1856 1854
f 1851 1857 1856
f 1854 1856 1855
f 1856 1857 1973
f 1857 1859 1973
f 1852 1858 1857
f 1858 1871 1873
f 1857 1858 1859
f 1858 1873 1859
f 1809 1861 1862
f 1811 1864 1861
f 1811 1865 1864
f 1861 1863 1862
f 1861 1864 1863
f 1860 1862 1863
f 1860 1863 1874
f 1864 1865 1868
f 1863 1864 1875
f 1864 1868 1875
f 1813 1866 1865
f 1865 1866 1868
f 1813 1867 1866
f 1866 1869 1868
f 1866 1867 1870
f 1866 1870 1869
f 1867 1894 1870
f 1860 1874 1871
f 1871 1874 1872
f 1871 1872 1873
f 1872 1979 1873
f 1872 1877 1979
f 1863 1875 1874
f 1874 1875 1876
f 1875 1878 1876
f 1868 1878 1875
f 1872 1874 1876
f 1872 1876 1877
f 1876 1881 1877
f 1868 1869 1878
f 1869 1879 1878
f 1876 1878 1881
f 1878 1879 1881
f 1869 1880 1879
f 1879 1880 1882
f 1869 1870 1880
f 1879 1883 1881
f 1877 1881 1985
f 1881 1883 1985
f 1879 1882 1883
f 1882 2037 1883
f 1814 1884 1892
f 1884 1885 1892
f 1885 1886 1896
f 1886 1887 1896
f 1887 1888 1910
f 1888 1889 1910
f 1889 1912 1910
f 1889 1890 1891
f 1889 1891 1912
f 1867 1892 1894
f 1892 1893 1894
f 1885 1893 1892
f 1885 1896 1893
f 1893 1896 1898
f 1870 1894 1901
f 1894 1895 1901
f 1893 1895 1894
f 1893 1898 1895
f 1887 1897 1896
f 1896 1897 1898
f 1887 1910 1897
f 1897 1910 1911
f 1897 1911 1900
f 1897 1900 1898
f 1898 1900 1899
f 1895 1898 1899
f 1899 1900 1907
f 1900 1911 1913
f 1900 1913 1907
f 1870 1901 1880
f 1901 1903 1902
f 1880 1901 1902
f 1880 1902 1882
f 1895 1903 1901
f 1895 1899 1903
f 1902 1903 1905
f 1903 1906 1905
f 1882 1904 2037
f 1882 1902 1904
f 1902 1905 1904
f 1904 1905 2039
f 1905 1908 2039
f 1899 1906 1903
f 1899 1907 1906
f 1906 1907 1909
f 1907 1913 1917
f 1907 1917 1909
f 1905 1906 1908
f 1906 1909 1908
f 1908 1909 2044
f 1909 1917 1919
f 1909 1919 2044
f 1910 1912 1911
f 1911 1912 1914
f 1891 1915 1912
f 1912 1915 1914
f 1911 1914 1913
f 1913 1914 1918
f 1914 1915 1916
f 1914 1916 1918
f 1913 1918 1917
f 1917 1918 1920
f 1916 1922 1918
f 1918 1922 1920
f 1920 1922 1923
f 1917 1920 1919
f 1919 1921 2061
f 1919 1920 1921
f 1920 1923 1921
f 1921 1923 2065
f 1944 1925 1924
f 1945 1926 1925
f 1943 1944 1924
f 1944 1945 1925
f 1945 1927 1926
f 1957 1928 1927
f 1958 1929 1928
f 1945 1956 1927
f 1956 1957 1927
f 1957 1958 1928
f 1958 2002 1929
f 2002 1930 1929
f 2002 1931 1930
f 2004 1932 1931
f 2004 1933 1932
f 2025 1934 1933
f 2002 2003 1931
f 2003 2004 1931
f 2004 2005 1933
f 2005 2025 1933
f 2026 1935 1934
f 2025 2026 1934
f 2026 2074 1935
f 2074 1936 1935
f 2075 1937 1936
f 2076 1938 1937
f 2077 1939 1938
f 2099 1940 1939
f 2074 2075 1936
f 2075 2076 1937
f 2076 2077 1938
f 2077 2099 1939
f 2100 1941 1940
f 2101 1942 1941
f 2099 2100 1940
f 2100 2101 1941
f 1943 1946 1944
f 1944 1952 1945
f 1946 1947 1948
f 1837 1949 1947
f 1944 1946 1948
f 1947 1949 1948
f 1837 1838 1950
f 1837 1950 1949
f 1944 1948 1952
f 1948 1949 1953
f 1838 1855 1951
f 1838 1951 1950
f 1950 1951 1954
f 1948 1953 1952
f 1949 1955 1953
f 1952 1953 1959
f 1953 1955 1960
f 1949 1950 1955
f 1950 1954 1955
f 1951 1975 1954
f 1954 1962 1955
f 1954 1975 1963
f 1954 1963 1962
f 1945 1952 1956
f 1956 1966 1957
f 1957 1966 1958
f 1952 1959 1956
f 1953 1960 1959
f 1956 1959 1966
f 1959 1961 1966
f 1959 1960 1961
f 1960 1964 1961
f 1955 1962 1960
f 1960 1962 1964
f 1962 1963 1965
f 1962 1965 1964
f 1963 1969 1965
f 1961 1967 1966
f 1958 1966 1967
f 1961 1964 1968
f 1961 1968 1967
f 1958 1967 2006
f 1967 1968 2007
f 1964 1965 1971
f 1964 1971 1968
f 1967 2007 2006
f 1968 2010 2007
f 1965 1969 1970
f 1965 1970 1971
f 1969 1993 1970
f 1968 1971 2010
f 1971 2011 2010
f 1970 2011 1971
f 1970 1993 2012
f 1970 2012 2011
f 1855 1972 1951
f 1855 1856 1972
f 1856 1973 1972
f 1951 1972 1975
f 1859 1974 1973
f 1972 1973 1976
f 1972 1976 1975
f 1973 1974 1976
f 1859 1978 1974
f 1975 1976 1977
f 1974 1981 1976
f 1963 1975 1977
f 1976 1981 1977
f 1963 1977 1969
f 1859 1873 1978
f 1873 1979 1978
f 1974 1978 1982
f 1978 1979 1983
f 1877 1980 1979
f 1979 1980 1983
f 1974 1982 1981
f 1981 1982 1989
f 1978 1983 1982
f 1980 1984 1983
f 1982 1983 1991
f 1982 1991 1989
f 1983 1984 1991
f 1980 1987 1984
f 1984 1987 1997
f 1877 1985 1980
f 1980 1985 1987
f 1985 1986 1987
f 1883 1986 1985
f 1883 2037 1986
f 1986 2037 2040
f 1986 1988 1987
f 1986 2040 1988
f 1987 1988 1997
f 1977 1981 1990
f 1969 1977 1990
f 1981 1989 1990
f 1969 1990 1993
f 1989 1994 1990
f 1989 1992 1994
f 1989 1991 1992
f 1991 1996 1992
f 1990 1994 1993
f 1993 1994 1995
f 1992 1998 1994
f 1993 1995 2012
f 1994 1998 1995
f 1984 1996 1991
f 1984 1997 1996
f 1992 1996 1999
f 1996 2000 1999
f 1996 1997 2000
f 1997 2051 2000
f 1998 1999 2034
f 1992 1999 1998
f 1999 2000 2001
f 2000 2051 2048
f 2000 2048 2001
f 1999 2001 2034
f 1988 2051 1997
f 1958 2006 2002
f 2002 2006 2003
f 2003 2015 2004
f 2004 2015 2005
f 2005 2027 2025
f 2006 2007 2008
f 2007 2010 2009
f 2003 2006 2008
f 2003 2008 2015
f 2007 2009 2008
f 2008 2009 2016
f 2009 2013 2017
f 2010 2011 2013
f 2011 2012 2014
f 2012 2033 2014
f 2009 2010 2013
f 2011 2014 2013
f 2013 2014 2020
f 2008 2016 2015
f 2015 2016 2018
f 2009 2017 2016
f 2005 2015 2018
f 2013 2020 2017
f 2014 2033 2021
f 2016 2017 2019
f 2005 2018 2027
f 2018 2019 2028
f 2016 2019 2018
f 2017 2022 2019
f 2019 2022 2029
f 2017 2020 2022
f 2014 2021 2020
f 2020 2021 2023
f 2020 2023 2022
f 2021 2036 2024
f 2021 2024 2023
f 2022 2023 2031
f 2023 2024 2082
f 2025 2027 2026
f 2026 2027 2030
f 2026 2030 2074
f 2018 2028 2027
f 2027 2028 2030
f 2028 2078 2030
f 2019 2029 2028
f 2028 2029 2078
f 2029 2031 2080
f 2022 2031 2029
f 2023 2082 2031
f 1995 2033 2012
f 1995 2032 2033
f 1995 1998 2032
f 1998 2034 2032
f 2032 2036 2033
f 2021 2033 2036
f 2032 2034 2035
f 2032 2035 2036
f 2034 2113 2035
f 2001 2113 2034
f 2035 2116 2036
f 2024 2036 2116
f 1904 2038 2037
f 2037 2038 2040
f 1904 2039 2038
f 2038 2039 2041
f 2039 2043 2041
f 2038 2042 2040
f 1988 2040 2050
f 2040 2042 2050
f 2038 2041 2042
f 2041 2055 2042
f 1908 2043 2039
f 1908 2044 2043
f 2043 2044 2045
f 1919 2061 2044
f 2044 2061 2045
f 2045 2061 2063
f 2041 2043 2046
f 2041 2046 2055
f 2046 2057 2055
f 2045 2047 2046
f 2046 2047 2057
f 2043 2045 2046
f 2045 2063 2047
f 2048 2051 2053
f 2048 2053 2049
f 2001 2048 2112
f 2048 2049 2112
f 2049 2053 2054
f 2049 2054 2121
f 1988 2050 2051
f 2050 2053 2051
f 2042 2052 2050
f 2042 2055 2052
f 2050 2052 2053
f 2052 2054 2053
f 2052 2056 2054
f 2055 2057 2056
f 2052 2055 2056
f 2056 2057 2060
f 2047 2058 2057
f 2057 2058 2060
f 2054 2056 2059
f 2056 2060 2059
f 2054 2059 2121
f 2058 2071 2060
f 2059 2060 2129
f 2060 2071 2129
f 1921 2062 2061
f 2061 2062 2063
f 1921 2065 2062
f 2062 2065 2066
f 2047 2063 2068
f 2064 2067 2070
f 2062 2064 2063
f 2063 2064 2068
f 2062 2066 2064
f 2064 2066 2067
f 2047 2068 2058
f 2058 2068 2069
f 2068 2070 2069
f 2064 2070 2068
f 2069 2070 2073
f 2069 2072 2071
f 2058 2069 2071
f 2071 2141 2129
f 2071 2072 2141
f 2069 2073 2072
f 2072 2142 2141
f 2024 2118 2082
f 2030 2079 2074
f 2074 2079 2075
f 2075 2079 2087
f 2075 2087 2076
f 2076 2087 2091
f 2076 2091 2077
f 2077 2091 2094
f 2077 2094 2099
f 2030 2078 2079
f 2078 2086 2079
f 2029 2080 2078
f 2078 2080 2086
f 2080 2081 2086
f 2031 2083 2080
f 2031 2082 2083
f 2082 2118 2084
f 2082 2084 2083
f 2080 2083 2081
f 2084 2118 2130
f 2083 2084 2085
f 2081 2083 2085
f 2084 2089 2085
f 2084 2130 2089
f 2079 2086 2087
f 2086 2088 2087
f 2081 2088 2086
f 2081 2090 2088
f 2081 2085 2090
f 2085 2089 2096
f 2089 2130 2132
f 2089 2098 2096
f 2089 2132 2098
f 2098 2132 2134
f 2098 2134 2108
f 2087 2088 2091
f 2088 2092 2091
f 2088 2090 2092
f 2090 2093 2092
f 2091 2092 2094
f 2092 2095 2094
f 2094 2095 2102
f 2092 2093 2095
f 2093 2104 2095
f 2085 2096 2090
f 2090 2096 2093
f 2096 2098 2097
f 2093 2096 2097
f 2093 2097 2104
f 2097 2098 2108
f 2094 2102 2099
f 2099 2102 2100
f 2100 2102 2105
f 2100 2105 2101
f 2095 2103 2102
f 2102 2103 2105
f 2095 2104 2103
f 2103 2104 2106
f 2103 2110 2105
f 2103 2106 2110
f 2097 2107 2104
f 2097 2108 2107
f 2108 2145 2109
f 2107 2108 2109
f 2104 2107 2106
f 2107 2109 2111
f 2106 2107 2111
f 2035 2113 2117
f 2113 2114 2117
f 2001 2112 2113
f 2112 2114 2113
f 2049 2115 2112
f 2049 2121 2115
f 2112 2115 2114
f 2114 2115 2126
f 2116 2117 2119
f 2035 2117 2116
f 2024 2116 2118
f 2116 2119 2118
f 2114 2120 2117
f 2117 2120 2119
f 2119 2120 2131
f 2114 2126 2120
f 2059 2123 2121
f 2121 2123 2122
f 2115 2122 2126
f 2115 2121 2122
f 2059 2129 2123
f 2123 2129 2135
f 2122 2123 2128
f 2123 2135 2128
f 2120 2126 2124
f 2120 2124 2131
f 2124 2125 2133
f 2122 2127 2126
f 2124 2126 2127
f 2122 2128 2127
f 2127 2128 2138
f 2124 2127 2125
f 2125 2127 2138
f 2118 2119 2130
f 2119 2131 2130
f 2130 2131 2132
f 2131 2133 2132
f 2124 2133 2131
f 2133 2143 2134
f 2125 2143 2133
f 2132 2133 2134
f 2135 2141 2136
f 2128 2135 2137
f 2135 2136 2137
f 2136 2140 2137
f 2128 2137 2138
f 2137 2139 2138
f 2125 2138 2144
f 2138 2139 2144
f 2137 2140 2139
f 2139 2147 2144
f 2129 2141 2135
f 2136 2141 2142
f 2125 2144 2143
f 2143 2144 2146
f 2134 2143 2145
f 2108 2134 2145
f 2143 2146 2145
f 2144 2147 2146
f 2145 2146 2148
f 2109 2145 2148
f 1890 2502 1891
f 1891 2502 1915
f 1915 2510 1916
f 1916 2510 1922
f 1922 2517 1923
f 1923 2517 2065
f 2101 2696 1942
f 2065 2660 2066
f 2066 2661 2067
f 2067 2661 2070
f 2070 2666 2073
f 2072 2073 2666
f 2072 2740 2142
f 2101 2105 2696
f 2105 2110 2699
f 2106 2699 2110
f 2109 2700 2111
f 2106 2111 2700
f 2136 2142 2735
f 2136 2735 2140
f 2139 2140 2737
f 2139 2737 2147
f 2146 2147 2744
f 2146 2744 2148
f 2109 2148 2743
f 764 2150 2149
f 765 2151 2150
f 788 2162 2151
f 789 2163 2162
f 790 2164 2163
f 790 2165 2164
f 839 2261 2165
f 840 2262 2261
f 840 2268 2262
f 860 2269 2268
f 862 2270 2269
f 862 2271 2270
f 863 2299 2271
f 907 2300 2299
f 909 2301 2300
f 909 2312 2301
f 921 2313 2312
f 922 2314 2313
f 922 2395 2314
f 1019 2396 2395
f 1030 2408 2396
f 1031 2409 2408
f 1060 2464 2409
f 1060 2465 2464
f 2465 1062 2494
f 1558 2149 2154
f 1558 2154 2152
f 1563 2152 2155
f 1564 2155 2153
f 1564 2153 2159
f 1592 2159 2187
f 1591 2187 2189
f 1593 2189 2188
f 1593 2188 2194
f 1599 2194 2193
f 1599 2193 2197
f 1601 2197 2199
f 1601 2199 2225
f 1631 2225 2224
f 1631 2224 2227
f 1636 2227 2230
f 1636 2230 2231
f 1638 2231 2232
f 1638 2232 2355
f 1761 2355 2356
f 1768 2356 2362
f 1769 2362 2363
f 1769 2363 2387
f 1777 2387 2388
f 2149 2150 2154
f 2150 2151 2157
f 2150 2157 2154
f 2151 2167 2157
f 2152 2154 2156
f 2152 2156 2155
f 2154 2157 2156
f 2156 2157 2166
f 2155 2156 2158
f 2156 2166 2158
f 2153 2155 2160
f 2153 2160 2159
f 2155 2158 2160
f 2158 2172 2160
f 2160 2172 2161
f 2159 2160 2161
f 2159 2161 2190
f 2151 2162 2167
f 2162 2169 2167
f 2162 2163 2169
f 2163 2176 2169
f 2163 2164 2176
f 2164 2180 2176
f 2164 2165 2180
f 2165 2263 2180
f 2157 2167 2166
f 2166 2167 2170
f 2158 2166 2168
f 2166 2170 2168
f 2167 2169 2170
f 2169 2176 2177
f 2169 2177 2170
f 2168 2170 2171
f 2170 2177 2171
f 2158 2168 2172
f 2168 2174 2172
f 2172 2174 2173
f 2161 2172 2173
f 2168 2171 2174
f 2171 2183 2174
f 2161 2173 2201
f 2173 2203 2201
f 2174 2183 2175
f 2173 2174 2175
f 2173 2175 2203
f 2175 2205 2203
f 2176 2178 2177
f 2176 2180 2178
f 2171 2177 2179
f 2177 2178 2179
f 2171 2179 2183
f 2178 2180 2181
f 2180 2263 2181
f 2178 2182 2179
f 2178 2181 2182
f 2181 2265 2182
f 2179 2185 2183
f 2183 2185 2184
f 2175 2183 2184
f 2175 2184 2205
f 2184 2216 2205
f 2179 2182 2185
f 2182 2267 2185
f 2185 2267 2186
f 2184 2185 2186
f 2184 2186 2216
f 2186 2275 2216
f 2159 2190 2187
f 2187 2190 2189
f 2188 2189 2191
f 2189 2190 2192
f 2161 2201 2190
f 2190 2201 2192
f 2189 2192 2191
f 2191 2192 2206
f 2188 2191 2194
f 2193 2194 2196
f 2191 2195 2194
f 2191 2206 2195
f 2194 2195 2196
f 2195 2209 2196
f 2193 2196 2197
f 2196 2198 2197
f 2196 2209 2198
f 2197 2198 2200
f 2197 2200 2199
f 2198 2223 2200
f 2201 2203 2202
f 2192 2201 2202
f 2192 2202 2206
f 2202 2203 2204
f 2203 2205 2204
f 2202 2204 2207
f 2204 2205 2214
f 2205 2216 2214
f 2202 2207 2206
f 2204 2215 2207
f 2207 2215 2210
f 2195 2206 2208
f 2206 2207 2208
f 2195 2208 2209
f 2208 2212 2209
f 2207 2210 2208
f 2208 2210 2212
f 2198 2209 2211
f 2209 2212 2211
f 2198 2211 2223
f 2211 2240 2223
f 2210 2219 2212
f 2212 2219 2213
f 2211 2212 2213
f 2211 2213 2240
f 2204 2214 2215
f 2214 2218 2215
f 2215 2218 2220
f 2214 2216 2217
f 2216 2275 2217
f 2214 2217 2218
f 2217 2292 2218
f 2210 2215 2220
f 2218 2221 2220
f 2218 2292 2221
f 2210 2220 2219
f 2219 2220 2222
f 2213 2219 2237
f 2219 2222 2237
f 2220 2221 2222
f 2221 2326 2222
f 2199 2200 2225
f 2224 2225 2228
f 2200 2226 2225
f 2200 2223 2226
f 2225 2226 2228
f 2226 2241 2228
f 2224 2228 2227
f 2227 2229 2233
f 2227 2228 2229
f 2228 2241 2229
f 2229 2241 2250
f 2227 2233 2230
f 2229 2250 2234
f 2230 2233 2231
f 2231 2233 2235
f 2229 2234 2233
f 2233 2234 2235
f 2231 2235 2232
f 2232 2235 2357
f 2234 2236 2235
f 2235 2236 2357
f 2213 2237 2245
f 2237 2246 2245
f 2222 2238 2237
f 2222 2326 2238
f 2237 2238 2246
f 2238 2248 2246
f 2223 2239 2226
f 2223 2240 2239
f 2226 2239 2241
f 2213 2245 2240
f 2239 2240 2243
f 2240 2245 2243
f 2239 2242 2241
f 2241 2242 2250
f 2239 2243 2242
f 2243 2247 2244
f 2242 2243 2244
f 2243 2245 2247
f 2245 2246 2247
f 2246 2249 2247
f 2247 2249 2255
f 2244 2247 2255
f 2246 2248 2249
f 2248 2345 2249
f 2242 2251 2250
f 2250 2251 2252
f 2242 2244 2251
f 2244 2256 2251
f 2251 2256 2254
f 2234 2250 2252
f 2251 2254 2252
f 2234 2252 2236
f 2236 2252 2253
f 2236 2253 2359
f 2252 2254 2253
f 2253 2254 2370
f 2254 2260 2370
f 2244 2255 2256
f 2255 2258 2256
f 2249 2257 2255
f 2249 2345 2257
f 2255 2257 2258
f 2256 2258 2260
f 2258 2374 2260
f 2257 2259 2258
f 2258 2259 2374
f 2254 2256 2260
f 2165 2261 2263
f 2261 2266 2263
f 2261 2262 2266
f 2181 2263 2264
f 2263 2266 2264
f 2181 2264 2265
f 2182 2265 2267
f 2264 2273 2265
f 2264 2266 2272
f 2186 2267 2276
f 2265 2277 2267
f 2262 2268 2266
f 2268 2269 2280
f 2269 2270 2280
f 2270 2271 2284
f 2265 2273 2277
f 2264 2272 2273
f 2266 2268 2272
f 2273 2274 2277
f 2272 2281 2273
f 2273 2281 2274
f 2267 2277 2276
f 2186 2276 2275
f 2275 2276 2279
f 2275 2279 2291
f 2276 2277 2278
f 2274 2278 2277
f 2276 2278 2279
f 2278 2287 2279
f 2279 2287 2294
f 2268 2280 2272
f 2272 2280 2281
f 2280 2283 2281
f 2274 2281 2282
f 2274 2286 2278
f 2274 2282 2286
f 2281 2283 2282
f 2270 2283 2280
f 2270 2284 2283
f 2282 2283 2285
f 2283 2284 2285
f 2282 2285 2289
f 2278 2286 2287
f 2282 2289 2286
f 2286 2290 2287
f 2287 2288 2294
f 2287 2290 2288
f 2286 2289 2290
f 2271 2299 2284
f 2217 2275 2291
f 2217 2291 2292
f 2291 2295 2292
f 2221 2292 2293
f 2292 2295 2293
f 2279 2294 2291
f 2291 2294 2295
f 2294 2331 2295
f 2293 2295 2325
f 2295 2331 2325
f 2221 2293 2326
f 2288 2331 2294
f 2284 2302 2285
f 2285 2303 2289
f 2289 2296 2290
f 2289 2303 2296
f 2288 2290 2297
f 2290 2296 2297
f 2288 2297 2333
f 2297 2298 2333
f 2296 2309 2297
f 2297 2309 2298
f 2299 2300 2304
f 2300 2301 2304
f 2301 2312 2315
f 2284 2299 2302
f 2285 2302 2303
f 2299 2304 2302
f 2302 2304 2305
f 2302 2305 2303
f 2303 2305 2308
f 2296 2303 2308
f 2296 2308 2309
f 2305 2307 2308
f 2304 2306 2305
f 2301 2306 2304
f 2305 2306 2307
f 2301 2315 2306
f 2306 2316 2307
f 2308 2310 2309
f 2298 2309 2311
f 2307 2310 2308
f 2309 2310 2311
f 2307 2317 2310
f 2312 2313 2315
f 2313 2314 2323
f 2306 2315 2316
f 2307 2316 2317
f 2315 2321 2316
f 2316 2322 2317
f 2310 2318 2311
f 2311 2318 2350
f 2310 2317 2318
f 2317 2319 2318
f 2317 2322 2319
f 2318 2320 2350
f 2318 2319 2320
f 2319 2400 2320
f 2320 2400 2445
f 2313 2321 2315
f 2316 2321 2322
f 2313 2323 2321
f 2321 2324 2322
f 2321 2323 2324
f 2322 2324 2399
f 2319 2322 2399
f 2319 2399 2400
f 2293 2325 2328
f 2293 2328 2326
f 2326 2328 2327
f 2238 2326 2327
f 2238 2327 2248
f 2325 2336 2328
f 2248 2327 2329
f 2327 2328 2330
f 2328 2336 2330
f 2327 2330 2329
f 2329 2330 2338
f 2330 2337 2338
f 2288 2333 2331
f 2325 2331 2332
f 2331 2333 2332
f 2325 2332 2336
f 2332 2333 2334
f 2332 2335 2336
f 2298 2334 2333
f 2332 2334 2335
f 2298 2349 2334
f 2334 2349 2339
f 2334 2339 2335
f 2330 2336 2337
f 2335 2337 2336
f 2248 2329 2345
f 2329 2338 2346
f 2338 2342 2346
f 2335 2339 2341
f 2339 2352 2341
f 2335 2341 2337
f 2337 2341 2340
f 2337 2340 2338
f 2338 2340 2342
f 2340 2341 2343
f 2340 2344 2342
f 2342 2344 2428
f 2341 2352 2343
f 2340 2343 2344
f 2343 2447 2419
f 2343 2419 2344
f 2329 2346 2345
f 2257 2345 2347
f 2345 2346 2347
f 2257 2347 2259
f 2347 2348 2422
f 2259 2347 2422
f 2346 2348 2347
f 2342 2348 2346
f 2342 2428 2348
f 2298 2311 2349
f 2339 2349 2351
f 2311 2350 2349
f 2349 2350 2351
f 2339 2351 2352
f 2350 2354 2351
f 2351 2354 2353
f 2351 2353 2352
f 2352 2353 2447
f 2320 2354 2350
f 2354 2445 2444
f 2353 2354 2444
f 2320 2445 2354
f 2343 2352 2447
f 2232 2357 2355
f 2355 2357 2358
f 2236 2359 2357
f 2357 2359 2358
f 2358 2359 2361
f 2355 2358 2356
f 2356 2358 2360
f 2356 2360 2362
f 2358 2361 2360
f 2360 2361 2365
f 2360 2364 2362
f 2362 2364 2363
f 2360 2365 2364
f 2364 2365 2367
f 2363 2364 2366
f 2363 2366 2387
f 2364 2367 2366
f 2366 2367 2368
f 2253 2369 2359
f 2359 2369 2361
f 2253 2370 2369
f 2369 2370 2372
f 2370 2373 2372
f 2361 2369 2371
f 2361 2371 2365
f 2369 2372 2371
f 2372 2375 2379
f 2371 2372 2379
f 2259 2423 2374
f 2260 2373 2370
f 2260 2374 2373
f 2373 2374 2376
f 2374 2423 2376
f 2372 2373 2375
f 2373 2376 2375
f 2375 2377 2383
f 2375 2383 2379
f 2376 2423 2427
f 2376 2427 2377
f 2375 2376 2377
f 2377 2427 2435
f 2365 2371 2378
f 2365 2378 2367
f 2371 2379 2378
f 2379 2383 2380
f 2378 2379 2380
f 2378 2380 2381
f 2367 2378 2381
f 2367 2381 2368
f 2368 2381 2391
f 2380 2382 2381
f 2381 2382 2391
f 2383 2384 2385
f 2380 2383 2385
f 2377 2384 2383
f 2377 2435 2384
f 2380 2385 2382
f 2382 2385 2393
f 2385 2386 2393
f 2384 2386 2385
f 2384 2438 2386
f 2366 2389 2387
f 2387 2389 2388
f 2366 2368 2389
f 2368 2390 2389
f 2368 2391 2390
f 2382 2392 2391
f 2382 2393 2392
f 2386 2475 2394
f 2386 2394 2393
f 2314 2395 2323
f 2395 2396 2403
f 2396 2408 2403
f 2323 2398 2324
f 2324 2397 2399
f 2324 2398 2397
f 2323 2395 2398
f 2399 2401 2400
f 2400 2402 2445
f 2397 2401 2399
f 2400 2401 2402
f 2402 2446 2445
f 2395 2403 2398
f 2398 2403 2404
f 2397 2398 2404
f 2397 2404 2407
f 2403 2410 2404
f 2404 2411 2407
f 2397 2407 2401
f 2401 2407 2406
f 2402 2405 2446
f 2401 2406 2402
f 2402 2406 2405
f 2405 2406 2412
f 2406 2407 2413
f 2408 2409 2414
f 2409 2464 2414
f 2403 2408 2410
f 2404 2410 2411
f 2408 2414 2410
f 2410 2415 2411
f 2406 2413 2412
f 2405 2412 2460
f 2412 2416 2460
f 2407 2411 2413
f 2411 2418 2413
f 2412 2413 2417
f 2410 2414 2415
f 2411 2415 2418
f 2414 2466 2415
f 2414 2464 2466
f 2415 2467 2418
f 2415 2466 2467
f 2418 2467 2468
f 2413 2418 2417
f 2412 2417 2416
f 2417 2418 2468
f 2417 2468 2469
f 2416 2417 2469
f 2416 2469 2490
f 2344 2420 2428
f 2344 2419 2420
f 2419 2421 2420
f 2420 2421 2431
f 2421 2432 2431
f 2259 2422 2423
f 2422 2425 2423
f 2348 2424 2422
f 2348 2428 2424
f 2422 2424 2425
f 2423 2425 2427
f 2425 2433 2427
f 2424 2429 2426
f 2424 2426 2425
f 2425 2426 2433
f 2426 2434 2433
f 2427 2433 2435
f 2424 2428 2429
f 2420 2429 2428
f 2420 2431 2429
f 2426 2429 2430
f 2429 2431 2430
f 2430 2431 2440
f 2426 2430 2434
f 2433 2434 2436
f 2384 2435 2438
f 2433 2436 2435
f 2435 2436 2438
f 2434 2437 2436
f 2436 2437 2476
f 2436 2476 2438
f 2430 2440 2439
f 2430 2439 2434
f 2434 2439 2437
f 2431 2432 2440
f 2432 2441 2440
f 2440 2441 2442
f 2439 2440 2442
f 2439 2442 2478
f 2437 2439 2478
f 2441 2480 2442
f 2353 2443 2447
f 2444 2445 2446
f 2353 2444 2443
f 2444 2446 2449
f 2443 2444 2449
f 2419 2447 2448
f 2443 2448 2447
f 2443 2452 2448
f 2419 2448 2421
f 2446 2453 2449
f 2443 2449 2452
f 2449 2450 2452
f 2449 2453 2450
f 2448 2452 2451
f 2421 2448 2451
f 2451 2452 2456
f 2421 2451 2432
f 2450 2456 2452
f 2405 2453 2446
f 2405 2460 2453
f 2450 2453 2461
f 2450 2461 2454
f 2454 2461 2463
f 2451 2456 2455
f 2432 2451 2455
f 2455 2456 2458
f 2432 2455 2441
f 2450 2454 2456
f 2454 2458 2456
f 2454 2463 2459
f 2459 2463 2491
f 2441 2455 2457
f 2441 2457 2480
f 2455 2458 2457
f 2457 2458 2484
f 2454 2459 2458
f 2458 2459 2484
f 2453 2460 2461
f 2460 2462 2461
f 2416 2462 2460
f 2461 2462 2463
f 2462 2489 2463
f 2416 2490 2462
f 2462 2490 2489
f 2463 2489 2491
f 2464 2465 2470
f 2464 2470 2466
f 2466 2471 2467
f 2467 2472 2468
f 2466 2470 2471
f 2467 2471 2472
f 2474 2492 2490
f 2468 2473 2469
f 2469 2474 2490
f 2468 2472 2473
f 2469 2473 2474
f 2437 2479 2476
f 2476 2479 2477
f 2386 2438 2475
f 2438 2476 2475
f 2475 2476 2477
f 2437 2478 2479
f 2478 2482 2479
f 2478 2481 2482
f 2442 2481 2478
f 2442 2480 2481
f 2480 2483 2481
f 2457 2485 2480
f 2457 2484 2485
f 2484 2488 2485
f 2459 2486 2484
f 2459 2491 2486
f 2484 2486 2488
f 2486 2491 2487
f 2489 2490 2492
f 2489 2493 2491
f 2489 2492 2493
f 2487 2491 2493
f 2480 2485 2483
f 2465 2494 2495
f 2388 2389 2504
f 2389 2390 2504
f 2390 2391 2506
f 2391 2392 2506
f 2392 2393 2508
f 2394 2475 2507
f 2393 2394 2507
f 2465 2543 2470
f 2470 2543 2471
f 2471 2544 2472
f 2472 2545 2473
f 2473 2547 2474
f 2474 2547 2492
f 2477 2479 2557
f 2475 2477 2553
f 2479 2482 2555
f 2481 2555 2482
f 2481 2483 2556
f 2485 2488 2563
f 2486 2562 2488
f 2486 2487 2565
f 2492 2566 2493
f 2487 2493 2567
f 2483 2485 2556
f 1890 2388 2501
f 1890 2501 2502
f 1915 2502 2509
f 1915 2509 2510
f 1922 2510 2516
f 1922 2516 2517
f 2065 2517 2659
f 2696 2640 1942
f 2065 2659 2660
f 2066 2660 2661
f 2070 2661 2667
f 2070 2667 2666
f 2072 2666 2670
f 2072 2670 2740
f 2105 2701 2696
f 2105 2699 2701
f 2106 2702 2699
f 2109 2743 2706
f 2109 2706 2700
f 2106 2700 2702
f 2140 2735 2734
f 2140 2734 2737
f 2147 2737 2742
f 2142 2740 2735
f 2147 2742 2744
f 2148 2744 2743
f 2465 2495 2541
f 2388 2504 2501
f 2390 2503 2504
f 2390 2506 2503
f 2392 2505 2506
f 2392 2508 2505
f 2393 2507 2508
f 2465 2541 2543
f 2471 2543 2544
f 2472 2544 2545
f 2473 2546 2547
f 2473 2545 2546
f 2477 2557 2552
f 2475 2553 2507
f 2477 2552 2553
f 2479 2555 2557
f 2481 2559 2555
f 2481 2556 2559
f 2485 2563 2556
f 2488 2562 2563
f 2486 2565 2562
f 2487 2561 2565
f 2492 2547 2566
f 2493 2566 2567
f 2487 2567 2561
f 2541 2495 2496
f 2541 2496 2542
f 2542 2496 2497
f 2571 2497 2498
f 2572 2498 2499
f 2542 2497 2571
f 2571 2498 2572
f 2582 2499 2500
f 2583 2500 2648
f 2572 2499 2582
f 2583 2648 2775
f 2582 2500 2583
f 2501 2504 2502
f 2502 2504 2511
f 2503 2512 2504
f 2504 2512 2511
f 2503 2506 2512
f 2505 2524 2506
f 2505 2508 2524
f 2507 2553 2529
f 2507 2529 2508
f 2502 2511 2509
f 2509 2511 2514
f 2511 2512 2513
f 2511 2513 2514
f 2509 2514 2510
f 2510 2514 2518
f 2513 2515 2514
f 2514 2515 2518
f 2510 2518 2516
f 2516 2520 2517
f 2516 2518 2520
f 2515 2519 2518
f 2518 2519 2520
f 2517 2520 2521
f 2517 2521 2659
f 2519 2522 2520
f 2521 2522 2663
f 2520 2522 2521
f 2506 2523 2512
f 2512 2523 2513
f 2513 2523 2525
f 2506 2524 2523
f 2523 2524 2526
f 2513 2525 2515
f 2515 2525 2532
f 2523 2526 2525
f 2525 2526 2527
f 2525 2527 2532
f 2526 2530 2527
f 2508 2528 2524
f 2508 2529 2528
f 2524 2528 2526
f 2528 2529 2531
f 2529 2598 2531
f 2528 2531 2530
f 2526 2528 2530
f 2530 2531 2537
f 2531 2601 2537
f 2515 2532 2519
f 2519 2532 2534
f 2527 2536 2533
f 2527 2533 2532
f 2532 2533 2534
f 2519 2534 2522
f 2522 2534 2672
f 2533 2535 2534
f 2533 2539 2535
f 2534 2535 2672
f 2530 2537 2536
f 2527 2530 2536
f 2533 2536 2539
f 2536 2538 2539
f 2536 2537 2538
f 2537 2601 2611
f 2537 2611 2538
f 2538 2611 2612
f 2540 2612 2677
f 2535 2539 2679
f 2539 2540 2679
f 2538 2540 2539
f 2538 2612 2540
f 2541 2542 2543
f 2543 2548 2544
f 2544 2549 2545
f 2542 2548 2543
f 2544 2548 2549
f 2545 2549 2550
f 2547 2569 2566
f 2545 2550 2546
f 2546 2551 2547
f 2546 2550 2551
f 2547 2551 2569
f 2552 2557 2554
f 2554 2557 2596
f 2529 2553 2598
f 2553 2554 2598
f 2552 2554 2553
f 2555 2558 2557
f 2555 2559 2558
f 2557 2558 2596
f 2556 2560 2559
f 2558 2559 2602
f 2559 2560 2602
f 2562 2564 2563
f 2560 2563 2619
f 2563 2564 2619
f 2562 2565 2564
f 2561 2570 2565
f 2564 2565 2620
f 2565 2570 2620
f 2566 2568 2567
f 2561 2567 2570
f 2566 2569 2568
f 2567 2568 2570
f 2556 2563 2560
f 2542 2571 2573
f 2571 2572 2573
f 2542 2573 2548
f 2548 2573 2574
f 2548 2574 2549
f 2549 2577 2550
f 2549 2574 2577
f 2573 2578 2574
f 2574 2579 2577
f 2550 2576 2551
f 2550 2577 2576
f 2551 2575 2569
f 2551 2576 2575
f 2576 2577 2581
f 2575 2576 2580
f 2572 2578 2573
f 2574 2578 2579
f 2572 2584 2578
f 2578 2585 2579
f 2575 2580 2628
f 2580 2581 2587
f 2580 2586 2628
f 2577 2579 2581
f 2576 2581 2580
f 2579 2588 2581
f 2572 2582 2584
f 2582 2583 2584
f 2583 2775 2783
f 2578 2584 2585
f 2579 2585 2588
f 2584 2590 2585
f 2583 2590 2584
f 2585 2589 2588
f 2585 2590 2589
f 2580 2587 2586
f 2587 2588 2591
f 2588 2589 2591
f 2586 2592 2634
f 2586 2587 2592
f 2587 2591 2592
f 2581 2588 2587
f 2590 2783 2784
f 2589 2590 2784
f 2589 2784 2593
f 2583 2783 2590
f 2589 2593 2591
f 2591 2594 2592
f 2592 2636 2634
f 2591 2593 2594
f 2592 2594 2636
f 2554 2596 2597
f 2596 2600 2597
f 2554 2597 2598
f 2597 2600 2599
f 2531 2598 2601
f 2597 2601 2598
f 2597 2599 2601
f 2558 2602 2603
f 2558 2603 2596
f 2560 2604 2602
f 2596 2603 2600
f 2603 2605 2615
f 2600 2603 2615
f 2602 2604 2605
f 2602 2605 2603
f 2595 2617 2605
f 2595 2605 2604
f 2595 2606 2617
f 2606 2607 2617
f 2607 2803 2618
f 2606 2608 2607
f 2607 2608 2803
f 2599 2609 2611
f 2609 2612 2611
f 2599 2610 2609
f 2599 2600 2610
f 2610 2616 2614
f 2609 2610 2614
f 2599 2611 2601
f 2609 2613 2612
f 2612 2613 2677
f 2609 2614 2613
f 2613 2614 2808
f 2614 2618 2808
f 2610 2615 2616
f 2605 2617 2615
f 2615 2617 2616
f 2600 2615 2610
f 2607 2616 2617
f 2614 2616 2618
f 2607 2618 2616
f 2570 2626 2620
f 2620 2626 2622
f 2564 2621 2619
f 2560 2619 2604
f 2604 2619 2623
f 2619 2621 2623
f 2564 2620 2621
f 2620 2622 2621
f 2622 2626 2627
f 2622 2627 2629
f 2627 2639 2629
f 2621 2624 2623
f 2595 2604 2623
f 2623 2624 2631
f 2595 2623 2631
f 2621 2622 2624
f 2622 2629 2624
f 2568 2625 2626
f 2568 2569 2625
f 2569 2575 2625
f 2568 2626 2570
f 2575 2628 2625
f 2625 2627 2626
f 2625 2628 2627
f 2627 2628 2639
f 2629 2639 2630
f 2630 2639 2634
f 2629 2630 2632
f 2630 2633 2632
f 2624 2632 2631
f 2595 2631 2606
f 2631 2632 2637
f 2606 2631 2637
f 2624 2629 2632
f 2633 2824 2638
f 2630 2634 2635
f 2630 2635 2633
f 2634 2636 2635
f 2633 2635 2824
f 2632 2633 2637
f 2606 2637 2608
f 2608 2637 2638
f 2633 2638 2637
f 2586 2639 2628
f 2586 2634 2639
f 2697 2641 2640
f 2698 2642 2641
f 2696 2697 2640
f 2697 2698 2641
f 2709 2643 2642
f 2710 2644 2643
f 2712 2646 2644
f 2711 2645 2646
f 2698 2709 2642
f 2709 2710 2643
f 2711 2853 2645
f 2710 2712 2644
f 2711 2646 2712
f 2775 2648 2649
f 2776 2649 2647
f 2775 2649 2776
f 2774 2776 2647
f 2774 2647 2650
f 2787 2650 2651
f 2788 2651 2652
f 2774 2650 2787
f 2787 2651 2788
f 2788 2652 2789
f 2789 2652 2830
f 2854 2656 2658
f 2830 2653 2654
f 2831 2654 2655
f 2832 2655 2656
f 2833 2656 2854
f 2830 2654 2831
f 2832 2656 2833
f 2831 2655 2832
f 2853 2657 2645
f 2854 2658 2657
f 2853 2854 2657
f 2830 2652 2653
f 2521 2662 2659
f 2659 2662 2660
f 2521 2663 2662
f 2662 2663 2665
f 2661 2664 2667
f 2665 2675 2668
f 2660 2664 2661
f 2660 2662 2664
f 2662 2665 2664
f 2664 2665 2668
f 2664 2668 2667
f 2666 2667 2669
f 2668 2675 2686
f 2667 2668 2669
f 2668 2686 2669
f 2666 2669 2670
f 2670 2741 2740
f 2669 2671 2670
f 2669 2686 2671
f 2670 2671 2741
f 2671 2765 2741
f 2522 2672 2663
f 2663 2672 2673
f 2663 2673 2665
f 2535 2674 2672
f 2535 2679 2674
f 2672 2674 2673
f 2673 2676 2675
f 2675 2676 2685
f 2674 2680 2676
f 2676 2687 2685
f 2676 2680 2687
f 2665 2673 2675
f 2673 2674 2676
f 2540 2678 2679
f 2678 2680 2679
f 2540 2677 2678
f 2677 2682 2678
f 2674 2679 2680
f 2678 2681 2680
f 2680 2681 2687
f 2678 2682 2681
f 2681 2682 2692
f 2682 2809 2692
f 2683 2694 2695
f 2683 2749 2694
f 2683 2695 2684
f 2684 2695 2693
f 2683 2684 2758
f 2684 2815 2758
f 2675 2685 2686
f 2685 2689 2686
f 2685 2687 2688
f 2685 2688 2689
f 2687 2691 2688
f 2671 2686 2689
f 2671 2689 2765
f 2689 2690 2765
f 2688 2690 2689
f 2688 2694 2690
f 2690 2694 2749
f 2681 2692 2691
f 2681 2691 2687
f 2688 2691 2694
f 2691 2692 2695
f 2691 2695 2694
f 2692 2809 2693
f 2692 2693 2695
f 2696 2701 2697
f 2697 2704 2698
f 2697 2701 2704
f 2698 2704 2716
f 2699 2703 2701
f 2699 2702 2703
f 2701 2703 2704
f 2703 2715 2704
f 2702 2705 2703
f 2703 2705 2715
f 2700 2706 2707
f 2700 2707 2702
f 2705 2707 2720
f 2707 2708 2720
f 2706 2747 2708
f 2706 2708 2707
f 2702 2707 2705
f 2729 2764 2837
f 2698 2716 2709
f 2709 2716 2718
f 2710 2718 2731
f 2709 2718 2710
f 2711 2724 2857
f 2710 2731 2712
f 2712 2731 2724
f 2711 2712 2724
f 2708 2767 2721
f 2721 2767 2769
f 2713 2728 2722
f 2713 2722 2721
f 2713 2721 2769
f 2713 2769 2770
f 2704 2715 2716
f 2715 2719 2716
f 2705 2714 2715
f 2714 2719 2715
f 2718 2732 2731
f 2718 2719 2732
f 2714 2717 2719
f 2717 2732 2719
f 2716 2719 2718
f 2705 2720 2714
f 2720 2721 2722
f 2714 2720 2722
f 2708 2721 2720
f 2714 2722 2717
f 2717 2722 2728
f 2724 2733 2725
f 2724 2725 2857
f 2723 2726 2733
f 2725 2733 2726
f 2725 2726 2856
f 2727 2770 2764
f 2727 2730 2728
f 2723 2728 2730
f 2713 2727 2728
f 2713 2770 2727
f 2726 2730 2859
f 2729 2859 2730
f 2727 2764 2729
f 2727 2729 2730
f 2723 2730 2726
f 2731 2732 2733
f 2724 2731 2733
f 2717 2723 2732
f 2723 2733 2732
f 2717 2728 2723
f 2734 2735 2738
f 2735 2741 2736
f 2735 2736 2738
f 2736 2754 2738
f 2734 2738 2737
f 2737 2745 2742
f 2737 2738 2739
f 2738 2754 2739
f 2737 2739 2745
f 2739 2751 2745
f 2735 2740 2741
f 2736 2741 2765
f 2742 2745 2744
f 2743 2744 2747
f 2744 2745 2746
f 2745 2751 2746
f 2744 2746 2747
f 2746 2767 2747
f 2708 2747 2767
f 2706 2743 2747
f 2736 2765 2748
f 2690 2748 2765
f 2736 2748 2754
f 2748 2750 2754
f 2690 2749 2748
f 2748 2749 2750
f 2750 2756 2755
f 2749 2756 2750
f 2751 2752 2766
f 2752 2755 2761
f 2752 2761 2768
f 2739 2754 2753
f 2750 2753 2754
f 2739 2753 2751
f 2751 2753 2752
f 2750 2755 2753
f 2752 2753 2755
f 2757 2759 2763
f 2759 2861 2763
f 2683 2756 2749
f 2683 2758 2756
f 2755 2756 2757
f 2756 2758 2757
f 2758 2815 2759
f 2757 2758 2759
f 2757 2763 2761
f 2760 2761 2763
f 2760 2768 2761
f 2760 2763 2762
f 2762 2763 2861
f 2760 2762 2764
f 2762 2837 2764
f 2755 2757 2761
f 2746 2766 2767
f 2746 2751 2766
f 2766 2769 2767
f 2766 2768 2769
f 2768 2770 2769
f 2752 2768 2766
f 2760 2770 2768
f 2760 2764 2770
f 2798 2843 2844
f 2799 2844 2849
f 2771 2772 2823
f 2771 2796 2772
f 2772 2796 2773
f 2773 2849 2850
f 2773 2799 2849
f 2772 2773 2850
f 2772 2846 2823
f 2772 2850 2846
f 2775 2776 2783
f 2774 2779 2776
f 2594 2778 2636
f 2594 2777 2778
f 2777 2781 2778
f 2779 2780 2785
f 2780 2782 2786
f 2779 2791 2780
f 2780 2792 2782
f 2781 2794 2827
f 2781 2793 2794
f 2777 2786 2782
f 2777 2782 2781
f 2778 2781 2827
f 2781 2782 2793
f 2783 2785 2784
f 2593 2784 2786
f 2776 2785 2783
f 2784 2785 2786
f 2593 2777 2594
f 2593 2786 2777
f 2776 2779 2785
f 2780 2786 2785
f 2774 2787 2779
f 2787 2788 2797
f 2788 2789 2797
f 2790 2795 2792
f 2779 2787 2791
f 2780 2791 2792
f 2787 2797 2791
f 2790 2791 2797
f 2790 2792 2791
f 2792 2795 2793
f 2793 2796 2794
f 2793 2795 2796
f 2771 2794 2796
f 2782 2792 2793
f 2790 2797 2798
f 2789 2798 2797
f 2790 2798 2799
f 2790 2799 2795
f 2789 2843 2798
f 2798 2844 2799
f 2773 2796 2795
f 2773 2795 2799
f 2800 2810 2801
f 2800 2811 2810
f 2618 2803 2801
f 2801 2803 2805
f 2608 2638 2802
f 2608 2802 2803
f 2802 2825 2806
f 2802 2805 2803
f 2804 2806 2825
f 2804 2817 2806
f 2800 2801 2805
f 2805 2806 2819
f 2806 2817 2819
f 2800 2805 2819
f 2802 2806 2805
f 2613 2808 2807
f 2613 2807 2677
f 2677 2807 2682
f 2807 2808 2810
f 2801 2810 2808
f 2682 2807 2809
f 2807 2810 2809
f 2809 2810 2811
f 2618 2801 2808
f 2693 2811 2814
f 2800 2812 2811
f 2800 2819 2812
f 2812 2816 2814
f 2812 2820 2816
f 2811 2812 2814
f 2813 2860 2816
f 2814 2816 2815
f 2684 2693 2814
f 2684 2814 2815
f 2815 2816 2860
f 2813 2816 2820
f 2817 2821 2820
f 2804 2829 2818
f 2771 2818 2829
f 2804 2818 2817
f 2771 2823 2818
f 2817 2818 2821
f 2812 2819 2820
f 2817 2820 2819
f 2821 2823 2822
f 2813 2820 2821
f 2822 2823 2846
f 2813 2821 2822
f 2818 2823 2821
f 2693 2809 2811
f 2638 2824 2825
f 2824 2826 2828
f 2826 2827 2828
f 2824 2828 2825
f 2635 2636 2826
f 2635 2826 2824
f 2636 2778 2826
f 2778 2827 2826
f 2638 2825 2802
f 2827 2829 2828
f 2804 2825 2828
f 2804 2828 2829
f 2794 2829 2827
f 2771 2829 2794
f 2833 2854 2858
f 2830 2831 2843
f 2832 2833 2851
f 2831 2832 2851
f 2840 2863 2848
f 2836 2856 2841
f 2834 2852 2836
f 2835 2855 2836
f 2833 2858 2835
f 2834 2836 2841
f 2835 2836 2852
f 2837 2840 2838
f 2837 2864 2840
f 2838 2841 2859
f 2729 2837 2838
f 2834 2841 2839
f 2838 2840 2839
f 2839 2840 2848
f 2838 2839 2841
f 2834 2847 2842
f 2842 2845 2852
f 2843 2845 2844
f 2842 2849 2844
f 2831 2845 2843
f 2831 2851 2845
f 2842 2844 2845
f 2846 2848 2863
f 2846 2850 2848
f 2839 2848 2847
f 2842 2847 2849
f 2847 2848 2850
f 2847 2850 2849
f 2835 2852 2851
f 2845 2851 2852
f 2834 2842 2852
f 2833 2835 2851
f 2834 2839 2847
f 2853 2858 2854
f 2853 2857 2858
f 2711 2857 2853
f 2725 2855 2857
f 2855 2858 2857
f 2725 2856 2855
f 2726 2859 2856
f 2836 2855 2856
f 2835 2858 2855
f 2729 2838 2859
f 2841 2856 2859
f 2789 2830 2843
f 2860 2862 2861
f 2861 2862 2864
f 2759 2860 2861
f 2822 2863 2862
f 2813 2862 2860
f 2813 2822 2862
f 2862 2863 2864
f 2840 2864 2863
f 2759 2815 2860
f 2762 2861 2864
f 2762 2864 2837
f 2822 2846 2863
f 346 1414 486
f 486 1414 487
f 487 1414 488
f 488 1414 489
f 490 489 1414
f 490 1414 491
f 698 491 1414
f 699 698 1414
f 699 1414 700
f 700 1414 701
f 701 1414 702
f 703 702 1414
f 704 703 1414
f 704 1414 705
f 706 705 1414
f 706 1414 707
f 708 707 1414
f 709 708 1414
f 710 709 1414
f 710 1414 711
f 712 711 1414
f 712 1414 713
f 714 713 1414
f 715 714 1414
f 715 1414 716
f 2494 1062 346
f 346 1062 1414
f 1062 1202 1414
f 1203 1414 1202
f 1428 1429 1414
f 1415 1414 1430
f 1415 1419 1416
f 1417 1420 1418
f 1417 1416 1420
f 1415 1432 1431
f 1430 1414 1429
f 1415 1430 1432
f 1415 1431 1419
f 1420 1416 1419
f 1203 1204 1414
f 1205 1414 1204
f 1206 1207 1414
f 1205 1206 1414
f 1207 1422 1414
f 1423 1414 1422
f 1423 1421 1414
f 1424 1414 1421
f 1424 1425 1414
f 1425 1426 1414
f 1427 1414 1426
f 1428 1414 1427
f 346 1778 2494
f 1779 1942 1778
f 1780 1942 1779
f 1781 1942 1780
f 1781 1782 1942
f 1782 1783 1942
f 1783 1784 1942
f 1784 1924 1942
f 1924 1925 1942
f 1926 1942 1925
f 1927 1942 1926
f 1927 1928 1942
f 1928 1929 1942
f 1929 1930 1942
f 1930 1931 1942
f 1931 1932 1942
f 1932 1933 1942
f 1933 1934 1940
f 1934 1935 1939
f 1935 1936 1939
f 1936 1937 1938
f 1934 1939 1940
f 1936 1938 1939
f 1933 1940 1941
f 1942 1933 1941
f 1778 1942 2494
f 2494 1942 2495
f 2495 1942 2496
f 2640 2641 1942
f 2641 2642 1942
f 2642 2643 1942
f 2643 2644 1942
f 2646 1942 2644
f 2652 2651 1942
f 2654 1942 2655
f 2652 1942 2653
f 2653 1942 2654
f 2658 1942 2657
f 2656 1942 2658
f 2645 1942 2646
f 2645 2657 1942
f 2656 2655 1942
f 2496 1942 2497
f 2497 1942 2498
f 2498 1942 2499
f 2500 2499 1942
f 2648 2500 1942
f 2649 1942 2647
f 2648 1942 2649
f 2647 1942 2650
f 2650 1942 2651
f 2869 2873 2872
f 2869 2874 2870
f 2869 2870 2876
f 2869 2872 2874
f 2869 2875 2873
f 2865 2866 2877
f 2866 2867 2879
f 2865 2877 2868
f 2868 2880 2871
f 2867 2869 2879
f 2865 2895 2866
f 2865 2868 2895
f 2866 2895 2867
f 2867 2895 2869
f 2868 2871 2895
f 2869 2895 2875
f 2871 2883 2889
f 2869 2876 2913
f 2866 2878 2877
f 2866 2879 2878
f 2868 2877 2880
f 2871 2880 2883
f 2869 2881 2879
f 2880 2886 2883
f 2880 2882 2886
f 2880 2888 2882
f 2883 2884 2885
f 2883 2885 2887
f 2883 2886 2884
f 2883 2887 2902
f 2869 2926 2881
f 2877 2878 2931
f 2878 2879 2931
f 2877 2931 2880
f 2879 2881 2931
f 2880 2931 2888
f 2871 2889 2895
f 2895 2890 2875
f 2895 2891 2890
f 2895 2892 2891
f 2889 2894 2895
f 2895 2896 2897
f 2895 2897 2899
f 2895 2893 2892
f 2895 2898 2893
f 2895 2900 2898
f 2889 2906 2894
f 2894 2906 2895
f 2895 2908 2896
f 2896 2909 2897
f 2897 2909 2899
f 2895 2937 2900
f 2895 2899 2944
f 2883 2901 2889
f 2883 2902 2901
f 2889 2901 2906
f 2895 2906 2907
f 2895 2907 2908
f 2896 2908 2909
f 2899 2909 2911
f 2901 2902 2903
f 2901 2903 2904
f 2901 2904 2906
f 2906 2904 2907
f 2907 2910 2908
f 2907 2904 2905
f 2907 2905 2910
f 2908 2910 2912
f 2908 2912 2909
f 2899 2911 2956
f 2909 2912 2949
f 2909 2949 2911
f 2869 2913 2914
f 2869 2914 2926
f 2914 2913 2916
f 2916 2915 2917
f 2916 2913 2915
f 2917 2915 2920
f 2917 2920 2921
f 2917 2921 2918
f 2918 2921 2919
f 2919 2921 2922
f 2924 2922 2923
f 2919 2922 2924
f 2914 2916 2928
f 2916 2917 2928
f 2917 2918 2930
f 2918 2919 2931
f 2919 2924 2931
f 2924 2923 2938
f 2881 2926 2931
f 2931 2925 2888
f 2914 2928 2926
f 2917 2929 2928
f 2917 2930 2929
f 2918 2931 2930
f 2924 2936 2931
f 2931 2927 2925
f 2931 2932 2927
f 2926 2928 2931
f 2928 2929 2931
f 2929 2930 2931
f 2931 2933 2932
f 2931 2934 2933
f 2931 2935 2934
f 2924 2954 2936
f 2931 2950 2935
f 2931 2936 2954
f 2895 2945 2937
f 2895 2944 2946
f 2895 2948 2945
f 2895 2947 2948
f 2895 2946 2947
f 2899 2956 2944
f 2924 2938 2942
f 2924 2942 2954
f 2942 2941 2939
f 2942 2939 2943
f 2942 2938 2940
f 2942 2940 2941
f 2945 2943 2937
f 2942 2943 2945
f 2944 2958 2946
f 2942 2945 2957
f 2945 2948 2957
f 2946 2958 2947
f 2947 2960 2948
f 2911 2949 2956
f 2931 2952 2950
f 2931 2954 2957
f 2931 2956 2952
f 2931 2959 2958
f 2931 2957 2960
f 2931 2960 2959
f 2931 2958 2956
f 2944 2956 2958
f 2942 2957 2954
f 2948 2960 2957
f 2947 2958 2959
f 2947 2959 2960
f 2956 2951 2953
f 2956 2949 2955
f 2956 2955 2951
f 2956 2953 2952
f 2872 2873 2885
f 2874 2872 2884
f 2874 2886 2870
f 2875 2887 2873
f 2870 2882 2876
f 2888 2913 2876
f 2872 2885 2884
f 2874 2884 2886
f 2870 2886 2882
f 2873 2887 2885
f 2876 2882 2888
f 2902 2887 2875
f 2875 2890 2902
f 2903 2890 2891
f 2904 2891 2892
f 2892 2893 2905
f 2910 2893 2898
f 2912 2898 2900
f 2890 2903 2902
f 2891 2904 2903
f 2892 2905 2904
f 2910 2905 2893
f 2910 2898 2912
f 2949 2912 2900
f 2925 2915 2913
f 2915 2927 2920
f 2921 2920 2932
f 2933 2922 2921
f 2923 2922 2934
f 2923 2935 2938
f 2913 2888 2925
f 2927 2915 2925
f 2927 2932 2920
f 2933 2921 2932
f 2922 2933 2934
f 2923 2934 2935
f 2900 2937 2949
f 2937 2943 2955
f 2938 2950 2940
f 2943 2939 2951
f 2941 2953 2939
f 2940 2952 2941
f 2935 2950 2938
f 2937 2955 2949
f 2940 2950 2952
f 2943 2951 2955
f 2939 2953 2951
f 2941 2952 2953
f 2966 2968 2967
f 2961 2969 2962
f 2961 2964 2969
f 2962 2971 2963
f 2964 2965 2973
f 2965 2966 2973
f 2961 2962 2981
f 2961 2981 2964
f 2964 2981 2965
f 2965 2981 2966
f 2962 2963 2981
f 2966 2981 2968
f 2963 2971 2979
f 2966 2967 2999
f 2966 2993 2974
f 2964 2972 2969
f 2962 2969 2970
f 2962 2970 2971
f 2964 2973 2972
f 2966 2974 2973
f 2969 2972 2975
f 2969 2975 2970
f 2970 2975 2971
f 2972 2973 2975
f 2973 2974 2975
f 2971 2975 2976
f 2971 2976 2987
f 2974 3001 2975
f 3008 2985 2976
f 2963 2979 2981
f 2981 2977 2968
f 2979 2980 2981
f 2981 2982 2983
f 2981 2983 2984
f 2981 2978 2977
f 2979 2988 2980
f 2980 2988 2981
f 2981 2990 2982
f 2982 2991 2983
f 2983 2991 2984
f 3009 2968 2977
f 2981 2984 3011
f 2981 3014 2978
f 2971 2987 2979
f 2987 2976 2985
f 2987 2985 2986
f 2979 2987 2988
f 2981 2988 2989
f 2981 2989 2990
f 2982 2990 2991
f 2984 2991 2992
f 2984 2992 3019
f 2987 2986 3021
f 2987 3021 2988
f 2988 3021 2989
f 2989 3021 2990
f 2990 3021 2991
f 2991 3021 2992
f 2966 2999 2993
f 2968 3009 3000
f 2993 2999 2994
f 2994 2999 2995
f 2995 2999 2996
f 2996 2999 2997
f 2997 2999 2998
f 2993 2994 3002
f 2994 2995 3002
f 2995 2996 3004
f 2996 2997 3005
f 2997 2998 3005
f 2998 2999 3000
f 2998 3000 3014
f 2974 2993 3001
f 3001 3007 2975
f 2993 3002 3001
f 2995 3003 3002
f 2995 3004 3003
f 2996 3005 3004
f 2998 3006 3005
f 3001 3008 3007
f 2998 3022 3006
f 3001 3021 3008
f 3001 3002 3021
f 3002 3003 3021
f 3003 3004 3021
f 3004 3005 3021
f 3005 3006 3021
f 2981 3011 3012
f 2981 3012 3013
f 3014 3010 2978
f 2981 3015 3014
f 2981 3013 3016
f 2981 3016 3015
f 2984 3019 3011
f 3014 3000 3009
f 3014 3009 3010
f 2998 3014 3022
f 3011 3020 3012
f 3012 3021 3013
f 3014 3015 3023
f 3015 3016 3023
f 3013 3021 3016
f 2985 3008 3017
f 3021 2986 3018
f 2992 3021 3019
f 3021 3017 3008
f 3006 3022 3021
f 3011 3019 3020
f 3012 3020 3021
f 3014 3023 3022
f 3016 3021 3024
f 3016 3024 3023
f 3021 3018 3017
f 3019 3021 3020
f 3021 3022 3023
f 3021 3023 3024
f 2967 2968 2976
f 2975 2999 2967
f 2976 2975 2967
f 3008 2976 2968
f 2968 3000 3008
f 3000 2999 3007
f 2999 2975 3007
f 3007 3008 3000
f 2977 2978 2986
f 3009 2977 2985
f 2977 2986 2985
f 2986 2978 3018
f 3018 2978 3010
f 3017 3010 3009
f 2985 3017 3009
f 3017 3018 3010

