# https://github.com/mikedh/trimesh
v -0.02910000 -0.00310520 -0.00574228
v -0.02935519 -0.00300772 -0.00590000
v -0.02925772 -0.00285000 -0.00564480
v -0.02910000 -0.00315000 -0.00590000
v -0.02925000 -0.00309271 -0.00580729
v -0.02940000 -0.00285000 -0.00590000
v -0.02919270 -0.00300000 -0.00565729
v -0.02934271 -0.00294271 -0.00575000
v -0.02910000 -0.00285000 -0.00560000
v -0.02910000 -0.00313858 -0.00581802
v -0.02917797 -0.00310880 -0.00576983
v -0.02931061 -0.00305813 -0.00585181
v -0.02917886 -0.00313532 -0.00585126
v -0.02925772 -0.00310520 -0.00590000
v -0.02938858 -0.00293198 -0.00590000
v -0.02914819 -0.00306061 -0.00569187
v -0.02923017 -0.00292797 -0.00564120
v -0.02922760 -0.00305646 -0.00572366
v -0.02935880 -0.00298017 -0.00582203
v -0.02930813 -0.00289819 -0.00568939
v -0.02930646 -0.00302634 -0.00577240
v -0.02938532 -0.00289874 -0.00582114
v -0.02927634 -0.00297760 -0.00569354
v -0.02935519 -0.00285000 -0.00574228
v -0.02910000 -0.00300772 -0.00564480
v -0.02918198 -0.00285000 -0.00561142
v -0.02914874 -0.00292886 -0.00561468
v -0.01380000 -0.00310520 -0.00574228
v -0.01354480 -0.00300772 -0.00590000
v -0.01364228 -0.00285000 -0.00564480
v -0.01380000 -0.00315000 -0.00590000
v -0.01365000 -0.00309271 -0.00580729
v -0.01350000 -0.00285000 -0.00590000
v -0.01370730 -0.00300000 -0.00565729
v -0.01355730 -0.00294271 -0.00575000
v -0.01380000 -0.00285000 -0.00560000
v -0.01380000 -0.00313858 -0.00581802
v -0.01372203 -0.00310880 -0.00576983
v -0.01358939 -0.00305813 -0.00585181
v -0.01372114 -0.00313532 -0.00585126
v -0.01364228 -0.00310520 -0.00590000
v -0.01351142 -0.00293198 -0.00590000
v -0.01375181 -0.00306061 -0.00569187
v -0.01366983 -0.00292797 -0.00564120
v -0.01367240 -0.00305646 -0.00572366
v -0.01380000 -0.00300772 -0.00564480
v -0.01354120 -0.00298017 -0.00582203
v -0.01359187 -0.00289819 -0.00568939
v -0.01359354 -0.00302634 -0.00577240
v -0.01351468 -0.00289874 -0.00582114
v -0.01362366 -0.00297760 -0.00569354
v -0.01354480 -0.00285000 -0.00574228
v -0.01371802 -0.00285000 -0.00561142
v -0.01375126 -0.00292886 -0.00561468
v -0.02910000 0.00310520 -0.00574228
v -0.02935519 0.00300772 -0.00590000
v -0.02925772 0.00285000 -0.00564480
v -0.02910000 0.00315000 -0.00590000
v -0.02925000 0.00309271 -0.00580729
v -0.02940000 0.00285000 -0.00590000
v -0.02919270 0.00300000 -0.00565729
v -0.02934271 0.00294271 -0.00575000
v -0.02910000 0.00285000 -0.00560000
v -0.02910000 0.00313858 -0.00581802
v -0.02917797 0.00310880 -0.00576983
v -0.02931061 0.00305813 -0.00585181
v -0.02917886 0.00313532 -0.00585126
v -0.02925772 0.00310520 -0.00590000
v -0.02938858 0.00293198 -0.00590000
v -0.02914819 0.00306061 -0.00569187
v -0.02923017 0.00292797 -0.00564120
v -0.02922760 0.00305646 -0.00572366
v -0.02935880 0.00298017 -0.00582203
v -0.02930813 0.00289819 -0.00568939
v -0.02930646 0.00302634 -0.00577240
v -0.02938532 0.00289874 -0.00582114
v -0.02927634 0.00297760 -0.00569354
v -0.02935519 0.00285000 -0.00574228
v -0.02910000 0.00300772 -0.00564480
v -0.02918198 0.00285000 -0.00561142
v -0.02914874 0.00292886 -0.00561468
v -0.01380000 0.00310520 -0.00574228
v -0.01354480 0.00300772 -0.00590000
v -0.01364228 0.00285000 -0.00564480
v -0.01380000 0.00315000 -0.00590000
v -0.01365000 0.00309271 -0.00580729
v -0.01350000 0.00285000 -0.00590000
v -0.01370730 0.00300000 -0.00565729
v -0.01355730 0.00294271 -0.00575000
v -0.01380000 0.00285000 -0.00560000
v -0.01380000 0.00313858 -0.00581802
v -0.01372203 0.00310880 -0.00576983
v -0.01358939 0.00305813 -0.00585181
v -0.01372114 0.00313532 -0.00585126
v -0.01364228 0.00310520 -0.00590000
v -0.01351142 0.00293198 -0.00590000
v -0.01375181 0.00306061 -0.00569187
v -0.01366983 0.00292797 -0.00564120
v -0.01367240 0.00305646 -0.00572366
v -0.01380000 0.00300772 -0.00564480
v -0.01354120 0.00298017 -0.00582203
v -0.01359187 0.00289819 -0.00568939
v -0.01359354 0.00302634 -0.00577240
v -0.01351468 0.00289874 -0.00582114
v -0.01362366 0.00297760 -0.00569354
v -0.01354480 0.00285000 -0.00574228
v -0.01371802 0.00285000 -0.00561142
v -0.01375126 0.00292886 -0.00561468
v -0.02910000 -0.00310520 -0.00695772
v -0.02935519 -0.00300772 -0.00680000
v -0.02925772 -0.00285000 -0.00705520
v -0.02910000 -0.00315000 -0.00680000
v -0.02925000 -0.00309271 -0.00689270
v -0.02940000 -0.00285000 -0.00680000
v -0.02919270 -0.00300000 -0.00704271
v -0.02934271 -0.00294271 -0.00695000
v -0.02910000 -0.00285000 -0.00710000
v -0.02910000 -0.00313858 -0.00688198
v -0.02917797 -0.00310880 -0.00693017
v -0.02931061 -0.00305813 -0.00684819
v -0.02917886 -0.00313532 -0.00684874
v -0.02925772 -0.00310520 -0.00680000
v -0.02938858 -0.00293198 -0.00680000
v -0.02914819 -0.00306061 -0.00700813
v -0.02923017 -0.00292797 -0.00705880
v -0.02922760 -0.00305646 -0.00697634
v -0.02935880 -0.00298017 -0.00687797
v -0.02930813 -0.00289819 -0.00701061
v -0.02930646 -0.00302634 -0.00692760
v -0.02938532 -0.00289874 -0.00687886
v -0.02927634 -0.00297760 -0.00700646
v -0.02935519 -0.00285000 -0.00695772
v -0.02910000 -0.00300772 -0.00705520
v -0.02918198 -0.00285000 -0.00708858
v -0.02914874 -0.00292886 -0.00708532
v -0.01380000 -0.00310520 -0.00695772
v -0.01354480 -0.00300772 -0.00680000
v -0.01364228 -0.00285000 -0.00705520
v -0.01380000 -0.00315000 -0.00680000
v -0.01365000 -0.00309271 -0.00689270
v -0.01350000 -0.00285000 -0.00680000
v -0.01370730 -0.00300000 -0.00704271
v -0.01355730 -0.00294271 -0.00695000
v -0.01380000 -0.00285000 -0.00710000
v -0.01380000 -0.00313858 -0.00688198
v -0.01372203 -0.00310880 -0.00693017
v -0.01358939 -0.00305813 -0.00684819
v -0.01372114 -0.00313532 -0.00684874
v -0.01364228 -0.00310520 -0.00680000
v -0.01351142 -0.00293198 -0.00680000
v -0.01375181 -0.00306061 -0.00700813
v -0.01366983 -0.00292797 -0.00705880
v -0.01367240 -0.00305646 -0.00697634
v -0.01380000 -0.00300772 -0.00705520
v -0.01354120 -0.00298017 -0.00687797
v -0.01359187 -0.00289819 -0.00701061
v -0.01359354 -0.00302634 -0.00692760
v -0.01351468 -0.00289874 -0.00687886
v -0.01362366 -0.00297760 -0.00700646
v -0.01354480 -0.00285000 -0.00695772
v -0.01371802 -0.00285000 -0.00708858
v -0.01375126 -0.00292886 -0.00708532
v -0.02910000 0.00310520 -0.00695772
v -0.02935519 0.00300772 -0.00680000
v -0.02925772 0.00285000 -0.00705520
v -0.02910000 0.00315000 -0.00680000
v -0.02925000 0.00309271 -0.00689270
v -0.02940000 0.00285000 -0.00680000
v -0.02919270 0.00300000 -0.00704271
v -0.02934271 0.00294271 -0.00695000
v -0.02910000 0.00285000 -0.00710000
v -0.02910000 0.00313858 -0.00688198
v -0.02917797 0.00310880 -0.00693017
v -0.02931061 0.00305813 -0.00684819
v -0.02917886 0.00313532 -0.00684874
v -0.02925772 0.00310520 -0.00680000
v -0.02938858 0.00293198 -0.00680000
v -0.02914819 0.00306061 -0.00700813
v -0.02923017 0.00292797 -0.00705880
v -0.02922760 0.00305646 -0.00697634
v -0.02935880 0.00298017 -0.00687797
v -0.02930813 0.00289819 -0.00701061
v -0.02930646 0.00302634 -0.00692760
v -0.02938532 0.00289874 -0.00687886
v -0.02927634 0.00297760 -0.00700646
v -0.02935519 0.00285000 -0.00695772
v -0.02910000 0.00300772 -0.00705520
v -0.02918198 0.00285000 -0.00708858
v -0.02914874 0.00292886 -0.00708532
v -0.01380000 0.00310520 -0.00695772
v -0.01354480 0.00300772 -0.00680000
v -0.01364228 0.00285000 -0.00705520
v -0.01380000 0.00315000 -0.00680000
v -0.01365000 0.00309271 -0.00689270
v -0.01350000 0.00285000 -0.00680000
v -0.01370730 0.00300000 -0.00704271
v -0.01355730 0.00294271 -0.00695000
v -0.01380000 0.00285000 -0.00710000
v -0.01380000 0.00313858 -0.00688198
v -0.01372203 0.00310880 -0.00693017
v -0.01358939 0.00305813 -0.00684819
v -0.01372114 0.00313532 -0.00684874
v -0.01364228 0.00310520 -0.00680000
v -0.01351142 0.00293198 -0.00680000
v -0.01375181 0.00306061 -0.00700813
v -0.01366983 0.00292797 -0.00705880
v -0.01367240 0.00305646 -0.00697634
v -0.01380000 0.00300772 -0.00705520
v -0.01354120 0.00298017 -0.00687797
v -0.01359187 0.00289819 -0.00701061
v -0.01359354 0.00302634 -0.00692760
v -0.01351468 0.00289874 -0.00687886
v -0.01362366 0.00297760 -0.00700646
v -0.01354480 0.00285000 -0.00695772
v -0.01371802 0.00285000 -0.00708858
v -0.01375126 0.00292886 -0.00708532
v -0.02910000 -0.00390520 0.00695772
v -0.02935519 -0.00380772 0.00680000
v -0.02925772 -0.00365000 0.00705520
v -0.02910000 -0.00395000 0.00680000
v -0.02925000 -0.00389271 0.00689270
v -0.02940000 -0.00365000 0.00680000
v -0.02919270 -0.00380000 0.00704271
v -0.02934271 -0.00374271 0.00695000
v -0.02910000 -0.00365000 0.00710000
v -0.02910000 -0.00393858 0.00688198
v -0.02917797 -0.00390880 0.00693017
v -0.02931061 -0.00385813 0.00684819
v -0.02917886 -0.00393532 0.00684874
v -0.02925772 -0.00390520 0.00680000
v -0.02938858 -0.00373198 0.00680000
v -0.02914819 -0.00386061 0.00700813
v -0.02923017 -0.00372797 0.00705880
v -0.02922760 -0.00385646 0.00697634
v -0.02935880 -0.00378017 0.00687797
v -0.02930813 -0.00369819 0.00701061
v -0.02930646 -0.00382634 0.00692760
v -0.02938532 -0.00369874 0.00687886
v -0.02927634 -0.00377760 0.00700646
v -0.02935519 -0.00365000 0.00695772
v -0.02910000 -0.00380772 0.00705520
v -0.02918198 -0.00365000 0.00708858
v -0.02914874 -0.00372886 0.00708532
v -0.01380000 -0.00390520 0.00695772
v -0.01354480 -0.00380772 0.00680000
v -0.01364228 -0.00365000 0.00705520
v -0.01380000 -0.00395000 0.00680000
v -0.01365000 -0.00389271 0.00689270
v -0.01350000 -0.00365000 0.00680000
v -0.01370730 -0.00380000 0.00704271
v -0.01355730 -0.00374271 0.00695000
v -0.01380000 -0.00365000 0.00710000
v -0.01380000 -0.00393858 0.00688198
v -0.01372203 -0.00390880 0.00693017
v -0.01358939 -0.00385813 0.00684819
v -0.01372114 -0.00393532 0.00684874
v -0.01364228 -0.00390520 0.00680000
v -0.01351142 -0.00373198 0.00680000
v -0.01375181 -0.00386061 0.00700813
v -0.01366983 -0.00372797 0.00705880
v -0.01367240 -0.00385646 0.00697634
v -0.01380000 -0.00380772 0.00705520
v -0.01354120 -0.00378017 0.00687797
v -0.01359187 -0.00369819 0.00701061
v -0.01359354 -0.00382634 0.00692760
v -0.01351468 -0.00369874 0.00687886
v -0.01362366 -0.00377760 0.00700646
v -0.01354480 -0.00365000 0.00695772
v -0.01371802 -0.00365000 0.00708858
v -0.01375126 -0.00372886 0.00708532
v -0.02910000 0.00390520 0.00695772
v -0.02935519 0.00380772 0.00680000
v -0.02925772 0.00365000 0.00705520
v -0.02910000 0.00395000 0.00680000
v -0.02925000 0.00389271 0.00689270
v -0.02940000 0.00365000 0.00680000
v -0.02919270 0.00380000 0.00704271
v -0.02934271 0.00374271 0.00695000
v -0.02910000 0.00365000 0.00710000
v -0.02910000 0.00393858 0.00688198
v -0.02917797 0.00390880 0.00693017
v -0.02931061 0.00385813 0.00684819
v -0.02917886 0.00393532 0.00684874
v -0.02925772 0.00390520 0.00680000
v -0.02938858 0.00373198 0.00680000
v -0.02914819 0.00386061 0.00700813
v -0.02923017 0.00372797 0.00705880
v -0.02922760 0.00385646 0.00697634
v -0.02935880 0.00378017 0.00687797
v -0.02930813 0.00369819 0.00701061
v -0.02930646 0.00382634 0.00692760
v -0.02938532 0.00369874 0.00687886
v -0.02927634 0.00377760 0.00700646
v -0.02935519 0.00365000 0.00695772
v -0.02910000 0.00380772 0.00705520
v -0.02918198 0.00365000 0.00708858
v -0.02914874 0.00372886 0.00708532
v -0.01380000 0.00390520 0.00695772
v -0.01354480 0.00380772 0.00680000
v -0.01364228 0.00365000 0.00705520
v -0.01380000 0.00395000 0.00680000
v -0.01365000 0.00389271 0.00689270
v -0.01350000 0.00365000 0.00680000
v -0.01370730 0.00380000 0.00704271
v -0.01355730 0.00374271 0.00695000
v -0.01380000 0.00365000 0.00710000
v -0.01380000 0.00393858 0.00688198
v -0.01372203 0.00390880 0.00693017
v -0.01358939 0.00385813 0.00684819
v -0.01372114 0.00393532 0.00684874
v -0.01364228 0.00390520 0.00680000
v -0.01351142 0.00373198 0.00680000
v -0.01375181 0.00386061 0.00700813
v -0.01366983 0.00372797 0.00705880
v -0.01367240 0.00385646 0.00697634
v -0.01380000 0.00380772 0.00705520
v -0.01354120 0.00378017 0.00687797
v -0.01359187 0.00369819 0.00701061
v -0.01359354 0.00382634 0.00692760
v -0.01351468 0.00369874 0.00687886
v -0.01362366 0.00377760 0.00700646
v -0.01354480 0.00365000 0.00695772
v -0.01371802 0.00365000 0.00708858
v -0.01375126 0.00372886 0.00708532
v -0.02910000 -0.00390520 0.00574228
v -0.02935519 -0.00380772 0.00590000
v -0.02925772 -0.00365000 0.00564480
v -0.02910000 -0.00395000 0.00590000
v -0.02925000 -0.00389271 0.00580729
v -0.02940000 -0.00365000 0.00590000
v -0.02919270 -0.00380000 0.00565729
v -0.02934271 -0.00374271 0.00575000
v -0.02910000 -0.00365000 0.00560000
v -0.02910000 -0.00393858 0.00581802
v -0.02917797 -0.00390880 0.00576983
v -0.02931061 -0.00385813 0.00585181
v -0.02917886 -0.00393532 0.00585126
v -0.02925772 -0.00390520 0.00590000
v -0.02938858 -0.00373198 0.00590000
v -0.02914819 -0.00386061 0.00569187
v -0.02923017 -0.00372797 0.00564120
v -0.02922760 -0.00385646 0.00572366
v -0.02935880 -0.00378017 0.00582203
v -0.02930813 -0.00369819 0.00568939
v -0.02930646 -0.00382634 0.00577240
v -0.02938532 -0.00369874 0.00582114
v -0.02927634 -0.00377760 0.00569354
v -0.02935519 -0.00365000 0.00574228
v -0.02910000 -0.00380772 0.00564480
v -0.02918198 -0.00365000 0.00561142
v -0.02914874 -0.00372886 0.00561468
v -0.01380000 -0.00390520 0.00574228
v -0.01354480 -0.00380772 0.00590000
v -0.01364228 -0.00365000 0.00564480
v -0.01380000 -0.00395000 0.00590000
v -0.01365000 -0.00389271 0.00580729
v -0.01350000 -0.00365000 0.00590000
v -0.01370730 -0.00380000 0.00565729
v -0.01355730 -0.00374271 0.00575000
v -0.01380000 -0.00365000 0.00560000
v -0.01380000 -0.00393858 0.00581802
v -0.01372203 -0.00390880 0.00576983
v -0.01358939 -0.00385813 0.00585181
v -0.01372114 -0.00393532 0.00585126
v -0.01364228 -0.00390520 0.00590000
v -0.01351142 -0.00373198 0.00590000
v -0.01375181 -0.00386061 0.00569187
v -0.01366983 -0.00372797 0.00564120
v -0.01367240 -0.00385646 0.00572366
v -0.01380000 -0.00380772 0.00564480
v -0.01354120 -0.00378017 0.00582203
v -0.01359187 -0.00369819 0.00568939
v -0.01359354 -0.00382634 0.00577240
v -0.01351468 -0.00369874 0.00582114
v -0.01362366 -0.00377760 0.00569354
v -0.01354480 -0.00365000 0.00574228
v -0.01371802 -0.00365000 0.00561142
v -0.01375126 -0.00372886 0.00561468
v -0.02910000 0.00390520 0.00574228
v -0.02935519 0.00380772 0.00590000
v -0.02925772 0.00365000 0.00564480
v -0.02910000 0.00395000 0.00590000
v -0.02925000 0.00389271 0.00580729
v -0.02940000 0.00365000 0.00590000
v -0.02919270 0.00380000 0.00565729
v -0.02934271 0.00374271 0.00575000
v -0.02910000 0.00365000 0.00560000
v -0.02910000 0.00393858 0.00581802
v -0.02917797 0.00390880 0.00576983
v -0.02931061 0.00385813 0.00585181
v -0.02917886 0.00393532 0.00585126
v -0.02925772 0.00390520 0.00590000
v -0.02938858 0.00373198 0.00590000
v -0.02914819 0.00386061 0.00569187
v -0.02923017 0.00372797 0.00564120
v -0.02922760 0.00385646 0.00572366
v -0.02935880 0.00378017 0.00582203
v -0.02930813 0.00369819 0.00568939
v -0.02930646 0.00382634 0.00577240
v -0.02938532 0.00369874 0.00582114
v -0.02927634 0.00377760 0.00569354
v -0.02935519 0.00365000 0.00574228
v -0.02910000 0.00380772 0.00564480
v -0.02918198 0.00365000 0.00561142
v -0.02914874 0.00372886 0.00561468
v -0.01380000 0.00390520 0.00574228
v -0.01354480 0.00380772 0.00590000
v -0.01364228 0.00365000 0.00564480
v -0.01380000 0.00395000 0.00590000
v -0.01365000 0.00389271 0.00580729
v -0.01350000 0.00365000 0.00590000
v -0.01370730 0.00380000 0.00565729
v -0.01355730 0.00374271 0.00575000
v -0.01380000 0.00365000 0.00560000
v -0.01380000 0.00393858 0.00581802
v -0.01372203 0.00390880 0.00576983
v -0.01358939 0.00385813 0.00585181
v -0.01372114 0.00393532 0.00585126
v -0.01364228 0.00390520 0.00590000
v -0.01351142 0.00373198 0.00590000
v -0.01375181 0.00386061 0.00569187
v -0.01366983 0.00372797 0.00564120
v -0.01367240 0.00385646 0.00572366
v -0.01380000 0.00380772 0.00564480
v -0.01354120 0.00378017 0.00582203
v -0.01359187 0.00369819 0.00568939
v -0.01359354 0.00382634 0.00577240
v -0.01351468 0.00369874 0.00582114
v -0.01362366 0.00377760 0.00569354
v -0.01354480 0.00365000 0.00574228
v -0.01371802 0.00365000 0.00561142
v -0.01375126 0.00372886 0.00561468
v -0.01015749 -0.01738782 0.01882709
v -0.01036693 -0.01772509 0.01843728
v -0.01104614 -0.01704838 0.01827788
v -0.01143665 -0.01612167 0.01834634
v -0.01103188 -0.01632203 0.01866617
v -0.01125239 -0.01659284 0.01832448
v -0.01037360 -0.01695711 0.01891398
v -0.01058584 -0.01650499 0.01896737
v -0.01077648 -0.01603626 0.01899604
v -0.01031576 -0.01621224 0.01928079
v -0.01061450 -0.01722728 0.01856734
v -0.01083430 -0.01678114 0.01862926
v -0.01044978 -0.01877604 0.01734363
v -0.01012579 -0.01918130 0.01714646
v -0.01102788 -0.01879614 0.01654838
v -0.01141617 -0.01878188 0.01582203
v -0.01107448 -0.01900239 0.01609284
v -0.01109634 -0.01918665 0.01562167
v -0.01025749 -0.01939508 0.01664991
v -0.01059301 -0.01900284 0.01685770
v -0.01071051 -0.01919975 0.01635224
v -0.01074019 -0.01939356 0.01588649
v -0.01036717 -0.01957284 0.01614005
v -0.01038318 -0.01975000 0.01566595
v -0.01182284 -0.01664004 0.01761718
v -0.01200000 -0.01616595 0.01763318
v -0.01200129 -0.01692878 0.01714998
v -0.01246848 -0.01617286 0.01686125
v -0.01216312 -0.01641312 0.01725000
v -0.01190803 -0.01765368 0.01660800
v -0.01221363 -0.01737884 0.01631219
v -0.01203078 -0.01806576 0.01571224
v -0.01253868 -0.01728722 0.01556924
v -0.01227623 -0.01758358 0.01587661
v -0.01198416 -0.01786285 0.01617307
v -0.01267986 -0.01662446 0.01602404
v -0.01274219 -0.01682963 0.01558862
v -0.01284082 -0.01614439 0.01603150
v -0.01291371 -0.01635881 0.01559858
v -0.01229913 -0.01664994 0.01685007
v -0.01240738 -0.01687527 0.01643530
v -0.01212111 -0.01715918 0.01673994
v -0.01258808 -0.01640362 0.01645134
v -0.01248736 -0.01708804 0.01600767
v -0.01125284 -0.01735770 0.01784301
v -0.01102604 -0.01784363 0.01769978
v -0.01118728 -0.01811693 0.01722509
v -0.01143130 -0.01764646 0.01737579
v -0.01157709 -0.01790749 0.01688782
v -0.01180555 -0.01742793 0.01702901
v -0.01057366 -0.01803455 0.01800235
v -0.01075235 -0.01832366 0.01753455
v -0.01028455 -0.01850235 0.01782366
v -0.01083469 -0.01754642 0.01814819
v -0.01089819 -0.01858469 0.01704642
v -0.01144975 -0.01685224 0.01796051
v -0.01164356 -0.01638649 0.01799019
v -0.01164508 -0.01714991 0.01750749
v -0.01166399 -0.01812360 0.01645711
v -0.01131734 -0.01836450 0.01672728
v -0.01137926 -0.01858430 0.01628114
v -0.01171737 -0.01833584 0.01600499
v -0.00929838 -0.01877788 0.01829614
v -0.00884284 -0.01882448 0.01850239
v -0.00857203 -0.01916617 0.01828188
v -0.00789532 -0.01884204 0.01884571
v -0.00781202 -0.01949850 0.01819205
v -0.00837167 -0.01884634 0.01868665
v -0.00810230 -0.01917788 0.01845624
v -0.00762435 -0.01916433 0.01860646
v -0.00734835 -0.01888989 0.01892220
v -0.00678474 -0.01892252 0.01895447
v -0.00734801 -0.01946309 0.01834397
v -0.00678449 -0.01949571 0.01837619
v -0.00706401 -0.01921278 0.01865435
v -0.00889994 -0.01735007 0.01954913
v -0.00962884 -0.01681219 0.01946363
v -0.00983358 -0.01637661 0.01952623
v -0.00953722 -0.01606924 0.01978868
v -0.00933804 -0.01650767 0.01973736
v -0.00860881 -0.01609858 0.02016371
v -0.00912527 -0.01693530 0.01965738
v -0.00865362 -0.01695134 0.01983808
v -0.00887446 -0.01652404 0.01992986
v -0.00907963 -0.01608862 0.01999219
v -0.00939991 -0.01800749 0.01889508
v -0.00967793 -0.01752901 0.01905555
v -0.01009363 -0.01819978 0.01827605
v -0.00960770 -0.01834301 0.01850284
v -0.00989646 -0.01787579 0.01868130
v -0.00889004 -0.01811717 0.01907284
v -0.00863649 -0.01849019 0.01889356
v -0.00917878 -0.01764999 0.01925129
v -0.00866312 -0.01775000 0.01941312
v -0.00910224 -0.01846051 0.01869975
v -0.00990368 -0.01710800 0.01915803
v -0.01011285 -0.01667307 0.01923416
v -0.00940918 -0.01723994 0.01937111
v -0.00813412 -0.01782844 0.01954003
v -0.00842286 -0.01736125 0.01971848
v -0.00788759 -0.01742983 0.01982974
v -0.00759504 -0.01788481 0.01963125
v -0.00678473 -0.01827120 0.01947266
v -0.00733829 -0.01747617 0.01990541
v -0.00678909 -0.01749949 0.01994332
v -0.00704921 -0.01791877 0.01968620
v -0.00812719 -0.01609906 0.02030235
v -0.00790832 -0.01652871 0.02021716
v -0.00763722 -0.01609006 0.02040740
v -0.00817074 -0.01695331 0.01998704
v -0.00762704 -0.01700895 0.02008387
v -0.00839439 -0.01653150 0.02009082
v -0.00707627 -0.01704725 0.02014088
v -0.00735960 -0.01657639 0.02029591
v -0.00707051 -0.01610863 0.02047458
v -0.00678911 -0.01658898 0.02034133
v -0.00841595 -0.01813318 0.01925001
v -0.00815960 -0.01849778 0.01906057
v -0.00761729 -0.01855819 0.01915288
v -0.00788092 -0.01820159 0.01936053
v -0.00733355 -0.01824798 0.01943519
v -0.00706799 -0.01859168 0.01921143
v -0.00906219 -0.01996363 0.01687884
v -0.00862661 -0.02002623 0.01708358
v -0.00979642 -0.01864819 0.01808469
v -0.00997509 -0.01893728 0.01761693
v -0.00947728 -0.01906734 0.01786450
v -0.00977901 -0.01955555 0.01692793
v -0.00963782 -0.01932709 0.01740749
v -0.00935800 -0.01965803 0.01715368
v -0.00920711 -0.01941399 0.01762360
v -0.00875499 -0.01946737 0.01783584
v -0.00846224 -0.01978078 0.01756576
v -0.00903114 -0.01912926 0.01808430
v -0.00892307 -0.01973416 0.01736285
v -0.00960007 -0.02004913 0.01614994
v -0.00961125 -0.02021848 0.01567286
v -0.00918530 -0.02015738 0.01637527
v -0.00875767 -0.02023736 0.01658804
v -0.00878150 -0.02059082 0.01564439
v -0.00920134 -0.02033808 0.01590362
v -0.00877404 -0.02042986 0.01612446
v -0.00989999 -0.01975129 0.01642878
v -0.00948994 -0.01987111 0.01665918
v -0.01000000 -0.01991312 0.01591312
v -0.00816060 -0.02006251 0.01727947
v -0.00770772 -0.02006569 0.01745394
v -0.00787211 -0.02031110 0.01697187
v -0.00724546 -0.02003977 0.01761301
v -0.00678448 -0.01998445 0.01775439
v -0.00741840 -0.02030450 0.01714109
v -0.00696030 -0.02026893 0.01729409
v -0.00696072 -0.02050049 0.01686756
v -0.00828626 -0.01949605 0.01802648
v -0.00799116 -0.01979855 0.01774876
v -0.00753189 -0.01978119 0.01791427
v -0.00706760 -0.01973690 0.01805949
v -0.00831924 -0.02028868 0.01678722
v -0.00833862 -0.02049219 0.01632963
v -0.00787489 -0.02052481 0.01653145
v -0.00834858 -0.02066371 0.01585881
v -0.00788871 -0.02070877 0.01606425
v -0.00789366 -0.02086103 0.01558085
v -0.00742159 -0.02072013 0.01625760
v -0.00696192 -0.02070343 0.01642205
v -0.00742224 -0.02052760 0.01670654
v -0.00742799 -0.02088475 0.01577951
v -0.00696230 -0.02087338 0.01596744
v -0.01020395 -0.01545772 0.01956568
v -0.01036301 -0.01499546 0.01953977
v -0.01050439 -0.01453448 0.01948445
v -0.01018012 -0.01425000 0.01970456
v -0.01109397 -0.01509801 0.01896309
v -0.01159571 -0.01564532 0.01834204
v -0.01120624 -0.01585230 0.01867788
v -0.01135646 -0.01537435 0.01866432
v -0.01140435 -0.01481401 0.01871278
v -0.01167220 -0.01509835 0.01838989
v -0.01066427 -0.01528189 0.01928119
v -0.01094205 -0.01556202 0.01899850
v -0.01049876 -0.01574116 0.01929854
v -0.01080949 -0.01481760 0.01923690
v -0.01112619 -0.01453449 0.01899571
v -0.01142035 -0.01425000 0.01872897
v -0.01170447 -0.01453474 0.01842252
v -0.01082373 -0.01425000 0.01925503
v -0.01190288 -0.01536729 0.01805819
v -0.01211053 -0.01563092 0.01770159
v -0.01196143 -0.01481799 0.01809168
v -0.01218519 -0.01508355 0.01774798
v -0.01229003 -0.01588412 0.01732844
v -0.01238125 -0.01534504 0.01738481
v -0.01257974 -0.01563759 0.01692983
v -0.01243620 -0.01479921 0.01741877
v -0.01265541 -0.01508829 0.01697617
v -0.01269332 -0.01453909 0.01699949
v -0.01197950 -0.01425000 0.01810604
v -0.01222266 -0.01453473 0.01777120
v -0.01245456 -0.01425000 0.01743012
v -0.01273705 -0.01592074 0.01645331
v -0.01283387 -0.01537704 0.01650895
v -0.01289088 -0.01482627 0.01654725
v -0.01315740 -0.01538722 0.01559006
v -0.01296716 -0.01565832 0.01602871
v -0.01305235 -0.01587719 0.01559906
v -0.01322458 -0.01482051 0.01560863
v -0.01304591 -0.01510960 0.01607639
v -0.01291264 -0.01425000 0.01655678
v -0.01309133 -0.01453911 0.01608898
v -0.01324703 -0.01425000 0.01561483
v -0.01181057 -0.01590960 0.01799778
v -0.00972187 -0.01562211 0.01981110
v -0.01002947 -0.01591060 0.01956251
v -0.00928145 -0.01562489 0.02002481
v -0.00989109 -0.01516840 0.01980451
v -0.01004409 -0.01471030 0.01976893
v -0.00945655 -0.01517224 0.02002760
v -0.00961755 -0.01471072 0.02000049
v -0.00881425 -0.01563871 0.02020877
v -0.00900760 -0.01517159 0.02022013
v -0.00917205 -0.01471192 0.02020343
v -0.00852951 -0.01517799 0.02038475
v -0.00871744 -0.01471230 0.02037339
v -0.00932349 -0.01425000 0.02015530
v -0.00975960 -0.01425000 0.01994476
v -0.00887386 -0.01425000 0.02033520
v -0.00833085 -0.01564366 0.02036103
v -0.00784246 -0.01563836 0.02047832
v -0.00804082 -0.01517955 0.02051475
v -0.00823128 -0.01471597 0.02051650
v -0.00775717 -0.01471623 0.02062038
v -0.00735911 -0.01564006 0.02055659
v -0.00678876 -0.01565257 0.02060196
v -0.00756084 -0.01518280 0.02060598
v -0.00727269 -0.01471697 0.02069153
v -0.00707570 -0.01518150 0.02066382
v -0.00678874 -0.01471719 0.02072842
v -0.00841287 -0.01425000 0.02048357
v -0.00794272 -0.01425000 0.02059971
v -0.00746567 -0.01425000 0.02068307
v -0.00698399 -0.01425000 0.02073325
v -0.01013481 -0.02013125 0.01484504
v -0.01049798 -0.01993519 0.01458355
v -0.01016877 -0.02018620 0.01429921
v -0.01109204 -0.01934571 0.01514532
v -0.01142788 -0.01895624 0.01535230
v -0.01174850 -0.01869206 0.01506202
v -0.01113989 -0.01942220 0.01459835
v -0.01141432 -0.01910646 0.01487435
v -0.01171309 -0.01884397 0.01459801
v -0.01146278 -0.01915435 0.01431401
v -0.01074778 -0.01956057 0.01540960
v -0.01045159 -0.01986052 0.01513092
v -0.01080819 -0.01965288 0.01486729
v -0.01084168 -0.01971143 0.01431799
v -0.01052120 -0.01997266 0.01403473
v -0.01018012 -0.02020456 0.01375000
v -0.01117252 -0.01945447 0.01403474
v -0.01174571 -0.01887619 0.01403449
v -0.01147897 -0.01917035 0.01375000
v -0.01085604 -0.01972950 0.01375000
v -0.01231569 -0.01795395 0.01495772
v -0.01204854 -0.01824876 0.01524116
v -0.01231251 -0.01777947 0.01541060
v -0.01256110 -0.01747187 0.01512211
v -0.01228977 -0.01811301 0.01449546
v -0.01203119 -0.01841427 0.01478189
v -0.01198690 -0.01855949 0.01431760
v -0.01255450 -0.01764109 0.01466840
v -0.01277481 -0.01703145 0.01512489
v -0.01311103 -0.01608085 0.01514366
v -0.01295877 -0.01656425 0.01513871
v -0.01277760 -0.01720655 0.01467224
v -0.01297013 -0.01675760 0.01467159
v -0.01313475 -0.01627951 0.01467799
v -0.01275049 -0.01736755 0.01421072
v -0.01269475 -0.01750960 0.01375000
v -0.01223445 -0.01825439 0.01403448
v -0.01245456 -0.01793012 0.01375000
v -0.01200503 -0.01857373 0.01375000
v -0.01251893 -0.01779409 0.01421030
v -0.01308520 -0.01662386 0.01375000
v -0.01295343 -0.01692205 0.01421192
v -0.01290530 -0.01707349 0.01375000
v -0.01312338 -0.01646744 0.01421230
v -0.01326650 -0.01598128 0.01421597
v -0.01323357 -0.01616286 0.01375000
v -0.01174605 -0.01852648 0.01553626
v -0.01007844 -0.02004003 0.01538412
v -0.00967983 -0.02032974 0.01513759
v -0.00929725 -0.02064088 0.01432627
v -0.00972617 -0.02040541 0.01458829
v -0.00877871 -0.02071716 0.01515832
v -0.00920331 -0.02048705 0.01542074
v -0.00882639 -0.02079591 0.01460960
v -0.00925895 -0.02058387 0.01487704
v -0.00930678 -0.02066264 0.01375000
v -0.00974949 -0.02044332 0.01403909
v -0.00883898 -0.02084133 0.01403911
v -0.00834906 -0.02080235 0.01537719
v -0.00788836 -0.02097832 0.01509246
v -0.00834006 -0.02090740 0.01488722
v -0.00835863 -0.02097458 0.01432051
v -0.00789006 -0.02105659 0.01460911
v -0.00742955 -0.02101475 0.01529082
v -0.00696597 -0.02101650 0.01548128
v -0.00696623 -0.02112038 0.01500717
v -0.00743279 -0.02110598 0.01481084
v -0.00743150 -0.02116382 0.01432570
v -0.00696697 -0.02119153 0.01452269
v -0.00836483 -0.02099703 0.01375000
v -0.00790257 -0.02110196 0.01403876
v -0.00743466 -0.02118732 0.01375000
v -0.00696719 -0.02122842 0.01403874
v -0.01322832 -0.01559246 0.01513836
v -0.01330659 -0.01510911 0.01514006
v -0.01326475 -0.01579082 0.01467955
v -0.01335598 -0.01531084 0.01468279
v -0.01341382 -0.01482570 0.01468150
v -0.01335196 -0.01453876 0.01515257
v -0.01343732 -0.01425000 0.01468466
v -0.01337038 -0.01550717 0.01421623
v -0.01334971 -0.01569272 0.01375000
v -0.01344153 -0.01502270 0.01421697
v -0.01343307 -0.01521567 0.01375000
v -0.01348325 -0.01473399 0.01375000
v -0.01347842 -0.01453874 0.01421719
v -0.01350000 -0.01425000 0.01375000
v -0.00650000 -0.01860604 0.01922950
v -0.00650000 -0.01922897 0.01867035
v -0.00650000 -0.01793012 0.01970456
v -0.00650000 -0.01705678 0.02016264
v -0.00650000 -0.01611483 0.02049703
v -0.00650000 -0.02020456 0.01743012
v -0.00650000 -0.02044475 0.01700960
v -0.00650000 -0.01975503 0.01807373
v -0.00650000 -0.02065530 0.01657349
v -0.00650000 -0.02083519 0.01612386
v -0.00650000 -0.02098357 0.01566287
v -0.00045000 -0.01669717 0.02030000
v -0.00045000 -0.01611483 0.02049703
v -0.00045000 -0.01658898 0.02034133
v -0.00045000 -0.02080000 0.01621182
v -0.00045000 -0.02083519 0.01612386
v -0.00045000 -0.02098357 0.01566287
v -0.00650000 -0.01518466 0.02068732
v -0.00650000 -0.01425000 0.02075000
v -0.00045000 -0.01565257 0.02060196
v -0.00045000 -0.01518466 0.02068732
v -0.00045000 -0.01471719 0.02072842
v -0.00045000 -0.01425000 0.02075000
v -0.00650000 -0.02109971 0.01519272
v -0.00650000 -0.02118307 0.01471567
v -0.00650000 -0.02123325 0.01423399
v -0.00650000 -0.02125000 0.01375000
v -0.00045000 -0.02109971 0.01519272
v -0.00045000 -0.02118307 0.01471567
v -0.00045000 -0.02123325 0.01423399
v -0.00045000 -0.02125000 0.01375000
v 0.00045000 -0.01669717 0.02030000
v 0.00045000 -0.01611483 0.02049703
v 0.00045000 -0.01658898 0.02034133
v 0.00045000 -0.02080000 0.01621182
v 0.00045000 -0.02083519 0.01612386
v 0.00045000 -0.02098357 0.01566287
v 0.00650000 -0.01860604 0.01922950
v 0.00650000 -0.01922897 0.01867035
v 0.00650000 -0.01793012 0.01970456
v 0.00650000 -0.01705678 0.02016264
v 0.00650000 -0.01611483 0.02049703
v 0.00650000 -0.02020456 0.01743012
v 0.00650000 -0.02044475 0.01700960
v 0.00650000 -0.01975503 0.01807373
v 0.00650000 -0.02065530 0.01657349
v 0.00650000 -0.02083519 0.01612386
v 0.00650000 -0.02098357 0.01566287
v 0.00045000 -0.01565257 0.02060196
v 0.00045000 -0.01518466 0.02068732
v 0.00045000 -0.01471719 0.02072842
v 0.00045000 -0.01425000 0.02075000
v 0.00650000 -0.01518466 0.02068732
v 0.00650000 -0.01425000 0.02075000
v 0.00045000 -0.02109971 0.01519272
v 0.00045000 -0.02118307 0.01471567
v 0.00045000 -0.02123325 0.01423399
v 0.00045000 -0.02125000 0.01375000
v 0.00650000 -0.02109971 0.01519272
v 0.00650000 -0.02118307 0.01471567
v 0.00650000 -0.02123325 0.01423399
v 0.00650000 -0.02125000 0.01375000
v 0.00678474 -0.01892252 0.01895447
v 0.00734835 -0.01888989 0.01892220
v 0.00678449 -0.01949571 0.01837619
v 0.00734801 -0.01946309 0.01834397
v 0.00706401 -0.01921278 0.01865435
v 0.00789532 -0.01884204 0.01884571
v 0.00781202 -0.01949850 0.01819205
v 0.00762435 -0.01916433 0.01860646
v 0.00837167 -0.01884634 0.01868665
v 0.00810230 -0.01917788 0.01845624
v 0.00884284 -0.01882448 0.01850239
v 0.00857203 -0.01916617 0.01828188
v 0.00929838 -0.01877788 0.01829614
v 0.00678473 -0.01827120 0.01947266
v 0.00678909 -0.01749949 0.01994332
v 0.00704921 -0.01791877 0.01968620
v 0.00733829 -0.01747617 0.01990541
v 0.00788759 -0.01742983 0.01982974
v 0.00759504 -0.01788481 0.01963125
v 0.00813412 -0.01782844 0.01954003
v 0.00842286 -0.01736125 0.01971848
v 0.00707627 -0.01704725 0.02014088
v 0.00707051 -0.01610863 0.02047458
v 0.00678911 -0.01658898 0.02034133
v 0.00735960 -0.01657639 0.02029591
v 0.00790832 -0.01652871 0.02021716
v 0.00763722 -0.01609006 0.02040740
v 0.00812719 -0.01609906 0.02030235
v 0.00762704 -0.01700895 0.02008387
v 0.00817074 -0.01695331 0.01998704
v 0.00839439 -0.01653150 0.02009082
v 0.00706799 -0.01859168 0.01921143
v 0.00733355 -0.01824798 0.01943519
v 0.00761729 -0.01855819 0.01915288
v 0.00788092 -0.01820159 0.01936053
v 0.00841595 -0.01813318 0.01925001
v 0.00815960 -0.01849778 0.01906057
v 0.00889994 -0.01735007 0.01954913
v 0.00860881 -0.01609858 0.02016371
v 0.00865362 -0.01695134 0.01983808
v 0.00912527 -0.01693530 0.01965738
v 0.00887446 -0.01652404 0.01992986
v 0.00907963 -0.01608862 0.01999219
v 0.00962884 -0.01681219 0.01946363
v 0.00953722 -0.01606924 0.01978868
v 0.00933804 -0.01650767 0.01973736
v 0.00983358 -0.01637661 0.01952623
v 0.00863649 -0.01849019 0.01889356
v 0.00889004 -0.01811717 0.01907284
v 0.00866312 -0.01775000 0.01941312
v 0.00917878 -0.01764999 0.01925129
v 0.00910224 -0.01846051 0.01869975
v 0.00939991 -0.01800749 0.01889508
v 0.00967793 -0.01752901 0.01905555
v 0.00960770 -0.01834301 0.01850284
v 0.01009363 -0.01819978 0.01827605
v 0.00989646 -0.01787579 0.01868130
v 0.00940918 -0.01723994 0.01937111
v 0.00990368 -0.01710800 0.01915803
v 0.01011285 -0.01667307 0.01923416
v 0.00678448 -0.01998445 0.01775439
v 0.00724546 -0.02003977 0.01761301
v 0.00696030 -0.02026893 0.01729409
v 0.00696072 -0.02050049 0.01686756
v 0.00741840 -0.02030450 0.01714109
v 0.00770772 -0.02006569 0.01745394
v 0.00787211 -0.02031110 0.01697187
v 0.00816060 -0.02006251 0.01727947
v 0.00706760 -0.01973690 0.01805949
v 0.00753189 -0.01978119 0.01791427
v 0.00799116 -0.01979855 0.01774876
v 0.00828626 -0.01949605 0.01802648
v 0.00696192 -0.02070343 0.01642205
v 0.00742159 -0.02072013 0.01625760
v 0.00742224 -0.02052760 0.01670654
v 0.00696230 -0.02087338 0.01596744
v 0.00742799 -0.02088475 0.01577951
v 0.00787489 -0.02052481 0.01653145
v 0.00831924 -0.02028868 0.01678722
v 0.00833862 -0.02049219 0.01632963
v 0.00788871 -0.02070877 0.01606425
v 0.00789366 -0.02086103 0.01558085
v 0.00834858 -0.02066371 0.01585881
v 0.00862661 -0.02002623 0.01708358
v 0.00906219 -0.01996363 0.01687884
v 0.00875499 -0.01946737 0.01783584
v 0.00846224 -0.01978078 0.01756576
v 0.00920711 -0.01941399 0.01762360
v 0.00903114 -0.01912926 0.01808430
v 0.00892307 -0.01973416 0.01736285
v 0.00947728 -0.01906734 0.01786450
v 0.00979642 -0.01864819 0.01808469
v 0.00997509 -0.01893728 0.01761693
v 0.00963782 -0.01932709 0.01740749
v 0.00935800 -0.01965803 0.01715368
v 0.00977901 -0.01955555 0.01692793
v 0.00875767 -0.02023736 0.01658804
v 0.00918530 -0.02015738 0.01637527
v 0.00878150 -0.02059082 0.01564439
v 0.00877404 -0.02042986 0.01612446
v 0.00920134 -0.02033808 0.01590362
v 0.00960007 -0.02004913 0.01614994
v 0.00961125 -0.02021848 0.01567286
v 0.00948994 -0.01987111 0.01665918
v 0.00989999 -0.01975129 0.01642878
v 0.01000000 -0.01991312 0.01591312
v 0.01015749 -0.01738782 0.01882709
v 0.01036693 -0.01772509 0.01843728
v 0.01037360 -0.01695711 0.01891398
v 0.01031576 -0.01621224 0.01928079
v 0.01058584 -0.01650499 0.01896737
v 0.01077648 -0.01603626 0.01899604
v 0.01061450 -0.01722728 0.01856734
v 0.01083430 -0.01678114 0.01862926
v 0.01104614 -0.01704838 0.01827788
v 0.01103188 -0.01632203 0.01866617
v 0.01125239 -0.01659284 0.01832448
v 0.01143665 -0.01612167 0.01834634
v 0.01044978 -0.01877604 0.01734363
v 0.01012579 -0.01918130 0.01714646
v 0.01025749 -0.01939508 0.01664991
v 0.01059301 -0.01900284 0.01685770
v 0.01071051 -0.01919975 0.01635224
v 0.01036717 -0.01957284 0.01614005
v 0.01038318 -0.01975000 0.01566595
v 0.01074019 -0.01939356 0.01588649
v 0.01102788 -0.01879614 0.01654838
v 0.01107448 -0.01900239 0.01609284
v 0.01109634 -0.01918665 0.01562167
v 0.01141617 -0.01878188 0.01582203
v 0.01028455 -0.01850235 0.01782366
v 0.01057366 -0.01803455 0.01800235
v 0.01075235 -0.01832366 0.01753455
v 0.01083469 -0.01754642 0.01814819
v 0.01089819 -0.01858469 0.01704642
v 0.01125284 -0.01735770 0.01784301
v 0.01102604 -0.01784363 0.01769978
v 0.01118728 -0.01811693 0.01722509
v 0.01143130 -0.01764646 0.01737579
v 0.01157709 -0.01790749 0.01688782
v 0.01180555 -0.01742793 0.01702901
v 0.01144975 -0.01685224 0.01796051
v 0.01164356 -0.01638649 0.01799019
v 0.01164508 -0.01714991 0.01750749
v 0.01131734 -0.01836450 0.01672728
v 0.01137926 -0.01858430 0.01628114
v 0.01166399 -0.01812360 0.01645711
v 0.01171737 -0.01833584 0.01600499
v 0.01182284 -0.01664004 0.01761718
v 0.01200000 -0.01616595 0.01763318
v 0.01200129 -0.01692878 0.01714998
v 0.01216312 -0.01641312 0.01725000
v 0.01246848 -0.01617286 0.01686125
v 0.01190803 -0.01765368 0.01660800
v 0.01221363 -0.01737884 0.01631219
v 0.01203078 -0.01806576 0.01571224
v 0.01198416 -0.01786285 0.01617307
v 0.01227623 -0.01758358 0.01587661
v 0.01253868 -0.01728722 0.01556924
v 0.01212111 -0.01715918 0.01673994
v 0.01229913 -0.01664994 0.01685007
v 0.01240738 -0.01687527 0.01643530
v 0.01258808 -0.01640362 0.01645134
v 0.01248736 -0.01708804 0.01600767
v 0.01267986 -0.01662446 0.01602404
v 0.01274219 -0.01682963 0.01558862
v 0.01284082 -0.01614439 0.01603150
v 0.01291371 -0.01635881 0.01559858
v 0.00678876 -0.01565257 0.02060196
v 0.00735911 -0.01564006 0.02055659
v 0.00707570 -0.01518150 0.02066382
v 0.00678874 -0.01471719 0.02072842
v 0.00756084 -0.01518280 0.02060598
v 0.00727269 -0.01471697 0.02069153
v 0.00784246 -0.01563836 0.02047832
v 0.00833085 -0.01564366 0.02036103
v 0.00775717 -0.01471623 0.02062038
v 0.00804082 -0.01517955 0.02051475
v 0.00823128 -0.01471597 0.02051650
v 0.00698399 -0.01425000 0.02073325
v 0.00746567 -0.01425000 0.02068307
v 0.00794272 -0.01425000 0.02059971
v 0.00841287 -0.01425000 0.02048357
v 0.00881425 -0.01563871 0.02020877
v 0.00852951 -0.01517799 0.02038475
v 0.00871744 -0.01471230 0.02037339
v 0.00900760 -0.01517159 0.02022013
v 0.00917205 -0.01471192 0.02020343
v 0.00928145 -0.01562489 0.02002481
v 0.00972187 -0.01562211 0.01981110
v 0.01002947 -0.01591060 0.01956251
v 0.00945655 -0.01517224 0.02002760
v 0.00961755 -0.01471072 0.02000049
v 0.00989109 -0.01516840 0.01980451
v 0.01004409 -0.01471030 0.01976893
v 0.00887386 -0.01425000 0.02033520
v 0.00932349 -0.01425000 0.02015530
v 0.00975960 -0.01425000 0.01994476
v 0.01020395 -0.01545772 0.01956568
v 0.01036301 -0.01499546 0.01953977
v 0.01050439 -0.01453448 0.01948445
v 0.01018012 -0.01425000 0.01970456
v 0.01049876 -0.01574116 0.01929854
v 0.01066427 -0.01528189 0.01928119
v 0.01094205 -0.01556202 0.01899850
v 0.01080949 -0.01481760 0.01923690
v 0.01109397 -0.01509801 0.01896309
v 0.01120624 -0.01585230 0.01867788
v 0.01135646 -0.01537435 0.01866432
v 0.01159571 -0.01564532 0.01834204
v 0.01140435 -0.01481401 0.01871278
v 0.01167220 -0.01509835 0.01838989
v 0.01082373 -0.01425000 0.01925503
v 0.01112619 -0.01453449 0.01899571
v 0.01142035 -0.01425000 0.01872897
v 0.01170447 -0.01453474 0.01842252
v 0.01181057 -0.01590960 0.01799778
v 0.01190288 -0.01536729 0.01805819
v 0.01211053 -0.01563092 0.01770159
v 0.01196143 -0.01481799 0.01809168
v 0.01218519 -0.01508355 0.01774798
v 0.01229003 -0.01588412 0.01732844
v 0.01238125 -0.01534504 0.01738481
v 0.01257974 -0.01563759 0.01692983
v 0.01243620 -0.01479921 0.01741877
v 0.01265541 -0.01508829 0.01697617
v 0.01197950 -0.01425000 0.01810604
v 0.01222266 -0.01453473 0.01777120
v 0.01245456 -0.01425000 0.01743012
v 0.01269332 -0.01453909 0.01699949
v 0.01273705 -0.01592074 0.01645331
v 0.01283387 -0.01537704 0.01650895
v 0.01289088 -0.01482627 0.01654725
v 0.01296716 -0.01565832 0.01602871
v 0.01305235 -0.01587719 0.01559906
v 0.01315740 -0.01538722 0.01559006
v 0.01304591 -0.01510960 0.01607639
v 0.01322458 -0.01482051 0.01560863
v 0.01291264 -0.01425000 0.01655678
v 0.01309133 -0.01453911 0.01608898
v 0.01324703 -0.01425000 0.01561483
v 0.00696597 -0.02101650 0.01548128
v 0.00696623 -0.02112038 0.01500717
v 0.00742955 -0.02101475 0.01529082
v 0.00696697 -0.02119153 0.01452269
v 0.00743279 -0.02110598 0.01481084
v 0.00743150 -0.02116382 0.01432570
v 0.00788836 -0.02097832 0.01509246
v 0.00834906 -0.02080235 0.01537719
v 0.00789006 -0.02105659 0.01460911
v 0.00834006 -0.02090740 0.01488722
v 0.00835863 -0.02097458 0.01432051
v 0.00696719 -0.02122842 0.01403874
v 0.00743466 -0.02118732 0.01375000
v 0.00790257 -0.02110196 0.01403876
v 0.00836483 -0.02099703 0.01375000
v 0.00877871 -0.02071716 0.01515832
v 0.00920331 -0.02048705 0.01542074
v 0.00882639 -0.02079591 0.01460960
v 0.00925895 -0.02058387 0.01487704
v 0.00967983 -0.02032974 0.01513759
v 0.01007844 -0.02004003 0.01538412
v 0.00929725 -0.02064088 0.01432627
v 0.00972617 -0.02040541 0.01458829
v 0.00883898 -0.02084133 0.01403911
v 0.00930678 -0.02066264 0.01375000
v 0.00974949 -0.02044332 0.01403909
v 0.01013481 -0.02013125 0.01484504
v 0.01016877 -0.02018620 0.01429921
v 0.01049798 -0.01993519 0.01458355
v 0.01045159 -0.01986052 0.01513092
v 0.01074778 -0.01956057 0.01540960
v 0.01080819 -0.01965288 0.01486729
v 0.01084168 -0.01971143 0.01431799
v 0.01109204 -0.01934571 0.01514532
v 0.01142788 -0.01895624 0.01535230
v 0.01174850 -0.01869206 0.01506202
v 0.01113989 -0.01942220 0.01459835
v 0.01141432 -0.01910646 0.01487435
v 0.01171309 -0.01884397 0.01459801
v 0.01146278 -0.01915435 0.01431401
v 0.01052120 -0.01997266 0.01403473
v 0.01018012 -0.02020456 0.01375000
v 0.01085604 -0.01972950 0.01375000
v 0.01117252 -0.01945447 0.01403474
v 0.01174571 -0.01887619 0.01403449
v 0.01147897 -0.01917035 0.01375000
v 0.01174605 -0.01852648 0.01553626
v 0.01204854 -0.01824876 0.01524116
v 0.01231569 -0.01795395 0.01495772
v 0.01231251 -0.01777947 0.01541060
v 0.01256110 -0.01747187 0.01512211
v 0.01203119 -0.01841427 0.01478189
v 0.01198690 -0.01855949 0.01431760
v 0.01228977 -0.01811301 0.01449546
v 0.01255450 -0.01764109 0.01466840
v 0.01277481 -0.01703145 0.01512489
v 0.01295877 -0.01656425 0.01513871
v 0.01311103 -0.01608085 0.01514366
v 0.01277760 -0.01720655 0.01467224
v 0.01297013 -0.01675760 0.01467159
v 0.01313475 -0.01627951 0.01467799
v 0.01200503 -0.01857373 0.01375000
v 0.01223445 -0.01825439 0.01403448
v 0.01245456 -0.01793012 0.01375000
v 0.01251893 -0.01779409 0.01421030
v 0.01275049 -0.01736755 0.01421072
v 0.01269475 -0.01750960 0.01375000
v 0.01295343 -0.01692205 0.01421192
v 0.01290530 -0.01707349 0.01375000
v 0.01308520 -0.01662386 0.01375000
v 0.01312338 -0.01646744 0.01421230
v 0.01326650 -0.01598128 0.01421597
v 0.01323357 -0.01616286 0.01375000
v 0.01322832 -0.01559246 0.01513836
v 0.01330659 -0.01510911 0.01514006
v 0.01326475 -0.01579082 0.01467955
v 0.01335598 -0.01531084 0.01468279
v 0.01341382 -0.01482570 0.01468150
v 0.01335196 -0.01453876 0.01515257
v 0.01343732 -0.01425000 0.01468466
v 0.01337038 -0.01550717 0.01421623
v 0.01334971 -0.01569272 0.01375000
v 0.01344153 -0.01502270 0.01421697
v 0.01343307 -0.01521567 0.01375000
v 0.01348325 -0.01473399 0.01375000
v 0.01347842 -0.01453874 0.01421719
v 0.01350000 -0.01425000 0.01375000
v 0.00926008 -0.00073000 0.00395992
v 0.00912272 -0.00046588 0.00401894
v 0.00902170 -0.00018000 0.00400572
v 0.00960000 -0.00075830 0.00400572
v 0.00942129 -0.00046915 0.00411616
v 0.00929941 -0.00018000 0.00412813
v 0.00960000 -0.00018000 0.00417000
v 0.00884299 -0.00082656 0.00353786
v 0.00882775 -0.00094316 0.00324668
v 0.00913214 -0.00093701 0.00371656
v 0.00905000 -0.00106992 0.00340992
v 0.00883684 -0.00035668 0.00384225
v 0.00871008 -0.00051992 0.00362000
v 0.00866428 -0.00018000 0.00364830
v 0.00855384 -0.00035871 0.00335915
v 0.00865106 -0.00065728 0.00335588
v 0.00895344 -0.00064786 0.00382701
v 0.00866428 -0.00075830 0.00307000
v 0.00902170 -0.00111572 0.00307000
v 0.00854187 -0.00048059 0.00307000
v 0.00850000 -0.00018000 0.00307000
v 0.00960000 -0.00111572 0.00364830
v 0.00942332 -0.00095225 0.00383316
v 0.00931412 -0.00112894 0.00354728
v 0.00931085 -0.00122616 0.00324871
v 0.00960000 -0.00123813 0.00337059
v 0.00960000 -0.00128000 0.00307000
v 0.01350000 -0.00086807 0.00390805
v 0.01340000 -0.00075830 0.00400572
v 0.01350000 -0.00074998 0.00399224
v 0.01350000 -0.00059650 0.00406752
v 0.01350000 -0.00034180 0.00413987
v 0.01350000 -0.00046915 0.00411616
v 0.01340000 -0.00018000 0.00417000
v 0.01350000 -0.00018000 0.00415607
v 0.01350000 -0.00102320 0.00375293
v 0.01340000 -0.00111572 0.00364830
v 0.01350000 -0.00112034 0.00361297
v 0.01350000 -0.00095225 0.00383316
v 0.01350000 -0.00119994 0.00343240
v 0.01340000 -0.00123813 0.00337059
v 0.01350000 -0.00123399 0.00332844
v 0.01350000 -0.00126138 0.00313180
v 0.01340000 -0.00128000 0.00307000
v -0.01018012 0.01425000 0.01970456
v -0.01050439 0.01453448 0.01948445
v -0.01036301 0.01499546 0.01953977
v -0.01020395 0.01545772 0.01956568
v -0.01112619 0.01453449 0.01899571
v -0.01142035 0.01425000 0.01872897
v -0.01170447 0.01453474 0.01842252
v -0.01082373 0.01425000 0.01925503
v -0.01109397 0.01509801 0.01896309
v -0.01140435 0.01481401 0.01871278
v -0.01167220 0.01509835 0.01838989
v -0.01159571 0.01564532 0.01834204
v -0.01135646 0.01537435 0.01866432
v -0.01120624 0.01585230 0.01867788
v -0.01080949 0.01481760 0.01923690
v -0.01066427 0.01528189 0.01928119
v -0.01094205 0.01556202 0.01899850
v -0.01049876 0.01574116 0.01929854
v -0.01269332 0.01453909 0.01699949
v -0.01197950 0.01425000 0.01810604
v -0.01222266 0.01453473 0.01777120
v -0.01245456 0.01425000 0.01743012
v -0.01196143 0.01481799 0.01809168
v -0.01218519 0.01508355 0.01774798
v -0.01190288 0.01536729 0.01805819
v -0.01211053 0.01563092 0.01770159
v -0.01243620 0.01479921 0.01741877
v -0.01265541 0.01508829 0.01697617
v -0.01238125 0.01534504 0.01738481
v -0.01229003 0.01588412 0.01732844
v -0.01257974 0.01563759 0.01692983
v -0.01291264 0.01425000 0.01655678
v -0.01309133 0.01453911 0.01608898
v -0.01324703 0.01425000 0.01561483
v -0.01289088 0.01482627 0.01654725
v -0.01283387 0.01537704 0.01650895
v -0.01273705 0.01592074 0.01645331
v -0.01322458 0.01482051 0.01560863
v -0.01304591 0.01510960 0.01607639
v -0.01315740 0.01538722 0.01559006
v -0.01296716 0.01565832 0.01602871
v -0.01305235 0.01587719 0.01559906
v -0.01181057 0.01590960 0.01799778
v -0.00932349 0.01425000 0.02015530
v -0.00975960 0.01425000 0.01994476
v -0.00887386 0.01425000 0.02033520
v -0.00989109 0.01516840 0.01980451
v -0.01004409 0.01471030 0.01976893
v -0.00961755 0.01471072 0.02000049
v -0.00945655 0.01517224 0.02002760
v -0.00972187 0.01562211 0.01981110
v -0.01002947 0.01591060 0.01956251
v -0.00928145 0.01562489 0.02002481
v -0.00917205 0.01471192 0.02020343
v -0.00900760 0.01517159 0.02022013
v -0.00871744 0.01471230 0.02037339
v -0.00852951 0.01517799 0.02038475
v -0.00881425 0.01563871 0.02020877
v -0.00841287 0.01425000 0.02048357
v -0.00794272 0.01425000 0.02059971
v -0.00746567 0.01425000 0.02068307
v -0.00698399 0.01425000 0.02073325
v -0.00823128 0.01471597 0.02051650
v -0.00804082 0.01517955 0.02051475
v -0.00775717 0.01471623 0.02062038
v -0.00833085 0.01564366 0.02036103
v -0.00784246 0.01563836 0.02047832
v -0.00727269 0.01471697 0.02069153
v -0.00756084 0.01518280 0.02060598
v -0.00678874 0.01471719 0.02072842
v -0.00707570 0.01518150 0.02066382
v -0.00735911 0.01564006 0.02055659
v -0.00678876 0.01565257 0.02060196
v -0.01143665 0.01612167 0.01834634
v -0.01103188 0.01632203 0.01866617
v -0.01125239 0.01659284 0.01832448
v -0.01104614 0.01704838 0.01827788
v -0.01077648 0.01603626 0.01899604
v -0.01058584 0.01650499 0.01896737
v -0.01031576 0.01621224 0.01928079
v -0.01037360 0.01695711 0.01891398
v -0.01083430 0.01678114 0.01862926
v -0.01061450 0.01722728 0.01856734
v -0.01015749 0.01738782 0.01882709
v -0.01036693 0.01772509 0.01843728
v -0.01200000 0.01616595 0.01763318
v -0.01182284 0.01664004 0.01761718
v -0.01246848 0.01617286 0.01686125
v -0.01216312 0.01641312 0.01725000
v -0.01200129 0.01692878 0.01714998
v -0.01284082 0.01614439 0.01603150
v -0.01291371 0.01635881 0.01559858
v -0.01267986 0.01662446 0.01602404
v -0.01274219 0.01682963 0.01558862
v -0.01258808 0.01640362 0.01645134
v -0.01229913 0.01664994 0.01685007
v -0.01240738 0.01687527 0.01643530
v -0.01212111 0.01715918 0.01673994
v -0.01248736 0.01708804 0.01600767
v -0.01190803 0.01765368 0.01660800
v -0.01221363 0.01737884 0.01631219
v -0.01253868 0.01728722 0.01556924
v -0.01227623 0.01758358 0.01587661
v -0.01198416 0.01786285 0.01617307
v -0.01203078 0.01806576 0.01571224
v -0.01164356 0.01638649 0.01799019
v -0.01144975 0.01685224 0.01796051
v -0.01164508 0.01714991 0.01750749
v -0.01125284 0.01735770 0.01784301
v -0.01102604 0.01784363 0.01769978
v -0.01143130 0.01764646 0.01737579
v -0.01180555 0.01742793 0.01702901
v -0.01157709 0.01790749 0.01688782
v -0.01118728 0.01811693 0.01722509
v -0.01083469 0.01754642 0.01814819
v -0.01057366 0.01803455 0.01800235
v -0.01075235 0.01832366 0.01753455
v -0.01028455 0.01850235 0.01782366
v -0.01089819 0.01858469 0.01704642
v -0.01166399 0.01812360 0.01645711
v -0.01131734 0.01836450 0.01672728
v -0.01137926 0.01858430 0.01628114
v -0.01171737 0.01833584 0.01600499
v -0.01044978 0.01877604 0.01734363
v -0.01012579 0.01918130 0.01714646
v -0.01102788 0.01879614 0.01654838
v -0.01141617 0.01878188 0.01582203
v -0.01107448 0.01900239 0.01609284
v -0.01109634 0.01918665 0.01562167
v -0.01059301 0.01900284 0.01685770
v -0.01071051 0.01919975 0.01635224
v -0.01025749 0.01939508 0.01664991
v -0.01074019 0.01939356 0.01588649
v -0.01036717 0.01957284 0.01614005
v -0.01038318 0.01975000 0.01566595
v -0.00983358 0.01637661 0.01952623
v -0.00953722 0.01606924 0.01978868
v -0.00933804 0.01650767 0.01973736
v -0.00962884 0.01681219 0.01946363
v -0.00860881 0.01609858 0.02016371
v -0.00907963 0.01608862 0.01999219
v -0.00887446 0.01652404 0.01992986
v -0.00912527 0.01693530 0.01965738
v -0.00865362 0.01695134 0.01983808
v -0.00889994 0.01735007 0.01954913
v -0.01011285 0.01667307 0.01923416
v -0.00990368 0.01710800 0.01915803
v -0.00940918 0.01723994 0.01937111
v -0.00967793 0.01752901 0.01905555
v -0.00939991 0.01800749 0.01889508
v -0.00989646 0.01787579 0.01868130
v -0.01009363 0.01819978 0.01827605
v -0.00960770 0.01834301 0.01850284
v -0.00917878 0.01764999 0.01925129
v -0.00866312 0.01775000 0.01941312
v -0.00889004 0.01811717 0.01907284
v -0.00863649 0.01849019 0.01889356
v -0.00910224 0.01846051 0.01869975
v -0.00812719 0.01609906 0.02030235
v -0.00763722 0.01609006 0.02040740
v -0.00790832 0.01652871 0.02021716
v -0.00839439 0.01653150 0.02009082
v -0.00817074 0.01695331 0.01998704
v -0.00762704 0.01700895 0.02008387
v -0.00735960 0.01657639 0.02029591
v -0.00707051 0.01610863 0.02047458
v -0.00678911 0.01658898 0.02034133
v -0.00707627 0.01704725 0.02014088
v -0.00842286 0.01736125 0.01971848
v -0.00813412 0.01782844 0.01954003
v -0.00788759 0.01742983 0.01982974
v -0.00759504 0.01788481 0.01963125
v -0.00733829 0.01747617 0.01990541
v -0.00678909 0.01749949 0.01994332
v -0.00704921 0.01791877 0.01968620
v -0.00678473 0.01827120 0.01947266
v -0.00841595 0.01813318 0.01925001
v -0.00815960 0.01849778 0.01906057
v -0.00788092 0.01820159 0.01936053
v -0.00761729 0.01855819 0.01915288
v -0.00733355 0.01824798 0.01943519
v -0.00706799 0.01859168 0.01921143
v -0.00929838 0.01877788 0.01829614
v -0.00884284 0.01882448 0.01850239
v -0.00857203 0.01916617 0.01828188
v -0.00789532 0.01884204 0.01884571
v -0.00837167 0.01884634 0.01868665
v -0.00810230 0.01917788 0.01845624
v -0.00762435 0.01916433 0.01860646
v -0.00781202 0.01949850 0.01819205
v -0.00734835 0.01888989 0.01892220
v -0.00678474 0.01892252 0.01895447
v -0.00706401 0.01921278 0.01865435
v -0.00734801 0.01946309 0.01834397
v -0.00678449 0.01949571 0.01837619
v -0.00979642 0.01864819 0.01808469
v -0.00997509 0.01893728 0.01761693
v -0.00947728 0.01906734 0.01786450
v -0.00977901 0.01955555 0.01692793
v -0.00963782 0.01932709 0.01740749
v -0.00935800 0.01965803 0.01715368
v -0.00903114 0.01912926 0.01808430
v -0.00920711 0.01941399 0.01762360
v -0.00875499 0.01946737 0.01783584
v -0.00846224 0.01978078 0.01756576
v -0.00892307 0.01973416 0.01736285
v -0.00906219 0.01996363 0.01687884
v -0.00862661 0.02002623 0.01708358
v -0.00989999 0.01975129 0.01642878
v -0.00948994 0.01987111 0.01665918
v -0.01000000 0.01991312 0.01591312
v -0.00960007 0.02004913 0.01614994
v -0.00961125 0.02021848 0.01567286
v -0.00918530 0.02015738 0.01637527
v -0.00875767 0.02023736 0.01658804
v -0.00920134 0.02033808 0.01590362
v -0.00877404 0.02042986 0.01612446
v -0.00878150 0.02059082 0.01564439
v -0.00828626 0.01949605 0.01802648
v -0.00799116 0.01979855 0.01774876
v -0.00753189 0.01978119 0.01791427
v -0.00706760 0.01973690 0.01805949
v -0.00816060 0.02006251 0.01727947
v -0.00770772 0.02006569 0.01745394
v -0.00787211 0.02031110 0.01697187
v -0.00724546 0.02003977 0.01761301
v -0.00678448 0.01998445 0.01775439
v -0.00741840 0.02030450 0.01714109
v -0.00696030 0.02026893 0.01729409
v -0.00696072 0.02050049 0.01686756
v -0.00831924 0.02028868 0.01678722
v -0.00833862 0.02049219 0.01632963
v -0.00787489 0.02052481 0.01653145
v -0.00834858 0.02066371 0.01585881
v -0.00788871 0.02070877 0.01606425
v -0.00789366 0.02086103 0.01558085
v -0.00742224 0.02052760 0.01670654
v -0.00742159 0.02072013 0.01625760
v -0.00696192 0.02070343 0.01642205
v -0.00742799 0.02088475 0.01577951
v -0.00696230 0.02087338 0.01596744
v -0.01335196 0.01453876 0.01515257
v -0.01343732 0.01425000 0.01468466
v -0.01330659 0.01510911 0.01514006
v -0.01322832 0.01559246 0.01513836
v -0.01341382 0.01482570 0.01468150
v -0.01335598 0.01531084 0.01468279
v -0.01326475 0.01579082 0.01467955
v -0.01347842 0.01453874 0.01421719
v -0.01350000 0.01425000 0.01375000
v -0.01344153 0.01502270 0.01421697
v -0.01348325 0.01473399 0.01375000
v -0.01343307 0.01521567 0.01375000
v -0.01337038 0.01550717 0.01421623
v -0.01334971 0.01569272 0.01375000
v -0.01311103 0.01608085 0.01514366
v -0.01295877 0.01656425 0.01513871
v -0.01277481 0.01703145 0.01512489
v -0.01313475 0.01627951 0.01467799
v -0.01297013 0.01675760 0.01467159
v -0.01277760 0.01720655 0.01467224
v -0.01231251 0.01777947 0.01541060
v -0.01256110 0.01747187 0.01512211
v -0.01231569 0.01795395 0.01495772
v -0.01204854 0.01824876 0.01524116
v -0.01255450 0.01764109 0.01466840
v -0.01228977 0.01811301 0.01449546
v -0.01203119 0.01841427 0.01478189
v -0.01198690 0.01855949 0.01431760
v -0.01326650 0.01598128 0.01421597
v -0.01312338 0.01646744 0.01421230
v -0.01323357 0.01616286 0.01375000
v -0.01308520 0.01662386 0.01375000
v -0.01295343 0.01692205 0.01421192
v -0.01290530 0.01707349 0.01375000
v -0.01275049 0.01736755 0.01421072
v -0.01269475 0.01750960 0.01375000
v -0.01251893 0.01779409 0.01421030
v -0.01223445 0.01825439 0.01403448
v -0.01245456 0.01793012 0.01375000
v -0.01200503 0.01857373 0.01375000
v -0.01174605 0.01852648 0.01553626
v -0.01142788 0.01895624 0.01535230
v -0.01174850 0.01869206 0.01506202
v -0.01109204 0.01934571 0.01514532
v -0.01171309 0.01884397 0.01459801
v -0.01141432 0.01910646 0.01487435
v -0.01146278 0.01915435 0.01431401
v -0.01113989 0.01942220 0.01459835
v -0.01074778 0.01956057 0.01540960
v -0.01045159 0.01986052 0.01513092
v -0.01080819 0.01965288 0.01486729
v -0.01084168 0.01971143 0.01431799
v -0.01013481 0.02013125 0.01484504
v -0.01049798 0.01993519 0.01458355
v -0.01016877 0.02018620 0.01429921
v -0.01174571 0.01887619 0.01403449
v -0.01147897 0.01917035 0.01375000
v -0.01117252 0.01945447 0.01403474
v -0.01085604 0.01972950 0.01375000
v -0.01052120 0.01997266 0.01403473
v -0.01018012 0.02020456 0.01375000
v -0.01007844 0.02004003 0.01538412
v -0.00967983 0.02032974 0.01513759
v -0.00972617 0.02040541 0.01458829
v -0.00929725 0.02064088 0.01432627
v -0.00920331 0.02048705 0.01542074
v -0.00877871 0.02071716 0.01515832
v -0.00925895 0.02058387 0.01487704
v -0.00882639 0.02079591 0.01460960
v -0.00974949 0.02044332 0.01403909
v -0.00930678 0.02066264 0.01375000
v -0.00883898 0.02084133 0.01403911
v -0.00834906 0.02080235 0.01537719
v -0.00788836 0.02097832 0.01509246
v -0.00834006 0.02090740 0.01488722
v -0.00835863 0.02097458 0.01432051
v -0.00789006 0.02105659 0.01460911
v -0.00742955 0.02101475 0.01529082
v -0.00696597 0.02101650 0.01548128
v -0.00696623 0.02112038 0.01500717
v -0.00743279 0.02110598 0.01481084
v -0.00743150 0.02116382 0.01432570
v -0.00696697 0.02119153 0.01452269
v -0.00836483 0.02099703 0.01375000
v -0.00790257 0.02110196 0.01403876
v -0.00743466 0.02118732 0.01375000
v -0.00696719 0.02122842 0.01403874
v -0.00650000 0.01425000 0.02075000
v -0.00650000 0.01518466 0.02068732
v -0.00045000 0.01425000 0.02075000
v -0.00045000 0.01471719 0.02072842
v -0.00045000 0.01518466 0.02068732
v -0.00045000 0.01565257 0.02060196
v -0.00650000 0.01611483 0.02049703
v -0.00650000 0.01705678 0.02016264
v -0.00650000 0.01793012 0.01970456
v -0.00650000 0.01860604 0.01922950
v -0.00650000 0.01922897 0.01867035
v -0.00650000 0.01975503 0.01807373
v -0.00650000 0.02020456 0.01743012
v -0.00650000 0.02044475 0.01700960
v -0.00650000 0.02065530 0.01657349
v -0.00650000 0.02083519 0.01612386
v -0.00650000 0.02098357 0.01566287
v -0.00045000 0.01611483 0.02049703
v -0.00045000 0.01658898 0.02034133
v -0.00045000 0.01669717 0.02030000
v -0.00045000 0.02080000 0.01621182
v -0.00045000 0.02083519 0.01612386
v -0.00045000 0.02098357 0.01566287
v -0.00650000 0.02109971 0.01519272
v -0.00650000 0.02118307 0.01471567
v -0.00650000 0.02123325 0.01423399
v -0.00650000 0.02125000 0.01375000
v -0.00045000 0.02109971 0.01519272
v -0.00045000 0.02118307 0.01471567
v -0.00045000 0.02123325 0.01423399
v -0.00045000 0.02125000 0.01375000
v 0.00045000 0.01425000 0.02075000
v 0.00045000 0.01471719 0.02072842
v 0.00045000 0.01518466 0.02068732
v 0.00045000 0.01565257 0.02060196
v 0.00650000 0.01425000 0.02075000
v 0.00650000 0.01518466 0.02068732
v 0.00045000 0.01611483 0.02049703
v 0.00045000 0.01658898 0.02034133
v 0.00045000 0.01669717 0.02030000
v 0.00045000 0.02080000 0.01621182
v 0.00045000 0.02083519 0.01612386
v 0.00045000 0.02098357 0.01566287
v 0.00650000 0.01611483 0.02049703
v 0.00650000 0.01705678 0.02016264
v 0.00650000 0.01793012 0.01970456
v 0.00650000 0.01860604 0.01922950
v 0.00650000 0.01922897 0.01867035
v 0.00650000 0.01975503 0.01807373
v 0.00650000 0.02020456 0.01743012
v 0.00650000 0.02044475 0.01700960
v 0.00650000 0.02065530 0.01657349
v 0.00650000 0.02083519 0.01612386
v 0.00650000 0.02098357 0.01566287
v 0.00045000 0.02109971 0.01519272
v 0.00045000 0.02118307 0.01471567
v 0.00045000 0.02123325 0.01423399
v 0.00045000 0.02125000 0.01375000
v 0.00650000 0.02109971 0.01519272
v 0.00650000 0.02118307 0.01471567
v 0.00650000 0.02123325 0.01423399
v 0.00650000 0.02125000 0.01375000
v 0.00698399 0.01425000 0.02073325
v 0.00746567 0.01425000 0.02068307
v 0.00794272 0.01425000 0.02059971
v 0.00841287 0.01425000 0.02048357
v 0.00678874 0.01471719 0.02072842
v 0.00707570 0.01518150 0.02066382
v 0.00727269 0.01471697 0.02069153
v 0.00756084 0.01518280 0.02060598
v 0.00678876 0.01565257 0.02060196
v 0.00735911 0.01564006 0.02055659
v 0.00775717 0.01471623 0.02062038
v 0.00823128 0.01471597 0.02051650
v 0.00804082 0.01517955 0.02051475
v 0.00784246 0.01563836 0.02047832
v 0.00833085 0.01564366 0.02036103
v 0.00887386 0.01425000 0.02033520
v 0.00932349 0.01425000 0.02015530
v 0.00975960 0.01425000 0.01994476
v 0.00871744 0.01471230 0.02037339
v 0.00852951 0.01517799 0.02038475
v 0.00917205 0.01471192 0.02020343
v 0.00900760 0.01517159 0.02022013
v 0.00881425 0.01563871 0.02020877
v 0.00961755 0.01471072 0.02000049
v 0.00945655 0.01517224 0.02002760
v 0.00989109 0.01516840 0.01980451
v 0.01004409 0.01471030 0.01976893
v 0.00928145 0.01562489 0.02002481
v 0.00972187 0.01562211 0.01981110
v 0.01002947 0.01591060 0.01956251
v 0.01018012 0.01425000 0.01970456
v 0.01050439 0.01453448 0.01948445
v 0.01036301 0.01499546 0.01953977
v 0.01020395 0.01545772 0.01956568
v 0.01082373 0.01425000 0.01925503
v 0.01112619 0.01453449 0.01899571
v 0.01142035 0.01425000 0.01872897
v 0.01170447 0.01453474 0.01842252
v 0.01080949 0.01481760 0.01923690
v 0.01049876 0.01574116 0.01929854
v 0.01066427 0.01528189 0.01928119
v 0.01094205 0.01556202 0.01899850
v 0.01109397 0.01509801 0.01896309
v 0.01140435 0.01481401 0.01871278
v 0.01167220 0.01509835 0.01838989
v 0.01135646 0.01537435 0.01866432
v 0.01120624 0.01585230 0.01867788
v 0.01159571 0.01564532 0.01834204
v 0.01181057 0.01590960 0.01799778
v 0.01197950 0.01425000 0.01810604
v 0.01222266 0.01453473 0.01777120
v 0.01245456 0.01425000 0.01743012
v 0.01269332 0.01453909 0.01699949
v 0.01196143 0.01481799 0.01809168
v 0.01218519 0.01508355 0.01774798
v 0.01190288 0.01536729 0.01805819
v 0.01211053 0.01563092 0.01770159
v 0.01243620 0.01479921 0.01741877
v 0.01265541 0.01508829 0.01697617
v 0.01238125 0.01534504 0.01738481
v 0.01229003 0.01588412 0.01732844
v 0.01257974 0.01563759 0.01692983
v 0.01291264 0.01425000 0.01655678
v 0.01309133 0.01453911 0.01608898
v 0.01324703 0.01425000 0.01561483
v 0.01289088 0.01482627 0.01654725
v 0.01283387 0.01537704 0.01650895
v 0.01273705 0.01592074 0.01645331
v 0.01304591 0.01510960 0.01607639
v 0.01322458 0.01482051 0.01560863
v 0.01296716 0.01565832 0.01602871
v 0.01305235 0.01587719 0.01559906
v 0.01315740 0.01538722 0.01559006
v 0.00707051 0.01610863 0.02047458
v 0.00678911 0.01658898 0.02034133
v 0.00735960 0.01657639 0.02029591
v 0.00707627 0.01704725 0.02014088
v 0.00763722 0.01609006 0.02040740
v 0.00790832 0.01652871 0.02021716
v 0.00812719 0.01609906 0.02030235
v 0.00839439 0.01653150 0.02009082
v 0.00762704 0.01700895 0.02008387
v 0.00817074 0.01695331 0.01998704
v 0.00678909 0.01749949 0.01994332
v 0.00704921 0.01791877 0.01968620
v 0.00733829 0.01747617 0.01990541
v 0.00678473 0.01827120 0.01947266
v 0.00788759 0.01742983 0.01982974
v 0.00759504 0.01788481 0.01963125
v 0.00842286 0.01736125 0.01971848
v 0.00813412 0.01782844 0.01954003
v 0.00706799 0.01859168 0.01921143
v 0.00733355 0.01824798 0.01943519
v 0.00788092 0.01820159 0.01936053
v 0.00761729 0.01855819 0.01915288
v 0.00841595 0.01813318 0.01925001
v 0.00815960 0.01849778 0.01906057
v 0.00860881 0.01609858 0.02016371
v 0.00907963 0.01608862 0.01999219
v 0.00887446 0.01652404 0.01992986
v 0.00865362 0.01695134 0.01983808
v 0.00912527 0.01693530 0.01965738
v 0.00953722 0.01606924 0.01978868
v 0.00933804 0.01650767 0.01973736
v 0.00983358 0.01637661 0.01952623
v 0.00962884 0.01681219 0.01946363
v 0.00889994 0.01735007 0.01954913
v 0.00940918 0.01723994 0.01937111
v 0.01011285 0.01667307 0.01923416
v 0.00990368 0.01710800 0.01915803
v 0.00866312 0.01775000 0.01941312
v 0.00917878 0.01764999 0.01925129
v 0.00863649 0.01849019 0.01889356
v 0.00889004 0.01811717 0.01907284
v 0.00910224 0.01846051 0.01869975
v 0.00967793 0.01752901 0.01905555
v 0.00939991 0.01800749 0.01889508
v 0.00989646 0.01787579 0.01868130
v 0.00960770 0.01834301 0.01850284
v 0.01009363 0.01819978 0.01827605
v 0.00678474 0.01892252 0.01895447
v 0.00734835 0.01888989 0.01892220
v 0.00706401 0.01921278 0.01865435
v 0.00678449 0.01949571 0.01837619
v 0.00734801 0.01946309 0.01834397
v 0.00789532 0.01884204 0.01884571
v 0.00762435 0.01916433 0.01860646
v 0.00837167 0.01884634 0.01868665
v 0.00810230 0.01917788 0.01845624
v 0.00781202 0.01949850 0.01819205
v 0.00884284 0.01882448 0.01850239
v 0.00857203 0.01916617 0.01828188
v 0.00929838 0.01877788 0.01829614
v 0.00706760 0.01973690 0.01805949
v 0.00753189 0.01978119 0.01791427
v 0.00799116 0.01979855 0.01774876
v 0.00828626 0.01949605 0.01802648
v 0.00678448 0.01998445 0.01775439
v 0.00724546 0.02003977 0.01761301
v 0.00696030 0.02026893 0.01729409
v 0.00696072 0.02050049 0.01686756
v 0.00741840 0.02030450 0.01714109
v 0.00770772 0.02006569 0.01745394
v 0.00787211 0.02031110 0.01697187
v 0.00816060 0.02006251 0.01727947
v 0.00742224 0.02052760 0.01670654
v 0.00696192 0.02070343 0.01642205
v 0.00742159 0.02072013 0.01625760
v 0.00696230 0.02087338 0.01596744
v 0.00742799 0.02088475 0.01577951
v 0.00787489 0.02052481 0.01653145
v 0.00831924 0.02028868 0.01678722
v 0.00833862 0.02049219 0.01632963
v 0.00788871 0.02070877 0.01606425
v 0.00789366 0.02086103 0.01558085
v 0.00834858 0.02066371 0.01585881
v 0.00903114 0.01912926 0.01808430
v 0.00875499 0.01946737 0.01783584
v 0.00846224 0.01978078 0.01756576
v 0.00920711 0.01941399 0.01762360
v 0.00892307 0.01973416 0.01736285
v 0.00947728 0.01906734 0.01786450
v 0.00979642 0.01864819 0.01808469
v 0.00997509 0.01893728 0.01761693
v 0.00963782 0.01932709 0.01740749
v 0.00935800 0.01965803 0.01715368
v 0.00977901 0.01955555 0.01692793
v 0.00862661 0.02002623 0.01708358
v 0.00906219 0.01996363 0.01687884
v 0.00948994 0.01987111 0.01665918
v 0.00989999 0.01975129 0.01642878
v 0.01000000 0.01991312 0.01591312
v 0.00875767 0.02023736 0.01658804
v 0.00918530 0.02015738 0.01637527
v 0.00877404 0.02042986 0.01612446
v 0.00920134 0.02033808 0.01590362
v 0.00878150 0.02059082 0.01564439
v 0.00960007 0.02004913 0.01614994
v 0.00961125 0.02021848 0.01567286
v 0.01031576 0.01621224 0.01928079
v 0.01077648 0.01603626 0.01899604
v 0.01058584 0.01650499 0.01896737
v 0.01037360 0.01695711 0.01891398
v 0.01083430 0.01678114 0.01862926
v 0.01061450 0.01722728 0.01856734
v 0.01103188 0.01632203 0.01866617
v 0.01125239 0.01659284 0.01832448
v 0.01143665 0.01612167 0.01834634
v 0.01104614 0.01704838 0.01827788
v 0.01015749 0.01738782 0.01882709
v 0.01036693 0.01772509 0.01843728
v 0.01164356 0.01638649 0.01799019
v 0.01144975 0.01685224 0.01796051
v 0.01164508 0.01714991 0.01750749
v 0.01083469 0.01754642 0.01814819
v 0.01028455 0.01850235 0.01782366
v 0.01057366 0.01803455 0.01800235
v 0.01075235 0.01832366 0.01753455
v 0.01089819 0.01858469 0.01704642
v 0.01125284 0.01735770 0.01784301
v 0.01102604 0.01784363 0.01769978
v 0.01143130 0.01764646 0.01737579
v 0.01180555 0.01742793 0.01702901
v 0.01157709 0.01790749 0.01688782
v 0.01118728 0.01811693 0.01722509
v 0.01131734 0.01836450 0.01672728
v 0.01137926 0.01858430 0.01628114
v 0.01166399 0.01812360 0.01645711
v 0.01171737 0.01833584 0.01600499
v 0.01200000 0.01616595 0.01763318
v 0.01182284 0.01664004 0.01761718
v 0.01216312 0.01641312 0.01725000
v 0.01246848 0.01617286 0.01686125
v 0.01200129 0.01692878 0.01714998
v 0.01258808 0.01640362 0.01645134
v 0.01212111 0.01715918 0.01673994
v 0.01229913 0.01664994 0.01685007
v 0.01240738 0.01687527 0.01643530
v 0.01248736 0.01708804 0.01600767
v 0.01284082 0.01614439 0.01603150
v 0.01291371 0.01635881 0.01559858
v 0.01267986 0.01662446 0.01602404
v 0.01274219 0.01682963 0.01558862
v 0.01190803 0.01765368 0.01660800
v 0.01221363 0.01737884 0.01631219
v 0.01198416 0.01786285 0.01617307
v 0.01227623 0.01758358 0.01587661
v 0.01253868 0.01728722 0.01556924
v 0.01203078 0.01806576 0.01571224
v 0.01044978 0.01877604 0.01734363
v 0.01012579 0.01918130 0.01714646
v 0.01059301 0.01900284 0.01685770
v 0.01071051 0.01919975 0.01635224
v 0.01025749 0.01939508 0.01664991
v 0.01036717 0.01957284 0.01614005
v 0.01038318 0.01975000 0.01566595
v 0.01074019 0.01939356 0.01588649
v 0.01102788 0.01879614 0.01654838
v 0.01107448 0.01900239 0.01609284
v 0.01109634 0.01918665 0.01562167
v 0.01141617 0.01878188 0.01582203
v 0.01335196 0.01453876 0.01515257
v 0.01343732 0.01425000 0.01468466
v 0.01330659 0.01510911 0.01514006
v 0.01322832 0.01559246 0.01513836
v 0.01341382 0.01482570 0.01468150
v 0.01335598 0.01531084 0.01468279
v 0.01326475 0.01579082 0.01467955
v 0.01347842 0.01453874 0.01421719
v 0.01350000 0.01425000 0.01375000
v 0.01344153 0.01502270 0.01421697
v 0.01348325 0.01473399 0.01375000
v 0.01343307 0.01521567 0.01375000
v 0.01337038 0.01550717 0.01421623
v 0.01334971 0.01569272 0.01375000
v 0.00696597 0.02101650 0.01548128
v 0.00696623 0.02112038 0.01500717
v 0.00742955 0.02101475 0.01529082
v 0.00696697 0.02119153 0.01452269
v 0.00743279 0.02110598 0.01481084
v 0.00743150 0.02116382 0.01432570
v 0.00788836 0.02097832 0.01509246
v 0.00834906 0.02080235 0.01537719
v 0.00789006 0.02105659 0.01460911
v 0.00834006 0.02090740 0.01488722
v 0.00835863 0.02097458 0.01432051
v 0.00696719 0.02122842 0.01403874
v 0.00743466 0.02118732 0.01375000
v 0.00790257 0.02110196 0.01403876
v 0.00836483 0.02099703 0.01375000
v 0.00920331 0.02048705 0.01542074
v 0.00877871 0.02071716 0.01515832
v 0.00925895 0.02058387 0.01487704
v 0.00882639 0.02079591 0.01460960
v 0.00967983 0.02032974 0.01513759
v 0.01007844 0.02004003 0.01538412
v 0.00972617 0.02040541 0.01458829
v 0.00929725 0.02064088 0.01432627
v 0.00883898 0.02084133 0.01403911
v 0.00974949 0.02044332 0.01403909
v 0.00930678 0.02066264 0.01375000
v 0.01174605 0.01852648 0.01553626
v 0.01295877 0.01656425 0.01513871
v 0.01311103 0.01608085 0.01514366
v 0.01277481 0.01703145 0.01512489
v 0.01313475 0.01627951 0.01467799
v 0.01297013 0.01675760 0.01467159
v 0.01277760 0.01720655 0.01467224
v 0.01231251 0.01777947 0.01541060
v 0.01256110 0.01747187 0.01512211
v 0.01204854 0.01824876 0.01524116
v 0.01231569 0.01795395 0.01495772
v 0.01255450 0.01764109 0.01466840
v 0.01203119 0.01841427 0.01478189
v 0.01198690 0.01855949 0.01431760
v 0.01228977 0.01811301 0.01449546
v 0.01326650 0.01598128 0.01421597
v 0.01312338 0.01646744 0.01421230
v 0.01323357 0.01616286 0.01375000
v 0.01295343 0.01692205 0.01421192
v 0.01290530 0.01707349 0.01375000
v 0.01308520 0.01662386 0.01375000
v 0.01251893 0.01779409 0.01421030
v 0.01200503 0.01857373 0.01375000
v 0.01223445 0.01825439 0.01403448
v 0.01245456 0.01793012 0.01375000
v 0.01275049 0.01736755 0.01421072
v 0.01269475 0.01750960 0.01375000
v 0.01045159 0.01986052 0.01513092
v 0.01074778 0.01956057 0.01540960
v 0.01080819 0.01965288 0.01486729
v 0.01084168 0.01971143 0.01431799
v 0.01142788 0.01895624 0.01535230
v 0.01174850 0.01869206 0.01506202
v 0.01109204 0.01934571 0.01514532
v 0.01171309 0.01884397 0.01459801
v 0.01141432 0.01910646 0.01487435
v 0.01146278 0.01915435 0.01431401
v 0.01113989 0.01942220 0.01459835
v 0.01013481 0.02013125 0.01484504
v 0.01016877 0.02018620 0.01429921
v 0.01049798 0.01993519 0.01458355
v 0.01085604 0.01972950 0.01375000
v 0.01174571 0.01887619 0.01403449
v 0.01147897 0.01917035 0.01375000
v 0.01117252 0.01945447 0.01403474
v 0.01052120 0.01997266 0.01403473
v 0.01018012 0.02020456 0.01375000
v 0.00902170 0.00018000 0.00400572
v 0.00912272 0.00046588 0.00401894
v 0.00926008 0.00073000 0.00395992
v 0.00929941 0.00018000 0.00412813
v 0.00960000 0.00018000 0.00417000
v 0.00942129 0.00046915 0.00411616
v 0.00960000 0.00075830 0.00400572
v 0.00866428 0.00018000 0.00364830
v 0.00883684 0.00035668 0.00384225
v 0.00871008 0.00051992 0.00362000
v 0.00855384 0.00035871 0.00335915
v 0.00865106 0.00065728 0.00335588
v 0.00895344 0.00064786 0.00382701
v 0.00884299 0.00082656 0.00353786
v 0.00882775 0.00094316 0.00324668
v 0.00913214 0.00093701 0.00371656
v 0.00905000 0.00106992 0.00340992
v 0.00850000 0.00018000 0.00307000
v 0.00854187 0.00048059 0.00307000
v 0.00866428 0.00075830 0.00307000
v 0.00902170 0.00111572 0.00307000
v 0.00942332 0.00095225 0.00383316
v 0.00960000 0.00111572 0.00364830
v 0.00931412 0.00112894 0.00354728
v 0.00931085 0.00122616 0.00324871
v 0.00960000 0.00123813 0.00337059
v 0.00960000 0.00128000 0.00307000
v 0.01340000 0.00018000 0.00417000
v 0.01350000 0.00018000 0.00415607
v 0.01350000 0.00034180 0.00413987
v 0.01350000 0.00046915 0.00411616
v 0.01350000 0.00059650 0.00406752
v 0.01340000 0.00075830 0.00400572
v 0.01350000 0.00074998 0.00399224
v 0.01350000 0.00086807 0.00390805
v 0.01350000 0.00095225 0.00383316
v 0.01350000 0.00102320 0.00375293
v 0.01340000 0.00111572 0.00364830
v 0.01350000 0.00112034 0.00361297
v 0.01350000 0.00119994 0.00343240
v 0.01340000 0.00123813 0.00337059
v 0.01350000 0.00123399 0.00332844
v 0.01350000 0.00126138 0.00313180
v 0.01340000 0.00128000 0.00307000
v -0.01018012 -0.02020456 -0.01375000
v -0.01052120 -0.01997266 -0.01403473
v -0.01117252 -0.01945447 -0.01403474
v -0.01147897 -0.01917035 -0.01375000
v -0.01174571 -0.01887619 -0.01403449
v -0.01085604 -0.01972950 -0.01375000
v -0.01049798 -0.01993519 -0.01458355
v -0.01016877 -0.02018620 -0.01429921
v -0.01013481 -0.02013125 -0.01484504
v -0.01113989 -0.01942220 -0.01459835
v -0.01146278 -0.01915435 -0.01431401
v -0.01141432 -0.01910646 -0.01487435
v -0.01171309 -0.01884397 -0.01459801
v -0.01109204 -0.01934571 -0.01514532
v -0.01174850 -0.01869206 -0.01506202
v -0.01142788 -0.01895624 -0.01535230
v -0.01084168 -0.01971143 -0.01431799
v -0.01080819 -0.01965288 -0.01486729
v -0.01074778 -0.01956057 -0.01540960
v -0.01045159 -0.01986052 -0.01513092
v -0.01269475 -0.01750960 -0.01375000
v -0.01275049 -0.01736755 -0.01421072
v -0.01245456 -0.01793012 -0.01375000
v -0.01223445 -0.01825439 -0.01403448
v -0.01200503 -0.01857373 -0.01375000
v -0.01251893 -0.01779409 -0.01421030
v -0.01308520 -0.01662386 -0.01375000
v -0.01290530 -0.01707349 -0.01375000
v -0.01295343 -0.01692205 -0.01421192
v -0.01323357 -0.01616286 -0.01375000
v -0.01312338 -0.01646744 -0.01421230
v -0.01326650 -0.01598128 -0.01421597
v -0.01228977 -0.01811301 -0.01449546
v -0.01198690 -0.01855949 -0.01431760
v -0.01203119 -0.01841427 -0.01478189
v -0.01255450 -0.01764109 -0.01466840
v -0.01231569 -0.01795395 -0.01495772
v -0.01204854 -0.01824876 -0.01524116
v -0.01256110 -0.01747187 -0.01512211
v -0.01231251 -0.01777947 -0.01541060
v -0.01277760 -0.01720655 -0.01467224
v -0.01297013 -0.01675760 -0.01467159
v -0.01313475 -0.01627951 -0.01467799
v -0.01277481 -0.01703145 -0.01512489
v -0.01311103 -0.01608085 -0.01514366
v -0.01295877 -0.01656425 -0.01513871
v -0.01174605 -0.01852648 -0.01553626
v -0.00930678 -0.02066264 -0.01375000
v -0.00974949 -0.02044332 -0.01403909
v -0.00883898 -0.02084133 -0.01403911
v -0.00929725 -0.02064088 -0.01432627
v -0.00972617 -0.02040541 -0.01458829
v -0.01007844 -0.02004003 -0.01538412
v -0.00967983 -0.02032974 -0.01513759
v -0.00882639 -0.02079591 -0.01460960
v -0.00925895 -0.02058387 -0.01487704
v -0.00877871 -0.02071716 -0.01515832
v -0.00920331 -0.02048705 -0.01542074
v -0.00836483 -0.02099703 -0.01375000
v -0.00790257 -0.02110196 -0.01403876
v -0.00743466 -0.02118732 -0.01375000
v -0.00696719 -0.02122842 -0.01403874
v -0.00835863 -0.02097458 -0.01432051
v -0.00834006 -0.02090740 -0.01488722
v -0.00789006 -0.02105659 -0.01460911
v -0.00834906 -0.02080235 -0.01537719
v -0.00788836 -0.02097832 -0.01509246
v -0.00743150 -0.02116382 -0.01432570
v -0.00743279 -0.02110598 -0.01481084
v -0.00696697 -0.02119153 -0.01452269
v -0.00742955 -0.02101475 -0.01529082
v -0.00696623 -0.02112038 -0.01500717
v -0.00696597 -0.02101650 -0.01548128
v -0.01334971 -0.01569272 -0.01375000
v -0.01337038 -0.01550717 -0.01421623
v -0.01343307 -0.01521567 -0.01375000
v -0.01348325 -0.01473399 -0.01375000
v -0.01344153 -0.01502270 -0.01421697
v -0.01350000 -0.01425000 -0.01375000
v -0.01347842 -0.01453874 -0.01421719
v -0.01326475 -0.01579082 -0.01467955
v -0.01335598 -0.01531084 -0.01468279
v -0.01341382 -0.01482570 -0.01468150
v -0.01322832 -0.01559246 -0.01513836
v -0.01330659 -0.01510911 -0.01514006
v -0.01343732 -0.01425000 -0.01468466
v -0.01335196 -0.01453876 -0.01515257
v -0.01141617 -0.01878188 -0.01582203
v -0.01109634 -0.01918665 -0.01562167
v -0.01107448 -0.01900239 -0.01609284
v -0.01102788 -0.01879614 -0.01654838
v -0.01074019 -0.01939356 -0.01588649
v -0.01038318 -0.01975000 -0.01566595
v -0.01036717 -0.01957284 -0.01614005
v -0.01025749 -0.01939508 -0.01664991
v -0.01071051 -0.01919975 -0.01635224
v -0.01059301 -0.01900284 -0.01685770
v -0.01012579 -0.01918130 -0.01714646
v -0.01044978 -0.01877604 -0.01734363
v -0.01203078 -0.01806576 -0.01571224
v -0.01253868 -0.01728722 -0.01556924
v -0.01227623 -0.01758358 -0.01587661
v -0.01198416 -0.01786285 -0.01617307
v -0.01221363 -0.01737884 -0.01631219
v -0.01190803 -0.01765368 -0.01660800
v -0.01274219 -0.01682963 -0.01558862
v -0.01267986 -0.01662446 -0.01602404
v -0.01291371 -0.01635881 -0.01559858
v -0.01284082 -0.01614439 -0.01603150
v -0.01248736 -0.01708804 -0.01600767
v -0.01240738 -0.01687527 -0.01643530
v -0.01229913 -0.01664994 -0.01685007
v -0.01212111 -0.01715918 -0.01673994
v -0.01258808 -0.01640362 -0.01645134
v -0.01200129 -0.01692878 -0.01714998
v -0.01246848 -0.01617286 -0.01686125
v -0.01216312 -0.01641312 -0.01725000
v -0.01182284 -0.01664004 -0.01761718
v -0.01200000 -0.01616595 -0.01763318
v -0.01171737 -0.01833584 -0.01600499
v -0.01166399 -0.01812360 -0.01645711
v -0.01137926 -0.01858430 -0.01628114
v -0.01131734 -0.01836450 -0.01672728
v -0.01118728 -0.01811693 -0.01722509
v -0.01157709 -0.01790749 -0.01688782
v -0.01180555 -0.01742793 -0.01702901
v -0.01143130 -0.01764646 -0.01737579
v -0.01102604 -0.01784363 -0.01769978
v -0.01125284 -0.01735770 -0.01784301
v -0.01089819 -0.01858469 -0.01704642
v -0.01075235 -0.01832366 -0.01753455
v -0.01057366 -0.01803455 -0.01800235
v -0.01028455 -0.01850235 -0.01782366
v -0.01083469 -0.01754642 -0.01814819
v -0.01164508 -0.01714991 -0.01750749
v -0.01144975 -0.01685224 -0.01796051
v -0.01164356 -0.01638649 -0.01799019
v -0.01036693 -0.01772509 -0.01843728
v -0.01015749 -0.01738782 -0.01882709
v -0.01104614 -0.01704838 -0.01827788
v -0.01143665 -0.01612167 -0.01834634
v -0.01125239 -0.01659284 -0.01832448
v -0.01103188 -0.01632203 -0.01866617
v -0.01061450 -0.01722728 -0.01856734
v -0.01083430 -0.01678114 -0.01862926
v -0.01037360 -0.01695711 -0.01891398
v -0.01058584 -0.01650499 -0.01896737
v -0.01077648 -0.01603626 -0.01899604
v -0.01031576 -0.01621224 -0.01928079
v -0.00961125 -0.02021848 -0.01567286
v -0.00960007 -0.02004913 -0.01614994
v -0.00878150 -0.02059082 -0.01564439
v -0.00920134 -0.02033808 -0.01590362
v -0.00877404 -0.02042986 -0.01612446
v -0.00918530 -0.02015738 -0.01637527
v -0.00875767 -0.02023736 -0.01658804
v -0.01000000 -0.01991312 -0.01591312
v -0.00989999 -0.01975129 -0.01642878
v -0.00948994 -0.01987111 -0.01665918
v -0.00906219 -0.01996363 -0.01687884
v -0.00862661 -0.02002623 -0.01708358
v -0.00977901 -0.01955555 -0.01692793
v -0.00935800 -0.01965803 -0.01715368
v -0.00963782 -0.01932709 -0.01740749
v -0.00997509 -0.01893728 -0.01761693
v -0.00979642 -0.01864819 -0.01808469
v -0.00947728 -0.01906734 -0.01786450
v -0.00892307 -0.01973416 -0.01736285
v -0.00920711 -0.01941399 -0.01762360
v -0.00846224 -0.01978078 -0.01756576
v -0.00875499 -0.01946737 -0.01783584
v -0.00903114 -0.01912926 -0.01808430
v -0.00834858 -0.02066371 -0.01585881
v -0.00789366 -0.02086103 -0.01558085
v -0.00788871 -0.02070877 -0.01606425
v -0.00833862 -0.02049219 -0.01632963
v -0.00831924 -0.02028868 -0.01678722
v -0.00787489 -0.02052481 -0.01653145
v -0.00742799 -0.02088475 -0.01577951
v -0.00696230 -0.02087338 -0.01596744
v -0.00742159 -0.02072013 -0.01625760
v -0.00696192 -0.02070343 -0.01642205
v -0.00742224 -0.02052760 -0.01670654
v -0.00816060 -0.02006251 -0.01727947
v -0.00787211 -0.02031110 -0.01697187
v -0.00770772 -0.02006569 -0.01745394
v -0.00741840 -0.02030450 -0.01714109
v -0.00696072 -0.02050049 -0.01686756
v -0.00696030 -0.02026893 -0.01729409
v -0.00724546 -0.02003977 -0.01761301
v -0.00678448 -0.01998445 -0.01775439
v -0.00828626 -0.01949605 -0.01802648
v -0.00799116 -0.01979855 -0.01774876
v -0.00753189 -0.01978119 -0.01791427
v -0.00706760 -0.01973690 -0.01805949
v -0.00929838 -0.01877788 -0.01829614
v -0.00857203 -0.01916617 -0.01828188
v -0.00884284 -0.01882448 -0.01850239
v -0.00781202 -0.01949850 -0.01819205
v -0.00810230 -0.01917788 -0.01845624
v -0.00837167 -0.01884634 -0.01868665
v -0.00762435 -0.01916433 -0.01860646
v -0.00789532 -0.01884204 -0.01884571
v -0.00734801 -0.01946309 -0.01834397
v -0.00678449 -0.01949571 -0.01837619
v -0.00706401 -0.01921278 -0.01865435
v -0.00734835 -0.01888989 -0.01892220
v -0.00678474 -0.01892252 -0.01895447
v -0.01009363 -0.01819978 -0.01827605
v -0.00960770 -0.01834301 -0.01850284
v -0.00989646 -0.01787579 -0.01868130
v -0.00939991 -0.01800749 -0.01889508
v -0.00967793 -0.01752901 -0.01905555
v -0.00910224 -0.01846051 -0.01869975
v -0.00889004 -0.01811717 -0.01907284
v -0.00863649 -0.01849019 -0.01889356
v -0.00917878 -0.01764999 -0.01925129
v -0.00866312 -0.01775000 -0.01941312
v -0.00990368 -0.01710800 -0.01915803
v -0.01011285 -0.01667307 -0.01923416
v -0.00940918 -0.01723994 -0.01937111
v -0.00889994 -0.01735007 -0.01954913
v -0.00962884 -0.01681219 -0.01946363
v -0.00983358 -0.01637661 -0.01952623
v -0.00933804 -0.01650767 -0.01973736
v -0.00953722 -0.01606924 -0.01978868
v -0.00912527 -0.01693530 -0.01965738
v -0.00865362 -0.01695134 -0.01983808
v -0.00887446 -0.01652404 -0.01992986
v -0.00907963 -0.01608862 -0.01999219
v -0.00860881 -0.01609858 -0.02016371
v -0.00815960 -0.01849778 -0.01906057
v -0.00841595 -0.01813318 -0.01925001
v -0.00761729 -0.01855819 -0.01915288
v -0.00788092 -0.01820159 -0.01936053
v -0.00733355 -0.01824798 -0.01943519
v -0.00706799 -0.01859168 -0.01921143
v -0.00813412 -0.01782844 -0.01954003
v -0.00842286 -0.01736125 -0.01971848
v -0.00759504 -0.01788481 -0.01963125
v -0.00788759 -0.01742983 -0.01982974
v -0.00678473 -0.01827120 -0.01947266
v -0.00733829 -0.01747617 -0.01990541
v -0.00704921 -0.01791877 -0.01968620
v -0.00678909 -0.01749949 -0.01994332
v -0.00817074 -0.01695331 -0.01998704
v -0.00762704 -0.01700895 -0.02008387
v -0.00839439 -0.01653150 -0.02009082
v -0.00812719 -0.01609906 -0.02030235
v -0.00790832 -0.01652871 -0.02021716
v -0.00763722 -0.01609006 -0.02040740
v -0.00707627 -0.01704725 -0.02014088
v -0.00735960 -0.01657639 -0.02029591
v -0.00678911 -0.01658898 -0.02034133
v -0.00707051 -0.01610863 -0.02047458
v -0.01315740 -0.01538722 -0.01559006
v -0.01305235 -0.01587719 -0.01559906
v -0.01296716 -0.01565832 -0.01602871
v -0.01322458 -0.01482051 -0.01560863
v -0.01304591 -0.01510960 -0.01607639
v -0.01273705 -0.01592074 -0.01645331
v -0.01283387 -0.01537704 -0.01650895
v -0.01289088 -0.01482627 -0.01654725
v -0.01324703 -0.01425000 -0.01561483
v -0.01309133 -0.01453911 -0.01608898
v -0.01291264 -0.01425000 -0.01655678
v -0.01257974 -0.01563759 -0.01692983
v -0.01229003 -0.01588412 -0.01732844
v -0.01238125 -0.01534504 -0.01738481
v -0.01265541 -0.01508829 -0.01697617
v -0.01243620 -0.01479921 -0.01741877
v -0.01211053 -0.01563092 -0.01770159
v -0.01190288 -0.01536729 -0.01805819
v -0.01218519 -0.01508355 -0.01774798
v -0.01196143 -0.01481799 -0.01809168
v -0.01269332 -0.01453909 -0.01699949
v -0.01245456 -0.01425000 -0.01743012
v -0.01222266 -0.01453473 -0.01777120
v -0.01197950 -0.01425000 -0.01810604
v -0.01181057 -0.01590960 -0.01799778
v -0.01159571 -0.01564532 -0.01834204
v -0.01120624 -0.01585230 -0.01867788
v -0.01135646 -0.01537435 -0.01866432
v -0.01167220 -0.01509835 -0.01838989
v -0.01140435 -0.01481401 -0.01871278
v -0.01109397 -0.01509801 -0.01896309
v -0.01094205 -0.01556202 -0.01899850
v -0.01066427 -0.01528189 -0.01928119
v -0.01049876 -0.01574116 -0.01929854
v -0.01080949 -0.01481760 -0.01923690
v -0.01170447 -0.01453474 -0.01842252
v -0.01142035 -0.01425000 -0.01872897
v -0.01112619 -0.01453449 -0.01899571
v -0.01082373 -0.01425000 -0.01925503
v -0.01020395 -0.01545772 -0.01956568
v -0.01036301 -0.01499546 -0.01953977
v -0.01050439 -0.01453448 -0.01948445
v -0.01018012 -0.01425000 -0.01970456
v -0.01002947 -0.01591060 -0.01956251
v -0.00972187 -0.01562211 -0.01981110
v -0.00928145 -0.01562489 -0.02002481
v -0.01004409 -0.01471030 -0.01976893
v -0.00989109 -0.01516840 -0.01980451
v -0.00945655 -0.01517224 -0.02002760
v -0.00961755 -0.01471072 -0.02000049
v -0.00881425 -0.01563871 -0.02020877
v -0.00900760 -0.01517159 -0.02022013
v -0.00917205 -0.01471192 -0.02020343
v -0.00852951 -0.01517799 -0.02038475
v -0.00871744 -0.01471230 -0.02037339
v -0.00975960 -0.01425000 -0.01994476
v -0.00932349 -0.01425000 -0.02015530
v -0.00887386 -0.01425000 -0.02033520
v -0.00833085 -0.01564366 -0.02036103
v -0.00784246 -0.01563836 -0.02047832
v -0.00804082 -0.01517955 -0.02051475
v -0.00823128 -0.01471597 -0.02051650
v -0.00775717 -0.01471623 -0.02062038
v -0.00735911 -0.01564006 -0.02055659
v -0.00678876 -0.01565257 -0.02060196
v -0.00756084 -0.01518280 -0.02060598
v -0.00727269 -0.01471697 -0.02069153
v -0.00707570 -0.01518150 -0.02066382
v -0.00678874 -0.01471719 -0.02072842
v -0.00841287 -0.01425000 -0.02048357
v -0.00794272 -0.01425000 -0.02059971
v -0.00746567 -0.01425000 -0.02068307
v -0.00698399 -0.01425000 -0.02073325
v -0.00650000 -0.02125000 -0.01375000
v -0.00650000 -0.02123325 -0.01423399
v -0.00650000 -0.02118307 -0.01471567
v -0.00650000 -0.02109971 -0.01519272
v -0.00045000 -0.02125000 -0.01375000
v -0.00045000 -0.02123325 -0.01423399
v -0.00045000 -0.02118307 -0.01471567
v -0.00045000 -0.02109971 -0.01519272
v -0.00650000 -0.02098357 -0.01566287
v -0.00650000 -0.02083519 -0.01612386
v -0.00650000 -0.02065530 -0.01657349
v -0.00650000 -0.02044475 -0.01700960
v -0.00650000 -0.02020456 -0.01743012
v -0.00650000 -0.01975503 -0.01807373
v -0.00650000 -0.01922897 -0.01867035
v -0.00650000 -0.01860604 -0.01922950
v -0.00650000 -0.01793012 -0.01970456
v -0.00650000 -0.01705678 -0.02016264
v -0.00650000 -0.01611483 -0.02049703
v -0.00045000 -0.02098357 -0.01566287
v -0.00045000 -0.02083519 -0.01612386
v -0.00045000 -0.02080000 -0.01621182
v -0.00045000 -0.01669717 -0.02030000
v -0.00045000 -0.01658898 -0.02034133
v -0.00045000 -0.01611483 -0.02049703
v -0.00650000 -0.01518466 -0.02068732
v -0.00650000 -0.01425000 -0.02075000
v -0.00045000 -0.01565257 -0.02060196
v -0.00045000 -0.01518466 -0.02068732
v -0.00045000 -0.01471719 -0.02072842
v -0.00045000 -0.01425000 -0.02075000
v 0.00866428 -0.00075830 -0.00307000
v 0.00902170 -0.00111572 -0.00307000
v 0.00854187 -0.00048059 -0.00307000
v 0.00850000 -0.00018000 -0.00307000
v 0.00882775 -0.00094316 -0.00324668
v 0.00884299 -0.00082656 -0.00353786
v 0.00905000 -0.00106992 -0.00340992
v 0.00913214 -0.00093701 -0.00371656
v 0.00855384 -0.00035871 -0.00335915
v 0.00865106 -0.00065728 -0.00335588
v 0.00871008 -0.00051992 -0.00362000
v 0.00883684 -0.00035668 -0.00384225
v 0.00866428 -0.00018000 -0.00364830
v 0.00895344 -0.00064786 -0.00382701
v 0.00960000 -0.00128000 -0.00307000
v 0.00931085 -0.00122616 -0.00324871
v 0.00931412 -0.00112894 -0.00354728
v 0.00960000 -0.00123813 -0.00337059
v 0.00960000 -0.00111572 -0.00364830
v 0.00942332 -0.00095225 -0.00383316
v 0.00926008 -0.00073000 -0.00395992
v 0.00912272 -0.00046588 -0.00401894
v 0.00902170 -0.00018000 -0.00400572
v 0.00960000 -0.00075830 -0.00400572
v 0.00942129 -0.00046915 -0.00411616
v 0.00929941 -0.00018000 -0.00412813
v 0.00960000 -0.00018000 -0.00417000
v 0.01340000 -0.00128000 -0.00307000
v 0.01350000 -0.00126138 -0.00313180
v 0.01340000 -0.00123813 -0.00337059
v 0.01350000 -0.00123399 -0.00332844
v 0.01350000 -0.00119994 -0.00343240
v 0.01350000 -0.00112034 -0.00361297
v 0.01340000 -0.00111572 -0.00364830
v 0.01350000 -0.00102320 -0.00375293
v 0.01350000 -0.00095225 -0.00383316
v 0.01350000 -0.00086807 -0.00390805
v 0.01340000 -0.00075830 -0.00400572
v 0.01350000 -0.00074998 -0.00399224
v 0.01350000 -0.00059650 -0.00406752
v 0.01350000 -0.00046915 -0.00411616
v 0.01350000 -0.00034180 -0.00413987
v 0.01340000 -0.00018000 -0.00417000
v 0.01350000 -0.00018000 -0.00415607
v 0.00045000 -0.02125000 -0.01375000
v 0.00045000 -0.02123325 -0.01423399
v 0.00045000 -0.02118307 -0.01471567
v 0.00045000 -0.02109971 -0.01519272
v 0.00650000 -0.02125000 -0.01375000
v 0.00650000 -0.02123325 -0.01423399
v 0.00650000 -0.02118307 -0.01471567
v 0.00650000 -0.02109971 -0.01519272
v 0.00045000 -0.02098357 -0.01566287
v 0.00045000 -0.02083519 -0.01612386
v 0.00045000 -0.02080000 -0.01621182
v 0.00045000 -0.01669717 -0.02030000
v 0.00045000 -0.01658898 -0.02034133
v 0.00045000 -0.01611483 -0.02049703
v 0.00650000 -0.02098357 -0.01566287
v 0.00650000 -0.02083519 -0.01612386
v 0.00650000 -0.02065530 -0.01657349
v 0.00650000 -0.02044475 -0.01700960
v 0.00650000 -0.02020456 -0.01743012
v 0.00650000 -0.01975503 -0.01807373
v 0.00650000 -0.01922897 -0.01867035
v 0.00650000 -0.01860604 -0.01922950
v 0.00650000 -0.01793012 -0.01970456
v 0.00650000 -0.01705678 -0.02016264
v 0.00650000 -0.01611483 -0.02049703
v 0.00045000 -0.01565257 -0.02060196
v 0.00045000 -0.01518466 -0.02068732
v 0.00045000 -0.01471719 -0.02072842
v 0.00045000 -0.01425000 -0.02075000
v 0.00650000 -0.01518466 -0.02068732
v 0.00650000 -0.01425000 -0.02075000
v 0.00696719 -0.02122842 -0.01403874
v 0.00743466 -0.02118732 -0.01375000
v 0.00790257 -0.02110196 -0.01403876
v 0.00836483 -0.02099703 -0.01375000
v 0.00696697 -0.02119153 -0.01452269
v 0.00743150 -0.02116382 -0.01432570
v 0.00743279 -0.02110598 -0.01481084
v 0.00696623 -0.02112038 -0.01500717
v 0.00696597 -0.02101650 -0.01548128
v 0.00742955 -0.02101475 -0.01529082
v 0.00789006 -0.02105659 -0.01460911
v 0.00835863 -0.02097458 -0.01432051
v 0.00834006 -0.02090740 -0.01488722
v 0.00788836 -0.02097832 -0.01509246
v 0.00834906 -0.02080235 -0.01537719
v 0.00883898 -0.02084133 -0.01403911
v 0.00930678 -0.02066264 -0.01375000
v 0.00974949 -0.02044332 -0.01403909
v 0.00882639 -0.02079591 -0.01460960
v 0.00925895 -0.02058387 -0.01487704
v 0.00877871 -0.02071716 -0.01515832
v 0.00920331 -0.02048705 -0.01542074
v 0.00929725 -0.02064088 -0.01432627
v 0.00972617 -0.02040541 -0.01458829
v 0.00967983 -0.02032974 -0.01513759
v 0.01007844 -0.02004003 -0.01538412
v 0.01018012 -0.02020456 -0.01375000
v 0.01052120 -0.01997266 -0.01403473
v 0.01085604 -0.01972950 -0.01375000
v 0.01117252 -0.01945447 -0.01403474
v 0.01147897 -0.01917035 -0.01375000
v 0.01174571 -0.01887619 -0.01403449
v 0.01016877 -0.02018620 -0.01429921
v 0.01049798 -0.01993519 -0.01458355
v 0.01013481 -0.02013125 -0.01484504
v 0.01084168 -0.01971143 -0.01431799
v 0.01080819 -0.01965288 -0.01486729
v 0.01045159 -0.01986052 -0.01513092
v 0.01074778 -0.01956057 -0.01540960
v 0.01113989 -0.01942220 -0.01459835
v 0.01146278 -0.01915435 -0.01431401
v 0.01141432 -0.01910646 -0.01487435
v 0.01171309 -0.01884397 -0.01459801
v 0.01109204 -0.01934571 -0.01514532
v 0.01174850 -0.01869206 -0.01506202
v 0.01142788 -0.01895624 -0.01535230
v 0.01174605 -0.01852648 -0.01553626
v 0.01200503 -0.01857373 -0.01375000
v 0.01245456 -0.01793012 -0.01375000
v 0.01223445 -0.01825439 -0.01403448
v 0.01251893 -0.01779409 -0.01421030
v 0.01269475 -0.01750960 -0.01375000
v 0.01275049 -0.01736755 -0.01421072
v 0.01290530 -0.01707349 -0.01375000
v 0.01295343 -0.01692205 -0.01421192
v 0.01308520 -0.01662386 -0.01375000
v 0.01323357 -0.01616286 -0.01375000
v 0.01312338 -0.01646744 -0.01421230
v 0.01326650 -0.01598128 -0.01421597
v 0.01198690 -0.01855949 -0.01431760
v 0.01203119 -0.01841427 -0.01478189
v 0.01228977 -0.01811301 -0.01449546
v 0.01255450 -0.01764109 -0.01466840
v 0.01204854 -0.01824876 -0.01524116
v 0.01231569 -0.01795395 -0.01495772
v 0.01256110 -0.01747187 -0.01512211
v 0.01231251 -0.01777947 -0.01541060
v 0.01277760 -0.01720655 -0.01467224
v 0.01297013 -0.01675760 -0.01467159
v 0.01313475 -0.01627951 -0.01467799
v 0.01277481 -0.01703145 -0.01512489
v 0.01295877 -0.01656425 -0.01513871
v 0.01311103 -0.01608085 -0.01514366
v 0.01334971 -0.01569272 -0.01375000
v 0.01337038 -0.01550717 -0.01421623
v 0.01343307 -0.01521567 -0.01375000
v 0.01348325 -0.01473399 -0.01375000
v 0.01344153 -0.01502270 -0.01421697
v 0.01350000 -0.01425000 -0.01375000
v 0.01347842 -0.01453874 -0.01421719
v 0.01326475 -0.01579082 -0.01467955
v 0.01335598 -0.01531084 -0.01468279
v 0.01341382 -0.01482570 -0.01468150
v 0.01322832 -0.01559246 -0.01513836
v 0.01330659 -0.01510911 -0.01514006
v 0.01343732 -0.01425000 -0.01468466
v 0.01335196 -0.01453876 -0.01515257
v 0.00696230 -0.02087338 -0.01596744
v 0.00742799 -0.02088475 -0.01577951
v 0.00696192 -0.02070343 -0.01642205
v 0.00742159 -0.02072013 -0.01625760
v 0.00742224 -0.02052760 -0.01670654
v 0.00789366 -0.02086103 -0.01558085
v 0.00788871 -0.02070877 -0.01606425
v 0.00834858 -0.02066371 -0.01585881
v 0.00787489 -0.02052481 -0.01653145
v 0.00833862 -0.02049219 -0.01632963
v 0.00831924 -0.02028868 -0.01678722
v 0.00696072 -0.02050049 -0.01686756
v 0.00696030 -0.02026893 -0.01729409
v 0.00741840 -0.02030450 -0.01714109
v 0.00678448 -0.01998445 -0.01775439
v 0.00724546 -0.02003977 -0.01761301
v 0.00787211 -0.02031110 -0.01697187
v 0.00770772 -0.02006569 -0.01745394
v 0.00816060 -0.02006251 -0.01727947
v 0.00706760 -0.01973690 -0.01805949
v 0.00753189 -0.01978119 -0.01791427
v 0.00799116 -0.01979855 -0.01774876
v 0.00828626 -0.01949605 -0.01802648
v 0.00878150 -0.02059082 -0.01564439
v 0.00877404 -0.02042986 -0.01612446
v 0.00920134 -0.02033808 -0.01590362
v 0.00875767 -0.02023736 -0.01658804
v 0.00918530 -0.02015738 -0.01637527
v 0.00961125 -0.02021848 -0.01567286
v 0.00960007 -0.02004913 -0.01614994
v 0.01000000 -0.01991312 -0.01591312
v 0.00948994 -0.01987111 -0.01665918
v 0.00989999 -0.01975129 -0.01642878
v 0.00862661 -0.02002623 -0.01708358
v 0.00906219 -0.01996363 -0.01687884
v 0.00892307 -0.01973416 -0.01736285
v 0.00846224 -0.01978078 -0.01756576
v 0.00875499 -0.01946737 -0.01783584
v 0.00920711 -0.01941399 -0.01762360
v 0.00903114 -0.01912926 -0.01808430
v 0.00935800 -0.01965803 -0.01715368
v 0.00963782 -0.01932709 -0.01740749
v 0.00977901 -0.01955555 -0.01692793
v 0.00947728 -0.01906734 -0.01786450
v 0.00997509 -0.01893728 -0.01761693
v 0.00979642 -0.01864819 -0.01808469
v 0.00678449 -0.01949571 -0.01837619
v 0.00734801 -0.01946309 -0.01834397
v 0.00706401 -0.01921278 -0.01865435
v 0.00678474 -0.01892252 -0.01895447
v 0.00734835 -0.01888989 -0.01892220
v 0.00781202 -0.01949850 -0.01819205
v 0.00762435 -0.01916433 -0.01860646
v 0.00810230 -0.01917788 -0.01845624
v 0.00837167 -0.01884634 -0.01868665
v 0.00789532 -0.01884204 -0.01884571
v 0.00857203 -0.01916617 -0.01828188
v 0.00884284 -0.01882448 -0.01850239
v 0.00929838 -0.01877788 -0.01829614
v 0.00706799 -0.01859168 -0.01921143
v 0.00733355 -0.01824798 -0.01943519
v 0.00761729 -0.01855819 -0.01915288
v 0.00788092 -0.01820159 -0.01936053
v 0.00815960 -0.01849778 -0.01906057
v 0.00841595 -0.01813318 -0.01925001
v 0.00678473 -0.01827120 -0.01947266
v 0.00704921 -0.01791877 -0.01968620
v 0.00678909 -0.01749949 -0.01994332
v 0.00733829 -0.01747617 -0.01990541
v 0.00759504 -0.01788481 -0.01963125
v 0.00788759 -0.01742983 -0.01982974
v 0.00813412 -0.01782844 -0.01954003
v 0.00842286 -0.01736125 -0.01971848
v 0.00707627 -0.01704725 -0.02014088
v 0.00678911 -0.01658898 -0.02034133
v 0.00707051 -0.01610863 -0.02047458
v 0.00735960 -0.01657639 -0.02029591
v 0.00762704 -0.01700895 -0.02008387
v 0.00817074 -0.01695331 -0.01998704
v 0.00839439 -0.01653150 -0.02009082
v 0.00790832 -0.01652871 -0.02021716
v 0.00763722 -0.01609006 -0.02040740
v 0.00812719 -0.01609906 -0.02030235
v 0.00910224 -0.01846051 -0.01869975
v 0.00863649 -0.01849019 -0.01889356
v 0.00889004 -0.01811717 -0.01907284
v 0.00866312 -0.01775000 -0.01941312
v 0.00917878 -0.01764999 -0.01925129
v 0.00960770 -0.01834301 -0.01850284
v 0.01009363 -0.01819978 -0.01827605
v 0.00989646 -0.01787579 -0.01868130
v 0.00939991 -0.01800749 -0.01889508
v 0.00967793 -0.01752901 -0.01905555
v 0.00940918 -0.01723994 -0.01937111
v 0.00990368 -0.01710800 -0.01915803
v 0.01011285 -0.01667307 -0.01923416
v 0.00889994 -0.01735007 -0.01954913
v 0.00865362 -0.01695134 -0.01983808
v 0.00912527 -0.01693530 -0.01965738
v 0.00887446 -0.01652404 -0.01992986
v 0.00907963 -0.01608862 -0.01999219
v 0.00860881 -0.01609858 -0.02016371
v 0.00962884 -0.01681219 -0.01946363
v 0.00933804 -0.01650767 -0.01973736
v 0.00953722 -0.01606924 -0.01978868
v 0.00983358 -0.01637661 -0.01952623
v 0.01038318 -0.01975000 -0.01566595
v 0.01036717 -0.01957284 -0.01614005
v 0.01074019 -0.01939356 -0.01588649
v 0.01025749 -0.01939508 -0.01664991
v 0.01071051 -0.01919975 -0.01635224
v 0.01059301 -0.01900284 -0.01685770
v 0.01109634 -0.01918665 -0.01562167
v 0.01107448 -0.01900239 -0.01609284
v 0.01141617 -0.01878188 -0.01582203
v 0.01102788 -0.01879614 -0.01654838
v 0.01012579 -0.01918130 -0.01714646
v 0.01044978 -0.01877604 -0.01734363
v 0.01171737 -0.01833584 -0.01600499
v 0.01137926 -0.01858430 -0.01628114
v 0.01131734 -0.01836450 -0.01672728
v 0.01166399 -0.01812360 -0.01645711
v 0.01089819 -0.01858469 -0.01704642
v 0.01028455 -0.01850235 -0.01782366
v 0.01075235 -0.01832366 -0.01753455
v 0.01057366 -0.01803455 -0.01800235
v 0.01083469 -0.01754642 -0.01814819
v 0.01118728 -0.01811693 -0.01722509
v 0.01157709 -0.01790749 -0.01688782
v 0.01180555 -0.01742793 -0.01702901
v 0.01143130 -0.01764646 -0.01737579
v 0.01102604 -0.01784363 -0.01769978
v 0.01125284 -0.01735770 -0.01784301
v 0.01164508 -0.01714991 -0.01750749
v 0.01144975 -0.01685224 -0.01796051
v 0.01164356 -0.01638649 -0.01799019
v 0.01203078 -0.01806576 -0.01571224
v 0.01198416 -0.01786285 -0.01617307
v 0.01227623 -0.01758358 -0.01587661
v 0.01253868 -0.01728722 -0.01556924
v 0.01221363 -0.01737884 -0.01631219
v 0.01190803 -0.01765368 -0.01660800
v 0.01248736 -0.01708804 -0.01600767
v 0.01212111 -0.01715918 -0.01673994
v 0.01240738 -0.01687527 -0.01643530
v 0.01229913 -0.01664994 -0.01685007
v 0.01258808 -0.01640362 -0.01645134
v 0.01274219 -0.01682963 -0.01558862
v 0.01267986 -0.01662446 -0.01602404
v 0.01291371 -0.01635881 -0.01559858
v 0.01284082 -0.01614439 -0.01603150
v 0.01200129 -0.01692878 -0.01714998
v 0.01216312 -0.01641312 -0.01725000
v 0.01246848 -0.01617286 -0.01686125
v 0.01182284 -0.01664004 -0.01761718
v 0.01200000 -0.01616595 -0.01763318
v 0.01036693 -0.01772509 -0.01843728
v 0.01015749 -0.01738782 -0.01882709
v 0.01061450 -0.01722728 -0.01856734
v 0.01083430 -0.01678114 -0.01862926
v 0.01037360 -0.01695711 -0.01891398
v 0.01031576 -0.01621224 -0.01928079
v 0.01058584 -0.01650499 -0.01896737
v 0.01077648 -0.01603626 -0.01899604
v 0.01104614 -0.01704838 -0.01827788
v 0.01125239 -0.01659284 -0.01832448
v 0.01103188 -0.01632203 -0.01866617
v 0.01143665 -0.01612167 -0.01834634
v 0.00678876 -0.01565257 -0.02060196
v 0.00735911 -0.01564006 -0.02055659
v 0.00707570 -0.01518150 -0.02066382
v 0.00678874 -0.01471719 -0.02072842
v 0.00756084 -0.01518280 -0.02060598
v 0.00727269 -0.01471697 -0.02069153
v 0.00784246 -0.01563836 -0.02047832
v 0.00833085 -0.01564366 -0.02036103
v 0.00775717 -0.01471623 -0.02062038
v 0.00804082 -0.01517955 -0.02051475
v 0.00823128 -0.01471597 -0.02051650
v 0.00698399 -0.01425000 -0.02073325
v 0.00746567 -0.01425000 -0.02068307
v 0.00794272 -0.01425000 -0.02059971
v 0.00841287 -0.01425000 -0.02048357
v 0.00881425 -0.01563871 -0.02020877
v 0.00852951 -0.01517799 -0.02038475
v 0.00871744 -0.01471230 -0.02037339
v 0.00900760 -0.01517159 -0.02022013
v 0.00917205 -0.01471192 -0.02020343
v 0.00928145 -0.01562489 -0.02002481
v 0.01002947 -0.01591060 -0.01956251
v 0.00972187 -0.01562211 -0.01981110
v 0.00945655 -0.01517224 -0.02002760
v 0.00961755 -0.01471072 -0.02000049
v 0.01004409 -0.01471030 -0.01976893
v 0.00989109 -0.01516840 -0.01980451
v 0.00887386 -0.01425000 -0.02033520
v 0.00975960 -0.01425000 -0.01994476
v 0.00932349 -0.01425000 -0.02015530
v 0.01181057 -0.01590960 -0.01799778
v 0.01305235 -0.01587719 -0.01559906
v 0.01296716 -0.01565832 -0.01602871
v 0.01315740 -0.01538722 -0.01559006
v 0.01304591 -0.01510960 -0.01607639
v 0.01322458 -0.01482051 -0.01560863
v 0.01273705 -0.01592074 -0.01645331
v 0.01283387 -0.01537704 -0.01650895
v 0.01289088 -0.01482627 -0.01654725
v 0.01324703 -0.01425000 -0.01561483
v 0.01309133 -0.01453911 -0.01608898
v 0.01291264 -0.01425000 -0.01655678
v 0.01257974 -0.01563759 -0.01692983
v 0.01229003 -0.01588412 -0.01732844
v 0.01238125 -0.01534504 -0.01738481
v 0.01265541 -0.01508829 -0.01697617
v 0.01243620 -0.01479921 -0.01741877
v 0.01211053 -0.01563092 -0.01770159
v 0.01190288 -0.01536729 -0.01805819
v 0.01218519 -0.01508355 -0.01774798
v 0.01196143 -0.01481799 -0.01809168
v 0.01245456 -0.01425000 -0.01743012
v 0.01222266 -0.01453473 -0.01777120
v 0.01197950 -0.01425000 -0.01810604
v 0.01269332 -0.01453909 -0.01699949
v 0.01049876 -0.01574116 -0.01929854
v 0.01094205 -0.01556202 -0.01899850
v 0.01066427 -0.01528189 -0.01928119
v 0.01080949 -0.01481760 -0.01923690
v 0.01120624 -0.01585230 -0.01867788
v 0.01135646 -0.01537435 -0.01866432
v 0.01159571 -0.01564532 -0.01834204
v 0.01167220 -0.01509835 -0.01838989
v 0.01140435 -0.01481401 -0.01871278
v 0.01109397 -0.01509801 -0.01896309
v 0.01082373 -0.01425000 -0.01925503
v 0.01170447 -0.01453474 -0.01842252
v 0.01142035 -0.01425000 -0.01872897
v 0.01112619 -0.01453449 -0.01899571
v 0.01020395 -0.01545772 -0.01956568
v 0.01036301 -0.01499546 -0.01953977
v 0.01050439 -0.01453448 -0.01948445
v 0.01018012 -0.01425000 -0.01970456
v -0.01350000 0.01425000 -0.01375000
v -0.01347842 0.01453874 -0.01421719
v -0.01348325 0.01473399 -0.01375000
v -0.01343307 0.01521567 -0.01375000
v -0.01344153 0.01502270 -0.01421697
v -0.01334971 0.01569272 -0.01375000
v -0.01337038 0.01550717 -0.01421623
v -0.01343732 0.01425000 -0.01468466
v -0.01335196 0.01453876 -0.01515257
v -0.01341382 0.01482570 -0.01468150
v -0.01335598 0.01531084 -0.01468279
v -0.01326475 0.01579082 -0.01467955
v -0.01330659 0.01510911 -0.01514006
v -0.01322832 0.01559246 -0.01513836
v -0.01323357 0.01616286 -0.01375000
v -0.01326650 0.01598128 -0.01421597
v -0.01312338 0.01646744 -0.01421230
v -0.01308520 0.01662386 -0.01375000
v -0.01290530 0.01707349 -0.01375000
v -0.01295343 0.01692205 -0.01421192
v -0.01269475 0.01750960 -0.01375000
v -0.01275049 0.01736755 -0.01421072
v -0.01251893 0.01779409 -0.01421030
v -0.01245456 0.01793012 -0.01375000
v -0.01223445 0.01825439 -0.01403448
v -0.01200503 0.01857373 -0.01375000
v -0.01313475 0.01627951 -0.01467799
v -0.01297013 0.01675760 -0.01467159
v -0.01277760 0.01720655 -0.01467224
v -0.01311103 0.01608085 -0.01514366
v -0.01295877 0.01656425 -0.01513871
v -0.01277481 0.01703145 -0.01512489
v -0.01255450 0.01764109 -0.01466840
v -0.01228977 0.01811301 -0.01449546
v -0.01198690 0.01855949 -0.01431760
v -0.01203119 0.01841427 -0.01478189
v -0.01256110 0.01747187 -0.01512211
v -0.01231251 0.01777947 -0.01541060
v -0.01231569 0.01795395 -0.01495772
v -0.01204854 0.01824876 -0.01524116
v -0.01174605 0.01852648 -0.01553626
v -0.01147897 0.01917035 -0.01375000
v -0.01174571 0.01887619 -0.01403449
v -0.01117252 0.01945447 -0.01403474
v -0.01085604 0.01972950 -0.01375000
v -0.01018012 0.02020456 -0.01375000
v -0.01052120 0.01997266 -0.01403473
v -0.01146278 0.01915435 -0.01431401
v -0.01171309 0.01884397 -0.01459801
v -0.01141432 0.01910646 -0.01487435
v -0.01113989 0.01942220 -0.01459835
v -0.01174850 0.01869206 -0.01506202
v -0.01142788 0.01895624 -0.01535230
v -0.01109204 0.01934571 -0.01514532
v -0.01084168 0.01971143 -0.01431799
v -0.01080819 0.01965288 -0.01486729
v -0.01074778 0.01956057 -0.01540960
v -0.01045159 0.01986052 -0.01513092
v -0.01049798 0.01993519 -0.01458355
v -0.01016877 0.02018620 -0.01429921
v -0.01013481 0.02013125 -0.01484504
v -0.00974949 0.02044332 -0.01403909
v -0.00930678 0.02066264 -0.01375000
v -0.00883898 0.02084133 -0.01403911
v -0.00972617 0.02040541 -0.01458829
v -0.00929725 0.02064088 -0.01432627
v -0.01007844 0.02004003 -0.01538412
v -0.00967983 0.02032974 -0.01513759
v -0.00925895 0.02058387 -0.01487704
v -0.00882639 0.02079591 -0.01460960
v -0.00920331 0.02048705 -0.01542074
v -0.00877871 0.02071716 -0.01515832
v -0.00836483 0.02099703 -0.01375000
v -0.00790257 0.02110196 -0.01403876
v -0.00743466 0.02118732 -0.01375000
v -0.00696719 0.02122842 -0.01403874
v -0.00835863 0.02097458 -0.01432051
v -0.00834006 0.02090740 -0.01488722
v -0.00789006 0.02105659 -0.01460911
v -0.00834906 0.02080235 -0.01537719
v -0.00788836 0.02097832 -0.01509246
v -0.00743150 0.02116382 -0.01432570
v -0.00743279 0.02110598 -0.01481084
v -0.00696697 0.02119153 -0.01452269
v -0.00742955 0.02101475 -0.01529082
v -0.00696623 0.02112038 -0.01500717
v -0.00696597 0.02101650 -0.01548128
v -0.01324703 0.01425000 -0.01561483
v -0.01309133 0.01453911 -0.01608898
v -0.01291264 0.01425000 -0.01655678
v -0.01322458 0.01482051 -0.01560863
v -0.01304591 0.01510960 -0.01607639
v -0.01315740 0.01538722 -0.01559006
v -0.01305235 0.01587719 -0.01559906
v -0.01296716 0.01565832 -0.01602871
v -0.01289088 0.01482627 -0.01654725
v -0.01283387 0.01537704 -0.01650895
v -0.01273705 0.01592074 -0.01645331
v -0.01269332 0.01453909 -0.01699949
v -0.01245456 0.01425000 -0.01743012
v -0.01222266 0.01453473 -0.01777120
v -0.01197950 0.01425000 -0.01810604
v -0.01265541 0.01508829 -0.01697617
v -0.01243620 0.01479921 -0.01741877
v -0.01257974 0.01563759 -0.01692983
v -0.01238125 0.01534504 -0.01738481
v -0.01229003 0.01588412 -0.01732844
v -0.01218519 0.01508355 -0.01774798
v -0.01196143 0.01481799 -0.01809168
v -0.01211053 0.01563092 -0.01770159
v -0.01190288 0.01536729 -0.01805819
v -0.01181057 0.01590960 -0.01799778
v -0.01170447 0.01453474 -0.01842252
v -0.01142035 0.01425000 -0.01872897
v -0.01112619 0.01453449 -0.01899571
v -0.01082373 0.01425000 -0.01925503
v -0.01167220 0.01509835 -0.01838989
v -0.01140435 0.01481401 -0.01871278
v -0.01159571 0.01564532 -0.01834204
v -0.01135646 0.01537435 -0.01866432
v -0.01120624 0.01585230 -0.01867788
v -0.01109397 0.01509801 -0.01896309
v -0.01080949 0.01481760 -0.01923690
v -0.01094205 0.01556202 -0.01899850
v -0.01066427 0.01528189 -0.01928119
v -0.01049876 0.01574116 -0.01929854
v -0.01018012 0.01425000 -0.01970456
v -0.01050439 0.01453448 -0.01948445
v -0.01036301 0.01499546 -0.01953977
v -0.01020395 0.01545772 -0.01956568
v -0.00975960 0.01425000 -0.01994476
v -0.00932349 0.01425000 -0.02015530
v -0.00887386 0.01425000 -0.02033520
v -0.01004409 0.01471030 -0.01976893
v -0.00989109 0.01516840 -0.01980451
v -0.00961755 0.01471072 -0.02000049
v -0.00945655 0.01517224 -0.02002760
v -0.01002947 0.01591060 -0.01956251
v -0.00972187 0.01562211 -0.01981110
v -0.00928145 0.01562489 -0.02002481
v -0.00917205 0.01471192 -0.02020343
v -0.00900760 0.01517159 -0.02022013
v -0.00871744 0.01471230 -0.02037339
v -0.00852951 0.01517799 -0.02038475
v -0.00881425 0.01563871 -0.02020877
v -0.00841287 0.01425000 -0.02048357
v -0.00794272 0.01425000 -0.02059971
v -0.00746567 0.01425000 -0.02068307
v -0.00698399 0.01425000 -0.02073325
v -0.00823128 0.01471597 -0.02051650
v -0.00804082 0.01517955 -0.02051475
v -0.00775717 0.01471623 -0.02062038
v -0.00833085 0.01564366 -0.02036103
v -0.00784246 0.01563836 -0.02047832
v -0.00727269 0.01471697 -0.02069153
v -0.00756084 0.01518280 -0.02060598
v -0.00678874 0.01471719 -0.02072842
v -0.00707570 0.01518150 -0.02066382
v -0.00735911 0.01564006 -0.02055659
v -0.00678876 0.01565257 -0.02060196
v -0.01291371 0.01635881 -0.01559858
v -0.01284082 0.01614439 -0.01603150
v -0.01274219 0.01682963 -0.01558862
v -0.01267986 0.01662446 -0.01602404
v -0.01248736 0.01708804 -0.01600767
v -0.01258808 0.01640362 -0.01645134
v -0.01240738 0.01687527 -0.01643530
v -0.01229913 0.01664994 -0.01685007
v -0.01212111 0.01715918 -0.01673994
v -0.01253868 0.01728722 -0.01556924
v -0.01227623 0.01758358 -0.01587661
v -0.01198416 0.01786285 -0.01617307
v -0.01203078 0.01806576 -0.01571224
v -0.01221363 0.01737884 -0.01631219
v -0.01190803 0.01765368 -0.01660800
v -0.01246848 0.01617286 -0.01686125
v -0.01216312 0.01641312 -0.01725000
v -0.01200129 0.01692878 -0.01714998
v -0.01200000 0.01616595 -0.01763318
v -0.01182284 0.01664004 -0.01761718
v -0.01171737 0.01833584 -0.01600499
v -0.01166399 0.01812360 -0.01645711
v -0.01137926 0.01858430 -0.01628114
v -0.01131734 0.01836450 -0.01672728
v -0.01164508 0.01714991 -0.01750749
v -0.01164356 0.01638649 -0.01799019
v -0.01144975 0.01685224 -0.01796051
v -0.01180555 0.01742793 -0.01702901
v -0.01157709 0.01790749 -0.01688782
v -0.01143130 0.01764646 -0.01737579
v -0.01118728 0.01811693 -0.01722509
v -0.01102604 0.01784363 -0.01769978
v -0.01125284 0.01735770 -0.01784301
v -0.01089819 0.01858469 -0.01704642
v -0.01083469 0.01754642 -0.01814819
v -0.01075235 0.01832366 -0.01753455
v -0.01057366 0.01803455 -0.01800235
v -0.01028455 0.01850235 -0.01782366
v -0.01141617 0.01878188 -0.01582203
v -0.01109634 0.01918665 -0.01562167
v -0.01107448 0.01900239 -0.01609284
v -0.01102788 0.01879614 -0.01654838
v -0.01074019 0.01939356 -0.01588649
v -0.01038318 0.01975000 -0.01566595
v -0.01036717 0.01957284 -0.01614005
v -0.01071051 0.01919975 -0.01635224
v -0.01059301 0.01900284 -0.01685770
v -0.01025749 0.01939508 -0.01664991
v -0.01012579 0.01918130 -0.01714646
v -0.01044978 0.01877604 -0.01734363
v -0.01143665 0.01612167 -0.01834634
v -0.01125239 0.01659284 -0.01832448
v -0.01103188 0.01632203 -0.01866617
v -0.01104614 0.01704838 -0.01827788
v -0.01083430 0.01678114 -0.01862926
v -0.01061450 0.01722728 -0.01856734
v -0.01077648 0.01603626 -0.01899604
v -0.01058584 0.01650499 -0.01896737
v -0.01031576 0.01621224 -0.01928079
v -0.01037360 0.01695711 -0.01891398
v -0.01036693 0.01772509 -0.01843728
v -0.01015749 0.01738782 -0.01882709
v -0.01000000 0.01991312 -0.01591312
v -0.00989999 0.01975129 -0.01642878
v -0.00948994 0.01987111 -0.01665918
v -0.00961125 0.02021848 -0.01567286
v -0.00960007 0.02004913 -0.01614994
v -0.00920134 0.02033808 -0.01590362
v -0.00877404 0.02042986 -0.01612446
v -0.00878150 0.02059082 -0.01564439
v -0.00918530 0.02015738 -0.01637527
v -0.00875767 0.02023736 -0.01658804
v -0.00977901 0.01955555 -0.01692793
v -0.00935800 0.01965803 -0.01715368
v -0.00963782 0.01932709 -0.01740749
v -0.00997509 0.01893728 -0.01761693
v -0.00979642 0.01864819 -0.01808469
v -0.00947728 0.01906734 -0.01786450
v -0.00892307 0.01973416 -0.01736285
v -0.00903114 0.01912926 -0.01808430
v -0.00920711 0.01941399 -0.01762360
v -0.00846224 0.01978078 -0.01756576
v -0.00875499 0.01946737 -0.01783584
v -0.00906219 0.01996363 -0.01687884
v -0.00862661 0.02002623 -0.01708358
v -0.00834858 0.02066371 -0.01585881
v -0.00789366 0.02086103 -0.01558085
v -0.00788871 0.02070877 -0.01606425
v -0.00833862 0.02049219 -0.01632963
v -0.00831924 0.02028868 -0.01678722
v -0.00787489 0.02052481 -0.01653145
v -0.00742799 0.02088475 -0.01577951
v -0.00696230 0.02087338 -0.01596744
v -0.00742224 0.02052760 -0.01670654
v -0.00742159 0.02072013 -0.01625760
v -0.00696192 0.02070343 -0.01642205
v -0.00828626 0.01949605 -0.01802648
v -0.00799116 0.01979855 -0.01774876
v -0.00753189 0.01978119 -0.01791427
v -0.00706760 0.01973690 -0.01805949
v -0.00816060 0.02006251 -0.01727947
v -0.00787211 0.02031110 -0.01697187
v -0.00770772 0.02006569 -0.01745394
v -0.00741840 0.02030450 -0.01714109
v -0.00696072 0.02050049 -0.01686756
v -0.00696030 0.02026893 -0.01729409
v -0.00724546 0.02003977 -0.01761301
v -0.00678448 0.01998445 -0.01775439
v -0.01011285 0.01667307 -0.01923416
v -0.00990368 0.01710800 -0.01915803
v -0.00940918 0.01723994 -0.01937111
v -0.00989646 0.01787579 -0.01868130
v -0.01009363 0.01819978 -0.01827605
v -0.00960770 0.01834301 -0.01850284
v -0.00967793 0.01752901 -0.01905555
v -0.00939991 0.01800749 -0.01889508
v -0.00910224 0.01846051 -0.01869975
v -0.00917878 0.01764999 -0.01925129
v -0.00866312 0.01775000 -0.01941312
v -0.00889004 0.01811717 -0.01907284
v -0.00863649 0.01849019 -0.01889356
v -0.00983358 0.01637661 -0.01952623
v -0.00933804 0.01650767 -0.01973736
v -0.00953722 0.01606924 -0.01978868
v -0.00962884 0.01681219 -0.01946363
v -0.00907963 0.01608862 -0.01999219
v -0.00887446 0.01652404 -0.01992986
v -0.00912527 0.01693530 -0.01965738
v -0.00865362 0.01695134 -0.01983808
v -0.00860881 0.01609858 -0.02016371
v -0.00889994 0.01735007 -0.01954913
v -0.00815960 0.01849778 -0.01906057
v -0.00841595 0.01813318 -0.01925001
v -0.00788092 0.01820159 -0.01936053
v -0.00761729 0.01855819 -0.01915288
v -0.00733355 0.01824798 -0.01943519
v -0.00706799 0.01859168 -0.01921143
v -0.00839439 0.01653150 -0.02009082
v -0.00817074 0.01695331 -0.01998704
v -0.00762704 0.01700895 -0.02008387
v -0.00812719 0.01609906 -0.02030235
v -0.00763722 0.01609006 -0.02040740
v -0.00790832 0.01652871 -0.02021716
v -0.00735960 0.01657639 -0.02029591
v -0.00678911 0.01658898 -0.02034133
v -0.00707051 0.01610863 -0.02047458
v -0.00707627 0.01704725 -0.02014088
v -0.00842286 0.01736125 -0.01971848
v -0.00813412 0.01782844 -0.01954003
v -0.00759504 0.01788481 -0.01963125
v -0.00788759 0.01742983 -0.01982974
v -0.00733829 0.01747617 -0.01990541
v -0.00704921 0.01791877 -0.01968620
v -0.00678909 0.01749949 -0.01994332
v -0.00678473 0.01827120 -0.01947266
v -0.00929838 0.01877788 -0.01829614
v -0.00857203 0.01916617 -0.01828188
v -0.00884284 0.01882448 -0.01850239
v -0.00810230 0.01917788 -0.01845624
v -0.00837167 0.01884634 -0.01868665
v -0.00762435 0.01916433 -0.01860646
v -0.00781202 0.01949850 -0.01819205
v -0.00789532 0.01884204 -0.01884571
v -0.00706401 0.01921278 -0.01865435
v -0.00734801 0.01946309 -0.01834397
v -0.00678449 0.01949571 -0.01837619
v -0.00734835 0.01888989 -0.01892220
v -0.00678474 0.01892252 -0.01895447
v -0.00650000 0.02125000 -0.01375000
v -0.00650000 0.02123325 -0.01423399
v -0.00650000 0.02118307 -0.01471567
v -0.00650000 0.02109971 -0.01519272
v -0.00045000 0.02125000 -0.01375000
v -0.00045000 0.02123325 -0.01423399
v -0.00045000 0.02118307 -0.01471567
v -0.00045000 0.02109971 -0.01519272
v -0.00650000 0.01425000 -0.02075000
v -0.00650000 0.01518466 -0.02068732
v -0.00045000 0.01425000 -0.02075000
v -0.00045000 0.01471719 -0.02072842
v -0.00045000 0.01518466 -0.02068732
v -0.00045000 0.01565257 -0.02060196
v -0.00650000 0.02098357 -0.01566287
v -0.00650000 0.02083519 -0.01612386
v -0.00650000 0.02065530 -0.01657349
v -0.00650000 0.01975503 -0.01807373
v -0.00650000 0.02044475 -0.01700960
v -0.00650000 0.02020456 -0.01743012
v -0.00650000 0.01611483 -0.02049703
v -0.00650000 0.01705678 -0.02016264
v -0.00650000 0.01793012 -0.01970456
v -0.00650000 0.01922897 -0.01867035
v -0.00650000 0.01860604 -0.01922950
v -0.00045000 0.02098357 -0.01566287
v -0.00045000 0.02083519 -0.01612386
v -0.00045000 0.02080000 -0.01621182
v -0.00045000 0.01658898 -0.02034133
v -0.00045000 0.01611483 -0.02049703
v -0.00045000 0.01669717 -0.02030000
v 0.00850000 0.00018000 -0.00307000
v 0.00854187 0.00048059 -0.00307000
v 0.00866428 0.00075830 -0.00307000
v 0.00902170 0.00111572 -0.00307000
v 0.00855384 0.00035871 -0.00335915
v 0.00865106 0.00065728 -0.00335588
v 0.00866428 0.00018000 -0.00364830
v 0.00871008 0.00051992 -0.00362000
v 0.00883684 0.00035668 -0.00384225
v 0.00895344 0.00064786 -0.00382701
v 0.00882775 0.00094316 -0.00324668
v 0.00884299 0.00082656 -0.00353786
v 0.00905000 0.00106992 -0.00340992
v 0.00913214 0.00093701 -0.00371656
v 0.00960000 0.00128000 -0.00307000
v 0.00931085 0.00122616 -0.00324871
v 0.00931412 0.00112894 -0.00354728
v 0.00960000 0.00123813 -0.00337059
v 0.00942332 0.00095225 -0.00383316
v 0.00960000 0.00111572 -0.00364830
v 0.00902170 0.00018000 -0.00400572
v 0.00912272 0.00046588 -0.00401894
v 0.00926008 0.00073000 -0.00395992
v 0.00929941 0.00018000 -0.00412813
v 0.00960000 0.00018000 -0.00417000
v 0.00942129 0.00046915 -0.00411616
v 0.00960000 0.00075830 -0.00400572
v 0.01340000 0.00128000 -0.00307000
v 0.01350000 0.00126138 -0.00313180
v 0.01340000 0.00123813 -0.00337059
v 0.01350000 0.00123399 -0.00332844
v 0.01350000 0.00119994 -0.00343240
v 0.01350000 0.00095225 -0.00383316
v 0.01350000 0.00112034 -0.00361297
v 0.01340000 0.00111572 -0.00364830
v 0.01350000 0.00102320 -0.00375293
v 0.01340000 0.00018000 -0.00417000
v 0.01350000 0.00018000 -0.00415607
v 0.01350000 0.00046915 -0.00411616
v 0.01350000 0.00034180 -0.00413987
v 0.01350000 0.00059650 -0.00406752
v 0.01340000 0.00075830 -0.00400572
v 0.01350000 0.00074998 -0.00399224
v 0.01350000 0.00086807 -0.00390805
v 0.00045000 0.02125000 -0.01375000
v 0.00045000 0.02123325 -0.01423399
v 0.00045000 0.02118307 -0.01471567
v 0.00045000 0.02109971 -0.01519272
v 0.00650000 0.02125000 -0.01375000
v 0.00650000 0.02123325 -0.01423399
v 0.00650000 0.02118307 -0.01471567
v 0.00650000 0.02109971 -0.01519272
v 0.00045000 0.01425000 -0.02075000
v 0.00045000 0.01471719 -0.02072842
v 0.00045000 0.01518466 -0.02068732
v 0.00045000 0.01565257 -0.02060196
v 0.00650000 0.01425000 -0.02075000
v 0.00650000 0.01518466 -0.02068732
v 0.00045000 0.02098357 -0.01566287
v 0.00045000 0.02083519 -0.01612386
v 0.00045000 0.02080000 -0.01621182
v 0.00045000 0.01658898 -0.02034133
v 0.00045000 0.01611483 -0.02049703
v 0.00045000 0.01669717 -0.02030000
v 0.00650000 0.02098357 -0.01566287
v 0.00650000 0.02083519 -0.01612386
v 0.00650000 0.02065530 -0.01657349
v 0.00650000 0.01975503 -0.01807373
v 0.00650000 0.02044475 -0.01700960
v 0.00650000 0.02020456 -0.01743012
v 0.00650000 0.01611483 -0.02049703
v 0.00650000 0.01705678 -0.02016264
v 0.00650000 0.01793012 -0.01970456
v 0.00650000 0.01922897 -0.01867035
v 0.00650000 0.01860604 -0.01922950
v 0.01350000 0.01425000 -0.01375000
v 0.01347842 0.01453874 -0.01421719
v 0.01348325 0.01473399 -0.01375000
v 0.01343307 0.01521567 -0.01375000
v 0.01344153 0.01502270 -0.01421697
v 0.01334971 0.01569272 -0.01375000
v 0.01337038 0.01550717 -0.01421623
v 0.01343732 0.01425000 -0.01468466
v 0.01335196 0.01453876 -0.01515257
v 0.01341382 0.01482570 -0.01468150
v 0.01335598 0.01531084 -0.01468279
v 0.01326475 0.01579082 -0.01467955
v 0.01330659 0.01510911 -0.01514006
v 0.01322832 0.01559246 -0.01513836
v 0.00696719 0.02122842 -0.01403874
v 0.00743466 0.02118732 -0.01375000
v 0.00790257 0.02110196 -0.01403876
v 0.00836483 0.02099703 -0.01375000
v 0.00696697 0.02119153 -0.01452269
v 0.00743150 0.02116382 -0.01432570
v 0.00743279 0.02110598 -0.01481084
v 0.00696623 0.02112038 -0.01500717
v 0.00696597 0.02101650 -0.01548128
v 0.00742955 0.02101475 -0.01529082
v 0.00789006 0.02105659 -0.01460911
v 0.00835863 0.02097458 -0.01432051
v 0.00834006 0.02090740 -0.01488722
v 0.00788836 0.02097832 -0.01509246
v 0.00834906 0.02080235 -0.01537719
v 0.00883898 0.02084133 -0.01403911
v 0.00974949 0.02044332 -0.01403909
v 0.00930678 0.02066264 -0.01375000
v 0.00925895 0.02058387 -0.01487704
v 0.00882639 0.02079591 -0.01460960
v 0.00920331 0.02048705 -0.01542074
v 0.00877871 0.02071716 -0.01515832
v 0.00972617 0.02040541 -0.01458829
v 0.00929725 0.02064088 -0.01432627
v 0.00967983 0.02032974 -0.01513759
v 0.01007844 0.02004003 -0.01538412
v 0.01174605 0.01852648 -0.01553626
v 0.01323357 0.01616286 -0.01375000
v 0.01326650 0.01598128 -0.01421597
v 0.01312338 0.01646744 -0.01421230
v 0.01290530 0.01707349 -0.01375000
v 0.01295343 0.01692205 -0.01421192
v 0.01308520 0.01662386 -0.01375000
v 0.01251893 0.01779409 -0.01421030
v 0.01200503 0.01857373 -0.01375000
v 0.01245456 0.01793012 -0.01375000
v 0.01223445 0.01825439 -0.01403448
v 0.01269475 0.01750960 -0.01375000
v 0.01275049 0.01736755 -0.01421072
v 0.01313475 0.01627951 -0.01467799
v 0.01297013 0.01675760 -0.01467159
v 0.01277760 0.01720655 -0.01467224
v 0.01295877 0.01656425 -0.01513871
v 0.01311103 0.01608085 -0.01514366
v 0.01277481 0.01703145 -0.01512489
v 0.01255450 0.01764109 -0.01466840
v 0.01198690 0.01855949 -0.01431760
v 0.01203119 0.01841427 -0.01478189
v 0.01228977 0.01811301 -0.01449546
v 0.01256110 0.01747187 -0.01512211
v 0.01231251 0.01777947 -0.01541060
v 0.01204854 0.01824876 -0.01524116
v 0.01231569 0.01795395 -0.01495772
v 0.01085604 0.01972950 -0.01375000
v 0.01147897 0.01917035 -0.01375000
v 0.01174571 0.01887619 -0.01403449
v 0.01117252 0.01945447 -0.01403474
v 0.01018012 0.02020456 -0.01375000
v 0.01052120 0.01997266 -0.01403473
v 0.01084168 0.01971143 -0.01431799
v 0.01080819 0.01965288 -0.01486729
v 0.01045159 0.01986052 -0.01513092
v 0.01074778 0.01956057 -0.01540960
v 0.01146278 0.01915435 -0.01431401
v 0.01171309 0.01884397 -0.01459801
v 0.01141432 0.01910646 -0.01487435
v 0.01113989 0.01942220 -0.01459835
v 0.01174850 0.01869206 -0.01506202
v 0.01142788 0.01895624 -0.01535230
v 0.01109204 0.01934571 -0.01514532
v 0.01016877 0.02018620 -0.01429921
v 0.01049798 0.01993519 -0.01458355
v 0.01013481 0.02013125 -0.01484504
v 0.00698399 0.01425000 -0.02073325
v 0.00746567 0.01425000 -0.02068307
v 0.00794272 0.01425000 -0.02059971
v 0.00841287 0.01425000 -0.02048357
v 0.00678874 0.01471719 -0.02072842
v 0.00707570 0.01518150 -0.02066382
v 0.00727269 0.01471697 -0.02069153
v 0.00756084 0.01518280 -0.02060598
v 0.00678876 0.01565257 -0.02060196
v 0.00735911 0.01564006 -0.02055659
v 0.00775717 0.01471623 -0.02062038
v 0.00823128 0.01471597 -0.02051650
v 0.00804082 0.01517955 -0.02051475
v 0.00784246 0.01563836 -0.02047832
v 0.00833085 0.01564366 -0.02036103
v 0.00887386 0.01425000 -0.02033520
v 0.00975960 0.01425000 -0.01994476
v 0.00932349 0.01425000 -0.02015530
v 0.00871744 0.01471230 -0.02037339
v 0.00852951 0.01517799 -0.02038475
v 0.00917205 0.01471192 -0.02020343
v 0.00900760 0.01517159 -0.02022013
v 0.00881425 0.01563871 -0.02020877
v 0.00961755 0.01471072 -0.02000049
v 0.00945655 0.01517224 -0.02002760
v 0.01004409 0.01471030 -0.01976893
v 0.00989109 0.01516840 -0.01980451
v 0.00928145 0.01562489 -0.02002481
v 0.01002947 0.01591060 -0.01956251
v 0.00972187 0.01562211 -0.01981110
v 0.01181057 0.01590960 -0.01799778
v 0.01324703 0.01425000 -0.01561483
v 0.01309133 0.01453911 -0.01608898
v 0.01291264 0.01425000 -0.01655678
v 0.01304591 0.01510960 -0.01607639
v 0.01322458 0.01482051 -0.01560863
v 0.01305235 0.01587719 -0.01559906
v 0.01296716 0.01565832 -0.01602871
v 0.01315740 0.01538722 -0.01559006
v 0.01289088 0.01482627 -0.01654725
v 0.01283387 0.01537704 -0.01650895
v 0.01273705 0.01592074 -0.01645331
v 0.01245456 0.01425000 -0.01743012
v 0.01222266 0.01453473 -0.01777120
v 0.01197950 0.01425000 -0.01810604
v 0.01269332 0.01453909 -0.01699949
v 0.01265541 0.01508829 -0.01697617
v 0.01243620 0.01479921 -0.01741877
v 0.01257974 0.01563759 -0.01692983
v 0.01238125 0.01534504 -0.01738481
v 0.01229003 0.01588412 -0.01732844
v 0.01218519 0.01508355 -0.01774798
v 0.01196143 0.01481799 -0.01809168
v 0.01211053 0.01563092 -0.01770159
v 0.01190288 0.01536729 -0.01805819
v 0.01082373 0.01425000 -0.01925503
v 0.01170447 0.01453474 -0.01842252
v 0.01142035 0.01425000 -0.01872897
v 0.01112619 0.01453449 -0.01899571
v 0.01080949 0.01481760 -0.01923690
v 0.01049876 0.01574116 -0.01929854
v 0.01094205 0.01556202 -0.01899850
v 0.01066427 0.01528189 -0.01928119
v 0.01167220 0.01509835 -0.01838989
v 0.01140435 0.01481401 -0.01871278
v 0.01135646 0.01537435 -0.01866432
v 0.01120624 0.01585230 -0.01867788
v 0.01159571 0.01564532 -0.01834204
v 0.01109397 0.01509801 -0.01896309
v 0.01018012 0.01425000 -0.01970456
v 0.01050439 0.01453448 -0.01948445
v 0.01036301 0.01499546 -0.01953977
v 0.01020395 0.01545772 -0.01956568
v 0.00696230 0.02087338 -0.01596744
v 0.00742799 0.02088475 -0.01577951
v 0.00742224 0.02052760 -0.01670654
v 0.00696192 0.02070343 -0.01642205
v 0.00742159 0.02072013 -0.01625760
v 0.00789366 0.02086103 -0.01558085
v 0.00788871 0.02070877 -0.01606425
v 0.00834858 0.02066371 -0.01585881
v 0.00787489 0.02052481 -0.01653145
v 0.00833862 0.02049219 -0.01632963
v 0.00831924 0.02028868 -0.01678722
v 0.00706760 0.01973690 -0.01805949
v 0.00753189 0.01978119 -0.01791427
v 0.00799116 0.01979855 -0.01774876
v 0.00828626 0.01949605 -0.01802648
v 0.00696072 0.02050049 -0.01686756
v 0.00696030 0.02026893 -0.01729409
v 0.00741840 0.02030450 -0.01714109
v 0.00678448 0.01998445 -0.01775439
v 0.00724546 0.02003977 -0.01761301
v 0.00787211 0.02031110 -0.01697187
v 0.00770772 0.02006569 -0.01745394
v 0.00816060 0.02006251 -0.01727947
v 0.01000000 0.01991312 -0.01591312
v 0.00948994 0.01987111 -0.01665918
v 0.00989999 0.01975129 -0.01642878
v 0.00877404 0.02042986 -0.01612446
v 0.00920134 0.02033808 -0.01590362
v 0.00878150 0.02059082 -0.01564439
v 0.00875767 0.02023736 -0.01658804
v 0.00918530 0.02015738 -0.01637527
v 0.00961125 0.02021848 -0.01567286
v 0.00960007 0.02004913 -0.01614994
v 0.00892307 0.01973416 -0.01736285
v 0.00903114 0.01912926 -0.01808430
v 0.00846224 0.01978078 -0.01756576
v 0.00875499 0.01946737 -0.01783584
v 0.00920711 0.01941399 -0.01762360
v 0.00935800 0.01965803 -0.01715368
v 0.00963782 0.01932709 -0.01740749
v 0.00977901 0.01955555 -0.01692793
v 0.00947728 0.01906734 -0.01786450
v 0.00997509 0.01893728 -0.01761693
v 0.00979642 0.01864819 -0.01808469
v 0.00862661 0.02002623 -0.01708358
v 0.00906219 0.01996363 -0.01687884
v 0.00706799 0.01859168 -0.01921143
v 0.00733355 0.01824798 -0.01943519
v 0.00788092 0.01820159 -0.01936053
v 0.00761729 0.01855819 -0.01915288
v 0.00815960 0.01849778 -0.01906057
v 0.00841595 0.01813318 -0.01925001
v 0.00678911 0.01658898 -0.02034133
v 0.00707051 0.01610863 -0.02047458
v 0.00735960 0.01657639 -0.02029591
v 0.00707627 0.01704725 -0.02014088
v 0.00839439 0.01653150 -0.02009082
v 0.00762704 0.01700895 -0.02008387
v 0.00817074 0.01695331 -0.01998704
v 0.00763722 0.01609006 -0.02040740
v 0.00790832 0.01652871 -0.02021716
v 0.00812719 0.01609906 -0.02030235
v 0.00704921 0.01791877 -0.01968620
v 0.00678909 0.01749949 -0.01994332
v 0.00733829 0.01747617 -0.01990541
v 0.00678473 0.01827120 -0.01947266
v 0.00759504 0.01788481 -0.01963125
v 0.00788759 0.01742983 -0.01982974
v 0.00842286 0.01736125 -0.01971848
v 0.00813412 0.01782844 -0.01954003
v 0.00940918 0.01723994 -0.01937111
v 0.01011285 0.01667307 -0.01923416
v 0.00990368 0.01710800 -0.01915803
v 0.00910224 0.01846051 -0.01869975
v 0.00866312 0.01775000 -0.01941312
v 0.00917878 0.01764999 -0.01925129
v 0.00863649 0.01849019 -0.01889356
v 0.00889004 0.01811717 -0.01907284
v 0.00989646 0.01787579 -0.01868130
v 0.00960770 0.01834301 -0.01850284
v 0.01009363 0.01819978 -0.01827605
v 0.00967793 0.01752901 -0.01905555
v 0.00939991 0.01800749 -0.01889508
v 0.00907963 0.01608862 -0.01999219
v 0.00887446 0.01652404 -0.01992986
v 0.00865362 0.01695134 -0.01983808
v 0.00912527 0.01693530 -0.01965738
v 0.00860881 0.01609858 -0.02016371
v 0.00933804 0.01650767 -0.01973736
v 0.00953722 0.01606924 -0.01978868
v 0.00983358 0.01637661 -0.01952623
v 0.00962884 0.01681219 -0.01946363
v 0.00889994 0.01735007 -0.01954913
v 0.00706401 0.01921278 -0.01865435
v 0.00678449 0.01949571 -0.01837619
v 0.00734801 0.01946309 -0.01834397
v 0.00678474 0.01892252 -0.01895447
v 0.00734835 0.01888989 -0.01892220
v 0.00762435 0.01916433 -0.01860646
v 0.00810230 0.01917788 -0.01845624
v 0.00837167 0.01884634 -0.01868665
v 0.00781202 0.01949850 -0.01819205
v 0.00789532 0.01884204 -0.01884571
v 0.00857203 0.01916617 -0.01828188
v 0.00884284 0.01882448 -0.01850239
v 0.00929838 0.01877788 -0.01829614
v 0.01171737 0.01833584 -0.01600499
v 0.01137926 0.01858430 -0.01628114
v 0.01131734 0.01836450 -0.01672728
v 0.01166399 0.01812360 -0.01645711
v 0.01164508 0.01714991 -0.01750749
v 0.01164356 0.01638649 -0.01799019
v 0.01144975 0.01685224 -0.01796051
v 0.01089819 0.01858469 -0.01704642
v 0.01083469 0.01754642 -0.01814819
v 0.01028455 0.01850235 -0.01782366
v 0.01075235 0.01832366 -0.01753455
v 0.01057366 0.01803455 -0.01800235
v 0.01180555 0.01742793 -0.01702901
v 0.01157709 0.01790749 -0.01688782
v 0.01143130 0.01764646 -0.01737579
v 0.01118728 0.01811693 -0.01722509
v 0.01102604 0.01784363 -0.01769978
v 0.01125284 0.01735770 -0.01784301
v 0.01248736 0.01708804 -0.01600767
v 0.01258808 0.01640362 -0.01645134
v 0.01212111 0.01715918 -0.01673994
v 0.01240738 0.01687527 -0.01643530
v 0.01229913 0.01664994 -0.01685007
v 0.01291371 0.01635881 -0.01559858
v 0.01284082 0.01614439 -0.01603150
v 0.01274219 0.01682963 -0.01558862
v 0.01267986 0.01662446 -0.01602404
v 0.01198416 0.01786285 -0.01617307
v 0.01227623 0.01758358 -0.01587661
v 0.01253868 0.01728722 -0.01556924
v 0.01203078 0.01806576 -0.01571224
v 0.01221363 0.01737884 -0.01631219
v 0.01190803 0.01765368 -0.01660800
v 0.01216312 0.01641312 -0.01725000
v 0.01246848 0.01617286 -0.01686125
v 0.01200129 0.01692878 -0.01714998
v 0.01200000 0.01616595 -0.01763318
v 0.01182284 0.01664004 -0.01761718
v 0.01038318 0.01975000 -0.01566595
v 0.01036717 0.01957284 -0.01614005
v 0.01074019 0.01939356 -0.01588649
v 0.01071051 0.01919975 -0.01635224
v 0.01059301 0.01900284 -0.01685770
v 0.01025749 0.01939508 -0.01664991
v 0.01109634 0.01918665 -0.01562167
v 0.01107448 0.01900239 -0.01609284
v 0.01141617 0.01878188 -0.01582203
v 0.01102788 0.01879614 -0.01654838
v 0.01012579 0.01918130 -0.01714646
v 0.01044978 0.01877604 -0.01734363
v 0.01083430 0.01678114 -0.01862926
v 0.01061450 0.01722728 -0.01856734
v 0.01031576 0.01621224 -0.01928079
v 0.01077648 0.01603626 -0.01899604
v 0.01058584 0.01650499 -0.01896737
v 0.01037360 0.01695711 -0.01891398
v 0.01125239 0.01659284 -0.01832448
v 0.01103188 0.01632203 -0.01866617
v 0.01143665 0.01612167 -0.01834634
v 0.01104614 0.01704838 -0.01827788
v 0.01036693 0.01772509 -0.01843728
v 0.01015749 0.01738782 -0.01882709
f 80 63 81
f 123 114 130
f 111 134 125
f 193 202 199
f 194 202 203
f 171 188 189
f 135 134 117
f 135 125 134
f 167 180 183
f 130 132 116
f 80 81 71
f 71 57 80
f 81 61 71
f 74 57 71
f 70 55 65
f 65 67 59
f 70 61 79
f 79 61 81
f 104 87 96
f 89 106 104
f 33 50 42
f 216 208 196
f 196 208 205
f 215 198 216
f 103 105 89
f 92 82 97
f 89 105 102
f 102 106 89
f 98 107 84
f 84 102 98
f 98 102 105
f 202 194 200
f 199 202 200
f 200 190 199
f 205 190 200
f 186 170 182
f 127 123 130
f 129 120 127
f 130 116 127
f 127 116 129
f 3 17 26
f 20 17 3
f 175 166 172
f 175 167 176
f 174 167 183
f 176 167 174
f 129 116 131
f 131 126 129
f 128 116 132
f 128 131 116
f 111 125 128
f 125 131 128
f 58 67 64
f 64 65 55
f 67 65 64
f 74 71 77
f 77 71 61
f 44 30 53
f 216 196 206
f 192 215 206
f 206 215 216
f 101 103 89
f 89 104 101
f 96 83 101
f 101 104 96
f 82 92 91
f 105 103 99
f 99 92 97
f 99 103 86
f 86 92 99
f 93 95 86
f 86 103 93
f 93 101 83
f 103 101 93
f 94 92 86
f 86 95 94
f 94 91 92
f 85 91 94
f 97 100 88
f 88 99 97
f 88 98 105
f 105 99 88
f 107 98 108
f 90 107 108
f 108 88 100
f 98 88 108
f 183 180 185
f 185 170 183
f 185 182 170
f 27 26 17
f 27 7 25
f 17 7 27
f 9 26 27
f 8 20 24
f 123 127 110
f 110 127 120
f 115 135 133
f 125 135 115
f 115 131 125
f 126 131 115
f 113 120 129
f 113 126 119
f 129 126 113
f 113 119 121
f 113 122 120
f 121 122 113
f 180 167 173
f 173 163 178
f 173 178 180
f 167 175 173
f 172 163 173
f 173 175 172
f 72 61 70
f 72 77 61
f 70 65 72
f 72 65 59
f 74 77 62
f 78 74 62
f 62 76 78
f 73 76 62
f 50 52 35
f 54 44 53
f 54 53 36
f 46 34 54
f 54 34 44
f 38 28 37
f 201 194 203
f 180 178 169
f 169 185 180
f 187 189 169
f 169 178 187
f 23 7 17
f 20 8 23
f 17 20 23
f 124 115 133
f 126 115 124
f 109 119 124
f 119 126 124
f 69 76 73
f 69 60 76
f 184 170 186
f 73 66 56
f 56 69 73
f 59 67 68
f 68 66 59
f 59 66 75
f 75 72 59
f 75 66 73
f 77 72 75
f 73 62 75
f 75 62 77
f 47 42 50
f 47 29 42
f 50 35 47
f 51 34 45
f 44 34 51
f 1 11 10
f 10 11 13
f 13 4 10
f 43 34 46
f 45 34 43
f 43 38 45
f 28 38 43
f 49 51 45
f 49 47 35
f 35 51 49
f 118 112 121
f 121 119 118
f 118 119 109
f 179 169 189
f 188 165 179
f 179 189 188
f 185 169 179
f 165 182 179
f 182 185 179
f 7 23 18
f 8 19 21
f 21 23 8
f 21 18 23
f 170 184 181
f 183 170 181
f 181 164 174
f 181 174 183
f 177 184 168
f 164 181 177
f 177 181 184
f 139 145 148
f 30 44 48
f 44 51 48
f 48 51 35
f 48 35 52
f 25 7 16
f 7 18 16
f 11 1 16
f 16 18 11
f 144 161 162
f 209 201 191
f 209 191 204
f 213 206 196
f 15 2 19
f 150 137 155
f 145 136 146
f 146 148 145
f 136 151 146
f 45 38 32
f 32 49 45
f 40 38 37
f 40 32 38
f 41 32 40
f 19 2 12
f 12 21 19
f 152 161 138
f 152 162 161
f 197 214 210
f 210 213 197
f 192 206 210
f 206 213 210
f 197 209 212
f 212 214 197
f 212 209 204
f 204 195 212
f 207 196 205
f 207 213 196
f 205 200 207
f 207 200 194
f 201 209 211
f 213 207 211
f 211 209 197
f 197 213 211
f 194 201 211
f 211 207 194
f 6 15 22
f 22 15 19
f 22 8 24
f 22 19 8
f 150 155 158
f 141 150 158
f 149 148 140
f 148 146 140
f 31 40 37
f 149 140 147
f 147 155 137
f 39 32 41
f 49 32 39
f 29 47 39
f 47 49 39
f 18 21 5
f 11 18 5
f 21 12 5
f 5 14 13
f 5 13 11
f 5 12 14
f 160 158 143
f 143 158 155
f 142 151 154
f 154 162 142
f 162 152 142
f 160 143 156
f 156 152 138
f 157 143 155
f 157 147 140
f 155 147 157
f 153 140 146
f 153 157 140
f 153 146 151
f 151 142 153
f 157 153 159
f 159 156 143
f 143 157 159
f 152 156 159
f 159 142 152
f 159 153 142
f 198 144 117
f 117 171 198
f 63 36 90
f 9 36 63
f 188 171 117
f 117 134 188
f 70 97 82
f 82 55 70
f 90 36 107
f 36 53 107
f 53 30 107
f 107 30 84
f 58 85 193
f 193 166 58
f 193 199 172
f 172 166 193
f 165 188 134
f 165 134 111
f 189 198 171
f 216 198 189
f 189 208 216
f 187 208 189
f 178 208 187
f 205 208 178
f 106 52 104
f 104 52 50
f 104 50 33
f 33 87 104
f 42 150 141
f 42 141 33
f 144 198 215
f 215 161 144
f 138 161 215
f 215 192 138
f 96 204 191
f 191 83 96
f 195 87 33
f 33 141 195
f 195 204 96
f 96 87 195
f 100 97 70
f 70 79 100
f 9 63 26
f 26 63 80
f 26 57 3
f 80 57 26
f 78 24 20
f 20 74 78
f 3 57 20
f 20 57 74
f 205 178 163
f 163 190 205
f 172 199 163
f 199 190 163
f 58 166 175
f 175 67 58
f 128 165 111
f 128 182 165
f 128 132 186
f 186 182 128
f 91 85 58
f 58 64 91
f 55 82 91
f 91 64 55
f 203 202 94
f 94 95 203
f 94 193 85
f 202 193 94
f 108 100 79
f 108 79 81
f 108 63 90
f 108 81 63
f 168 114 60
f 60 114 6
f 25 46 54
f 54 27 25
f 54 36 9
f 9 27 54
f 203 95 201
f 95 93 201
f 83 191 201
f 201 93 83
f 184 114 168
f 130 114 184
f 184 132 130
f 186 132 184
f 56 66 174
f 174 164 56
f 67 175 68
f 68 175 176
f 174 66 68
f 176 174 68
f 37 28 1
f 10 37 1
f 121 112 13
f 13 112 4
f 109 136 118
f 118 136 145
f 118 145 139
f 139 112 118
f 168 60 177
f 60 69 177
f 177 56 164
f 69 56 177
f 150 42 137
f 42 29 137
f 84 30 48
f 48 102 84
f 106 102 48
f 48 52 106
f 16 46 25
f 16 43 46
f 16 1 28
f 28 43 16
f 121 13 14
f 14 122 121
f 109 124 151
f 151 136 109
f 151 124 133
f 133 154 151
f 117 144 162
f 162 135 117
f 162 154 133
f 133 135 162
f 6 114 15
f 114 123 15
f 110 2 15
f 123 110 15
f 149 41 40
f 40 148 149
f 12 110 120
f 12 2 110
f 122 14 12
f 120 122 12
f 22 60 6
f 76 60 22
f 22 24 78
f 78 76 22
f 160 214 158
f 214 212 158
f 158 195 141
f 158 212 195
f 148 40 31
f 139 148 31
f 31 37 10
f 10 4 31
f 4 112 31
f 31 112 139
f 39 41 149
f 149 147 39
f 39 137 29
f 39 147 137
f 138 192 156
f 192 210 156
f 156 210 214
f 156 214 160
f 296 279 297
f 339 330 346
f 327 350 341
f 409 418 415
f 410 418 419
f 387 404 405
f 351 350 333
f 351 341 350
f 383 396 399
f 346 348 332
f 296 297 287
f 287 273 296
f 297 277 287
f 290 273 287
f 286 271 281
f 281 283 275
f 286 277 295
f 295 277 297
f 320 303 312
f 305 322 320
f 249 266 258
f 432 424 412
f 412 424 421
f 431 414 432
f 319 321 305
f 308 298 313
f 305 321 318
f 318 322 305
f 314 323 300
f 300 318 314
f 314 318 321
f 418 410 416
f 415 418 416
f 416 406 415
f 421 406 416
f 402 386 398
f 343 339 346
f 345 336 343
f 346 332 343
f 343 332 345
f 219 233 242
f 236 233 219
f 391 382 388
f 391 383 392
f 390 383 399
f 392 383 390
f 345 332 347
f 347 342 345
f 344 332 348
f 344 347 332
f 327 341 344
f 341 347 344
f 274 283 280
f 280 281 271
f 283 281 280
f 290 287 293
f 293 287 277
f 260 246 269
f 432 412 422
f 408 431 422
f 422 431 432
f 317 319 305
f 305 320 317
f 312 299 317
f 317 320 312
f 298 308 307
f 321 319 315
f 315 308 313
f 315 319 302
f 302 308 315
f 309 311 302
f 302 319 309
f 309 317 299
f 319 317 309
f 310 308 302
f 302 311 310
f 310 307 308
f 301 307 310
f 313 316 304
f 304 315 313
f 304 314 321
f 321 315 304
f 323 314 324
f 306 323 324
f 324 304 316
f 314 304 324
f 399 396 401
f 401 386 399
f 401 398 386
f 243 242 233
f 243 223 241
f 233 223 243
f 225 242 243
f 224 236 240
f 339 343 326
f 326 343 336
f 331 351 349
f 341 351 331
f 331 347 341
f 342 347 331
f 329 336 345
f 329 342 335
f 345 342 329
f 329 335 337
f 329 338 336
f 337 338 329
f 396 383 389
f 389 379 394
f 389 394 396
f 383 391 389
f 388 379 389
f 389 391 388
f 288 277 286
f 288 293 277
f 286 281 288
f 288 281 275
f 290 293 278
f 294 290 278
f 278 292 294
f 289 292 278
f 266 268 251
f 270 260 269
f 270 269 252
f 262 250 270
f 270 250 260
f 254 244 253
f 423 412 421
f 423 416 410
f 421 416 423
f 396 394 385
f 385 401 396
f 403 405 385
f 385 394 403
f 340 331 349
f 342 331 340
f 325 335 340
f 335 342 340
f 285 292 289
f 285 276 292
f 400 386 402
f 289 282 272
f 272 285 289
f 275 283 284
f 284 282 275
f 275 282 291
f 291 288 275
f 291 282 289
f 293 288 291
f 289 278 291
f 291 278 293
f 263 258 266
f 263 245 258
f 266 251 263
f 267 250 261
f 260 250 267
f 217 227 226
f 226 227 229
f 229 220 226
f 259 250 262
f 261 250 259
f 259 254 261
f 244 254 259
f 265 267 261
f 265 263 251
f 251 267 265
f 334 328 337
f 337 335 334
f 334 335 325
f 429 422 412
f 412 423 429
f 425 407 420
f 395 385 405
f 404 381 395
f 395 405 404
f 401 385 395
f 381 398 395
f 398 401 395
f 239 223 233
f 239 234 223
f 233 236 239
f 236 224 239
f 386 400 397
f 399 386 397
f 397 380 390
f 397 390 399
f 393 400 384
f 380 397 393
f 393 397 400
f 355 361 364
f 246 260 264
f 260 267 264
f 264 267 251
f 264 251 268
f 232 234 227
f 227 217 232
f 223 234 232
f 241 223 232
f 360 377 378
f 374 359 376
f 357 366 374
f 413 430 426
f 426 429 413
f 408 422 426
f 422 429 426
f 407 425 417
f 417 410 419
f 428 425 420
f 420 411 428
f 428 430 413
f 413 425 428
f 235 218 228
f 231 218 235
f 361 352 362
f 362 364 361
f 362 352 367
f 261 254 248
f 248 265 261
f 256 254 253
f 256 248 254
f 257 248 256
f 368 377 354
f 368 378 377
f 366 353 371
f 371 374 366
f 359 374 371
f 371 373 359
f 427 429 423
f 427 417 425
f 427 423 410
f 410 417 427
f 413 429 427
f 427 425 413
f 227 234 221
f 221 229 227
f 229 221 230
f 230 221 228
f 234 239 237
f 235 228 237
f 224 235 237
f 237 239 224
f 237 221 234
f 228 221 237
f 238 231 235
f 238 224 240
f 238 235 224
f 222 231 238
f 369 362 367
f 365 364 356
f 364 362 356
f 356 369 373
f 362 369 356
f 247 256 253
f 365 356 363
f 363 356 373
f 363 371 353
f 373 371 363
f 255 248 257
f 265 248 255
f 245 263 255
f 263 265 255
f 372 368 354
f 376 359 372
f 367 370 358
f 370 378 358
f 378 368 358
f 358 369 367
f 359 373 375
f 375 372 359
f 368 372 375
f 373 369 375
f 375 358 368
f 369 358 375
f 414 360 333
f 333 387 414
f 279 252 306
f 225 252 279
f 404 387 333
f 333 350 404
f 286 313 298
f 298 271 286
f 306 252 323
f 252 269 323
f 269 246 323
f 323 246 300
f 274 301 409
f 409 382 274
f 409 415 388
f 388 382 409
f 381 404 350
f 381 350 327
f 405 414 387
f 432 414 405
f 405 424 432
f 403 424 405
f 394 424 403
f 421 424 394
f 322 268 320
f 320 268 266
f 320 266 249
f 249 303 320
f 258 366 357
f 258 357 249
f 360 414 431
f 431 377 360
f 354 377 431
f 431 408 354
f 312 420 407
f 407 299 312
f 411 303 249
f 249 357 411
f 411 420 312
f 312 303 411
f 316 313 286
f 286 295 316
f 225 279 242
f 242 279 296
f 242 273 219
f 296 273 242
f 294 240 236
f 236 290 294
f 219 273 236
f 236 273 290
f 421 394 379
f 379 406 421
f 388 415 379
f 415 406 379
f 274 382 391
f 391 283 274
f 344 381 327
f 344 398 381
f 344 348 402
f 402 398 344
f 307 301 274
f 274 280 307
f 271 298 307
f 307 280 271
f 419 418 310
f 310 311 419
f 310 409 301
f 418 409 310
f 324 316 295
f 324 295 297
f 324 279 306
f 324 297 279
f 384 330 276
f 276 330 222
f 241 262 270
f 270 243 241
f 270 252 225
f 225 243 270
f 400 330 384
f 346 330 400
f 400 348 346
f 402 348 400
f 272 282 390
f 390 380 272
f 283 391 284
f 284 391 392
f 390 282 284
f 392 390 284
f 253 244 217
f 226 253 217
f 337 328 229
f 229 328 220
f 355 328 334
f 334 361 355
f 352 340 367
f 325 340 352
f 361 334 352
f 352 334 325
f 367 340 370
f 370 340 349
f 384 276 393
f 276 285 393
f 393 272 380
f 285 272 393
f 366 258 353
f 258 245 353
f 300 246 264
f 264 318 300
f 322 318 264
f 264 268 322
f 232 262 241
f 232 259 262
f 232 217 244
f 244 259 232
f 333 360 378
f 378 351 333
f 378 370 349
f 349 351 378
f 419 311 417
f 311 309 417
f 299 407 417
f 417 309 299
f 376 430 428
f 428 374 376
f 428 411 357
f 357 374 428
f 228 326 336
f 228 218 326
f 222 330 231
f 330 339 231
f 326 218 231
f 339 326 231
f 365 257 256
f 256 364 365
f 337 229 230
f 230 338 337
f 230 228 336
f 336 338 230
f 238 240 294
f 294 292 238
f 238 276 222
f 292 276 238
f 364 256 247
f 355 364 247
f 247 253 226
f 226 220 247
f 220 328 247
f 247 328 355
f 255 257 365
f 365 363 255
f 255 353 245
f 255 363 353
f 354 408 372
f 408 426 372
f 372 426 430
f 372 430 376
f 434 483 520
f 434 486 483
f 435 486 443
f 434 443 486
f 433 434 522
f 433 443 434
f 435 438 488
f 435 444 438
f 436 489 438
f 437 438 444
f 436 437 607
f 437 441 607
f 436 438 437
f 439 440 444
f 433 528 439
f 439 529 440
f 439 528 529
f 437 440 441
f 440 442 441
f 440 529 442
f 441 442 613
f 442 645 613
f 435 443 444
f 439 444 443
f 433 439 443
f 437 444 440
f 445 558 485
f 445 487 452
f 445 446 558
f 445 452 446
f 446 452 451
f 447 493 449
f 448 720 678
f 448 449 493
f 448 450 449
f 448 678 450
f 449 450 454
f 451 453 455
f 451 455 575
f 447 453 452
f 447 452 487
f 447 449 453
f 451 452 453
f 453 454 455
f 450 684 454
f 454 684 456
f 455 456 577
f 454 456 455
f 456 721 577
f 449 454 453
f 458 489 643
f 457 489 458
f 459 482 490
f 457 459 490
f 457 461 459
f 459 474 482
f 459 461 472
f 459 472 474
f 460 472 461
f 460 461 623
f 457 458 461
f 458 623 461
f 462 474 463
f 462 482 474
f 462 463 467
f 462 467 491
f 464 494 467
f 464 720 494
f 463 476 466
f 465 466 476
f 465 696 466
f 463 466 467
f 464 467 466
f 464 466 696
f 470 475 632
f 468 471 469
f 468 475 470
f 468 470 471
f 470 637 471
f 472 473 474
f 472 475 473
f 463 474 473
f 463 473 476
f 468 473 475
f 460 475 472
f 460 632 475
f 468 476 473
f 465 476 469
f 468 469 476
f 477 490 480
f 435 477 486
f 477 478 486
f 477 480 478
f 478 479 484
f 479 492 487
f 479 481 492
f 480 490 482
f 480 482 481
f 479 480 481
f 478 480 479
f 478 484 483
f 483 485 520
f 483 484 485
f 445 485 484
f 478 483 486
f 479 487 484
f 445 484 487
f 457 488 489
f 438 489 488
f 477 488 490
f 457 490 488
f 435 488 477
f 436 643 489
f 481 491 492
f 491 493 492
f 491 494 493
f 467 494 491
f 447 487 492
f 447 492 493
f 462 481 482
f 462 491 481
f 448 493 494
f 448 494 720
f 495 496 527
f 495 566 496
f 496 497 500
f 496 500 524
f 496 566 497
f 500 550 524
f 498 550 500
f 498 551 550
f 498 503 551
f 497 586 501
f 499 501 586
f 499 502 501
f 499 505 502
f 498 500 501
f 497 501 500
f 498 501 502
f 498 502 503
f 503 554 551
f 504 761 554
f 503 507 504
f 503 504 554
f 502 505 507
f 506 762 507
f 506 589 768
f 505 506 507
f 505 589 506
f 502 507 503
f 504 507 762
f 508 526 532
f 509 530 514
f 509 514 512
f 442 510 645
f 510 511 645
f 511 512 517
f 510 512 511
f 509 512 510
f 513 651 517
f 514 515 516
f 508 514 530
f 508 515 514
f 512 514 516
f 515 544 516
f 508 532 515
f 512 516 517
f 513 516 544
f 513 517 516
f 433 519 528
f 433 522 519
f 519 530 528
f 519 525 530
f 518 519 522
f 518 525 519
f 520 521 522
f 520 557 521
f 434 520 522
f 518 521 527
f 495 527 521
f 518 522 521
f 495 521 557
f 523 527 524
f 518 527 523
f 523 549 526
f 523 524 549
f 523 526 525
f 508 530 525
f 508 525 526
f 518 523 525
f 496 524 527
f 509 510 529
f 509 529 528
f 509 528 530
f 442 529 510
f 531 552 534
f 534 552 553
f 526 531 532
f 531 533 532
f 533 536 543
f 533 534 536
f 531 534 533
f 534 553 538
f 535 538 553
f 535 763 538
f 534 538 536
f 536 538 537
f 537 538 763
f 536 537 545
f 540 543 546
f 539 544 540
f 513 539 659
f 513 544 539
f 540 546 541
f 539 540 541
f 539 541 660
f 515 532 542
f 532 533 542
f 515 542 544
f 540 544 542
f 533 543 542
f 540 542 543
f 543 545 546
f 545 548 546
f 545 764 548
f 541 547 664
f 541 546 547
f 547 548 765
f 547 765 665
f 546 548 547
f 536 545 543
f 537 764 545
f 549 550 552
f 531 549 552
f 524 550 549
f 550 551 552
f 551 553 552
f 526 549 531
f 551 554 553
f 535 553 554
f 535 554 761
f 559 561 563
f 485 558 557
f 557 558 559
f 495 557 559
f 558 561 559
f 446 451 560
f 446 560 561
f 561 562 563
f 560 576 562
f 555 562 576
f 560 562 561
f 446 561 558
f 563 564 566
f 563 567 564
f 497 564 586
f 564 567 565
f 564 565 586
f 495 559 566
f 559 563 566
f 497 566 564
f 562 567 563
f 555 567 562
f 555 556 567
f 556 565 567
f 568 570 576
f 568 577 569
f 569 577 721
f 568 573 570
f 568 569 573
f 569 726 573
f 555 576 570
f 555 570 571
f 570 574 571
f 571 591 590
f 555 571 556
f 556 571 590
f 571 574 591
f 572 732 593
f 570 573 574
f 572 574 573
f 572 573 726
f 574 593 591
f 572 593 574
f 560 575 576
f 451 575 560
f 568 576 575
f 455 577 575
f 568 575 577
f 556 578 565
f 556 590 578
f 578 590 580
f 578 579 587
f 578 580 579
f 579 580 583
f 579 581 588
f 581 584 582
f 579 583 581
f 581 583 584
f 580 598 583
f 583 598 585
f 583 585 584
f 584 585 767
f 499 586 587
f 565 587 586
f 565 578 587
f 499 587 588
f 579 588 587
f 505 588 589
f 581 589 588
f 499 588 505
f 582 768 589
f 581 582 589
f 592 594 596
f 580 590 592
f 590 591 592
f 591 594 592
f 580 592 598
f 591 593 594
f 593 595 594
f 593 732 595
f 594 595 599
f 592 596 598
f 596 597 598
f 585 597 769
f 596 600 597
f 585 598 597
f 594 599 596
f 596 599 600
f 597 600 770
f 599 738 600
f 600 738 771
f 485 557 520
f 610 621 619
f 617 629 621
f 601 613 645
f 601 602 611
f 601 647 602
f 602 648 603
f 603 648 604
f 441 612 607
f 605 608 612
f 605 615 609
f 605 614 615
f 436 606 643
f 436 607 606
f 606 610 619
f 606 608 610
f 606 607 608
f 607 612 608
f 608 609 610
f 609 617 610
f 610 617 621
f 605 609 608
f 611 612 613
f 441 613 612
f 605 612 611
f 601 611 613
f 605 611 614
f 602 614 611
f 602 603 614
f 609 615 616
f 609 616 617
f 614 618 615
f 603 618 614
f 619 620 643
f 619 622 620
f 458 620 623
f 458 643 620
f 620 622 624
f 622 626 624
f 622 630 626
f 619 621 622
f 621 630 622
f 620 624 623
f 623 624 625
f 460 623 625
f 624 627 625
f 624 626 627
f 626 628 627
f 626 630 631
f 621 629 630
f 626 631 628
f 625 633 632
f 625 627 633
f 632 633 636
f 627 634 633
f 627 628 634
f 633 634 639
f 634 641 639
f 470 632 636
f 633 639 636
f 635 636 639
f 470 636 637
f 635 637 636
f 638 639 641
f 635 639 638
f 460 625 632
f 628 640 634
f 634 640 641
f 638 641 642
f 606 619 643
f 601 645 644
f 511 644 645
f 601 644 647
f 511 646 644
f 511 517 646
f 644 649 647
f 644 646 649
f 647 650 648
f 602 647 648
f 647 649 650
f 649 653 650
f 646 651 652
f 513 659 651
f 651 654 652
f 651 659 654
f 649 652 653
f 652 655 653
f 652 654 655
f 654 662 655
f 517 651 646
f 646 652 649
f 650 653 656
f 604 648 657
f 648 650 657
f 650 656 657
f 653 658 656
f 653 655 658
f 655 662 670
f 655 670 658
f 659 660 661
f 539 660 659
f 654 659 661
f 541 664 660
f 660 666 661
f 654 661 662
f 661 666 663
f 661 663 662
f 660 664 666
f 664 668 666
f 547 665 664
f 664 665 668
f 665 778 668
f 666 668 667
f 663 666 667
f 668 778 669
f 667 668 669
f 662 671 670
f 662 663 671
f 663 672 671
f 663 667 672
f 667 673 672
f 667 669 673
f 669 779 673
f 679 699 682
f 682 699 700
f 682 700 691
f 691 700 712
f 674 721 685
f 674 685 675
f 675 688 676
f 674 675 676
f 450 677 684
f 678 720 679
f 678 679 681
f 450 678 677
f 677 678 681
f 677 681 680
f 677 680 686
f 680 683 690
f 680 690 687
f 681 682 683
f 679 682 681
f 682 691 683
f 680 681 683
f 684 686 685
f 677 686 684
f 456 684 685
f 456 685 721
f 680 687 686
f 675 685 686
f 675 686 687
f 675 687 688
f 676 688 689
f 683 692 690
f 683 691 692
f 687 690 693
f 687 693 688
f 701 705 708
f 464 695 720
f 679 720 695
f 464 696 695
f 679 695 699
f 694 695 696
f 694 699 695
f 465 697 696
f 694 697 701
f 694 696 697
f 694 698 699
f 698 700 699
f 698 710 700
f 694 701 698
f 697 705 701
f 698 701 713
f 701 708 713
f 465 469 702
f 469 704 702
f 697 702 705
f 702 704 706
f 469 471 704
f 471 703 704
f 471 637 703
f 703 707 704
f 702 706 705
f 705 706 715
f 705 715 708
f 706 717 715
f 703 749 707
f 707 749 718
f 707 718 717
f 704 707 706
f 706 707 717
f 465 702 697
f 708 716 709
f 698 713 710
f 710 713 711
f 700 710 712
f 708 709 713
f 709 711 713
f 708 715 716
f 714 715 717
f 714 716 715
f 717 718 719
f 714 717 719
f 718 755 719
f 569 721 722
f 674 722 721
f 569 722 726
f 722 728 726
f 674 724 722
f 676 730 724
f 674 676 724
f 722 724 728
f 723 728 724
f 723 724 730
f 572 726 725
f 725 726 728
f 572 725 732
f 725 734 732
f 723 727 728
f 725 728 727
f 723 731 727
f 725 727 734
f 727 735 734
f 727 731 735
f 676 689 730
f 723 730 729
f 723 729 731
f 731 743 735
f 595 732 733
f 732 734 733
f 595 733 737
f 733 734 736
f 734 735 736
f 735 744 736
f 733 736 740
f 736 744 741
f 595 737 599
f 599 737 738
f 733 740 737
f 737 740 739
f 737 739 738
f 738 739 784
f 736 741 740
f 740 741 742
f 739 740 742
f 739 742 785
f 741 746 742
f 735 743 744
f 741 744 745
f 741 745 746
f 742 746 786
f 635 747 637
f 637 747 703
f 635 748 747
f 703 747 749
f 747 748 750
f 635 638 748
f 638 752 748
f 748 752 751
f 747 750 749
f 718 749 754
f 749 750 754
f 750 756 754
f 748 751 750
f 750 751 756
f 751 759 756
f 638 642 752
f 751 752 753
f 751 753 759
f 718 754 755
f 754 757 755
f 754 756 757
f 756 759 758
f 756 758 757
f 758 759 760
f 548 773 765
f 584 767 766
f 582 584 766
f 597 770 769
f 585 769 767
f 600 771 770
f 769 770 775
f 770 771 776
f 504 762 823
f 504 823 761
f 506 825 762
f 506 768 825
f 535 836 763
f 537 763 837
f 537 837 764
f 548 772 774
f 548 774 773
f 548 764 801
f 765 773 780
f 535 761 836
f 548 801 772
f 582 766 803
f 766 767 803
f 767 769 804
f 582 805 768
f 769 775 795
f 770 776 775
f 771 777 776
f 665 765 780
f 665 781 778
f 669 778 782
f 669 783 779
f 665 780 781
f 778 781 782
f 669 782 783
f 738 784 771
f 739 785 784
f 742 786 785
f 746 787 786
f 771 784 777
f 784 785 788
f 785 786 789
f 786 787 790
f 784 788 777
f 785 789 788
f 786 790 789
f 787 791 790
f 603 604 1195
f 615 1200 616
f 616 1201 617
f 617 1201 629
f 615 618 1202
f 603 1202 618
f 630 1215 631
f 629 1215 630
f 628 631 1216
f 628 1213 640
f 640 1227 641
f 641 1227 642
f 604 657 1195
f 656 1238 657
f 656 658 1238
f 658 670 1240
f 670 671 1254
f 671 672 1254
f 672 673 1256
f 673 779 1256
f 642 1436 752
f 752 1436 753
f 753 1443 759
f 759 1443 760
f 779 783 1525
f 691 712 1961
f 688 1958 689
f 690 692 1959
f 690 1959 693
f 691 1960 692
f 688 693 1958
f 709 716 1977
f 710 711 1979
f 710 1981 712
f 709 1979 711
f 714 1983 716
f 714 719 1986
f 719 755 1986
f 729 730 2004
f 689 1957 730
f 729 2004 731
f 731 2015 743
f 743 2015 744
f 744 2016 745
f 745 2018 746
f 746 2018 787
f 755 757 2032
f 757 758 2032
f 758 760 2035
f 787 2285 791
f 761 823 798
f 762 825 799
f 768 805 825
f 762 799 823
f 763 836 800
f 763 800 837
f 801 792 772
f 801 794 792
f 802 793 794
f 802 809 793
f 764 837 801
f 761 798 836
f 769 795 807
f 582 803 883
f 767 804 803
f 582 883 805
f 769 807 806
f 769 806 804
f 807 795 796
f 807 796 797
f 801 846 794
f 802 794 846
f 807 797 808
f 803 804 885
f 803 885 883
f 806 807 895
f 804 806 886
f 807 808 898
f 813 810 809
f 813 811 810
f 814 812 811
f 802 991 809
f 813 809 991
f 813 994 811
f 814 811 994
f 808 797 815
f 819 815 816
f 820 816 817
f 821 817 818
f 808 815 819
f 819 816 820
f 820 817 821
f 821 818 822
f 808 819 1064
f 819 820 1065
f 820 821 1067
f 821 822 1075
f 798 823 854
f 823 827 824
f 823 824 854
f 824 856 854
f 799 825 827
f 805 891 825
f 825 826 827
f 825 891 826
f 826 830 827
f 799 827 823
f 824 827 830
f 824 828 856
f 828 859 856
f 828 831 859
f 831 870 859
f 826 829 830
f 829 832 830
f 829 894 832
f 832 894 834
f 824 830 828
f 828 830 832
f 828 832 831
f 831 832 834
f 831 834 833
f 831 833 870
f 833 834 911
f 833 835 874
f 833 911 835
f 800 836 838
f 836 855 838
f 838 855 841
f 800 838 837
f 837 838 839
f 837 839 844
f 838 841 839
f 841 855 857
f 841 857 842
f 839 840 851
f 839 841 840
f 840 841 842
f 842 872 843
f 840 842 843
f 801 844 846
f 844 847 846
f 844 851 847
f 802 846 845
f 802 845 991
f 845 846 847
f 845 849 992
f 845 847 849
f 801 837 844
f 839 851 844
f 847 851 848
f 847 848 849
f 848 850 849
f 849 850 997
f 848 853 850
f 850 861 998
f 850 853 861
f 840 852 851
f 848 851 852
f 840 843 852
f 843 862 852
f 848 852 853
f 852 862 853
f 798 854 836
f 836 854 855
f 854 856 855
f 855 856 857
f 856 859 857
f 857 859 858
f 842 857 858
f 858 859 870
f 842 858 872
f 843 872 860
f 861 865 1006
f 853 862 864
f 843 860 862
f 862 863 864
f 860 863 862
f 860 880 863
f 863 868 864
f 853 864 861
f 861 864 865
f 864 868 865
f 863 880 866
f 863 866 868
f 865 868 867
f 867 868 869
f 866 869 868
f 867 869 1013
f 869 932 1013
f 858 871 872
f 858 870 871
f 870 874 871
f 871 874 875
f 871 873 872
f 860 872 873
f 860 873 880
f 871 875 873
f 833 874 870
f 873 876 880
f 876 881 880
f 873 875 876
f 875 879 876
f 876 929 881
f 876 879 929
f 874 877 875
f 835 877 874
f 875 877 879
f 835 914 877
f 877 878 879
f 877 914 878
f 878 930 879
f 866 880 881
f 866 882 869
f 866 881 882
f 869 882 932
f 883 885 884
f 884 888 892
f 804 886 885
f 885 886 887
f 884 885 887
f 884 887 888
f 886 897 887
f 887 897 889
f 887 889 888
f 888 890 893
f 888 889 890
f 890 906 909
f 889 901 890
f 890 901 906
f 805 883 891
f 883 884 891
f 826 891 892
f 884 892 891
f 826 892 829
f 829 892 893
f 888 893 892
f 829 893 894
f 890 909 893
f 893 909 894
f 806 895 886
f 895 898 896
f 895 896 897
f 896 900 897
f 886 895 897
f 807 898 895
f 808 1064 898
f 898 1064 899
f 896 898 899
f 896 899 903
f 896 903 900
f 889 897 900
f 889 900 901
f 900 902 901
f 900 903 902
f 899 904 903
f 902 903 905
f 903 904 905
f 904 1071 905
f 834 894 908
f 908 909 912
f 894 909 908
f 908 910 911
f 908 912 910
f 834 908 911
f 835 911 913
f 910 913 911
f 906 912 909
f 910 912 917
f 906 907 912
f 907 917 912
f 910 916 913
f 835 913 914
f 913 916 915
f 913 915 914
f 914 915 953
f 910 917 916
f 907 926 917
f 917 926 918
f 916 917 918
f 916 918 942
f 918 943 942
f 915 916 942
f 901 902 919
f 901 919 906
f 906 919 907
f 902 922 919
f 907 919 920
f 907 920 926
f 919 922 920
f 905 1071 921
f 902 905 922
f 905 921 922
f 920 922 923
f 921 923 922
f 921 1080 923
f 920 924 926
f 920 923 924
f 923 925 924
f 923 1080 925
f 924 925 928
f 925 1084 928
f 924 927 926
f 918 926 927
f 918 927 943
f 924 928 927
f 927 928 946
f 878 914 953
f 878 954 930
f 879 930 929
f 929 930 935
f 930 954 956
f 930 956 935
f 935 956 937
f 881 929 931
f 881 931 882
f 882 931 933
f 931 936 933
f 882 933 932
f 932 1025 1013
f 932 934 1025
f 933 938 934
f 932 933 934
f 929 935 931
f 931 935 936
f 935 937 936
f 933 936 938
f 936 937 939
f 937 964 939
f 936 939 938
f 934 938 1030
f 938 940 1030
f 938 939 940
f 939 965 940
f 915 941 953
f 915 942 941
f 942 943 944
f 941 942 944
f 941 944 957
f 927 946 943
f 943 946 945
f 943 945 944
f 944 945 949
f 944 949 957
f 945 950 949
f 928 947 946
f 946 947 948
f 928 1084 947
f 945 946 948
f 947 1094 948
f 948 1094 951
f 945 948 950
f 949 950 968
f 950 952 968
f 948 951 950
f 950 951 952
f 951 1098 952
f 952 1098 1110
f 878 953 954
f 953 955 954
f 941 955 953
f 954 955 959
f 954 959 956
f 941 957 955
f 955 957 960
f 937 956 958
f 956 959 958
f 958 959 961
f 958 961 966
f 955 960 959
f 957 967 960
f 960 967 962
f 959 960 961
f 961 963 966
f 960 962 961
f 961 962 963
f 937 958 964
f 939 964 965
f 964 971 965
f 958 966 964
f 964 966 971
f 940 965 1039
f 949 967 957
f 949 968 967
f 962 967 969
f 967 968 969
f 968 970 969
f 969 970 979
f 962 976 963
f 962 969 976
f 952 970 968
f 952 1110 970
f 965 972 1039
f 965 971 972
f 963 973 966
f 966 973 971
f 971 973 974
f 963 982 973
f 973 983 974
f 973 982 983
f 971 974 972
f 972 974 1044
f 974 983 975
f 974 975 1044
f 963 976 982
f 976 977 982
f 969 979 976
f 976 979 977
f 970 978 979
f 970 1110 978
f 977 979 980
f 978 980 979
f 978 1113 980
f 977 980 986
f 980 981 986
f 980 1113 981
f 982 984 983
f 983 984 985
f 977 984 982
f 977 986 984
f 984 987 985
f 975 983 985
f 975 985 1053
f 984 986 987
f 981 988 986
f 986 988 987
f 985 989 1053
f 987 988 990
f 985 987 989
f 987 990 989
f 989 990 1057
f 845 992 991
f 813 991 993
f 991 992 993
f 992 995 993
f 992 997 995
f 813 993 994
f 993 996 994
f 993 995 996
f 995 999 996
f 849 997 992
f 995 997 1000
f 997 998 1000
f 850 998 997
f 998 1007 1000
f 995 1000 999
f 999 1000 1001
f 1000 1007 1001
f 814 994 1002
f 994 996 1002
f 996 1003 1002
f 996 999 1003
f 999 1004 1003
f 999 1001 1004
f 1001 1005 1004
f 861 1006 998
f 998 1006 1007
f 1006 1009 1007
f 1006 1011 1009
f 1007 1009 1008
f 1001 1007 1008
f 1009 1014 1010
f 1008 1009 1010
f 865 1011 1006
f 1009 1011 1014
f 865 867 1011
f 867 1012 1011
f 1011 1012 1014
f 1012 1016 1014
f 867 1013 1012
f 1012 1013 1021
f 1012 1021 1016
f 1014 1016 1015
f 1010 1014 1015
f 1015 1016 1017
f 1016 1022 1017
f 1001 1008 1005
f 1005 1008 1018
f 1008 1010 1018
f 1010 1019 1018
f 1010 1015 1019
f 1015 1020 1019
f 1015 1017 1020
f 1017 1024 1020
f 1013 1025 1021
f 1016 1021 1022
f 1021 1026 1022
f 1017 1022 1023
f 1017 1023 1024
f 1021 1025 1026
f 1025 1027 1026
f 934 1027 1025
f 1026 1027 1029
f 1022 1026 1028
f 1026 1029 1028
f 1022 1028 1023
f 934 1030 1027
f 1027 1031 1029
f 1028 1029 1036
f 1029 1033 1036
f 1030 1032 1031
f 1027 1030 1031
f 940 1032 1030
f 940 1039 1032
f 1031 1032 1034
f 1032 1040 1034
f 1029 1031 1033
f 1031 1034 1033
f 1033 1034 1038
f 1034 1042 1038
f 1023 1028 1035
f 1028 1036 1035
f 1033 1037 1036
f 1033 1038 1037
f 1034 1040 1042
f 1038 1042 1049
f 1032 1039 1040
f 1039 1041 1040
f 1040 1041 1043
f 972 1041 1039
f 972 1044 1041
f 1041 1045 1043
f 1040 1043 1042
f 1042 1043 1050
f 1043 1045 1047
f 1043 1047 1050
f 1041 1044 1045
f 1044 1046 1045
f 975 1046 1044
f 1045 1046 1048
f 1045 1048 1047
f 1047 1048 1052
f 1042 1050 1049
f 1047 1051 1050
f 1047 1052 1051
f 975 1053 1046
f 1046 1053 1054
f 1046 1054 1048
f 1053 1056 1054
f 1048 1054 1055
f 1048 1055 1052
f 1054 1059 1055
f 1055 1059 1062
f 989 1056 1053
f 1054 1056 1059
f 1056 1058 1059
f 989 1057 1056
f 1056 1057 1058
f 1059 1060 1062
f 1058 1060 1059
f 1052 1055 1061
f 1055 1062 1061
f 1060 1063 1062
f 1064 1065 1066
f 819 1065 1064
f 899 1064 1066
f 899 1066 904
f 1065 1068 1066
f 1066 1068 1070
f 820 1067 1065
f 1065 1067 1068
f 1067 1075 1069
f 1067 1069 1068
f 1068 1069 1072
f 904 1066 1070
f 904 1070 1071
f 1070 1073 1071
f 1068 1072 1070
f 1069 1077 1072
f 1070 1072 1073
f 1072 1074 1073
f 1072 1077 1074
f 821 1075 1067
f 1069 1075 1076
f 1069 1076 1077
f 1074 1077 1078
f 921 1071 1079
f 1071 1073 1079
f 921 1079 1080
f 1079 1082 1080
f 1073 1081 1079
f 1073 1074 1081
f 1074 1087 1081
f 1079 1081 1082
f 1081 1085 1082
f 1081 1087 1085
f 925 1080 1083
f 1080 1082 1083
f 925 1083 1084
f 1083 1090 1084
f 1082 1085 1086
f 1082 1086 1083
f 1085 1089 1086
f 1083 1086 1090
f 1086 1089 1091
f 1086 1091 1090
f 1074 1078 1087
f 1085 1087 1088
f 1085 1088 1089
f 1089 1105 1091
f 1084 1090 1093
f 1090 1092 1093
f 1090 1091 1092
f 1091 1104 1092
f 947 1084 1093
f 947 1093 1094
f 1093 1095 1094
f 1094 1095 1097
f 1092 1095 1093
f 1095 1096 1100
f 1092 1096 1095
f 1092 1104 1096
f 951 1094 1097
f 951 1097 1098
f 1097 1101 1098
f 1098 1099 1110
f 1098 1101 1099
f 1095 1100 1097
f 1097 1100 1101
f 1096 1107 1100
f 1100 1107 1103
f 1100 1103 1101
f 1101 1103 1102
f 1099 1101 1102
f 1102 1103 1108
f 1091 1105 1104
f 1096 1104 1106
f 1096 1106 1107
f 1103 1107 1109
f 1103 1109 1108
f 1099 1102 1115
f 1102 1116 1115
f 1102 1108 1116
f 1108 1125 1116
f 978 1110 1111
f 1099 1111 1110
f 978 1111 1113
f 1099 1115 1111
f 1111 1112 1113
f 1111 1115 1112
f 981 1113 1114
f 1112 1114 1113
f 1112 1118 1114
f 1112 1115 1117
f 1115 1116 1117
f 1116 1126 1117
f 1112 1117 1118
f 1114 1118 1122
f 1117 1128 1118
f 1118 1128 1129
f 1118 1129 1122
f 981 1114 1119
f 981 1119 988
f 988 1119 1120
f 1114 1122 1119
f 1119 1123 1120
f 988 1120 990
f 990 1120 1121
f 990 1121 1057
f 1120 1124 1121
f 1119 1122 1123
f 1122 1129 1131
f 1122 1131 1123
f 1123 1131 1134
f 1120 1123 1124
f 1123 1134 1124
f 1121 1124 1139
f 1124 1135 1139
f 1124 1134 1135
f 1116 1125 1126
f 1117 1126 1128
f 1126 1127 1128
f 1128 1130 1129
f 1127 1130 1128
f 1129 1130 1132
f 1129 1132 1131
f 1131 1133 1134
f 1131 1132 1133
f 1134 1136 1135
f 1133 1136 1134
f 1135 1136 1145
f 1057 1137 1058
f 1057 1121 1137
f 1058 1137 1138
f 1121 1139 1137
f 1137 1140 1138
f 1058 1138 1060
f 1060 1138 1142
f 1138 1141 1142
f 1137 1139 1140
f 1135 1144 1139
f 1139 1144 1140
f 1140 1144 1146
f 1138 1140 1141
f 1140 1146 1141
f 1141 1146 1149
f 1060 1142 1063
f 1141 1143 1142
f 1141 1149 1143
f 1135 1145 1144
f 1144 1145 1147
f 1144 1147 1146
f 1146 1148 1149
f 1146 1147 1148
f 1148 1150 1149
f 814 1558 812
f 814 1002 1558
f 1002 1003 1586
f 1003 1004 1586
f 1004 1005 1588
f 1005 1018 1588
f 1018 1019 1601
f 1019 1020 1601
f 1020 1024 1615
f 1023 1615 1024
f 1023 1035 1619
f 1035 1036 1619
f 1036 1037 1621
f 1037 1038 1621
f 1038 1049 1634
f 1049 1050 1635
f 1050 1051 1636
f 1051 1052 1636
f 1052 1061 1647
f 1061 1062 1648
f 1062 1063 1648
f 1063 1142 1649
f 1142 1143 1827
f 1143 1149 1827
f 1149 1150 1834
f 822 818 2360
f 822 2391 1075
f 1075 2391 1076
f 1076 2392 1077
f 1077 2394 1078
f 1078 2394 1087
f 1087 2407 1088
f 1088 2407 1089
f 1089 2417 1105
f 1104 1105 2418
f 1104 2418 1106
f 1106 2420 1107
f 1107 2420 1109
f 1108 1109 2422
f 1108 2422 1125
f 1125 2440 1126
f 1126 2440 1127
f 1127 2442 1130
f 1130 2442 1132
f 1132 2446 1133
f 1133 2446 1136
f 1136 2447 1145
f 1145 2466 1147
f 1147 2466 1148
f 1148 2467 1150
f 1150 1189 1178
f 1150 1186 1189
f 1150 1188 1186
f 1150 1190 1188
f 1150 1192 1190
f 1150 1193 1192
f 1150 1181 1183
f 1150 1183 1182
f 1150 1178 1180
f 1150 1180 1181
f 1150 1182 1185
f 1150 1185 1941
f 1150 1941 1942
f 1150 1942 1943
f 1150 1943 1944
f 1150 1944 1946
f 1150 2469 1193
f 1152 1167 1162
f 1152 1162 1153
f 1152 1156 1155
f 1151 1167 1152
f 1151 1152 1155
f 1153 1162 1913
f 1152 1153 1156
f 1153 1913 1156
f 1151 1154 1173
f 1151 1155 1154
f 1155 1156 1157
f 1156 1917 1157
f 1158 1163 1167
f 1158 1166 1163
f 1158 1159 1166
f 1158 1167 1160
f 1151 1173 1160
f 1151 1160 1167
f 1159 1161 1169
f 1160 1174 1161
f 1161 1175 1169
f 1161 1174 1175
f 1158 1160 1161
f 1158 1161 1159
f 1162 1167 1163
f 1162 1163 1164
f 1162 1164 1920
f 1163 1166 1165
f 1163 1165 1164
f 1165 1166 1170
f 1164 1165 1920
f 1159 1168 1166
f 1166 1168 1170
f 1165 1170 1171
f 1165 1171 1930
f 1160 1173 1174
f 1172 1174 1173
f 1174 1176 1175
f 1172 1176 1174
f 1175 1176 1177
f 1168 2316 1170
f 1159 2316 1168
f 1159 1169 2320
f 1169 1175 2331
f 1170 2319 1171
f 1171 2319 1930
f 1175 1177 2330
f 1154 1179 1173
f 1155 1157 1183
f 1154 1155 1179
f 1157 1917 1184
f 1172 1173 1187
f 1172 1187 1176
f 1176 1194 1177
f 1173 1179 1189
f 1155 1183 1179
f 1157 1182 1183
f 1157 1184 1182
f 1178 1189 1179
f 1179 1181 1180
f 1178 1179 1180
f 1179 1183 1181
f 1182 1184 1185
f 1184 1941 1185
f 1173 1189 1187
f 1176 1187 1191
f 1176 1191 1194
f 1186 1187 1189
f 1186 1188 1187
f 1187 1190 1191
f 1187 1188 1190
f 1190 1192 1191
f 1191 1192 1193
f 1191 1193 1194
f 1177 1194 2343
f 1193 2343 1194
f 629 1201 1214
f 603 1195 1196
f 615 1199 1200
f 615 1202 1199
f 616 1200 1201
f 603 1196 1202
f 631 1215 1216
f 629 1214 1215
f 628 1216 1213
f 640 1213 1226
f 640 1226 1227
f 642 1227 1228
f 657 1239 1195
f 657 1238 1239
f 658 1240 1238
f 670 1253 1240
f 670 1254 1253
f 672 1255 1254
f 672 1256 1255
f 642 1228 1436
f 753 1436 1437
f 753 1437 1443
f 760 1443 1444
f 779 1523 1256
f 779 1525 1523
f 1201 1217 1214
f 1205 1219 1217
f 1195 1242 1196
f 1196 1242 1197
f 1197 1198 1210
f 1197 1241 1198
f 1198 1246 1212
f 1199 1204 1200
f 1200 1204 1201
f 1199 1202 1209
f 1196 1209 1202
f 1199 1203 1204
f 1199 1209 1203
f 1203 1211 1207
f 1208 1211 1272
f 1201 1204 1205
f 1204 1207 1205
f 1201 1205 1217
f 1203 1207 1204
f 1205 1206 1219
f 1205 1207 1206
f 1206 1268 1237
f 1206 1208 1268
f 1207 1211 1208
f 1206 1207 1208
f 1196 1197 1209
f 1203 1209 1210
f 1197 1210 1209
f 1210 1212 1211
f 1203 1210 1211
f 1211 1212 1272
f 1198 1212 1210
f 1215 1221 1216
f 1214 1217 1215
f 1213 1216 1221
f 1215 1218 1221
f 1218 1223 1221
f 1215 1217 1218
f 1217 1219 1218
f 1218 1219 1220
f 1219 1237 1220
f 1218 1220 1223
f 1220 1280 1224
f 1220 1237 1280
f 1221 1223 1222
f 1213 1221 1222
f 1220 1224 1223
f 1223 1224 1225
f 1222 1223 1225
f 1224 1282 1225
f 1213 1229 1226
f 1226 1229 1227
f 1227 1232 1228
f 1213 1222 1229
f 1222 1230 1229
f 1227 1229 1233
f 1229 1230 1233
f 1222 1225 1230
f 1225 1231 1230
f 1230 1231 1235
f 1227 1233 1232
f 1232 1233 1234
f 1230 1235 1233
f 1233 1235 1234
f 1231 1285 1235
f 1234 1235 1236
f 1235 1285 1236
f 1225 1282 1231
f 1206 1237 1219
f 1238 1248 1243
f 1195 1239 1242
f 1239 1243 1242
f 1238 1243 1239
f 1238 1240 1248
f 1240 1250 1248
f 1250 1253 1257
f 1240 1253 1250
f 1241 1242 1243
f 1197 1242 1241
f 1243 1248 1244
f 1241 1243 1244
f 1198 1241 1245
f 1198 1245 1246
f 1245 1331 1246
f 1241 1244 1245
f 1244 1247 1245
f 1245 1247 1331
f 1247 1335 1331
f 1248 1250 1249
f 1244 1248 1249
f 1250 1257 1251
f 1249 1250 1251
f 1247 1249 1252
f 1249 1251 1252
f 1251 1260 1252
f 1252 1260 1334
f 1244 1249 1247
f 1247 1252 1335
f 1253 1254 1257
f 1254 1259 1257
f 1254 1255 1259
f 1255 1262 1259
f 1255 1256 1262
f 1256 1264 1262
f 1256 1523 1264
f 1251 1257 1258
f 1257 1259 1258
f 1258 1259 1263
f 1258 1261 1260
f 1251 1258 1260
f 1260 1261 1353
f 1258 1263 1261
f 1261 1266 1354
f 1259 1262 1263
f 1262 1265 1263
f 1262 1264 1265
f 1264 1524 1265
f 1261 1263 1266
f 1263 1265 1266
f 1265 1267 1266
f 1265 1524 1267
f 1266 1267 1360
f 1268 1270 1300
f 1208 1269 1268
f 1208 1272 1269
f 1269 1276 1270
f 1268 1269 1270
f 1270 1271 1301
f 1270 1276 1271
f 1272 1274 1273
f 1269 1272 1273
f 1212 1274 1272
f 1212 1246 1274
f 1273 1274 1340
f 1273 1275 1276
f 1273 1340 1275
f 1275 1340 1341
f 1275 1341 1278
f 1269 1273 1276
f 1271 1276 1277
f 1275 1277 1276
f 1275 1278 1277
f 1271 1277 1309
f 1277 1279 1309
f 1279 1310 1309
f 1277 1278 1279
f 1278 1345 1279
f 1279 1346 1310
f 1237 1300 1280
f 1280 1300 1281
f 1224 1283 1282
f 1282 1283 1290
f 1224 1280 1283
f 1280 1281 1283
f 1281 1302 1284
f 1281 1284 1283
f 1284 1302 1306
f 1283 1284 1290
f 1284 1292 1290
f 1284 1306 1292
f 1231 1289 1285
f 1285 1289 1287
f 1236 1285 1286
f 1285 1287 1286
f 1286 1287 1288
f 1231 1282 1289
f 1282 1290 1289
f 1289 1290 1291
f 1290 1292 1291
f 1287 1289 1291
f 1291 1292 1295
f 1291 1295 1293
f 1287 1291 1293
f 1287 1293 1288
f 1288 1293 1296
f 1292 1294 1295
f 1292 1306 1294
f 1294 1298 1295
f 1294 1314 1298
f 1293 1295 1297
f 1293 1297 1296
f 1296 1297 1456
f 1295 1298 1297
f 1297 1298 1299
f 1297 1299 1456
f 1298 1317 1299
f 1299 1317 1476
f 1237 1268 1300
f 1281 1300 1301
f 1270 1301 1300
f 1281 1301 1302
f 1301 1303 1302
f 1271 1303 1301
f 1302 1303 1305
f 1271 1309 1303
f 1303 1309 1304
f 1303 1304 1305
f 1302 1305 1306
f 1305 1307 1306
f 1305 1308 1307
f 1304 1308 1305
f 1304 1311 1308
f 1307 1308 1315
f 1308 1313 1315
f 1304 1309 1310
f 1304 1310 1311
f 1310 1346 1312
f 1310 1312 1311
f 1311 1312 1318
f 1308 1311 1313
f 1311 1318 1313
f 1294 1306 1307
f 1294 1307 1314
f 1307 1315 1314
f 1298 1314 1317
f 1314 1315 1316
f 1314 1316 1317
f 1313 1320 1315
f 1315 1320 1316
f 1316 1321 1317
f 1317 1321 1476
f 1312 1391 1318
f 1313 1318 1324
f 1318 1391 1319
f 1318 1319 1324
f 1319 1326 1324
f 1316 1320 1322
f 1321 1477 1476
f 1316 1322 1321
f 1321 1322 1323
f 1321 1323 1477
f 1322 1327 1323
f 1313 1324 1320
f 1320 1324 1325
f 1320 1325 1322
f 1324 1326 1325
f 1325 1326 1328
f 1326 1403 1328
f 1322 1325 1327
f 1325 1328 1327
f 1323 1327 1484
f 1327 1329 1484
f 1327 1328 1329
f 1328 1405 1329
f 1329 1405 1497
f 1246 1330 1274
f 1246 1331 1330
f 1331 1335 1332
f 1330 1331 1332
f 1330 1332 1333
f 1332 1337 1333
f 1333 1337 1342
f 1252 1334 1335
f 1332 1335 1336
f 1334 1336 1335
f 1334 1356 1336
f 1336 1338 1337
f 1332 1336 1337
f 1337 1339 1342
f 1337 1338 1339
f 1336 1356 1338
f 1338 1363 1339
f 1339 1363 1349
f 1274 1330 1340
f 1330 1333 1340
f 1333 1341 1340
f 1333 1342 1341
f 1278 1341 1343
f 1278 1343 1345
f 1341 1342 1343
f 1342 1348 1343
f 1343 1344 1345
f 1343 1348 1344
f 1345 1347 1346
f 1279 1345 1346
f 1346 1347 1390
f 1344 1347 1345
f 1344 1352 1347
f 1347 1352 1377
f 1347 1377 1390
f 1339 1348 1342
f 1339 1349 1348
f 1348 1349 1350
f 1344 1348 1350
f 1344 1350 1352
f 1350 1351 1352
f 1349 1371 1350
f 1350 1371 1351
f 1351 1378 1352
f 1260 1353 1334
f 1334 1353 1356
f 1353 1355 1356
f 1261 1354 1353
f 1353 1354 1355
f 1354 1359 1355
f 1355 1359 1358
f 1338 1356 1357
f 1355 1357 1356
f 1338 1357 1363
f 1357 1365 1363
f 1355 1358 1357
f 1357 1358 1365
f 1266 1360 1354
f 1354 1360 1359
f 1267 1529 1360
f 1360 1529 1361
f 1359 1360 1361
f 1358 1359 1362
f 1359 1361 1362
f 1361 1530 1362
f 1358 1362 1367
f 1362 1530 1368
f 1363 1365 1364
f 1349 1363 1364
f 1358 1367 1365
f 1365 1367 1366
f 1364 1365 1366
f 1364 1366 1373
f 1366 1375 1373
f 1366 1367 1369
f 1362 1368 1367
f 1367 1368 1369
f 1368 1531 1369
f 1366 1369 1375
f 1369 1370 1375
f 1369 1531 1370
f 1349 1364 1371
f 1364 1373 1371
f 1371 1373 1372
f 1351 1371 1372
f 1372 1373 1374
f 1373 1375 1374
f 1374 1375 1376
f 1370 1376 1375
f 1370 1532 1376
f 1352 1378 1377
f 1377 1378 1396
f 1351 1381 1378
f 1378 1381 1379
f 1378 1379 1396
f 1351 1372 1381
f 1372 1380 1381
f 1372 1374 1380
f 1374 1385 1380
f 1380 1382 1381
f 1379 1381 1382
f 1380 1383 1382
f 1380 1385 1383
f 1379 1382 1413
f 1382 1384 1413
f 1382 1383 1384
f 1383 1388 1384
f 1374 1376 1385
f 1376 1532 1386
f 1376 1386 1385
f 1385 1386 1387
f 1383 1385 1387
f 1386 1533 1387
f 1383 1387 1388
f 1387 1533 1389
f 1387 1389 1388
f 1388 1389 1416
f 1389 1534 1416
f 1312 1346 1390
f 1312 1390 1391
f 1390 1392 1391
f 1377 1392 1390
f 1391 1392 1394
f 1392 1397 1394
f 1319 1391 1394
f 1319 1393 1326
f 1319 1394 1393
f 1394 1397 1395
f 1393 1394 1395
f 1393 1395 1404
f 1395 1401 1404
f 1377 1396 1392
f 1392 1396 1397
f 1379 1398 1396
f 1396 1398 1397
f 1397 1398 1400
f 1379 1413 1398
f 1398 1413 1399
f 1398 1399 1400
f 1395 1397 1400
f 1395 1400 1401
f 1400 1402 1401
f 1399 1402 1400
f 1326 1393 1403
f 1393 1404 1403
f 1403 1404 1406
f 1328 1403 1405
f 1403 1406 1405
f 1404 1408 1406
f 1405 1406 1407
f 1405 1407 1497
f 1406 1408 1410
f 1406 1410 1407
f 1407 1410 1501
f 1401 1408 1404
f 1401 1409 1408
f 1408 1409 1411
f 1401 1402 1409
f 1402 1425 1409
f 1409 1425 1426
f 1409 1426 1411
f 1408 1411 1410
f 1410 1411 1412
f 1410 1412 1501
f 1411 1426 1428
f 1411 1428 1412
f 1412 1428 1508
f 1384 1414 1413
f 1399 1413 1414
f 1399 1414 1417
f 1384 1415 1414
f 1414 1415 1418
f 1384 1388 1415
f 1388 1416 1415
f 1415 1416 1420
f 1416 1534 1421
f 1416 1421 1420
f 1399 1417 1402
f 1402 1417 1425
f 1417 1419 1425
f 1414 1418 1417
f 1417 1418 1419
f 1418 1422 1419
f 1415 1420 1418
f 1420 1421 1423
f 1418 1420 1422
f 1420 1423 1422
f 1419 1422 1431
f 1422 1424 1431
f 1422 1423 1424
f 1423 1536 1424
f 1419 1427 1425
f 1425 1427 1426
f 1426 1427 1429
f 1419 1431 1427
f 1427 1432 1429
f 1426 1429 1428
f 1428 1429 1430
f 1428 1430 1508
f 1429 1434 1430
f 1424 1433 1431
f 1427 1431 1432
f 1431 1433 1432
f 1424 1537 1433
f 1432 1433 1435
f 1429 1432 1434
f 1432 1435 1434
f 1433 1538 1435
f 1434 1435 1514
f 1435 1539 1514
f 1228 1232 1436
f 1436 1440 1437
f 1437 1440 1443
f 1232 1438 1436
f 1232 1234 1438
f 1436 1438 1440
f 1234 1439 1438
f 1234 1236 1439
f 1236 1450 1439
f 1438 1439 1441
f 1439 1450 1442
f 1438 1441 1440
f 1440 1445 1443
f 1440 1441 1445
f 1439 1442 1441
f 1441 1442 1448
f 1441 1448 1445
f 1442 1464 1448
f 1443 1446 1444
f 1443 1445 1446
f 1445 1448 1447
f 1445 1447 1446
f 1448 1464 1449
f 1447 1448 1449
f 1236 1286 1450
f 1286 1288 1451
f 1286 1451 1450
f 1450 1451 1453
f 1288 1452 1451
f 1288 1296 1452
f 1451 1452 1454
f 1452 1457 1455
f 1442 1450 1453
f 1442 1453 1464
f 1453 1465 1464
f 1451 1454 1453
f 1453 1454 1465
f 1452 1455 1454
f 1454 1468 1465
f 1454 1455 1468
f 1455 1470 1468
f 1296 1457 1452
f 1455 1460 1470
f 1296 1456 1457
f 1457 1458 1460
f 1456 1458 1457
f 1299 1459 1456
f 1299 1476 1459
f 1459 1476 1478
f 1456 1459 1458
f 1458 1459 1462
f 1459 1478 1462
f 1455 1457 1460
f 1458 1461 1460
f 1460 1461 1472
f 1460 1472 1470
f 1458 1462 1461
f 1461 1462 1463
f 1461 1463 1473
f 1464 1465 1466
f 1449 1464 1466
f 1465 1467 1466
f 1465 1468 1467
f 1468 1470 1469
f 1467 1468 1469
f 1469 1470 1471
f 1470 1472 1471
f 1471 1472 1474
f 1461 1473 1472
f 1472 1473 1474
f 1463 1475 1473
f 1462 1478 1480
f 1462 1480 1463
f 1463 1480 1491
f 1463 1491 1475
f 1476 1477 1478
f 1477 1481 1478
f 1323 1479 1477
f 1477 1479 1481
f 1323 1484 1479
f 1478 1481 1480
f 1480 1481 1482
f 1480 1482 1491
f 1481 1483 1482
f 1479 1483 1481
f 1479 1486 1483
f 1482 1483 1493
f 1483 1487 1493
f 1479 1484 1486
f 1484 1485 1486
f 1329 1485 1484
f 1329 1497 1485
f 1483 1486 1487
f 1485 1489 1486
f 1486 1489 1487
f 1487 1489 1495
f 1485 1497 1488
f 1485 1488 1489
f 1489 1490 1495
f 1488 1490 1489
f 1482 1492 1491
f 1482 1493 1492
f 1487 1494 1493
f 1487 1495 1494
f 1490 1496 1495
f 1407 1498 1497
f 1488 1497 1498
f 1407 1501 1498
f 1498 1501 1503
f 1488 1498 1499
f 1488 1499 1490
f 1490 1499 1505
f 1498 1503 1499
f 1499 1503 1500
f 1499 1500 1505
f 1412 1502 1501
f 1501 1502 1503
f 1412 1508 1502
f 1502 1508 1510
f 1500 1503 1504
f 1502 1504 1503
f 1500 1504 1507
f 1502 1510 1504
f 1504 1510 1511
f 1504 1511 1507
f 1490 1505 1496
f 1500 1506 1505
f 1500 1507 1506
f 1507 1511 1519
f 1430 1509 1508
f 1508 1509 1510
f 1430 1513 1509
f 1509 1512 1510
f 1510 1512 1511
f 1511 1512 1520
f 1509 1516 1512
f 1512 1517 1520
f 1430 1434 1513
f 1434 1514 1513
f 1509 1513 1516
f 1513 1515 1516
f 1513 1514 1515
f 1514 1546 1515
f 1512 1516 1517
f 1516 1518 1517
f 1515 1518 1516
f 1515 1547 1518
f 1517 1518 1522
f 1511 1520 1519
f 1517 1521 1520
f 1517 1522 1521
f 1518 1548 1522
f 1264 1523 1526
f 1264 1526 1524
f 1267 1524 1528
f 1523 1525 1526
f 1267 1528 1540
f 1524 1526 1527
f 1524 1527 1528
f 1267 1540 1529
f 1361 1529 1541
f 1421 1535 1423
f 1423 1535 1536
f 1424 1536 1537
f 1433 1537 1538
f 1435 1538 1539
f 1538 1545 1539
f 1361 1541 1542
f 1529 1540 1541
f 1361 1567 1530
f 1368 1530 1567
f 1368 1568 1531
f 1370 1531 1568
f 1370 1569 1532
f 1361 1542 1567
f 1386 1532 1569
f 1386 1570 1533
f 1389 1533 1570
f 1389 1708 1534
f 1421 1534 1571
f 1421 1572 1535
f 1535 1573 1536
f 1536 1574 1537
f 1537 1574 1538
f 1538 1543 1544
f 1538 1544 1545
f 1538 1574 1543
f 1514 1539 1546
f 1515 1546 1547
f 1518 1547 1548
f 1522 1548 1549
f 1539 1550 1546
f 1546 1551 1547
f 1547 1552 1548
f 1548 1553 1549
f 1539 1545 1550
f 1546 1550 1551
f 1547 1551 1552
f 1548 1552 1553
f 760 1444 2719
f 1444 1446 2721
f 1446 1447 2721
f 1447 1449 2724
f 1449 1466 2733
f 1466 1467 2733
f 1467 1469 2736
f 1469 1471 2739
f 1471 1474 2742
f 1473 2743 1474
f 1473 1475 2743
f 1475 1491 2761
f 1491 1492 2761
f 1492 1493 2760
f 1493 1494 2762
f 1494 1495 2763
f 1495 1496 2764
f 1496 1505 2764
f 1505 1506 2781
f 1506 1507 2781
f 1507 1519 2782
f 1519 1520 2792
f 1520 1521 2792
f 1521 1522 2794
f 1522 1549 3047
f 1549 1553 3051
f 1558 1554 812
f 1002 1585 1558
f 1002 1586 1585
f 1004 1587 1586
f 1004 1588 1587
f 1018 1600 1588
f 1018 1601 1600
f 1020 1602 1601
f 1020 1615 1602
f 1023 1616 1615
f 1023 1619 1616
f 1036 1620 1619
f 1036 1621 1620
f 1038 1622 1621
f 1038 1634 1622
f 1049 1635 1634
f 1050 1636 1635
f 1052 1637 1636
f 1052 1647 1637
f 1061 1648 1647
f 1063 1649 1648
f 1142 1826 1649
f 1142 1827 1826
f 1149 1833 1827
f 1149 1834 1833
f 1150 1946 1834
f 1589 1555 1554
f 1559 1556 1555
f 1593 1557 1556
f 1558 1589 1554
f 1559 1555 1589
f 1559 1593 1556
f 1566 1557 1593
f 1566 1560 1557
f 1566 1561 1560
f 1567 1542 1562
f 1567 1562 1561
f 1368 1567 1668
f 1368 1668 1568
f 1370 1568 1671
f 1370 1671 1569
f 1386 1569 1705
f 1386 1705 1570
f 1389 1570 1708
f 1534 1708 1571
f 1421 1571 1722
f 1421 1722 1572
f 1535 1572 1573
f 1536 1573 1574
f 1574 1563 1543
f 1575 1564 1563
f 1576 1565 1564
f 1566 1659 1561
f 1567 1561 1659
f 1574 1575 1563
f 1575 1576 1564
f 1572 1722 1724
f 1572 1724 1573
f 1573 1725 1574
f 1574 1731 1575
f 1575 1733 1576
f 1581 1577 1565
f 1582 1578 1577
f 1583 1579 1578
f 1584 1580 1579
f 1576 1581 1565
f 1581 1582 1577
f 1582 1583 1578
f 1583 1584 1579
f 1576 1840 1581
f 1581 1841 1582
f 1582 1843 1583
f 1583 1851 1584
f 1558 1585 1589
f 1585 1591 1589
f 1585 1586 1591
f 1586 1595 1591
f 1586 1587 1595
f 1587 1596 1595
f 1587 1588 1596
f 1589 1591 1590
f 1559 1589 1590
f 1591 1595 1592
f 1590 1591 1592
f 1559 1590 1593
f 1590 1594 1593
f 1593 1594 1658
f 1590 1592 1594
f 1592 1598 1594
f 1595 1596 1597
f 1592 1595 1597
f 1596 1604 1597
f 1592 1597 1598
f 1594 1598 1662
f 1597 1599 1598
f 1597 1604 1599
f 1598 1599 1664
f 1588 1603 1596
f 1588 1600 1603
f 1600 1605 1603
f 1600 1601 1605
f 1601 1608 1605
f 1601 1602 1608
f 1602 1611 1608
f 1602 1615 1611
f 1596 1603 1604
f 1603 1606 1604
f 1603 1605 1606
f 1605 1609 1606
f 1599 1604 1607
f 1604 1606 1607
f 1599 1607 1682
f 1606 1612 1607
f 1606 1609 1612
f 1607 1612 1683
f 1605 1608 1609
f 1608 1610 1609
f 1608 1611 1610
f 1610 1611 1617
f 1609 1613 1612
f 1609 1610 1613
f 1612 1687 1683
f 1612 1613 1687
f 1610 1618 1613
f 1613 1614 1687
f 1613 1618 1614
f 1611 1615 1616
f 1611 1616 1617
f 1610 1617 1618
f 1617 1625 1618
f 1614 1618 1624
f 1616 1619 1623
f 1619 1620 1623
f 1620 1621 1628
f 1621 1622 1628
f 1616 1623 1617
f 1617 1623 1625
f 1623 1627 1625
f 1618 1625 1624
f 1624 1625 1626
f 1625 1627 1626
f 1624 1626 1765
f 1620 1627 1623
f 1620 1628 1627
f 1626 1627 1630
f 1626 1631 1765
f 1627 1628 1630
f 1622 1629 1628
f 1628 1629 1630
f 1622 1638 1629
f 1626 1630 1631
f 1630 1632 1631
f 1629 1632 1630
f 1629 1640 1632
f 1631 1632 1772
f 1632 1633 1772
f 1622 1634 1638
f 1629 1638 1640
f 1632 1640 1633
f 1634 1635 1638
f 1635 1636 1642
f 1636 1637 1642
f 1635 1639 1638
f 1638 1639 1640
f 1635 1642 1639
f 1639 1642 1644
f 1639 1641 1640
f 1633 1640 1641
f 1639 1644 1641
f 1633 1641 1794
f 1641 1645 1794
f 1642 1643 1644
f 1637 1643 1642
f 1641 1644 1645
f 1644 1646 1645
f 1643 1646 1644
f 1645 1646 1797
f 1637 1647 1650
f 1647 1648 1650
f 1648 1649 1654
f 1646 1652 1797
f 1637 1650 1643
f 1643 1650 1651
f 1648 1653 1650
f 1650 1653 1651
f 1643 1651 1646
f 1646 1651 1652
f 1651 1655 1652
f 1648 1654 1653
f 1653 1654 1657
f 1651 1653 1655
f 1653 1657 1655
f 1652 1655 1804
f 1655 1657 1656
f 1655 1656 1804
f 1566 1593 1658
f 1566 1658 1659
f 1658 1660 1659
f 1594 1662 1658
f 1658 1662 1660
f 1567 1659 1661
f 1659 1660 1661
f 1660 1666 1661
f 1567 1661 1668
f 1661 1666 1670
f 1598 1664 1662
f 1662 1664 1663
f 1660 1662 1663
f 1599 1682 1664
f 1664 1682 1665
f 1663 1664 1665
f 1660 1663 1666
f 1663 1667 1666
f 1666 1667 1672
f 1663 1665 1667
f 1665 1685 1667
f 1667 1674 1672
f 1667 1685 1674
f 1661 1670 1668
f 1568 1668 1669
f 1668 1670 1669
f 1669 1670 1673
f 1568 1669 1671
f 1669 1677 1671
f 1669 1673 1677
f 1666 1672 1670
f 1670 1672 1673
f 1672 1675 1673
f 1672 1674 1675
f 1674 1695 1675
f 1673 1678 1677
f 1673 1675 1678
f 1569 1671 1676
f 1671 1677 1676
f 1676 1677 1679
f 1675 1695 1680
f 1677 1678 1679
f 1678 1681 1679
f 1675 1680 1678
f 1678 1680 1681
f 1680 1697 1681
f 1607 1683 1682
f 1682 1683 1684
f 1665 1682 1684
f 1683 1688 1684
f 1665 1684 1685
f 1674 1685 1691
f 1684 1686 1685
f 1684 1688 1686
f 1685 1686 1691
f 1686 1692 1691
f 1683 1687 1688
f 1687 1689 1688
f 1688 1689 1690
f 1614 1689 1687
f 1614 1764 1689
f 1686 1688 1690
f 1686 1690 1692
f 1674 1691 1695
f 1689 1764 1693
f 1690 1694 1692
f 1689 1693 1690
f 1690 1693 1694
f 1691 1696 1695
f 1691 1692 1696
f 1695 1696 1698
f 1696 1701 1698
f 1680 1695 1698
f 1680 1698 1697
f 1698 1701 1699
f 1697 1698 1699
f 1697 1699 1715
f 1692 1700 1696
f 1692 1694 1700
f 1696 1700 1701
f 1700 1702 1701
f 1694 1774 1700
f 1700 1774 1702
f 1701 1702 1703
f 1699 1701 1703
f 1699 1703 1717
f 1703 1747 1717
f 1702 1704 1703
f 1702 1775 1704
f 1703 1704 1747
f 1569 1676 1705
f 1676 1706 1705
f 1705 1706 1707
f 1676 1679 1706
f 1570 1705 1707
f 1706 1711 1707
f 1570 1707 1708
f 1707 1709 1708
f 1708 1709 1718
f 1571 1708 1718
f 1707 1711 1709
f 1679 1710 1706
f 1679 1681 1710
f 1681 1712 1710
f 1681 1697 1712
f 1706 1710 1711
f 1710 1713 1711
f 1710 1712 1713
f 1712 1716 1713
f 1709 1711 1714
f 1711 1713 1714
f 1713 1721 1714
f 1713 1716 1721
f 1697 1715 1712
f 1712 1715 1716
f 1715 1741 1716
f 1699 1717 1715
f 1715 1717 1741
f 1704 1780 1747
f 1571 1718 1722
f 1718 1723 1722
f 1709 1714 1719
f 1709 1719 1718
f 1718 1719 1723
f 1714 1720 1719
f 1719 1720 1727
f 1714 1721 1720
f 1720 1743 1729
f 1720 1721 1743
f 1722 1723 1724
f 1719 1727 1723
f 1573 1724 1725
f 1724 1726 1725
f 1723 1726 1724
f 1723 1727 1726
f 1725 1726 1730
f 1726 1728 1730
f 1726 1727 1728
f 1720 1729 1727
f 1727 1729 1728
f 1729 1743 1752
f 1728 1729 1736
f 1729 1752 1736
f 1725 1730 1731
f 1574 1725 1731
f 1731 1732 1733
f 1730 1732 1731
f 1730 1735 1732
f 1575 1731 1733
f 1576 1733 1840
f 1733 1734 1840
f 1732 1734 1733
f 1732 1738 1734
f 1728 1735 1730
f 1728 1736 1735
f 1735 1736 1737
f 1735 1737 1738
f 1732 1735 1738
f 1734 1738 1739
f 1737 1740 1738
f 1738 1740 1739
f 1739 1740 1847
f 1716 1741 1742
f 1717 1746 1741
f 1741 1746 1744
f 1716 1742 1721
f 1721 1742 1743
f 1742 1745 1743
f 1741 1744 1742
f 1742 1744 1745
f 1743 1745 1752
f 1744 1750 1745
f 1745 1753 1752
f 1745 1750 1753
f 1717 1747 1746
f 1746 1748 1749
f 1746 1747 1748
f 1747 1780 1748
f 1744 1746 1749
f 1748 1815 1749
f 1744 1749 1750
f 1749 1751 1750
f 1750 1754 1753
f 1750 1751 1754
f 1749 1815 1751
f 1751 1815 1818
f 1754 1755 1762
f 1751 1818 1755
f 1751 1755 1754
f 1755 1756 1762
f 1755 1819 1756
f 1736 1752 1757
f 1752 1753 1757
f 1736 1757 1737
f 1737 1757 1759
f 1753 1758 1757
f 1753 1754 1758
f 1757 1758 1759
f 1737 1759 1740
f 1740 1759 1761
f 1758 1760 1759
f 1759 1760 1761
f 1760 1855 1761
f 1740 1761 1847
f 1754 1762 1758
f 1758 1762 1760
f 1760 1762 1763
f 1760 1763 1855
f 1756 1763 1762
f 1756 1860 1763
f 1614 1624 1764
f 1624 1765 1764
f 1693 1764 1766
f 1764 1765 1766
f 1765 1770 1766
f 1693 1767 1694
f 1693 1766 1767
f 1694 1767 1774
f 1766 1768 1767
f 1766 1770 1768
f 1767 1769 1774
f 1767 1768 1769
f 1768 1773 1769
f 1631 1770 1765
f 1631 1772 1770
f 1768 1770 1771
f 1770 1772 1771
f 1771 1772 1776
f 1768 1771 1773
f 1771 1777 1773
f 1769 1775 1774
f 1702 1774 1775
f 1769 1779 1775
f 1769 1773 1779
f 1775 1779 1781
f 1704 1775 1781
f 1633 1776 1772
f 1773 1777 1784
f 1771 1776 1777
f 1776 1795 1777
f 1777 1795 1778
f 1777 1778 1784
f 1779 1785 1781
f 1704 1781 1780
f 1780 1781 1782
f 1780 1782 1814
f 1781 1785 1782
f 1782 1783 1814
f 1782 1789 1783
f 1773 1784 1779
f 1779 1784 1785
f 1784 1786 1785
f 1778 1786 1784
f 1785 1786 1789
f 1778 1787 1786
f 1786 1788 1789
f 1786 1787 1788
f 1782 1785 1789
f 1788 1790 1789
f 1783 1789 1790
f 1787 1808 1788
f 1788 1808 1792
f 1783 1790 1822
f 1790 1791 1822
f 1788 1792 1790
f 1792 1810 1793
f 1790 1792 1791
f 1791 1792 1793
f 1791 1793 1825
f 1793 1866 1825
f 1633 1794 1776
f 1776 1794 1795
f 1645 1796 1794
f 1794 1796 1795
f 1645 1797 1796
f 1796 1797 1801
f 1778 1795 1798
f 1795 1796 1798
f 1778 1798 1787
f 1796 1801 1798
f 1798 1801 1800
f 1787 1798 1800
f 1652 1799 1797
f 1797 1799 1801
f 1799 1802 1801
f 1800 1801 1802
f 1799 1806 1802
f 1800 1802 1809
f 1802 1803 1809
f 1802 1806 1803
f 1803 1806 1807
f 1803 1807 1812
f 1652 1804 1799
f 1799 1804 1806
f 1656 1805 1804
f 1804 1805 1806
f 1805 1807 1806
f 1787 1800 1808
f 1800 1809 1808
f 1792 1808 1810
f 1808 1809 1810
f 1809 1811 1810
f 1810 1811 1813
f 1811 1873 1813
f 1803 1811 1809
f 1803 1812 1811
f 1811 1812 1873
f 1793 1810 1813
f 1793 1813 1866
f 1748 1780 1814
f 1748 1814 1815
f 1815 1816 1818
f 1814 1816 1815
f 1783 1816 1814
f 1816 1817 1818
f 1783 1822 1816
f 1816 1822 1817
f 1817 1822 1823
f 1755 1818 1819
f 1817 1819 1818
f 1817 1823 1821
f 1819 1821 1820
f 1756 1819 1820
f 1756 1820 1860
f 1817 1821 1819
f 1820 1821 1894
f 1821 1824 1894
f 1791 1823 1822
f 1791 1825 1823
f 1821 1823 1824
f 1823 1825 1824
f 1824 1825 1897
f 1825 1866 1897
f 1649 1826 1654
f 1826 1827 1830
f 1827 1833 1830
f 1654 1826 1828
f 1654 1828 1657
f 1826 1830 1828
f 1657 1828 1829
f 1656 1657 1829
f 1656 1829 1868
f 1828 1831 1829
f 1829 1832 1868
f 1828 1830 1831
f 1830 1833 1835
f 1830 1835 1831
f 1829 1831 1832
f 1831 1838 1832
f 1831 1835 1838
f 1832 1838 1881
f 1833 1834 1836
f 1833 1836 1835
f 1835 1837 1838
f 1835 1836 1837
f 1838 1839 1881
f 1837 1839 1838
f 1840 1842 1841
f 1581 1840 1841
f 1734 1842 1840
f 1734 1739 1842
f 1841 1842 1844
f 1842 1846 1844
f 1582 1841 1843
f 1841 1844 1843
f 1843 1845 1851
f 1843 1844 1845
f 1844 1848 1845
f 1739 1846 1842
f 1739 1847 1846
f 1846 1847 1849
f 1844 1846 1848
f 1845 1848 1853
f 1846 1849 1848
f 1848 1849 1850
f 1848 1850 1853
f 1583 1843 1851
f 1845 1852 1851
f 1845 1853 1852
f 1850 1854 1853
f 1761 1856 1847
f 1847 1856 1849
f 1761 1855 1856
f 1855 1857 1856
f 1849 1856 1858
f 1849 1858 1850
f 1850 1858 1863
f 1856 1857 1858
f 1857 1862 1858
f 1858 1862 1863
f 1763 1859 1855
f 1855 1859 1857
f 1763 1860 1859
f 1859 1860 1904
f 1857 1861 1862
f 1857 1859 1861
f 1861 1864 1862
f 1859 1904 1861
f 1861 1904 1905
f 1861 1905 1864
f 1850 1863 1854
f 1862 1865 1863
f 1862 1864 1865
f 1864 1905 1912
f 1812 1869 1874
f 1656 1868 1805
f 1805 1867 1807
f 1805 1868 1867
f 1867 1868 1870
f 1807 1867 1869
f 1807 1869 1812
f 1867 1871 1869
f 1869 1872 1874
f 1867 1870 1871
f 1870 1882 1871
f 1832 1870 1868
f 1832 1881 1870
f 1870 1881 1882
f 1869 1871 1872
f 1871 1882 1884
f 1872 1884 1891
f 1871 1884 1872
f 1812 1874 1873
f 1873 1874 1876
f 1874 1877 1876
f 1813 1873 1875
f 1813 1875 1866
f 1866 1875 1898
f 1873 1876 1875
f 1875 1876 1878
f 1875 1878 1898
f 1872 1877 1874
f 1876 1877 1880
f 1877 1887 1880
f 1877 1891 1887
f 1876 1880 1878
f 1878 1880 1879
f 1879 1880 1889
f 1872 1891 1877
f 1881 1883 1882
f 1839 1883 1881
f 1882 1883 1886
f 1882 1886 1884
f 1884 1885 1891
f 1884 1886 1885
f 1887 1891 1892
f 1887 1892 1890
f 1879 1889 1888
f 1880 1887 1889
f 1887 1890 1889
f 1885 1892 1891
f 1820 1893 1860
f 1820 1894 1893
f 1894 1899 1895
f 1893 1894 1895
f 1893 1895 1906
f 1895 1903 1896
f 1895 1896 1906
f 1896 1911 1906
f 1824 1897 1899
f 1897 1901 1899
f 1866 1898 1897
f 1897 1898 1901
f 1824 1899 1894
f 1901 1902 1903
f 1898 1900 1901
f 1900 1902 1901
f 1900 1908 1902
f 1895 1899 1903
f 1899 1901 1903
f 1896 1903 1910
f 1902 1910 1903
f 1860 1893 1904
f 1893 1906 1904
f 1904 1906 1905
f 1905 1906 1911
f 1896 1907 1911
f 1896 1910 1907
f 1902 1908 1909
f 1902 1909 1910
f 1905 1911 1912
f 1878 1900 1898
f 1878 1879 1900
f 1879 1908 1900
f 1879 1888 1908
f 1834 1946 1947
f 1834 1947 1948
f 1834 1948 1949
f 1834 1949 1951
f 1834 1951 1952
f 1834 1952 1954
f 1834 1954 1955
f 1162 1921 1913
f 1156 1913 1916
f 1913 1914 1916
f 1913 1921 1914
f 1914 1921 1925
f 1914 1918 1916
f 1914 1925 1915
f 1914 1915 1918
f 1156 1916 1917
f 1916 1918 1917
f 1915 1919 1918
f 1915 1934 1919
f 1162 1920 1921
f 1921 1922 1925
f 1920 1922 1921
f 1165 1923 1920
f 1165 1930 1923
f 1920 1923 1922
f 1922 1923 1924
f 1923 1931 1924
f 1922 1926 1925
f 1922 1924 1926
f 1924 1927 1926
f 1925 1926 1928
f 1915 1925 1928
f 1915 1928 1934
f 1926 1929 1928
f 1926 1927 1929
f 1927 1933 1929
f 1928 1929 1936
f 1929 1933 1937
f 1929 1937 1936
f 1923 1930 1931
f 1924 1931 1932
f 1924 1932 1927
f 1928 1936 1934
f 1934 1936 1935
f 1936 1937 1938
f 1935 1936 1938
f 1937 1939 1938
f 1930 3079 1931
f 1931 3080 1932
f 1927 1932 3080
f 1927 3081 1933
f 1933 3081 1937
f 1937 3092 1939
f 1917 1918 1940
f 1918 1919 1945
f 1919 1934 1945
f 1934 1935 1950
f 1935 1938 1950
f 1938 1939 1956
f 1184 1917 1940
f 1918 1943 1940
f 1918 1945 1943
f 1934 1948 1945
f 1184 1940 1941
f 1940 1942 1941
f 1940 1943 1942
f 1943 1945 1944
f 1944 1945 1946
f 1945 1947 1946
f 1945 1948 1947
f 1934 1950 1948
f 1938 1953 1950
f 1938 1956 1953
f 1948 1950 1949
f 1949 1950 1951
f 1950 1952 1951
f 1950 1953 1952
f 1952 1953 1954
f 1953 1955 1954
f 1953 1956 1955
f 1939 3092 1956
f 1955 1956 3106
f 1834 1955 3106
f 1584 3126 1580
f 1584 1851 3126
f 1834 3155 1836
f 1836 3155 1837
f 1837 3156 1839
f 1839 3158 1883
f 1851 1852 3168
f 1852 1853 3168
f 1853 1854 3170
f 1854 1863 3170
f 1863 1865 3182
f 1864 3183 1865
f 1864 1912 3183
f 1883 3199 1886
f 1885 1886 3199
f 1885 3197 1892
f 1890 1892 3202
f 1888 1889 3203
f 1889 1890 3202
f 1907 3225 1911
f 1907 1910 3220
f 1908 3221 1909
f 1909 3221 1910
f 1911 3225 1912
f 1888 3201 1908
f 712 1981 1961
f 689 1958 1957
f 692 1960 1959
f 691 1961 1960
f 693 1959 1962
f 693 1962 1958
f 710 1979 1980
f 710 1980 1981
f 709 1977 1979
f 716 1984 1977
f 716 1983 1984
f 714 1986 1983
f 730 1957 2005
f 730 2005 2004
f 731 2004 2006
f 731 2006 2015
f 744 2015 2016
f 745 2016 2017
f 745 2017 2018
f 755 2030 1986
f 755 2032 2030
f 758 2033 2032
f 758 2035 2033
f 787 2018 2285
f 2285 2289 791
f 760 2719 2035
f 1961 1981 1990
f 1961 1990 1969
f 1969 1990 1991
f 1969 1991 1971
f 1957 1958 1964
f 1959 1960 1967
f 1960 1961 1967
f 1959 1973 1962
f 1958 1962 1973
f 1958 1963 1964
f 1963 1965 1964
f 1963 1976 1965
f 1965 1976 2009
f 1959 1967 1966
f 1959 1966 1973
f 1966 1968 1970
f 1966 1970 1974
f 1961 1969 1967
f 1967 1969 1968
f 1968 1969 1971
f 1966 1967 1968
f 1970 2045 1975
f 1968 1971 1972
f 1971 2003 1972
f 1968 1972 1970
f 1970 1972 2045
f 1958 1973 1963
f 1963 1973 1974
f 1966 1974 1973
f 1963 1974 1976
f 1974 1975 1976
f 1970 1975 1974
f 1975 2049 1976
f 1976 2049 2009
f 1977 1984 1978
f 1979 1982 1980
f 1980 1982 1989
f 1980 1990 1981
f 1977 1982 1979
f 1977 1978 1982
f 1983 1985 1984
f 1978 1984 1985
f 1983 1987 1985
f 1983 1986 1987
f 1986 2030 1988
f 1986 1988 1987
f 1978 1997 1992
f 1980 1989 1990
f 1989 1991 1990
f 1989 1993 1991
f 1978 1992 1982
f 1982 1992 1989
f 1989 1992 1993
f 1992 1997 1995
f 1971 1991 1994
f 1991 1993 1994
f 1993 1996 1994
f 1971 1994 2003
f 1994 2056 2003
f 1994 1996 2056
f 1992 1995 1993
f 1993 1995 1996
f 1995 2057 1996
f 1985 1998 1997
f 1978 1985 1997
f 1985 1987 1998
f 1997 1998 2000
f 1987 1988 1999
f 1988 2037 1999
f 1999 2037 2001
f 1987 1999 1998
f 1998 1999 2002
f 1995 1997 2000
f 1998 2002 2000
f 2000 2062 2057
f 2000 2002 2062
f 1999 2001 2002
f 2001 2064 2002
f 2002 2064 2062
f 2001 2213 2064
f 1995 2000 2057
f 1957 1964 2005
f 2004 2005 2007
f 2004 2007 2006
f 2006 2019 2015
f 1964 2008 2005
f 1964 1965 2008
f 1965 2010 2008
f 2005 2008 2007
f 2008 2010 2012
f 2007 2008 2012
f 1965 2009 2010
f 2009 2106 2010
f 2010 2014 2012
f 2010 2106 2014
f 2006 2007 2011
f 2007 2012 2011
f 2011 2012 2013
f 2006 2011 2019
f 2011 2020 2019
f 2011 2013 2020
f 2012 2014 2013
f 2013 2014 2108
f 2013 2022 2020
f 2013 2108 2022
f 2015 2019 2016
f 2016 2024 2017
f 2017 2024 2018
f 2018 2026 2286
f 2016 2019 2021
f 2019 2020 2021
f 2020 2023 2021
f 2016 2021 2024
f 2021 2023 2025
f 2020 2022 2023
f 2022 2130 2023
f 2023 2130 2027
f 2021 2025 2024
f 2024 2025 2026
f 2018 2024 2026
f 2025 2028 2026
f 2026 2028 2287
f 2023 2027 2025
f 2025 2027 2028
f 2027 2130 2135
f 2027 2135 2029
f 2028 2029 2288
f 2027 2029 2028
f 2030 2032 2031
f 1988 2030 2031
f 2032 2033 2034
f 2031 2032 2034
f 2033 2036 2034
f 2033 2035 2036
f 1988 2031 2037
f 2031 2034 2038
f 2031 2038 2037
f 2037 2038 2040
f 2034 2039 2038
f 2034 2036 2039
f 2038 2039 2041
f 2001 2037 2040
f 2038 2041 2040
f 2001 2040 2213
f 2040 2212 2213
f 2040 2041 2212
f 2039 2043 2041
f 2041 2215 2212
f 2041 2043 2215
f 2036 2042 2039
f 2039 2042 2043
f 2043 2220 2215
f 1972 2003 2044
f 1972 2044 2045
f 2044 2046 2045
f 2045 2046 2048
f 2044 2078 2046
f 2046 2078 2047
f 1975 2045 2048
f 1975 2048 2049
f 2048 2052 2050
f 2009 2049 2113
f 2049 2050 2113
f 2048 2050 2049
f 2046 2052 2048
f 2050 2052 2051
f 2050 2051 2114
f 2046 2047 2052
f 2047 2053 2052
f 2047 2086 2053
f 2051 2052 2053
f 2053 2086 2055
f 2053 2055 2054
f 2051 2053 2054
f 2054 2055 2121
f 2055 2089 2121
f 2003 2056 2076
f 2056 2059 2076
f 1996 2057 2058
f 2057 2066 2058
f 2058 2066 2060
f 1996 2058 2056
f 2056 2058 2059
f 2058 2060 2059
f 2059 2060 2061
f 2059 2061 2077
f 2060 2069 2061
f 2061 2069 2082
f 2062 2064 2063
f 2063 2064 2065
f 2064 2213 2065
f 2063 2065 2070
f 2065 2217 2070
f 2057 2062 2066
f 2062 2063 2066
f 2063 2067 2066
f 2060 2066 2067
f 2060 2067 2069
f 2063 2070 2067
f 2067 2068 2069
f 2067 2070 2068
f 2068 2070 2072
f 2070 2217 2072
f 2069 2071 2082
f 2068 2071 2069
f 2068 2073 2071
f 2071 2091 2082
f 2071 2073 2074
f 2071 2074 2091
f 2068 2072 2073
f 2072 2224 2073
f 2073 2075 2074
f 2073 2224 2075
f 2074 2075 2093
f 2075 2236 2093
f 2003 2076 2044
f 2044 2076 2078
f 2076 2077 2078
f 2077 2079 2078
f 2059 2077 2076
f 2077 2081 2079
f 2047 2078 2079
f 2047 2079 2086
f 2061 2081 2077
f 2061 2082 2081
f 2079 2080 2086
f 2079 2081 2080
f 2080 2084 2087
f 2081 2082 2083
f 2080 2081 2083
f 2082 2091 2083
f 2080 2083 2084
f 2083 2091 2085
f 2083 2085 2084
f 2084 2085 2090
f 2085 2096 2090
f 2080 2087 2086
f 2055 2086 2087
f 2084 2088 2087
f 2055 2087 2089
f 2087 2088 2089
f 2088 2165 2089
f 2084 2090 2088
f 2085 2091 2092
f 2074 2092 2091
f 2074 2093 2092
f 2092 2093 2098
f 2085 2092 2096
f 2093 2236 2097
f 2088 2094 2165
f 2088 2090 2094
f 2090 2096 2100
f 2090 2100 2094
f 2094 2095 2167
f 2094 2100 2095
f 2092 2098 2096
f 2096 2098 2101
f 2093 2097 2098
f 2097 2099 2098
f 2098 2099 2101
f 2097 2238 2099
f 2099 2238 2104
f 2096 2101 2100
f 2100 2101 2102
f 2095 2100 2102
f 2099 2103 2101
f 2101 2103 2102
f 2095 2102 2175
f 2102 2103 2176
f 2102 2176 2175
f 2099 2104 2103
f 2103 2104 2105
f 2103 2105 2176
f 2104 2245 2105
f 2105 2245 2255
f 2009 2113 2106
f 2106 2113 2107
f 2014 2106 2109
f 2106 2107 2109
f 2107 2111 2109
f 2107 2115 2111
f 2022 2108 2129
f 2014 2109 2108
f 2108 2109 2110
f 2109 2111 2110
f 2108 2110 2129
f 2110 2132 2129
f 2110 2111 2112
f 2111 2115 2116
f 2111 2116 2112
f 2110 2112 2132
f 2112 2133 2132
f 2112 2116 2117
f 2112 2117 2133
f 2050 2114 2113
f 2107 2113 2114
f 2114 2118 2115
f 2051 2118 2114
f 2107 2114 2115
f 2051 2054 2118
f 2054 2120 2118
f 2115 2118 2119
f 2115 2119 2116
f 2118 2120 2119
f 2119 2120 2125
f 2054 2121 2120
f 2120 2123 2125
f 2089 2122 2121
f 2121 2122 2123
f 2120 2121 2123
f 2122 2152 2123
f 2116 2119 2124
f 2116 2124 2117
f 2119 2125 2124
f 2117 2124 2126
f 2124 2125 2127
f 2125 2128 2127
f 2124 2127 2126
f 2126 2127 2148
f 2127 2153 2148
f 2123 2128 2125
f 2123 2152 2128
f 2127 2128 2153
f 2022 2129 2130
f 2129 2131 2130
f 2129 2132 2131
f 2130 2131 2135
f 2131 2134 2137
f 2131 2132 2134
f 2132 2133 2134
f 2133 2141 2134
f 2134 2141 2139
f 2131 2137 2135
f 2135 2137 2136
f 2029 2135 2136
f 2029 2136 2293
f 2136 2138 2294
f 2134 2139 2137
f 2137 2139 2138
f 2136 2137 2138
f 2138 2144 2295
f 2138 2139 2144
f 2117 2140 2133
f 2133 2140 2141
f 2117 2126 2140
f 2140 2142 2141
f 2140 2149 2142
f 2141 2142 2143
f 2139 2141 2143
f 2139 2143 2144
f 2142 2146 2143
f 2143 2146 2145
f 2143 2145 2144
f 2144 2145 2296
f 2142 2150 2146
f 2145 2146 2147
f 2126 2148 2149
f 2126 2149 2140
f 2148 2155 2149
f 2142 2149 2150
f 2149 2155 2150
f 2146 2150 2151
f 2150 2160 2151
f 2150 2155 2160
f 2146 2151 2147
f 2147 2151 2298
f 2089 2165 2122
f 2128 2152 2154
f 2152 2170 2154
f 2128 2154 2153
f 2153 2154 2157
f 2154 2172 2157
f 2148 2153 2156
f 2148 2156 2155
f 2155 2156 2158
f 2155 2158 2160
f 2153 2157 2156
f 2156 2157 2159
f 2156 2159 2158
f 2158 2159 2163
f 2157 2172 2188
f 2157 2188 2159
f 2159 2188 2190
f 2159 2190 2163
f 2158 2162 2160
f 2151 2161 2298
f 2151 2160 2161
f 2160 2162 2161
f 2161 2162 2299
f 2158 2163 2162
f 2162 2164 2299
f 2163 2190 2193
f 2162 2163 2164
f 2163 2193 2164
f 2164 2193 2300
f 2122 2165 2166
f 2094 2167 2165
f 2165 2167 2166
f 2122 2166 2152
f 2152 2166 2170
f 2166 2168 2170
f 2166 2167 2168
f 2095 2169 2167
f 2095 2175 2169
f 2167 2169 2168
f 2168 2169 2173
f 2169 2175 2177
f 2169 2177 2173
f 2154 2170 2172
f 2170 2171 2172
f 2168 2171 2170
f 2171 2189 2172
f 2171 2174 2189
f 2168 2173 2171
f 2171 2173 2174
f 2173 2177 2178
f 2173 2178 2174
f 2175 2176 2179
f 2176 2180 2179
f 2175 2179 2177
f 2105 2180 2176
f 2174 2178 2195
f 2177 2179 2183
f 2179 2181 2183
f 2105 2255 2180
f 2180 2255 2182
f 2179 2180 2181
f 2180 2182 2181
f 2181 2182 2186
f 2177 2183 2178
f 2178 2183 2184
f 2181 2185 2183
f 2183 2185 2184
f 2178 2184 2195
f 2184 2185 2204
f 2181 2186 2185
f 2185 2187 2204
f 2185 2186 2187
f 2186 2262 2187
f 2172 2189 2188
f 2188 2189 2191
f 2189 2194 2191
f 2188 2191 2190
f 2190 2191 2192
f 2174 2194 2189
f 2190 2192 2193
f 2192 2198 2193
f 2193 2198 2300
f 2191 2194 2196
f 2191 2196 2192
f 2174 2195 2194
f 2194 2195 2197
f 2194 2197 2196
f 2196 2197 2199
f 2197 2203 2199
f 2192 2196 2200
f 2192 2200 2198
f 2198 2200 2301
f 2196 2199 2200
f 2199 2201 2200
f 2200 2201 2301
f 2199 2208 2201
f 2184 2202 2195
f 2195 2202 2197
f 2184 2204 2202
f 2202 2204 2206
f 2197 2202 2203
f 2202 2206 2203
f 2203 2206 2209
f 2204 2205 2206
f 2187 2205 2204
f 2187 2270 2205
f 2206 2207 2209
f 2205 2207 2206
f 2205 2271 2207
f 2199 2203 2208
f 2201 2208 2302
f 2203 2209 2208
f 2208 2209 2210
f 2208 2210 2302
f 2207 2211 2209
f 2207 2275 2211
f 2209 2211 2210
f 2210 2211 2303
f 2211 2276 2303
f 2065 2213 2214
f 2212 2214 2213
f 2065 2214 2217
f 2212 2216 2214
f 2214 2216 2218
f 2212 2215 2216
f 2215 2221 2216
f 2214 2218 2217
f 2217 2218 2223
f 2218 2226 2223
f 2216 2219 2218
f 2216 2221 2219
f 2218 2219 2226
f 2219 2232 2226
f 2072 2217 2223
f 2215 2220 2221
f 2219 2221 2222
f 2219 2222 2232
f 2072 2223 2224
f 2223 2226 2225
f 2223 2225 2224
f 2224 2225 2228
f 2226 2232 2227
f 2225 2226 2227
f 2075 2224 2228
f 2075 2228 2236
f 2225 2230 2228
f 2228 2229 2236
f 2228 2230 2229
f 2225 2227 2230
f 2227 2234 2230
f 2229 2230 2231
f 2230 2234 2231
f 2227 2232 2233
f 2227 2233 2234
f 2231 2234 2235
f 2229 2237 2236
f 2229 2231 2240
f 2231 2235 2247
f 2097 2236 2237
f 2097 2237 2238
f 2229 2240 2237
f 2237 2240 2239
f 2237 2239 2238
f 2238 2239 2243
f 2231 2247 2240
f 2239 2240 2241
f 2240 2247 2241
f 2239 2241 2242
f 2104 2238 2243
f 2239 2242 2243
f 2241 2249 2242
f 2242 2249 2246
f 2104 2243 2245
f 2242 2244 2243
f 2243 2244 2245
f 2244 2251 2245
f 2242 2246 2244
f 2244 2246 2252
f 2246 2253 2252
f 2241 2247 2248
f 2241 2248 2249
f 2246 2249 2250
f 2246 2250 2253
f 2245 2251 2255
f 2244 2252 2251
f 2251 2252 2259
f 2252 2253 2258
f 2253 2254 2258
f 2251 2256 2255
f 2182 2255 2256
f 2251 2259 2256
f 2182 2256 2257
f 2182 2257 2186
f 2256 2259 2260
f 2256 2260 2257
f 2252 2258 2259
f 2258 2261 2259
f 2259 2261 2260
f 2260 2261 2264
f 2186 2257 2262
f 2257 2260 2263
f 2257 2263 2262
f 2187 2262 2270
f 2262 2263 2265
f 2262 2265 2270
f 2260 2264 2263
f 2263 2264 2266
f 2263 2266 2265
f 2265 2266 2273
f 2254 2267 2258
f 2258 2267 2261
f 2261 2267 2268
f 2261 2268 2264
f 2264 2268 2269
f 2264 2269 2266
f 2266 2269 2281
f 2266 2281 2273
f 2205 2270 2271
f 2265 2272 2270
f 2270 2272 2271
f 2207 2271 2275
f 2271 2272 2277
f 2265 2273 2272
f 2272 2274 2277
f 2272 2273 2274
f 2271 2277 2275
f 2275 2277 2279
f 2211 2275 2276
f 2275 2279 2276
f 2276 2279 2310
f 2277 2278 2279
f 2274 2278 2277
f 2279 2280 2310
f 2278 2280 2279
f 2273 2281 2282
f 2273 2282 2274
f 2274 2282 2283
f 2274 2283 2278
f 2278 2283 2284
f 2278 2284 2280
f 2280 2284 2311
f 2018 2286 2285
f 2026 2287 2286
f 2028 2288 2287
f 2029 2293 2288
f 2285 2286 2289
f 2286 2287 2290
f 2287 2288 2291
f 2288 2293 2292
f 2286 2290 2289
f 2287 2291 2290
f 2288 2292 2291
f 2293 2304 2292
f 2136 2294 2293
f 2138 2295 2294
f 2144 2296 2295
f 2145 2297 2296
f 2145 2147 2297
f 2293 2294 2304
f 2210 2308 2302
f 2210 2303 2308
f 2276 2309 2303
f 2294 2305 2304
f 2294 2306 2305
f 2294 2295 2376
f 2295 2296 2376
f 2296 2297 2378
f 2147 2492 2297
f 2147 2298 2379
f 2294 2376 2306
f 2161 2379 2298
f 2161 2299 2380
f 2164 2527 2299
f 2164 2300 2527
f 2198 2381 2300
f 2198 2301 2382
f 2201 2545 2301
f 2201 2302 2545
f 2302 2308 2307
f 2302 2307 2371
f 2303 2309 2308
f 2276 2310 2312
f 2280 2313 2310
f 2280 2311 2314
f 2276 2312 2309
f 2280 2314 2313
f 2310 2313 2312
f 2311 2315 2314
f 2035 2719 2036
f 2036 2726 2042
f 2042 2726 2043
f 2043 2727 2220
f 2220 2806 2221
f 2221 2808 2222
f 2222 2808 2232
f 2232 2818 2233
f 2233 2819 2234
f 2234 2819 2235
f 2235 2831 2247
f 2247 2831 2248
f 2248 2833 2249
f 2249 2833 2250
f 2250 2846 2253
f 2253 2846 2254
f 2254 2845 2267
f 2267 2850 2268
f 2268 2851 2269
f 2269 2851 2281
f 2281 2865 2282
f 2282 2865 2283
f 2283 2866 2284
f 2284 3055 2311
f 2311 3055 2315
f 822 2360 2364
f 822 2364 2391
f 1076 2391 2392
f 1077 2392 2393
f 1077 2393 2394
f 1087 2394 2406
f 1087 2406 2407
f 1089 2407 2408
f 1089 2408 2417
f 1105 2417 2418
f 1106 2418 2419
f 1106 2419 2420
f 1109 2420 2421
f 1109 2421 2422
f 1125 2422 2438
f 1125 2438 2440
f 1127 2440 2439
f 1127 2439 2442
f 1132 2442 2444
f 1132 2444 2446
f 1136 2446 2447
f 1145 2447 2464
f 1145 2464 2466
f 1148 2466 2467
f 1150 2467 2469
f 1193 2469 2344
f 1159 2320 2316
f 1169 2317 2320
f 1169 2331 2317
f 1170 2316 2318
f 1170 2318 2319
f 1175 2330 2331
f 2316 2320 2325
f 2316 2325 2318
f 2318 2324 2319
f 2319 2324 3078
f 2320 2321 2325
f 2321 2326 2325
f 2321 2329 2326
f 2317 2322 2320
f 2317 2331 2322
f 2322 2331 2332
f 2322 2332 2323
f 2320 2322 2321
f 2321 2322 2323
f 2321 2323 2329
f 2323 2335 2336
f 2323 2336 2329
f 2318 2325 2324
f 2324 2325 2326
f 2324 2326 2328
f 2324 2328 3084
f 2326 2327 2328
f 2326 2329 2327
f 2327 3084 2328
f 2330 2333 2331
f 2331 2333 2332
f 2332 2333 2334
f 2323 2332 2335
f 2332 2334 2335
f 2327 2329 2337
f 2327 2337 2338
f 2329 2336 2337
f 2336 2340 2337
f 2337 2340 2341
f 2327 2338 3086
f 2337 2341 2338
f 2338 2341 3101
f 2335 2339 2336
f 2336 2339 2340
f 2340 2342 2341
f 2341 2342 3102
f 1177 2343 2330
f 1193 2344 2343
f 2330 2345 2333
f 2333 2345 2334
f 2334 2351 2335
f 2335 2353 2339
f 2339 2356 2340
f 2340 2356 2342
f 2342 2358 3102
f 2330 2343 2345
f 2334 2345 2349
f 2334 2349 2350
f 2334 2350 2351
f 2343 2344 2345
f 2344 2346 2345
f 2345 2346 2347
f 2345 2347 2349
f 2347 2348 2349
f 2348 2350 2349
f 2335 2351 2353
f 2339 2353 2355
f 2339 2355 2356
f 2342 2356 2358
f 2351 2352 2353
f 2352 2354 2353
f 2353 2354 2355
f 2356 2357 2358
f 2357 2359 2358
f 2358 2359 3114
f 2344 2469 2346
f 2346 2469 2347
f 2347 2469 2348
f 2348 2469 2350
f 2350 2469 2351
f 2351 2469 2352
f 2352 2469 2354
f 2364 2360 2361
f 2365 2361 2362
f 2366 2362 2363
f 2367 2363 2368
f 2364 2361 2365
f 2365 2362 2366
f 2366 2363 2367
f 2367 2368 2374
f 2364 2365 2391
f 2365 2366 2395
f 2366 2367 2398
f 2367 2374 2399
f 2374 2368 2369
f 2375 2369 2370
f 2376 2370 2306
f 2296 2377 2376
f 2296 2378 2377
f 2297 2492 2378
f 2147 2379 2492
f 2161 2524 2379
f 2161 2380 2524
f 2299 2527 2380
f 2300 2381 2527
f 2302 2371 2552
f 2198 2543 2381
f 2198 2382 2543
f 2301 2545 2382
f 2302 2383 2545
f 2302 2552 2383
f 2384 2373 2385
f 2552 2371 2372
f 2552 2372 2373
f 2374 2369 2375
f 2375 2370 2376
f 2374 2375 2478
f 2375 2376 2480
f 2376 2377 2489
f 2377 2378 2490
f 2378 2492 2490
f 2384 2552 2373
f 2389 2385 2386
f 2389 2386 2387
f 2390 2387 2388
f 2384 2385 2646
f 2389 2646 2385
f 2389 2387 2649
f 2390 2649 2387
f 2365 2395 2391
f 2391 2396 2392
f 2392 2396 2393
f 2393 2402 2394
f 2391 2395 2396
f 2366 2398 2395
f 2395 2398 2397
f 2395 2397 2396
f 2396 2397 2401
f 2367 2399 2398
f 2398 2399 2400
f 2397 2398 2400
f 2397 2400 2404
f 2399 2479 2400
f 2400 2479 2483
f 2393 2396 2401
f 2397 2404 2401
f 2393 2401 2402
f 2401 2403 2402
f 2401 2404 2403
f 2400 2483 2404
f 2403 2404 2405
f 2404 2483 2405
f 2394 2402 2406
f 2406 2413 2407
f 2407 2413 2408
f 2408 2423 2417
f 2402 2409 2406
f 2402 2403 2409
f 2403 2411 2409
f 2406 2409 2413
f 2409 2411 2410
f 2409 2410 2413
f 2403 2405 2411
f 2405 2501 2411
f 2410 2411 2412
f 2411 2501 2412
f 2408 2413 2414
f 2410 2414 2413
f 2410 2415 2414
f 2408 2414 2423
f 2414 2425 2423
f 2414 2415 2425
f 2410 2412 2415
f 2412 2506 2415
f 2415 2416 2425
f 2415 2506 2416
f 2417 2423 2418
f 2418 2426 2419
f 2419 2426 2420
f 2420 2431 2421
f 2421 2431 2422
f 2423 2425 2424
f 2418 2423 2424
f 2424 2425 2428
f 2416 2428 2425
f 2418 2424 2426
f 2424 2427 2426
f 2424 2428 2427
f 2426 2427 2430
f 2416 2584 2428
f 2428 2584 2429
f 2427 2428 2429
f 2427 2429 2434
f 2420 2426 2430
f 2420 2430 2431
f 2427 2434 2430
f 2430 2434 2432
f 2430 2432 2431
f 2422 2431 2433
f 2431 2432 2433
f 2432 2435 2433
f 2429 2590 2434
f 2432 2434 2436
f 2434 2590 2436
f 2432 2436 2435
f 2435 2436 2437
f 2422 2450 2438
f 2422 2433 2450
f 2433 2451 2450
f 2433 2435 2451
f 2438 2450 2440
f 2439 2440 2441
f 2440 2452 2441
f 2439 2441 2442
f 2441 2443 2442
f 2442 2443 2444
f 2444 2445 2446
f 2443 2445 2444
f 2445 2448 2446
f 2446 2448 2447
f 2447 2449 2464
f 2447 2448 2449
f 2440 2450 2452
f 2450 2451 2452
f 2451 2455 2452
f 2441 2453 2443
f 2441 2452 2453
f 2452 2455 2453
f 2453 2456 2458
f 2435 2454 2451
f 2451 2454 2455
f 2454 2457 2455
f 2435 2437 2454
f 2437 2614 2454
f 2454 2614 2457
f 2455 2457 2456
f 2453 2455 2456
f 2456 2457 2617
f 2443 2453 2458
f 2456 2617 2461
f 2443 2458 2445
f 2445 2458 2459
f 2445 2459 2448
f 2458 2461 2459
f 2448 2459 2460
f 2459 2462 2460
f 2448 2460 2449
f 2449 2460 2471
f 2460 2463 2471
f 2456 2461 2458
f 2459 2461 2462
f 2461 2617 2625
f 2461 2625 2462
f 2460 2462 2463
f 2462 2627 2463
f 2462 2625 2627
f 2463 2627 2677
f 2464 2465 2466
f 2449 2465 2464
f 2466 2468 2467
f 2465 2468 2466
f 2467 2468 2470
f 2467 2470 2469
f 2449 2471 2465
f 2465 2472 2468
f 2465 2471 2472
f 2471 2474 2472
f 2468 2472 2473
f 2468 2473 2470
f 2472 2475 2473
f 2463 2474 2471
f 2472 2474 2475
f 2463 2677 2474
f 2474 2677 2679
f 2474 2679 2475
f 2473 2475 2477
f 2475 2679 2681
f 2475 2681 2477
f 2470 2473 2476
f 2473 2477 2476
f 2477 2681 2685
f 2374 2478 2399
f 2399 2478 2479
f 2375 2480 2478
f 2478 2481 2479
f 2479 2481 2484
f 2478 2480 2481
f 2376 2489 2480
f 2480 2482 2481
f 2481 2482 2486
f 2480 2489 2482
f 2479 2484 2483
f 2405 2483 2485
f 2483 2484 2485
f 2484 2487 2485
f 2481 2486 2484
f 2482 2494 2486
f 2484 2486 2487
f 2486 2488 2487
f 2486 2494 2488
f 2377 2490 2489
f 2489 2490 2491
f 2482 2489 2491
f 2482 2491 2494
f 2490 2493 2491
f 2491 2493 2495
f 2490 2492 2493
f 2493 2498 2495
f 2491 2495 2494
f 2494 2495 2496
f 2495 2499 2496
f 2488 2494 2496
f 2488 2496 2511
f 2496 2514 2511
f 2492 2497 2493
f 2379 2497 2492
f 2493 2497 2498
f 2497 2525 2498
f 2498 2525 2529
f 2495 2498 2499
f 2498 2529 2499
f 2496 2499 2514
f 2499 2500 2514
f 2499 2529 2500
f 2405 2485 2501
f 2485 2502 2501
f 2485 2487 2502
f 2412 2501 2503
f 2501 2502 2503
f 2502 2505 2503
f 2487 2504 2502
f 2487 2488 2504
f 2488 2511 2504
f 2504 2511 2512
f 2502 2504 2505
f 2504 2512 2505
f 2505 2512 2509
f 2412 2503 2506
f 2503 2507 2506
f 2503 2505 2507
f 2416 2506 2508
f 2506 2507 2508
f 2505 2509 2507
f 2507 2510 2508
f 2508 2510 2585
f 2507 2509 2510
f 2509 2520 2510
f 2510 2520 2587
f 2511 2514 2513
f 2511 2513 2512
f 2512 2513 2518
f 2513 2516 2518
f 2513 2514 2515
f 2500 2515 2514
f 2500 2534 2515
f 2513 2515 2516
f 2515 2517 2516
f 2515 2534 2517
f 2516 2517 2521
f 2517 2536 2521
f 2509 2512 2518
f 2509 2518 2520
f 2518 2519 2520
f 2516 2519 2518
f 2519 2594 2520
f 2520 2594 2587
f 2519 2522 2594
f 2516 2521 2519
f 2519 2521 2522
f 2521 2536 2523
f 2521 2523 2522
f 2522 2523 2601
f 2523 2567 2601
f 2379 2524 2497
f 2497 2524 2525
f 2524 2526 2525
f 2380 2526 2524
f 2525 2526 2530
f 2380 2527 2526
f 2526 2528 2530
f 2526 2527 2528
f 2527 2537 2528
f 2381 2537 2527
f 2528 2537 2539
f 2525 2530 2529
f 2529 2530 2531
f 2500 2529 2531
f 2500 2531 2534
f 2528 2533 2530
f 2530 2533 2531
f 2531 2532 2534
f 2531 2533 2532
f 2528 2539 2533
f 2533 2539 2541
f 2532 2533 2541
f 2532 2541 2562
f 2517 2534 2535
f 2532 2535 2534
f 2532 2562 2535
f 2517 2535 2536
f 2535 2561 2536
f 2381 2543 2537
f 2537 2543 2538
f 2537 2538 2539
f 2538 2540 2539
f 2539 2540 2541
f 2541 2542 2562
f 2540 2542 2541
f 2540 2549 2542
f 2542 2549 2564
f 2382 2544 2543
f 2538 2543 2544
f 2538 2544 2547
f 2382 2545 2544
f 2544 2545 2546
f 2545 2551 2546
f 2544 2546 2547
f 2538 2547 2540
f 2540 2547 2549
f 2547 2548 2549
f 2546 2548 2547
f 2546 2555 2548
f 2549 2550 2564
f 2548 2550 2549
f 2383 2551 2545
f 2546 2551 2555
f 2383 2552 2551
f 2551 2552 2554
f 2551 2554 2555
f 2552 2553 2554
f 2384 2553 2552
f 2384 2646 2553
f 2553 2559 2554
f 2553 2647 2559
f 2548 2555 2556
f 2555 2558 2556
f 2548 2556 2550
f 2550 2556 2575
f 2556 2558 2557
f 2556 2557 2575
f 2554 2558 2555
f 2554 2559 2558
f 2558 2559 2560
f 2559 2652 2560
f 2557 2558 2560
f 2557 2560 2579
f 2560 2653 2579
f 2535 2562 2561
f 2542 2563 2562
f 2542 2564 2563
f 2561 2562 2563
f 2561 2563 2569
f 2563 2565 2569
f 2563 2564 2565
f 2564 2574 2565
f 2565 2574 2571
f 2523 2536 2566
f 2536 2561 2566
f 2561 2569 2566
f 2566 2569 2568
f 2523 2566 2567
f 2567 2568 2634
f 2566 2568 2567
f 2565 2570 2569
f 2568 2569 2570
f 2565 2571 2570
f 2570 2571 2572
f 2568 2570 2635
f 2570 2572 2635
f 2571 2580 2572
f 2572 2580 2573
f 2573 2580 2583
f 2573 2583 2639
f 2550 2574 2564
f 2550 2575 2574
f 2557 2577 2575
f 2574 2575 2576
f 2571 2574 2576
f 2576 2577 2581
f 2575 2577 2576
f 2557 2579 2577
f 2577 2579 2578
f 2577 2578 2581
f 2578 2579 2661
f 2571 2576 2580
f 2576 2581 2580
f 2580 2581 2583
f 2581 2582 2583
f 2578 2582 2581
f 2582 2667 2583
f 2583 2667 2639
f 2416 2508 2584
f 2508 2585 2584
f 2584 2585 2586
f 2429 2584 2586
f 2429 2586 2590
f 2585 2588 2586
f 2586 2588 2591
f 2510 2587 2585
f 2585 2587 2588
f 2587 2589 2588
f 2588 2593 2591
f 2588 2589 2593
f 2589 2600 2593
f 2586 2591 2590
f 2436 2590 2592
f 2590 2591 2592
f 2591 2597 2592
f 2436 2592 2437
f 2591 2593 2597
f 2587 2594 2589
f 2589 2594 2595
f 2522 2595 2594
f 2589 2595 2600
f 2522 2601 2595
f 2437 2592 2596
f 2592 2597 2596
f 2593 2598 2597
f 2593 2600 2598
f 2596 2597 2599
f 2597 2598 2599
f 2596 2599 2615
f 2598 2606 2599
f 2599 2606 2619
f 2606 2607 2619
f 2595 2602 2600
f 2600 2602 2605
f 2595 2601 2602
f 2601 2603 2602
f 2567 2603 2601
f 2602 2603 2609
f 2603 2604 2609
f 2598 2600 2605
f 2598 2605 2606
f 2602 2609 2605
f 2605 2609 2608
f 2605 2608 2606
f 2606 2608 2607
f 2607 2608 2611
f 2608 2609 2610
f 2604 2610 2609
f 2604 2642 2610
f 2608 2610 2611
f 2610 2642 2612
f 2610 2612 2611
f 2611 2612 2632
f 2612 2643 2613
f 2612 2613 2632
f 2613 2645 2676
f 2437 2596 2614
f 2596 2615 2614
f 2457 2614 2616
f 2614 2615 2616
f 2615 2618 2616
f 2457 2616 2617
f 2616 2620 2617
f 2616 2618 2620
f 2599 2619 2615
f 2615 2619 2618
f 2607 2621 2619
f 2618 2619 2621
f 2617 2620 2625
f 2620 2626 2625
f 2620 2622 2626
f 2618 2622 2620
f 2618 2621 2622
f 2622 2624 2626
f 2621 2623 2622
f 2622 2623 2624
f 2623 2631 2624
f 2624 2631 2682
f 2625 2626 2627
f 2626 2628 2627
f 2627 2628 2677
f 2624 2628 2626
f 2624 2682 2628
f 2607 2629 2621
f 2621 2629 2623
f 2623 2629 2630
f 2607 2611 2629
f 2629 2632 2630
f 2611 2632 2629
f 2630 2632 2633
f 2630 2633 2689
f 2623 2630 2631
f 2630 2689 2631
f 2613 2633 2632
f 2613 2676 2633
f 2567 2634 2603
f 2568 2635 2634
f 2634 2635 2636
f 2603 2634 2604
f 2604 2634 2636
f 2604 2636 2642
f 2635 2638 2636
f 2636 2638 2637
f 2636 2637 2642
f 2637 2640 2644
f 2572 2638 2635
f 2572 2573 2638
f 2573 2640 2638
f 2637 2638 2640
f 2573 2639 2640
f 2639 2667 2701
f 2639 2701 2641
f 2640 2641 2644
f 2639 2641 2640
f 2637 2643 2642
f 2612 2642 2643
f 2643 2644 2645
f 2637 2644 2643
f 2641 2705 2644
f 2644 2705 2645
f 2613 2643 2645
f 2553 2646 2647
f 2389 2648 2646
f 2646 2648 2647
f 2647 2648 2650
f 2647 2650 2652
f 2389 2649 2648
f 2648 2649 2651
f 2648 2651 2650
f 2650 2651 2654
f 2559 2647 2652
f 2650 2655 2652
f 2560 2652 2653
f 2653 2655 2662
f 2652 2655 2653
f 2650 2654 2655
f 2654 2656 2655
f 2655 2656 2662
f 2390 2657 2649
f 2649 2657 2651
f 2651 2657 2658
f 2651 2658 2654
f 2654 2658 2659
f 2654 2659 2656
f 2656 2659 2660
f 2578 2661 2666
f 2664 2669 2666
f 2579 2653 2661
f 2653 2662 2661
f 2661 2662 2664
f 2661 2664 2666
f 2662 2663 2664
f 2656 2663 2662
f 2664 2665 2669
f 2663 2665 2664
f 2578 2666 2582
f 2582 2666 2668
f 2666 2669 2668
f 2668 2669 2672
f 2582 2668 2667
f 2667 2668 2715
f 2668 2672 2715
f 2669 2670 2672
f 2665 2670 2669
f 2671 2716 2672
f 2670 2671 2672
f 2660 2673 2663
f 2656 2660 2663
f 2663 2673 2665
f 2665 2673 2675
f 2670 2675 2674
f 2670 2674 2671
f 2671 2674 2718
f 2665 2675 2670
f 2676 2707 2694
f 2631 2688 2682
f 2628 2678 2677
f 2677 2678 2679
f 2628 2682 2678
f 2678 2680 2679
f 2678 2683 2680
f 2679 2680 2681
f 2680 2686 2681
f 2678 2682 2683
f 2682 2688 2683
f 2683 2688 2691
f 2680 2683 2684
f 2680 2684 2686
f 2683 2691 2684
f 2684 2691 2700
f 2681 2686 2685
f 2684 2687 2686
f 2684 2700 2687
f 2631 2689 2688
f 2688 2690 2691
f 2688 2689 2690
f 2689 2693 2690
f 2691 2692 2700
f 2690 2692 2691
f 2633 2676 2693
f 2633 2693 2689
f 2690 2693 2695
f 2676 2694 2693
f 2693 2694 2695
f 2694 2696 2695
f 2695 2696 2698
f 2690 2695 2692
f 2692 2695 2698
f 2692 2697 2700
f 2696 2699 2698
f 2692 2698 2697
f 2701 2715 2703
f 2641 2701 2702
f 2702 2703 2710
f 2701 2703 2702
f 2703 2716 2704
f 2703 2704 2710
f 2704 2716 2717
f 2705 2706 2707
f 2702 2706 2705
f 2645 2705 2707
f 2645 2707 2676
f 2706 2708 2707
f 2694 2707 2708
f 2706 2710 2709
f 2696 2708 2712
f 2706 2709 2708
f 2708 2709 2712
f 2641 2702 2705
f 2702 2710 2706
f 2704 2714 2710
f 2709 2710 2714
f 2704 2717 2711
f 2704 2711 2714
f 2709 2713 2712
f 2709 2714 2713
f 2667 2715 2701
f 2672 2716 2715
f 2703 2715 2716
f 2671 2717 2716
f 2671 2718 2717
f 2694 2708 2696
f 2696 2712 2699
f 2390 2388 3130
f 2354 2469 3153
f 2469 2470 3153
f 2470 2476 3160
f 2476 2477 3160
f 2477 2685 3271
f 2390 3240 2657
f 2657 3240 2658
f 2658 3242 2659
f 2659 3242 2660
f 2660 3255 2673
f 2673 3255 2675
f 2674 2675 3256
f 2674 3309 2718
f 2685 2686 3271
f 2686 2687 3273
f 2687 2700 3273
f 2697 3282 2700
f 2698 2699 3284
f 2697 2698 3282
f 2711 2717 3295
f 2711 3295 2714
f 2712 2713 3297
f 2713 2714 3297
f 2717 2718 3309
f 2699 2712 3284
f 1444 2721 2719
f 1447 2722 2721
f 1447 2724 2722
f 1449 2733 2724
f 1467 2736 2733
f 1469 2737 2736
f 1469 2739 2737
f 1471 2742 2739
f 1474 2743 2742
f 1475 2744 2743
f 1475 2761 2744
f 1492 2760 2761
f 1493 2762 2760
f 1494 2763 2762
f 1495 2765 2763
f 1495 2764 2765
f 1505 2780 2764
f 1505 2781 2780
f 1507 2782 2781
f 1519 2791 2782
f 1519 2792 2791
f 1521 2793 2792
f 1521 2794 2793
f 1522 3047 2794
f 1549 3051 3047
f 2036 2719 2720
f 2036 2720 2726
f 2043 2726 2727
f 2220 2727 2806
f 2221 2806 2807
f 2221 2807 2808
f 2232 2808 2817
f 2232 2817 2818
f 2233 2818 2819
f 2235 2819 2820
f 2235 2820 2831
f 2248 2831 2832
f 2248 2832 2833
f 2250 2833 2834
f 2250 2834 2846
f 2254 2846 2845
f 2267 2845 2849
f 2267 2849 2850
f 2268 2850 2851
f 2281 2851 2864
f 2281 2864 2865
f 2283 2865 2866
f 2284 2866 2867
f 2284 2867 3055
f 3055 3057 2315
f 2719 2721 2720
f 2721 2722 2723
f 2720 2721 2723
f 2722 2725 2723
f 2722 2724 2725
f 2724 2734 2725
f 2720 2728 2726
f 2726 2728 2727
f 2727 2809 2806
f 2720 2723 2728
f 2723 2729 2728
f 2728 2729 2731
f 2723 2725 2729
f 2725 2730 2729
f 2725 2734 2730
f 2729 2730 2732
f 2727 2728 2731
f 2727 2731 2809
f 2731 2811 2809
f 2729 2732 2731
f 2730 2748 2732
f 2731 2732 2811
f 2732 2748 2812
f 2732 2812 2811
f 2724 2733 2734
f 2733 2736 2735
f 2733 2735 2734
f 2736 2737 2738
f 2735 2736 2738
f 2737 2740 2738
f 2737 2739 2740
f 2739 2742 2741
f 2739 2741 2740
f 2741 2742 2743
f 2741 2743 2752
f 2743 2744 2753
f 2734 2735 2745
f 2730 2734 2745
f 2730 2745 2748
f 2735 2746 2745
f 2745 2746 2749
f 2735 2738 2746
f 2738 2747 2746
f 2738 2740 2747
f 2746 2747 2750
f 2745 2749 2748
f 2748 2879 2812
f 2748 2749 2879
f 2749 2881 2879
f 2746 2750 2749
f 2747 2755 2750
f 2749 2750 2881
f 2750 2888 2881
f 2750 2755 2888
f 2740 2751 2747
f 2740 2741 2751
f 2741 2752 2751
f 2747 2751 2755
f 2751 2752 2757
f 2743 2753 2752
f 2752 2753 2754
f 2752 2754 2757
f 2751 2757 2755
f 2755 2757 2756
f 2755 2756 2888
f 2754 2758 2757
f 2756 2757 2758
f 2754 2770 2758
f 2756 2758 2891
f 2758 2770 2759
f 2758 2759 2891
f 2744 2761 2753
f 2753 2761 2767
f 2753 2767 2754
f 2754 2767 2770
f 2760 2766 2761
f 2760 2762 2766
f 2762 2763 2773
f 2763 2765 2773
f 2764 2778 2765
f 2761 2766 2767
f 2767 2768 2770
f 2766 2768 2767
f 2766 2769 2768
f 2762 2769 2766
f 2762 2773 2769
f 2768 2769 2772
f 2769 2774 2772
f 2768 2771 2770
f 2759 2770 2771
f 2768 2772 2771
f 2771 2772 2918
f 2772 2775 2918
f 2765 2777 2773
f 2773 2777 2774
f 2769 2773 2774
f 2774 2777 2776
f 2772 2774 2775
f 2774 2776 2775
f 2775 2776 2922
f 2776 2785 2922
f 2765 2778 2777
f 2777 2778 2779
f 2776 2777 2779
f 2776 2779 2785
f 2764 2780 2778
f 2780 2781 2784
f 2781 2782 2784
f 2782 2791 2795
f 2778 2783 2779
f 2778 2780 2783
f 2779 2783 2786
f 2780 2784 2783
f 2783 2787 2786
f 2783 2784 2787
f 2779 2786 2785
f 2785 2786 2944
f 2786 2787 2789
f 2786 2789 2944
f 2782 2788 2784
f 2784 2788 2787
f 2787 2788 2790
f 2782 2795 2788
f 2788 2795 2796
f 2788 2796 2790
f 2787 2790 2789
f 2789 2790 2948
f 2790 2796 2798
f 2790 2798 2948
f 2791 2792 2795
f 2792 2793 2800
f 2793 2794 2800
f 2794 3048 2802
f 2792 2797 2795
f 2795 2797 2796
f 2796 2797 2799
f 2792 2800 2797
f 2797 2801 2799
f 2796 2799 2798
f 2798 2799 2965
f 2799 2803 2965
f 2797 2800 2801
f 2800 2802 2801
f 2794 2802 2800
f 2801 2802 2804
f 2802 3049 2804
f 2799 2801 2803
f 2801 2804 2803
f 2803 2970 2965
f 2803 2805 2970
f 2804 3050 2805
f 2803 2804 2805
f 2806 2809 2807
f 2807 2814 2808
f 2808 2814 2817
f 2809 2811 2810
f 2807 2809 2810
f 2811 2812 2813
f 2812 2880 2813
f 2810 2811 2813
f 2810 2813 2815
f 2813 2880 2816
f 2807 2810 2814
f 2810 2815 2814
f 2814 2821 2817
f 2814 2815 2821
f 2813 2816 2815
f 2815 2823 2821
f 2815 2816 2823
f 2816 2894 2823
f 2817 2822 2818
f 2818 2822 2819
f 2819 2827 2820
f 2817 2821 2822
f 2821 2824 2822
f 2821 2823 2824
f 2823 2894 2825
f 2823 2825 2824
f 2824 2825 2828
f 2819 2822 2826
f 2822 2824 2826
f 2819 2826 2827
f 2826 2829 2827
f 2824 2828 2826
f 2825 2897 2828
f 2828 2897 2830
f 2826 2828 2829
f 2828 2830 2829
f 2829 2830 2837
f 2820 2827 2831
f 2827 2829 2835
f 2831 2836 2832
f 2832 2836 2833
f 2833 2841 2834
f 2834 2841 2846
f 2827 2835 2831
f 2831 2835 2836
f 2835 2838 2836
f 2836 2838 2840
f 2829 2837 2835
f 2835 2837 2838
f 2830 2929 2837
f 2837 2929 2839
f 2838 2839 2842
f 2837 2839 2838
f 2833 2836 2840
f 2833 2840 2841
f 2838 2842 2840
f 2839 2935 2842
f 2841 2847 2846
f 2840 2843 2841
f 2841 2843 2847
f 2840 2842 2843
f 2842 2935 2844
f 2842 2844 2843
f 2843 2844 2848
f 2845 2846 2852
f 2846 2847 2852
f 2843 2848 2847
f 2847 2848 2853
f 2844 2856 2848
f 2845 2852 2849
f 2849 2852 2854
f 2849 2854 2850
f 2850 2854 2859
f 2850 2859 2851
f 2851 2859 2861
f 2851 2861 2864
f 2861 2868 2864
f 2847 2853 2852
f 2852 2853 2854
f 2854 2855 2859
f 2853 2855 2854
f 2848 2857 2853
f 2848 2856 2857
f 2856 3002 2857
f 2853 2857 2855
f 2855 2857 2858
f 2857 3002 2858
f 2858 3002 3004
f 2855 2858 2860
f 2858 3004 2863
f 2859 2860 2861
f 2855 2860 2859
f 2861 2862 2868
f 2860 2862 2861
f 2858 2863 2860
f 2860 2863 2862
f 2862 2863 2871
f 2863 3008 2871
f 2864 2868 2865
f 2865 2868 2870
f 2865 2870 2866
f 2866 2870 2873
f 2866 2873 2867
f 2867 2873 2875
f 2867 2875 3055
f 2862 2869 2868
f 2868 2869 2870
f 2869 2874 2870
f 2862 2871 2869
f 2871 3019 2872
f 2869 2871 2872
f 2869 2872 2874
f 2872 3020 2877
f 2870 2874 2873
f 2873 2874 2876
f 2873 2876 2875
f 2875 2876 3056
f 2872 2877 2874
f 2874 2877 2876
f 2876 2877 2878
f 2876 2878 3056
f 2877 3024 2878
f 2812 2879 2880
f 2879 2882 2880
f 2880 2882 2884
f 2879 2881 2882
f 2816 2880 2884
f 2881 2883 2882
f 2881 2888 2883
f 2882 2883 2885
f 2816 2884 2894
f 2884 2886 2894
f 2882 2885 2884
f 2883 2892 2885
f 2885 2892 2887
f 2884 2885 2886
f 2885 2887 2886
f 2756 2889 2888
f 2883 2888 2889
f 2883 2889 2892
f 2756 2891 2889
f 2889 2891 2890
f 2889 2890 2892
f 2759 2899 2891
f 2890 2891 2899
f 2890 2893 2892
f 2890 2900 2893
f 2887 2892 2893
f 2887 2893 2906
f 2825 2894 2895
f 2886 2895 2894
f 2825 2895 2897
f 2895 2898 2897
f 2886 2887 2896
f 2886 2896 2895
f 2887 2906 2896
f 2895 2896 2898
f 2896 2903 2898
f 2896 2906 2903
f 2897 2898 2904
f 2830 2897 2904
f 2759 2917 2899
f 2899 2917 2901
f 2893 2900 2907
f 2893 2907 2906
f 2890 2899 2900
f 2899 2901 2900
f 2900 2901 2902
f 2900 2902 2907
f 2901 2920 2902
f 2902 2920 2912
f 2830 2904 2929
f 2898 2903 2905
f 2903 2911 2905
f 2898 2905 2904
f 2904 2905 2930
f 2905 2911 2932
f 2906 2907 2908
f 2907 2909 2908
f 2903 2906 2908
f 2908 2909 2910
f 2902 2909 2907
f 2902 2912 2909
f 2909 2914 2910
f 2903 2908 2911
f 2908 2910 2911
f 2910 2913 2911
f 2911 2913 2932
f 2909 2912 2914
f 2912 2928 2914
f 2910 2915 2913
f 2910 2914 2915
f 2914 2928 2916
f 2914 2916 2915
f 2915 2916 2991
f 2759 2771 2917
f 2771 2918 2917
f 2917 2918 2919
f 2918 2921 2919
f 2901 2917 2919
f 2901 2919 2920
f 2919 2921 2924
f 2775 2921 2918
f 2775 2922 2921
f 2921 2923 2924
f 2785 2941 2922
f 2921 2922 2923
f 2922 2941 2923
f 2919 2924 2920
f 2912 2920 2925
f 2920 2924 2925
f 2924 2926 2925
f 2923 2926 2924
f 2923 2942 2926
f 2912 2925 2928
f 2925 2927 2928
f 2925 2926 2927
f 2927 2954 2928
f 2916 2928 2954
f 2904 2930 2929
f 2929 2930 2931
f 2839 2929 2931
f 2839 2931 2935
f 2930 2933 2931
f 2905 2932 2930
f 2930 2932 2933
f 2931 2933 2936
f 2932 2934 2933
f 2933 2934 2938
f 2934 2940 2938
f 2935 2936 2937
f 2931 2936 2935
f 2844 2935 2937
f 2844 2937 2856
f 2936 2987 2937
f 2933 2938 2936
f 2936 2938 2987
f 2938 2988 2987
f 2938 2940 2988
f 2913 2934 2932
f 2913 2939 2934
f 2913 2915 2939
f 2934 2939 2940
f 2939 2990 2940
f 2915 2991 2939
f 2916 2955 2991
f 2923 2941 2942
f 2941 2945 2942
f 2926 2942 2951
f 2942 2943 2951
f 2942 2945 2943
f 2785 2944 2941
f 2941 2944 2945
f 2789 2946 2944
f 2944 2946 2945
f 2945 2946 2949
f 2943 2945 2949
f 2789 2948 2946
f 2946 2948 2947
f 2946 2947 2949
f 2947 2948 2964
f 2947 2964 2967
f 2798 2964 2948
f 2947 2950 2949
f 2943 2949 2962
f 2949 2950 2962
f 2947 2967 2950
f 2950 2963 2962
f 2950 2968 2963
f 2950 2967 2968
f 2927 2953 2954
f 2926 2951 2927
f 2927 2951 2953
f 2951 2952 2953
f 2943 2952 2951
f 2943 2962 2952
f 2952 2959 2953
f 2916 2954 2955
f 2954 2956 2955
f 2953 2956 2954
f 2955 2956 3034
f 2953 2959 2956
f 2952 2962 2957
f 2957 2962 2963
f 2952 2957 2959
f 2957 2963 2960
f 2956 2959 2958
f 2956 2958 3034
f 2958 2961 3035
f 2957 2961 2959
f 2958 2959 2961
f 2960 2975 2961
f 2957 2960 2961
f 2961 2975 3035
f 2798 2965 2964
f 2964 2965 2966
f 2964 2966 2967
f 2965 2970 2966
f 2966 2969 2967
f 2967 2969 2968
f 2968 2969 2980
f 2969 2972 2980
f 2966 2973 2969
f 2966 2970 2973
f 2970 2971 2973
f 2805 2971 2970
f 2805 3061 2971
f 2971 3062 2974
f 2972 2974 2983
f 2969 2973 2972
f 2972 2973 2974
f 2971 2974 2973
f 2974 3063 2983
f 2960 2976 2975
f 2960 2979 2976
f 2975 2976 3040
f 2976 2981 2977
f 2976 2977 3040
f 2977 3043 3040
f 2977 2985 2978
f 2977 2978 3043
f 2978 2985 2986
f 2978 2986 3064
f 2963 2968 2979
f 2968 2980 2979
f 2960 2963 2979
f 2979 2980 2981
f 2976 2979 2981
f 2980 2982 2981
f 2972 2982 2980
f 2972 2983 2982
f 2981 2982 2985
f 2982 2984 2985
f 2982 2983 2984
f 2983 3065 2984
f 2977 2981 2985
f 2984 2986 2985
f 2937 2987 3000
f 2987 2988 3003
f 2987 3003 3000
f 2988 2989 3003
f 2939 2991 2990
f 2955 2992 2991
f 2990 2991 2992
f 2955 3034 2992
f 2990 2992 2994
f 2992 3034 2995
f 2992 2995 2994
f 2940 2990 2993
f 2940 2993 2988
f 2990 2994 2993
f 2993 2994 2996
f 2988 2993 2989
f 2989 2993 2996
f 2995 3036 2999
f 2994 2998 2996
f 2989 2996 3009
f 2996 2997 3009
f 2996 2998 2997
f 2994 2995 2998
f 2995 2999 2998
f 2998 2999 3011
f 2997 2998 3011
f 2856 2937 3000
f 2856 3000 3002
f 3000 3003 3001
f 3000 3001 3002
f 3001 3004 3002
f 3001 3003 3006
f 2989 3006 3003
f 3001 3005 3004
f 3004 3005 3008
f 3005 3016 3008
f 3001 3006 3005
f 2989 3009 3006
f 3006 3009 3007
f 3005 3006 3007
f 3007 3009 3026
f 3005 3007 3016
f 2863 3004 3008
f 2997 3026 3009
f 2997 3011 3027
f 2999 3010 3011
f 3011 3012 3027
f 3010 3012 3011
f 3010 3013 3012
f 3012 3013 3014
f 3013 3015 3014
f 3014 3015 3033
f 3015 3071 3033
f 3007 3017 3016
f 3016 3017 3021
f 3007 3026 3017
f 3017 3026 3029
f 3017 3018 3021
f 3017 3029 3018
f 3008 3016 3019
f 2871 3008 3019
f 3016 3021 3019
f 2872 3019 3020
f 3019 3021 3020
f 3020 3021 3022
f 3018 3022 3021
f 3018 3030 3025
f 3025 3032 3068
f 3020 3022 3024
f 2877 3020 3024
f 3022 3023 3024
f 2878 3024 3067
f 3023 3067 3024
f 3018 3025 3022
f 3022 3025 3023
f 3023 3025 3068
f 3026 3027 3029
f 2997 3027 3026
f 3027 3028 3029
f 3028 3030 3029
f 3018 3029 3030
f 3012 3028 3027
f 3012 3014 3028
f 3028 3031 3030
f 3025 3030 3032
f 3030 3031 3032
f 3031 3069 3032
f 3014 3031 3028
f 3014 3033 3031
f 3031 3033 3069
f 2958 3036 3034
f 2995 3034 3036
f 2958 3035 3036
f 2999 3036 3038
f 3035 3038 3036
f 3035 3037 3038
f 3037 3041 3038
f 3037 3039 3041
f 3039 3045 3041
f 2975 3037 3035
f 2975 3040 3037
f 3037 3040 3039
f 3039 3040 3043
f 2999 3038 3010
f 3010 3038 3041
f 3010 3041 3013
f 3013 3041 3045
f 3039 3042 3045
f 3042 3070 3046
f 3039 3043 3042
f 2978 3044 3043
f 3042 3043 3044
f 2978 3064 3044
f 3042 3044 3070
f 3013 3045 3015
f 3015 3045 3046
f 3042 3046 3045
f 3015 3046 3071
f 2794 3047 3048
f 2802 3048 3049
f 2804 3049 3050
f 2805 3050 3061
f 3047 3052 3048
f 3048 3053 3049
f 3049 3054 3050
f 3050 3072 3061
f 3047 3051 3052
f 3048 3052 3053
f 3049 3053 3054
f 3050 3054 3072
f 2875 3058 3055
f 2875 3056 3058
f 2878 3059 3056
f 2878 3067 3060
f 3055 3058 3057
f 2878 3060 3059
f 3056 3059 3058
f 2971 3061 3062
f 2983 3063 3065
f 2974 3062 3063
f 2984 3066 2986
f 2984 3065 3066
f 3061 3073 3062
f 3062 3074 3063
f 3023 3076 3067
f 3023 3068 3075
f 3061 3072 3073
f 3062 3073 3074
f 3063 3144 3065
f 3063 3074 3138
f 2986 3145 3064
f 3065 3147 3066
f 2986 3066 3147
f 3033 3071 3152
f 3023 3075 3076
f 3032 3149 3068
f 3067 3076 3060
f 3068 3077 3075
f 3068 3141 3077
f 3032 3069 3376
f 3033 3150 3069
f 3046 3070 3151
f 3044 3064 3145
f 3044 3151 3070
f 3046 3152 3071
f 1930 2319 3078
f 1930 3078 3079
f 1931 3079 3080
f 1927 3080 3088
f 1927 3088 3081
f 1937 3081 3093
f 1937 3093 3092
f 3078 3082 3079
f 3079 3083 3080
f 3080 3083 3088
f 2324 3082 3078
f 2324 3084 3082
f 3079 3082 3083
f 3082 3084 3085
f 3082 3085 3083
f 2327 3086 3084
f 3084 3086 3085
f 3085 3086 3087
f 3083 3089 3088
f 3083 3085 3089
f 3085 3087 3089
f 3088 3089 3090
f 3089 3091 3090
f 3081 3088 3090
f 3081 3090 3093
f 3090 3094 3093
f 3090 3091 3094
f 3087 3091 3089
f 3087 3100 3091
f 3091 3100 3096
f 3092 3093 3095
f 3093 3094 3095
f 3094 3097 3095
f 3091 3096 3094
f 3094 3096 3097
f 2338 3098 3086
f 2338 3101 3098
f 3098 3101 3099
f 3086 3098 3099
f 3086 3099 3087
f 3087 3099 3100
f 3099 3103 3100
f 3099 3101 3103
f 2341 3102 3101
f 3101 3102 3103
f 3100 3103 3104
f 3096 3100 3104
f 1956 3092 3105
f 1956 3105 3106
f 3092 3095 3107
f 3095 3097 3107
f 3096 3110 3097
f 3103 3119 3104
f 3102 3116 3103
f 3096 3104 3119
f 3092 3107 3105
f 3097 3112 3107
f 3097 3110 3112
f 3105 3107 3106
f 3106 3107 3108
f 3107 3109 3108
f 3109 3112 3111
f 3107 3112 3109
f 3111 3112 3113
f 3110 3113 3112
f 2358 3114 3102
f 3102 3114 3117
f 3102 3117 3116
f 3103 3116 3119
f 3096 3119 3110
f 2359 3115 3114
f 3114 3115 3117
f 3116 3118 3119
f 3119 3120 3121
f 3118 3120 3119
f 3110 3119 3121
f 1834 3106 3153
f 2354 3153 2355
f 2355 3153 2356
f 2356 3153 2357
f 2357 3153 2359
f 2359 3153 3115
f 3115 3153 3117
f 3118 3153 3120
f 3120 3153 3121
f 3116 3117 3153
f 3116 3153 3118
f 3106 3108 3153
f 3108 3109 3153
f 3109 3111 3153
f 3111 3113 3153
f 3110 3153 3113
f 3110 3121 3153
f 3126 3122 1580
f 1834 3153 3155
f 1837 3155 3156
f 1839 3156 3158
f 1851 3167 3126
f 1851 3168 3167
f 1853 3169 3168
f 1853 3170 3169
f 1863 3182 3170
f 1865 3184 3182
f 1912 3224 3183
f 1865 3183 3184
f 1883 3158 3194
f 1883 3194 3199
f 1885 3199 3197
f 1892 3204 3202
f 1888 3203 3201
f 1889 3202 3203
f 1892 3197 3204
f 1907 3220 3225
f 1908 3222 3221
f 1910 3223 3220
f 1910 3221 3223
f 1912 3225 3224
f 1908 3201 3222
f 2390 3130 3134
f 2390 3134 3240
f 2470 3154 3153
f 2470 3160 3154
f 2477 3161 3160
f 2477 3271 3161
f 2658 3240 3241
f 2658 3241 3242
f 2660 3242 3243
f 2660 3243 3255
f 2675 3255 3257
f 2675 3257 3256
f 2674 3256 3309
f 2686 3272 3271
f 2686 3273 3272
f 2700 3285 3273
f 2700 3282 3285
f 2698 3284 3283
f 2698 3283 3282
f 2717 3310 3295
f 2712 3296 3284
f 2712 3297 3296
f 2714 3295 3298
f 2714 3298 3297
f 2717 3309 3310
f 3127 3123 3122
f 3128 3124 3123
f 3129 3125 3124
f 3142 3136 3125
f 3126 3127 3122
f 3127 3128 3123
f 3128 3129 3124
f 3129 3142 3125
f 3126 3167 3127
f 3127 3171 3128
f 3128 3174 3129
f 3129 3175 3142
f 3134 3130 3131
f 3135 3132 3133
f 3244 3131 3132
f 3134 3131 3244
f 3135 3244 3132
f 3135 3133 3248
f 3148 3248 3133
f 3063 3138 3143
f 3143 3137 3136
f 3143 3138 3137
f 3063 3143 3144
f 2986 3331 3145
f 3065 3144 3146
f 3065 3146 3147
f 2986 3147 3331
f 3068 3365 3141
f 3033 3152 3378
f 3148 3133 3140
f 3148 3140 3139
f 3068 3149 3365
f 3365 3139 3141
f 3032 3376 3149
f 3069 3150 3376
f 3033 3378 3150
f 3044 3145 3407
f 3044 3407 3151
f 3046 3409 3152
f 3046 3151 3409
f 3142 3143 3136
f 3142 3313 3143
f 3144 3328 3146
f 3143 3316 3144
f 3147 3329 3331
f 3146 3329 3147
f 3148 3139 3365
f 3153 3154 3155
f 3155 3157 3156
f 3154 3157 3155
f 3156 3157 3159
f 3156 3159 3158
f 3158 3159 3195
f 3154 3160 3162
f 3160 3161 3162
f 3161 3271 3275
f 3154 3162 3157
f 3157 3162 3163
f 3162 3165 3163
f 3157 3163 3159
f 3159 3163 3164
f 3159 3164 3195
f 3163 3166 3164
f 3161 3165 3162
f 3161 3275 3165
f 3165 3275 3278
f 3163 3165 3166
f 3164 3166 3210
f 3165 3278 3166
f 3166 3276 3210
f 3166 3278 3276
f 3127 3167 3171
f 3167 3168 3172
f 3168 3169 3172
f 3169 3170 3178
f 3167 3172 3171
f 3128 3171 3174
f 3171 3173 3174
f 3171 3172 3173
f 3172 3177 3173
f 3129 3174 3175
f 3174 3176 3175
f 3173 3176 3174
f 3173 3180 3176
f 3175 3176 3314
f 3176 3318 3314
f 3169 3177 3172
f 3173 3177 3180
f 3169 3178 3177
f 3177 3178 3179
f 3177 3179 3180
f 3176 3180 3318
f 3179 3181 3180
f 3180 3181 3318
f 3170 3182 3178
f 3182 3184 3190
f 3183 3190 3184
f 3183 3224 3237
f 3178 3182 3186
f 3178 3186 3179
f 3179 3186 3188
f 3182 3190 3186
f 3185 3188 3186
f 3185 3186 3190
f 3179 3188 3181
f 3181 3188 3341
f 3185 3187 3188
f 3187 3341 3188
f 3183 3189 3190
f 3185 3190 3189
f 3185 3189 3191
f 3189 3237 3239
f 3183 3237 3189
f 3189 3239 3191
f 3185 3191 3187
f 3187 3191 3344
f 3191 3239 3192
f 3191 3192 3344
f 3158 3195 3194
f 3194 3196 3199
f 3194 3195 3196
f 3197 3199 3198
f 3196 3198 3199
f 3197 3198 3205
f 3200 3202 3204
f 3200 3204 3205
f 3201 3203 3213
f 3200 3203 3202
f 3200 3215 3203
f 3197 3205 3204
f 3211 3448 3216
f 3196 3206 3207
f 3206 3209 3207
f 3195 3206 3196
f 3164 3206 3195
f 3164 3210 3206
f 3196 3207 3198
f 3198 3208 3205
f 3198 3207 3208
f 3207 3211 3208
f 3206 3210 3209
f 3210 3276 3442
f 3209 3210 3442
f 3209 3442 3444
f 3207 3209 3211
f 3208 3211 3216
f 3209 3444 3211
f 3211 3444 3448
f 3200 3205 3212
f 3200 3212 3215
f 3208 3216 3212
f 3212 3219 3215
f 3203 3215 3213
f 3213 3215 3214
f 3214 3215 3219
f 3216 3217 3219
f 3212 3216 3219
f 3216 3448 3217
f 3214 3219 3218
f 3217 3218 3219
f 3214 3218 3234
f 3217 3449 3218
f 3193 3234 3218
f 3193 3218 3449
f 3205 3208 3212
f 3220 3226 3225
f 3220 3223 3226
f 3221 3222 3230
f 3221 3230 3223
f 3224 3225 3237
f 3225 3226 3238
f 3226 3227 3238
f 3227 3228 3238
f 3226 3233 3227
f 3192 3228 3457
f 3228 3229 3457
f 3227 3236 3229
f 3227 3229 3228
f 3230 3232 3233
f 3222 3231 3230
f 3231 3234 3232
f 3230 3231 3232
f 3223 3233 3226
f 3223 3230 3233
f 3227 3233 3236
f 3232 3236 3233
f 3232 3235 3236
f 3235 3463 3236
f 3232 3234 3235
f 3193 3235 3234
f 3229 3236 3463
f 3237 3238 3239
f 3225 3238 3237
f 3228 3239 3238
f 3192 3239 3228
f 3201 3213 3222
f 3213 3231 3222
f 3213 3214 3231
f 3214 3234 3231
f 3134 3244 3240
f 3240 3244 3246
f 3240 3246 3241
f 3241 3246 3250
f 3241 3250 3242
f 3242 3250 3251
f 3242 3251 3243
f 3244 3245 3246
f 3135 3245 3244
f 3246 3247 3250
f 3245 3247 3246
f 3135 3248 3245
f 3245 3248 3249
f 3248 3366 3249
f 3245 3249 3247
f 3247 3249 3253
f 3250 3252 3251
f 3247 3252 3250
f 3251 3252 3259
f 3247 3253 3252
f 3249 3372 3253
f 3252 3254 3259
f 3253 3374 3254
f 3252 3253 3254
f 3243 3258 3255
f 3243 3251 3258
f 3255 3258 3260
f 3255 3260 3257
f 3256 3257 3263
f 3256 3263 3265
f 3256 3265 3309
f 3257 3260 3263
f 3261 3267 3264
f 3262 3396 3267
f 3251 3259 3258
f 3258 3259 3261
f 3258 3261 3260
f 3260 3261 3264
f 3254 3262 3259
f 3259 3262 3261
f 3254 3400 3262
f 3261 3262 3267
f 3260 3264 3263
f 3263 3264 3266
f 3265 3266 3311
f 3263 3266 3265
f 3264 3267 3269
f 3264 3269 3266
f 3267 3396 3402
f 3267 3402 3269
f 3266 3269 3312
f 3268 3269 3402
f 3268 3312 3269
f 3270 3294 3307
f 3271 3272 3275
f 3272 3273 3279
f 3273 3285 3279
f 3281 3288 3453
f 3274 3278 3275
f 3272 3274 3275
f 3276 3278 3277
f 3276 3277 3443
f 3274 3277 3278
f 3274 3280 3277
f 3277 3281 3443
f 3272 3279 3274
f 3274 3279 3280
f 3279 3285 3286
f 3279 3286 3280
f 3277 3280 3281
f 3280 3286 3288
f 3280 3288 3281
f 3282 3287 3285
f 3283 3284 3292
f 3282 3283 3287
f 3285 3287 3286
f 3286 3287 3289
f 3286 3289 3288
f 3288 3290 3453
f 3288 3289 3290
f 3289 3293 3290
f 3283 3292 3291
f 3291 3292 3294
f 3283 3291 3287
f 3287 3291 3289
f 3289 3291 3293
f 3270 3455 3293
f 3290 3293 3455
f 3291 3294 3293
f 3270 3293 3294
f 3295 3310 3299
f 3295 3299 3298
f 3296 3297 3304
f 3297 3298 3304
f 3299 3310 3311
f 3299 3311 3302
f 3299 3302 3308
f 3300 3302 3312
f 3301 3308 3302
f 3300 3472 3301
f 3300 3301 3302
f 3304 3308 3305
f 3292 3296 3303
f 3296 3304 3303
f 3303 3304 3305
f 3301 3306 3305
f 3305 3306 3307
f 3303 3305 3307
f 3294 3303 3307
f 3306 3477 3307
f 3270 3307 3477
f 3298 3299 3308
f 3298 3308 3304
f 3301 3305 3308
f 3301 3472 3306
f 3265 3310 3309
f 3265 3311 3310
f 3266 3312 3311
f 3302 3311 3312
f 3268 3300 3312
f 3284 3296 3292
f 3292 3303 3294
f 3356 3428 3393
f 3142 3175 3313
f 3175 3314 3313
f 3143 3313 3316
f 3313 3314 3317
f 3314 3319 3317
f 3315 3328 3316
f 3313 3317 3316
f 3144 3316 3328
f 3315 3316 3317
f 3315 3317 3321
f 3314 3318 3319
f 3181 3320 3318
f 3318 3320 3319
f 3319 3320 3322
f 3315 3321 3333
f 3319 3322 3321
f 3321 3322 3323
f 3321 3323 3333
f 3317 3319 3321
f 3324 3331 3332
f 3145 3331 3324
f 3325 3414 3408
f 3324 3332 3325
f 3324 3325 3408
f 3325 3334 3326
f 3325 3326 3414
f 3326 3335 3348
f 3326 3348 3327
f 3326 3327 3414
f 3146 3328 3329
f 3328 3330 3329
f 3315 3330 3328
f 3315 3333 3330
f 3329 3330 3332
f 3330 3334 3332
f 3329 3332 3331
f 3325 3332 3334
f 3330 3333 3334
f 3333 3335 3334
f 3326 3334 3335
f 3323 3335 3333
f 3323 3357 3335
f 3335 3357 3348
f 3336 3338 3345
f 3336 3458 3338
f 3337 3345 3338
f 3338 3462 3353
f 3337 3338 3353
f 3320 3341 3339
f 3320 3339 3322
f 3187 3340 3341
f 3339 3341 3340
f 3339 3340 3343
f 3181 3341 3320
f 3322 3339 3342
f 3323 3342 3357
f 3342 3358 3357
f 3322 3342 3323
f 3339 3343 3342
f 3342 3343 3358
f 3337 3358 3343
f 3187 3344 3340
f 3340 3344 3345
f 3340 3345 3343
f 3192 3336 3344
f 3336 3345 3344
f 3337 3343 3345
f 3346 3348 3357
f 3346 3357 3358
f 3346 3358 3351
f 3346 3351 3350
f 3347 3416 3349
f 3347 3350 3354
f 3347 3354 3418
f 3327 3348 3349
f 3346 3349 3348
f 3327 3349 3416
f 3346 3350 3349
f 3347 3349 3350
f 3352 3467 3355
f 3351 3353 3352
f 3337 3351 3358
f 3337 3353 3351
f 3350 3351 3352
f 3352 3353 3467
f 3353 3462 3467
f 3352 3355 3354
f 3354 3356 3418
f 3354 3355 3356
f 3355 3428 3356
f 3350 3352 3354
f 3152 3359 3378
f 3359 3360 3378
f 3359 3362 3360
f 3364 3387 3382
f 3360 3362 3361
f 3361 3362 3363
f 3363 3389 3364
f 3361 3364 3382
f 3361 3363 3364
f 3149 3376 3368
f 3368 3377 3370
f 3365 3367 3366
f 3148 3366 3248
f 3148 3365 3366
f 3366 3367 3372
f 3249 3366 3372
f 3149 3368 3365
f 3365 3368 3367
f 3367 3368 3370
f 3370 3371 3373
f 3370 3380 3371
f 3369 3373 3371
f 3369 3371 3398
f 3371 3380 3381
f 3371 3381 3398
f 3253 3372 3374
f 3372 3373 3374
f 3367 3373 3372
f 3369 3400 3374
f 3254 3374 3400
f 3369 3374 3373
f 3367 3370 3373
f 3368 3376 3377
f 3150 3375 3376
f 3375 3377 3376
f 3375 3379 3377
f 3150 3378 3375
f 3360 3375 3378
f 3360 3379 3375
f 3379 3382 3380
f 3377 3379 3380
f 3370 3377 3380
f 3380 3382 3381
f 3381 3382 3387
f 3360 3361 3379
f 3361 3382 3379
f 3384 3471 3403
f 3383 3385 3404
f 3384 3404 3385
f 3384 3403 3404
f 3386 3389 3417
f 3388 3390 3395
f 3387 3388 3405
f 3383 3405 3388
f 3387 3390 3388
f 3364 3389 3390
f 3364 3390 3387
f 3386 3395 3390
f 3386 3390 3389
f 3356 3392 3418
f 3391 3395 3392
f 3386 3418 3392
f 3386 3392 3395
f 3391 3393 3479
f 3356 3393 3392
f 3391 3392 3393
f 3388 3395 3394
f 3391 3394 3395
f 3383 3388 3394
f 3383 3394 3385
f 3391 3480 3394
f 3385 3394 3480
f 3396 3400 3397
f 3369 3397 3400
f 3396 3397 3401
f 3381 3405 3398
f 3369 3398 3397
f 3397 3399 3401
f 3398 3405 3399
f 3383 3399 3405
f 3397 3398 3399
f 3262 3400 3396
f 3401 3404 3403
f 3401 3403 3402
f 3396 3401 3402
f 3268 3402 3403
f 3268 3403 3471
f 3399 3404 3401
f 3383 3404 3399
f 3381 3387 3405
f 3151 3406 3409
f 3406 3411 3410
f 3324 3408 3407
f 3406 3407 3408
f 3145 3324 3407
f 3151 3407 3406
f 3406 3408 3411
f 3359 3409 3410
f 3406 3410 3409
f 3152 3409 3359
f 3359 3410 3362
f 3410 3411 3415
f 3411 3412 3415
f 3412 3416 3413
f 3412 3413 3415
f 3408 3414 3411
f 3411 3414 3412
f 3327 3412 3414
f 3327 3416 3412
f 3362 3410 3415
f 3362 3415 3363
f 3363 3415 3413
f 3363 3413 3389
f 3347 3417 3416
f 3389 3413 3417
f 3413 3416 3417
f 3347 3418 3417
f 3386 3417 3418
f 3193 3419 3465
f 3419 3420 3465
f 3422 3451 3432
f 3431 3432 3451
f 3420 3421 3466
f 3421 3426 3466
f 3419 3446 3422
f 3419 3422 3420
f 3420 3422 3421
f 3421 3422 3432
f 3270 3477 3424
f 3425 3478 3436
f 3423 3456 3425
f 3423 3425 3436
f 3424 3475 3425
f 3424 3425 3456
f 3426 3429 3468
f 3426 3434 3429
f 3427 3430 3435
f 3428 3468 3429
f 3428 3429 3430
f 3393 3428 3430
f 3429 3435 3430
f 3433 3435 3434
f 3432 3433 3434
f 3431 3433 3432
f 3423 3433 3431
f 3421 3432 3434
f 3421 3434 3426
f 3429 3434 3435
f 3433 3436 3435
f 3427 3435 3436
f 3427 3436 3478
f 3423 3436 3433
f 3437 3444 3445
f 3437 3448 3444
f 3437 3445 3440
f 3281 3453 3438
f 3438 3453 3441
f 3438 3440 3445
f 3437 3440 3450
f 3439 3450 3440
f 3438 3441 3440
f 3439 3440 3441
f 3276 3443 3442
f 3442 3443 3445
f 3438 3445 3443
f 3442 3445 3444
f 3281 3438 3443
f 3217 3447 3449
f 3446 3449 3447
f 3446 3447 3450
f 3217 3448 3447
f 3437 3447 3448
f 3437 3450 3447
f 3193 3449 3419
f 3419 3449 3446
f 3422 3446 3451
f 3446 3450 3451
f 3431 3451 3439
f 3439 3451 3450
f 3290 3455 3452
f 3452 3455 3456
f 3290 3452 3453
f 3441 3453 3452
f 3439 3441 3454
f 3441 3452 3454
f 3431 3439 3454
f 3452 3456 3454
f 3423 3454 3456
f 3423 3431 3454
f 3424 3456 3455
f 3270 3424 3455
f 3459 3464 3460
f 3192 3457 3336
f 3457 3459 3458
f 3336 3457 3458
f 3229 3459 3457
f 3229 3463 3459
f 3458 3459 3460
f 3460 3461 3462
f 3460 3464 3466
f 3426 3461 3466
f 3460 3466 3461
f 3338 3458 3462
f 3458 3460 3462
f 3459 3463 3464
f 3235 3465 3463
f 3463 3465 3464
f 3420 3464 3465
f 3193 3465 3235
f 3420 3466 3464
f 3461 3467 3462
f 3461 3468 3467
f 3355 3467 3468
f 3426 3468 3461
f 3355 3468 3428
f 3469 3476 3473
f 3470 3474 3480
f 3469 3474 3470
f 3469 3470 3478
f 3268 3471 3300
f 3300 3471 3472
f 3384 3473 3471
f 3471 3473 3472
f 3472 3473 3476
f 3384 3385 3474
f 3384 3474 3473
f 3385 3480 3474
f 3469 3473 3474
f 3475 3477 3476
f 3306 3472 3476
f 3306 3476 3477
f 3469 3475 3476
f 3424 3477 3475
f 3469 3478 3475
f 3425 3475 3478
f 3470 3480 3479
f 3391 3479 3480
f 3427 3470 3479
f 3427 3478 3470
f 3427 3479 3430
f 3393 3430 3479
f 774 772 1542
f 773 774 1542
f 773 1542 780
f 781 780 1542
f 781 1542 782
f 783 782 1542
f 776 2306 775
f 776 777 2306
f 775 2306 795
f 788 2306 777
f 788 789 2306
f 790 2306 789
f 790 791 2306
f 772 792 1562
f 794 1562 792
f 794 793 1562
f 793 809 1562
f 809 810 1562
f 810 811 1562
f 811 812 1562
f 796 795 2360
f 796 2360 797
f 797 2360 815
f 815 2360 816
f 816 2360 817
f 817 2360 818
f 783 1542 1525
f 772 1562 1542
f 1525 1527 1526
f 1525 1528 1527
f 1525 1540 1528
f 1525 1541 1540
f 1541 1525 1542
f 1544 1543 3051
f 1544 3051 1545
f 1550 1545 3051
f 1551 1550 3051
f 1551 3051 1552
f 1553 1552 3051
f 812 1554 1555
f 812 1555 1556
f 812 1556 1557
f 812 1557 1560
f 1561 812 1560
f 1561 1562 812
f 1564 1580 1563
f 1580 1564 1565
f 1565 1577 1580
f 1577 1578 1580
f 1580 1578 1579
f 1543 1563 3138
f 3122 1563 1580
f 791 2289 2290
f 791 2290 2291
f 791 2291 2292
f 791 2292 2304
f 2305 791 2304
f 2305 2306 791
f 2308 2315 2307
f 2308 2309 2315
f 2309 2312 2315
f 2313 2315 2312
f 2313 2314 2315
f 3057 2307 2315
f 2371 2307 3077
f 2360 795 2361
f 2361 795 2362
f 2362 795 2363
f 2363 795 2368
f 795 2306 2370
f 2369 2368 795
f 2369 795 2370
f 2372 2371 3130
f 2372 3130 2373
f 2385 2373 3130
f 2385 3130 2386
f 2386 3130 2387
f 2387 3130 2388
f 3052 3051 1543
f 3052 1543 3053
f 3053 1543 3054
f 3072 3054 1543
f 3072 1543 3073
f 3073 1543 3074
f 1543 3138 3074
f 3058 2307 3057
f 3058 3059 2307
f 3059 3060 2307
f 3076 2307 3060
f 3076 3075 2307
f 3075 3077 2307
f 3122 3123 1563
f 3124 1563 3123
f 3124 3125 1563
f 3125 3136 1563
f 3137 1563 3136
f 3137 3138 1563
f 3130 2371 3131
f 3131 2371 3132
f 3133 3132 2371
f 3133 2371 3140
f 2371 3077 3141
f 3140 2371 3139
f 3139 2371 3141

