# https://github.com/mikedh/trimesh
v 0.05292862 -0.00719965 -0.00200000
v 0.05288041 -0.00676493 -0.00446199
v 0.05284663 -0.00551427 -0.00662702
v 0.05283135 -0.00359850 -0.00823397
v 0.05283640 -0.00124871 -0.00908900
v 0.05286120 0.00125170 -0.00908900
v 0.05290273 0.00360114 -0.00823397
v 0.05295599 0.00551623 -0.00662702
v 0.05301457 0.00676598 -0.00446199
v 0.05307138 0.00719965 -0.00200000
v 0.05311958 0.00676493 0.00046199
v 0.05315337 0.00551427 0.00262702
v 0.05316865 0.00359850 0.00423397
v 0.05316360 0.00124871 0.00508900
v 0.05313880 -0.00125170 0.00508900
v 0.05309727 -0.00360114 0.00423397
v 0.05304401 -0.00551623 0.00262702
v 0.05298544 -0.00676598 0.00046199
v 0.05479930 -0.00708951 -0.00204010
v 0.05476470 -0.00666269 -0.00445840
v 0.05474959 -0.00543456 -0.00658514
v 0.05475577 -0.00355324 -0.00816380
v 0.05478252 -0.00124566 -0.00900397
v 0.05482660 0.00120987 -0.00900432
v 0.05488269 0.00351717 -0.00816479
v 0.05494404 0.00539794 -0.00658666
v 0.05500323 0.00662533 -0.00446026
v 0.05505313 0.00705131 -0.00204208
v 0.05508773 0.00662450 0.00037622
v 0.05510285 0.00539636 0.00250296
v 0.05509666 0.00351505 0.00408162
v 0.05506991 0.00120746 0.00492179
v 0.05502583 -0.00124807 0.00492214
v 0.05496974 -0.00355536 0.00408262
v 0.05490839 -0.00543613 0.00250448
v 0.05484920 -0.00666353 0.00037809
v 0.05665154 -0.00700811 -0.00206560
v 0.05663820 -0.00658951 -0.00443989
v 0.05665260 -0.00538450 -0.00652804
v 0.05669298 -0.00353842 -0.00807820
v 0.05675448 -0.00127393 -0.00890340
v 0.05682968 0.00113585 -0.00890409
v 0.05690950 0.00340024 -0.00808020
v 0.05698433 0.00524614 -0.00653110
v 0.05704513 0.00645090 -0.00444364
v 0.05708458 0.00686922 -0.00206959
v 0.05709790 0.00645062 0.00030470
v 0.05708351 0.00524561 0.00239286
v 0.05704313 0.00339953 0.00394302
v 0.05698163 0.00113504 0.00476821
v 0.05690644 -0.00127473 0.00476891
v 0.05682661 -0.00353913 0.00394502
v 0.05675178 -0.00538503 0.00239592
v 0.05669098 -0.00658979 0.00030845
v 0.05855435 -0.00694723 -0.00208202
v 0.05855328 -0.00653688 -0.00441187
v 0.05858442 -0.00535504 -0.00646099
v 0.05864401 -0.00354427 -0.00798223
v 0.05872487 -0.00132297 -0.00879210
v 0.05881723 0.00104094 -0.00879291
v 0.05890997 0.00326233 -0.00798458
v 0.05899189 0.00507328 -0.00646460
v 0.05905312 0.00625535 -0.00441629
v 0.05908627 0.00666598 -0.00208673
v 0.05908734 0.00625563 0.00024312
v 0.05905620 0.00507379 0.00229224
v 0.05899661 0.00326302 0.00381348
v 0.05891576 0.00104172 0.00462335
v 0.05882339 -0.00132219 0.00462416
v 0.05873065 -0.00354358 0.00381583
v 0.05864873 -0.00535453 0.00229585
v 0.05858750 -0.00653660 0.00024754
v 0.06050836 -0.00668562 -0.00209396
v 0.06051113 -0.00629607 -0.00430659
v 0.06054605 -0.00517392 -0.00625263
v 0.06060893 -0.00345452 -0.00769735
v 0.06069217 -0.00134526 -0.00846650
v 0.06078573 0.00089945 -0.00846732
v 0.06087834 0.00300888 -0.00769969
v 0.06095882 0.00472858 -0.00625621
v 0.06101746 0.00585115 -0.00431098
v 0.06104719 0.00624118 -0.00209863
v 0.06104443 0.00585162 0.00011400
v 0.06100950 0.00472947 0.00206004
v 0.06094663 0.00301008 0.00350476
v 0.06086339 0.00090082 0.00427391
v 0.06076982 -0.00134390 0.00427472
v 0.06067722 -0.00345332 0.00350710
v 0.06059674 -0.00517303 0.00206362
v 0.06053809 -0.00629559 0.00011839
v 0.06249687 -0.00640432 -0.00210613
v 0.06249591 -0.00603653 -0.00419429
v 0.06252382 -0.00497729 -0.00603083
v 0.06257723 -0.00335436 -0.00739425
v 0.06264970 -0.00136349 -0.00812010
v 0.06273248 0.00075519 -0.00812083
v 0.06281560 0.00274614 -0.00739634
v 0.06288902 0.00436922 -0.00603403
v 0.06294391 0.00542866 -0.00419821
v 0.06297361 0.00579668 -0.00211031
v 0.06297457 0.00542889 -0.00002215
v 0.06294666 0.00436965 0.00181440
v 0.06289326 0.00274672 0.00317782
v 0.06282078 0.00075585 0.00390367
v 0.06273800 -0.00136283 0.00390439
v 0.06265488 -0.00335378 0.00317991
v 0.06258146 -0.00497686 0.00181760
v 0.06252658 -0.00603630 -0.00001822
v 0.06450839 -0.00611455 -0.00212354
v 0.06449737 -0.00576823 -0.00408750
v 0.06450928 -0.00477141 -0.00581476
v 0.06454269 -0.00324432 -0.00709698
v 0.06459355 -0.00137114 -0.00777950
v 0.06465576 0.00062218 -0.00778001
v 0.06472179 0.00249523 -0.00709844
v 0.06478368 0.00402209 -0.00581700
v 0.06483398 0.00501859 -0.00409025
v 0.06486660 0.00536455 -0.00212646
v 0.06487763 0.00501823 -0.00016250
v 0.06486572 0.00402141 0.00156476
v 0.06483231 0.00249432 0.00284698
v 0.06478144 0.00062114 0.00352950
v 0.06471924 -0.00137218 0.00353001
v 0.06465321 -0.00324523 0.00284844
v 0.06459132 -0.00477209 0.00156700
v 0.06454102 -0.00576859 -0.00015975
v 0.06653274 -0.00580604 -0.00215138
v 0.06650642 -0.00548101 -0.00399171
v 0.06649492 -0.00454619 -0.00561008
v 0.06649964 -0.00311434 -0.00681130
v 0.06652000 -0.00135816 -0.00745048
v 0.06655355 0.00051054 -0.00745052
v 0.06659623 0.00226635 -0.00681142
v 0.06664292 0.00369751 -0.00561027
v 0.06668796 0.00463139 -0.00399194
v 0.06672594 0.00495535 -0.00215163
v 0.06675226 0.00463032 -0.00031130
v 0.06676376 0.00369550 0.00130707
v 0.06675904 0.00226365 0.00250829
v 0.06673869 0.00050746 0.00314747
v 0.06670514 -0.00136123 0.00314751
v 0.06666245 -0.00311705 0.00250841
v 0.06661576 -0.00454820 0.00130726
v 0.06657071 -0.00548208 -0.00031107
v 0.06856004 -0.00546818 -0.00219499
v 0.06851422 -0.00516443 -0.00391246
v 0.06847338 -0.00429139 -0.00542249
v 0.06844245 -0.00295434 -0.00654294
v 0.06842516 -0.00131457 -0.00713868
v 0.06842361 0.00043016 -0.00713785
v 0.06843796 0.00206939 -0.00654055
v 0.06846650 0.00340542 -0.00541882
v 0.06850578 0.00427710 -0.00390796
v 0.06855106 0.00457929 -0.00219020
v 0.06859689 0.00427554 -0.00047273
v 0.06863773 0.00340250 0.00103730
v 0.06866866 0.00206545 0.00215776
v 0.06868595 0.00042568 0.00275350
v 0.06868751 -0.00131905 0.00275267
v 0.06867315 -0.00295828 0.00215536
v 0.06864461 -0.00429431 0.00103363
v 0.06860533 -0.00516599 -0.00047723
v 0.07058059 -0.00509001 -0.00225979
v 0.07051206 -0.00480778 -0.00385533
v 0.07043736 -0.00399655 -0.00525762
v 0.07036550 -0.00275416 -0.00629753
v 0.07030516 -0.00123046 -0.00684962
v 0.07026360 0.00039077 -0.00684731
v 0.07024585 0.00191398 -0.00629087
v 0.07025404 0.00315545 -0.00524742
v 0.07028718 0.00396545 -0.00384281
v 0.07034128 0.00424626 -0.00224646
v 0.07040981 0.00396403 -0.00065092
v 0.07048451 0.00315280 0.00075137
v 0.07055637 0.00191041 0.00179128
v 0.07061671 0.00038671 0.00234337
v 0.07065827 -0.00123452 0.00234106
v 0.07067603 -0.00275773 0.00178462
v 0.07066784 -0.00399920 0.00074117
v 0.07063470 -0.00480920 -0.00066344
v 0.07258465 -0.00466031 -0.00235126
v 0.07249120 -0.00440011 -0.00382589
v 0.07237954 -0.00365107 -0.00512106
v 0.07226316 -0.00250354 -0.00608055
v 0.07215606 -0.00109593 -0.00658862
v 0.07207119 0.00040199 -0.00658401
v 0.07201878 0.00180954 -0.00606725
v 0.07200515 0.00295696 -0.00510069
v 0.07203193 0.00370584 -0.00380091
v 0.07209590 0.00396586 -0.00232467
v 0.07218935 0.00370567 -0.00085003
v 0.07230101 0.00295663 0.00044514
v 0.07241740 0.00180910 0.00140462
v 0.07252449 0.00040148 0.00191270
v 0.07260936 -0.00109644 0.00190808
v 0.07266177 -0.00250399 0.00139133
v 0.07267541 -0.00365140 0.00042477
v 0.07264863 -0.00440029 -0.00087502
v 0.07457823 -0.00433716 -0.00247584
v 0.07445358 -0.00408964 -0.00388865
v 0.07429695 -0.00337418 -0.00512817
v 0.07412723 -0.00227709 -0.00604490
v 0.07396487 -0.00093068 -0.00652827
v 0.07382948 0.00050265 -0.00651997
v 0.07373737 0.00185001 -0.00602102
v 0.07369966 0.00294889 -0.00509159
v 0.07372089 0.00366676 -0.00384377
v 0.07379851 0.00391702 -0.00242809
v 0.07392316 0.00366950 -0.00101529
v 0.07407978 0.00295404 0.00022423
v 0.07424951 0.00185695 0.00114096
v 0.07441186 0.00051054 0.00162433
v 0.07454726 -0.00092278 0.00161604
v 0.07463937 -0.00227014 0.00111708
v 0.07467708 -0.00336903 0.00018765
v 0.07465585 -0.00408690 -0.00106016
v 0.07652774 -0.00402861 -0.00263683
v 0.07636878 -0.00378966 -0.00401847
v 0.07616533 -0.00309362 -0.00522902
v 0.07594194 -0.00202444 -0.00612247
v 0.07572555 -0.00071109 -0.00659106
v 0.07554226 0.00068803 -0.00657827
v 0.07541419 0.00200416 -0.00608564
v 0.07535677 0.00307857 -0.00517259
v 0.07537694 0.00378165 -0.00394925
v 0.07547225 0.00402861 -0.00256317
v 0.07563122 0.00378966 -0.00118153
v 0.07583468 0.00309362 0.00002902
v 0.07605807 0.00202444 0.00092247
v 0.07627445 0.00071109 0.00139106
v 0.07645774 -0.00068803 0.00137827
v 0.07658581 -0.00200416 0.00088564
v 0.07664323 -0.00307857 -0.00002741
v 0.07662307 -0.00378165 -0.00125075
v 0.07840052 -0.00366925 -0.00283086
v 0.07821286 -0.00343939 -0.00418139
v 0.07797390 -0.00276278 -0.00536337
v 0.07771248 -0.00172105 -0.00623425
v 0.07746013 -0.00043983 -0.00668898
v 0.07724727 0.00092633 -0.00667272
v 0.07709958 0.00221267 -0.00618742
v 0.07703488 0.00326402 -0.00529163
v 0.07706098 0.00395358 -0.00409338
v 0.07717472 0.00419819 -0.00273720
v 0.07736237 0.00396832 -0.00138667
v 0.07760133 0.00329172 -0.00020468
v 0.07786275 0.00224998 0.00066620
v 0.07811511 0.00096877 0.00112093
v 0.07832796 -0.00039740 0.00110467
v 0.07847565 -0.00168373 0.00061937
v 0.07854035 -0.00273509 -0.00027643
v 0.07851426 -0.00342465 -0.00147468
v 0.08023696 -0.00328086 -0.00305519
v 0.08002654 -0.00305994 -0.00437476
v 0.07976044 -0.00240237 -0.00552852
v 0.07947074 -0.00138748 -0.00637731
v 0.07919239 -0.00013767 -0.00681873
v 0.07895895 0.00119631 -0.00679957
v 0.07879860 0.00245356 -0.00632212
v 0.07873066 0.00348245 -0.00544397
v 0.07876333 0.00415887 -0.00427104
v 0.07889267 0.00440123 -0.00294481
v 0.07910308 0.00418031 -0.00162524
v 0.07936919 0.00352274 -0.00047148
v 0.07965889 0.00250785 0.00037731
v 0.07993724 0.00125804 0.00081873
v 0.08017068 -0.00007594 0.00079957
v 0.08033103 -0.00133319 0.00032212
v 0.08039898 -0.00236208 -0.00055603
v 0.08036630 -0.00303850 -0.00172896
v 0.08206483 -0.00285539 -0.00330922
v 0.08183490 -0.00264336 -0.00459790
v 0.08154385 -0.00200509 -0.00572325
v 0.08122677 -0.00101755 -0.00654954
v 0.08092193 0.00020015 -0.00697710
v 0.08066607 0.00150112 -0.00695436
v 0.08049007 0.00272847 -0.00648406
v 0.08041515 0.00373414 -0.00562294
v 0.08045035 0.00439684 -0.00447485
v 0.08059143 0.00463664 -0.00317828
v 0.08082135 0.00442461 -0.00188960
v 0.08111241 0.00378634 -0.00076425
v 0.08142947 0.00279880 0.00006204
v 0.08173432 0.00158110 0.00048960
v 0.08199017 0.00028013 0.00046686
v 0.08216618 -0.00094722 -0.00000344
v 0.08224110 -0.00195289 -0.00086456
v 0.08220590 -0.00261559 -0.00201265
v 0.08388315 -0.00240159 -0.00358906
v 0.08363587 -0.00219770 -0.00485137
v 0.08332082 -0.00157686 -0.00595202
v 0.08297601 -0.00061393 -0.00675827
v 0.08264303 0.00057492 -0.00717286
v 0.08236204 0.00184632 -0.00714579
v 0.08216693 0.00304691 -0.00668032
v 0.08208124 0.00403189 -0.00583260
v 0.08211529 0.00468244 -0.00470487
v 0.08226500 0.00492011 -0.00343316
v 0.08251228 0.00471622 -0.00217085
v 0.08282732 0.00409538 -0.00107020
v 0.08317214 0.00313245 -0.00026395
v 0.08350512 0.00194359 0.00015064
v 0.08378611 0.00067219 0.00012356
v 0.08398122 -0.00052840 -0.00034190
v 0.08406691 -0.00151337 -0.00118962
v 0.08403285 -0.00216392 -0.00231735
v 0.08570244 -0.00196882 -0.00389203
v 0.08543563 -0.00176940 -0.00515107
v 0.08509205 -0.00115519 -0.00624690
v 0.08471315 -0.00020027 -0.00704735
v 0.08434463 0.00098017 -0.00745587
v 0.08403093 0.00224377 -0.00742318
v 0.08380990 0.00343811 -0.00695324
v 0.08370819 0.00441913 -0.00610271
v 0.08373807 0.00506852 -0.00497420
v 0.08389594 0.00530794 -0.00370380
v 0.08416276 0.00510852 -0.00244476
v 0.08450633 0.00449431 -0.00134893
v 0.08488523 0.00353939 -0.00054848
v 0.08525375 0.00235895 -0.00013996
v 0.08556744 0.00109535 -0.00017265
v 0.08578848 -0.00009899 -0.00064260
v 0.08589019 -0.00108001 -0.00149312
v 0.08586030 -0.00172939 -0.00262164
v 0.08750626 -0.00148570 -0.00421287
v 0.08722182 -0.00129084 -0.00546876
v 0.08685031 -0.00068398 -0.00655956
v 0.08643654 0.00026169 -0.00735370
v 0.08603043 0.00143210 -0.00775539
v 0.08568095 0.00268609 -0.00771619
v 0.08543027 0.00387240 -0.00724083
v 0.08530861 0.00484794 -0.00638663
v 0.08533065 0.00549506 -0.00525663
v 0.08549373 0.00573570 -0.00398713
v 0.08577818 0.00554084 -0.00273124
v 0.08614969 0.00493398 -0.00164044
v 0.08656346 0.00398831 -0.00084630
v 0.08696957 0.00281790 -0.00044461
v 0.08731905 0.00156391 -0.00048381
v 0.08756973 0.00037760 -0.00095917
v 0.08769139 -0.00059794 -0.00181337
v 0.08766935 -0.00124506 -0.00294337
v 0.08929137 -0.00094779 -0.00454744
v 0.08899114 -0.00075754 -0.00580036
v 0.08859223 -0.00015881 -0.00688597
v 0.08814276 0.00077617 -0.00767332
v 0.08769694 0.00193464 -0.00806746
v 0.08730854 0.00317686 -0.00802083
v 0.08702442 0.00435301 -0.00753908
v 0.08687883 0.00532123 -0.00668029
v 0.08688935 0.00596473 -0.00554806
v 0.08705469 0.00620589 -0.00427895
v 0.08735493 0.00601564 -0.00302603
v 0.08775383 0.00541691 -0.00194042
v 0.08820330 0.00448193 -0.00115307
v 0.08864912 0.00332346 -0.00075893
v 0.08903752 0.00208124 -0.00080556
v 0.08932165 0.00090509 -0.00128731
v 0.08946723 -0.00006313 -0.00214610
v 0.08945672 -0.00070662 -0.00327833
v 0.09105442 -0.00035047 -0.00489153
v 0.09074023 -0.00016482 -0.00614172
v 0.09031443 0.00042488 -0.00722203
v 0.08982836 0.00134752 -0.00800217
v 0.08934066 0.00249181 -0.00838804
v 0.08891015 0.00371973 -0.00833310
v 0.08858876 0.00488318 -0.00784398
v 0.08841524 0.00584182 -0.00697966
v 0.08841053 0.00648003 -0.00584441
v 0.08857521 0.00672084 -0.00457514
v 0.08888939 0.00653519 -0.00332495
v 0.08931520 0.00594549 -0.00224464
v 0.08980127 0.00502285 -0.00146449
v 0.09028897 0.00387856 -0.00107862
v 0.09071948 0.00265064 -0.00113356
v 0.09104087 0.00148719 -0.00162269
v 0.09121439 0.00052855 -0.00248700
v 0.09121910 -0.00010966 -0.00362226
v 0.09279197 0.00031101 -0.00524086
v 0.09246565 0.00049212 -0.00648860
v 0.09201344 0.00107183 -0.00756358
v 0.09148988 0.00198023 -0.00833614
v 0.09095811 0.00310773 -0.00871309
v 0.09048228 0.00431836 -0.00864898
v 0.09011978 0.00546609 -0.00815153
v 0.08991433 0.00641249 -0.00728075
v 0.08989071 0.00704340 -0.00614165
v 0.09005178 0.00728274 -0.00487164
v 0.09037809 0.00710163 -0.00362390
v 0.09083030 0.00652192 -0.00254892
v 0.09135387 0.00561352 -0.00177636
v 0.09188563 0.00448602 -0.00139941
v 0.09236147 0.00327539 -0.00146352
v 0.09272397 0.00212766 -0.00196097
v 0.09292942 0.00118126 -0.00283175
v 0.09295303 0.00055035 -0.00397085
v 0.09450041 0.00104153 -0.00559104
v 0.09416378 0.00121827 -0.00683667
v 0.09368566 0.00178692 -0.00790633
v 0.09312373 0.00267891 -0.00867102
v 0.09254576 0.00378663 -0.00903849
v 0.09202146 0.00497650 -0.00896442
v 0.09161407 0.00610497 -0.00845775
v 0.09137273 0.00703596 -0.00757960
v 0.09132653 0.00765716 -0.00643587
v 0.09148107 0.00789366 -0.00516452
v 0.09181770 0.00771692 -0.00391889
v 0.09229582 0.00714826 -0.00284922
v 0.09285775 0.00625628 -0.00208454
v 0.09343572 0.00514855 -0.00171707
v 0.09396002 0.00395869 -0.00179113
v 0.09436741 0.00283021 -0.00229780
v 0.09460875 0.00189922 -0.00317596
v 0.09465495 0.00127802 -0.00431969
v 0.09617586 0.00184606 -0.00593757
v 0.09583075 0.00201871 -0.00718145
v 0.09532730 0.00257516 -0.00824589
v 0.09472622 0.00344831 -0.00900250
v 0.09410002 0.00453283 -0.00936003
v 0.09352423 0.00569792 -0.00927536
v 0.09306829 0.00680306 -0.00875869
v 0.09278721 0.00771493 -0.00787234
v 0.09271487 0.00832357 -0.00672322
v 0.09286001 0.00855556 -0.00544993
v 0.09320512 0.00838291 -0.00420605
v 0.09370858 0.00782646 -0.00314161
v 0.09430966 0.00695331 -0.00238500
v 0.09493586 0.00586879 -0.00202746
v 0.09551165 0.00470370 -0.00211214
v 0.09596758 0.00359856 -0.00262881
v 0.09624867 0.00268669 -0.00351516
v 0.09632101 0.00207805 -0.00466428
v 0.09780703 0.00272563 -0.00627511
v 0.09745066 0.00289228 -0.00751663
v 0.09691932 0.00343376 -0.00857522
v 0.09627710 0.00428477 -0.00932321
v 0.09560145 0.00534266 -0.00967036
v 0.09497388 0.00647984 -0.00957482
v 0.09447007 0.00755914 -0.00904810
v 0.09415080 0.00845038 -0.00815373
v 0.09405456 0.00904607 -0.00699960
v 0.09419297 0.00927437 -0.00572489
v 0.09454934 0.00910772 -0.00448337
v 0.09508068 0.00856624 -0.00342478
v 0.09572290 0.00771523 -0.00267679
v 0.09639855 0.00665734 -0.00232964
v 0.09702612 0.00552016 -0.00242518
v 0.09752993 0.00444086 -0.00295190
v 0.09784921 0.00354962 -0.00384627
v 0.09794544 0.00295393 -0.00500040
v 0.09938739 0.00367481 -0.00661531
v 0.09901326 0.00383109 -0.00785295
v 0.09844986 0.00435359 -0.00890448
v 0.09776517 0.00517931 -0.00964308
v 0.09704176 0.00620865 -0.00997966
v 0.09636688 0.00731745 -0.00987362
v 0.09582194 0.00837198 -0.00933775
v 0.09547266 0.00924504 -0.00843669
v 0.09536117 0.00983133 -0.00727912
v 0.09550092 0.01006014 -0.00600465
v 0.09587505 0.00990387 -0.00476702
v 0.09643845 0.00938136 -0.00371548
v 0.09712314 0.00855564 -0.00297688
v 0.09784655 0.00752631 -0.00264031
v 0.09852143 0.00641750 -0.00274635
v 0.09906638 0.00536298 -0.00328221
v 0.09941565 0.00448991 -0.00418327
v 0.09952714 0.00390362 -0.00534085
v 0.10092484 0.00468932 -0.00697123
v 0.10053194 0.00483354 -0.00820451
v 0.09993722 0.00533566 -0.00924870
v 0.09921244 0.00613514 -0.00997785
v 0.09844500 0.00713553 -0.01030403
v 0.09772746 0.00821618 -0.01018788
v 0.09714639 0.00924675 -0.00964343
v 0.09677186 0.01010292 -0.00873633
v 0.09664904 0.01068145 -0.00757599
v 0.09679275 0.01091253 -0.00630238
v 0.09718566 0.01076832 -0.00506910
v 0.09778037 0.01026619 -0.00402491
v 0.09850515 0.00946671 -0.00329576
v 0.09927259 0.00846632 -0.00296958
v 0.09999013 0.00738567 -0.00308573
v 0.10057120 0.00635510 -0.00363019
v 0.10094573 0.00549893 -0.00453729
v 0.10106856 0.00492041 -0.00569762
v 0.10242333 0.00576814 -0.00733893
v 0.10201502 0.00590152 -0.00856841
v 0.10139287 0.00638411 -0.00960580
v 0.10063194 0.00715773 -0.01032597
v 0.09982399 0.00812905 -0.01064206
v 0.09906649 0.00918092 -0.01051594
v 0.09845079 0.01018646 -0.00996283
v 0.09805116 0.01102441 -0.00904943
v 0.09791581 0.01159368 -0.00788592
v 0.09806104 0.01182561 -0.00661263
v 0.09846936 0.01169223 -0.00538315
v 0.09909151 0.01120964 -0.00434576
v 0.09985244 0.01043602 -0.00362559
v 0.10066038 0.00946470 -0.00330950
v 0.10141788 0.00841284 -0.00343562
v 0.10203359 0.00740729 -0.00398873
v 0.10243321 0.00656934 -0.00490213
v 0.10256857 0.00600007 -0.00606564
v 0.10388193 0.00690764 -0.00771345
v 0.10346129 0.00703156 -0.00893977
v 0.10281526 0.00749566 -0.00997099
v 0.10202175 0.00824394 -0.01068272
v 0.10117649 0.00918617 -0.01098913
v 0.10038141 0.01020868 -0.01085326
v 0.09973242 0.01118816 -0.01029149
v 0.09930780 0.01200646 -0.00937158
v 0.09915875 0.01256488 -0.00820449
v 0.09930326 0.01279607 -0.00693099
v 0.09972390 0.01267214 -0.00570467
v 0.10036993 0.01220805 -0.00467346
v 0.10116343 0.01145976 -0.00396172
v 0.10200870 0.01051754 -0.00365531
v 0.10280377 0.00949502 -0.00379119
v 0.10345276 0.00851555 -0.00435296
v 0.10387739 0.00769725 -0.00527286
v 0.10402644 0.00713883 -0.00643995
v 0.10529965 0.00810429 -0.00808992
v 0.10486952 0.00822031 -0.00931371
v 0.10420284 0.00866707 -0.01033942
v 0.10338001 0.00939067 -0.01104334
v 0.10250029 0.01030385 -0.01134055
v 0.10166977 0.01129646 -0.01119522
v 0.10098863 0.01224877 -0.01062486
v 0.10053904 0.01304592 -0.00969828
v 0.10037521 0.01359177 -0.00852724
v 0.10051690 0.01382048 -0.00725297
v 0.10094703 0.01370446 -0.00602917
v 0.10161372 0.01325770 -0.00500346
v 0.10243654 0.01253409 -0.00429954
v 0.10331626 0.01162092 -0.00400233
v 0.10414678 0.01062831 -0.00414766
v 0.10482791 0.00967600 -0.00471802
v 0.10527751 0.00887884 -0.00564460
v 0.10544134 0.00833299 -0.00681565
v 0.10667548 0.00935468 -0.00846345
v 0.10623847 0.00946448 -0.00968538
v 0.10555409 0.00989519 -0.01070629
v 0.10470487 0.01059484 -0.01140304
v 0.10379325 0.01147905 -0.01169160
v 0.10292918 0.01244117 -0.01153716
v 0.10221689 0.01336516 -0.01095834
v 0.10174228 0.01413957 -0.01002497
v 0.10156260 0.01467099 -0.00884962
v 0.10169952 0.01489532 -0.00757405
v 0.10213653 0.01478552 -0.00635212
v 0.10282091 0.01435481 -0.00533121
v 0.10367013 0.01365516 -0.00463446
v 0.10458175 0.01277095 -0.00434590
v 0.10544582 0.01180883 -0.00450034
v 0.10615811 0.01088484 -0.00507916
v 0.10663272 0.01011043 -0.00601253
v 0.10681240 0.00957901 -0.00718788
v 0.10800833 0.01065547 -0.00882921
v 0.10756686 0.01076088 -0.01004992
v 0.10686746 0.01117691 -0.01106674
v 0.10599452 0.01185339 -0.01175701
v 0.10505330 0.01270872 -0.01203750
v 0.10415734 0.01363974 -0.01187435
v 0.10341471 0.01453415 -0.01128726
v 0.10291497 0.01528407 -0.01034703
v 0.10271841 0.01579905 -0.00916708
v 0.10284873 0.01601698 -0.00788971
v 0.10329021 0.01591157 -0.00666900
v 0.10398960 0.01549554 -0.00565219
v 0.10486255 0.01481906 -0.00496191
v 0.10580377 0.01396373 -0.00468143
v 0.10669972 0.01303272 -0.00484457
v 0.10744235 0.01213831 -0.00543166
v 0.10794209 0.01138838 -0.00637189
v 0.10813865 0.01087340 -0.00755185
v 0.10929705 0.01200342 -0.00918237
v 0.10885334 0.01210638 -0.01040247
v 0.10814141 0.01250922 -0.01141590
v 0.10724714 0.01316335 -0.01210040
v 0.10627840 0.01398986 -0.01237343
v 0.10535201 0.01488907 -0.01220205
v 0.10457972 0.01575252 -0.01160693
v 0.10405468 0.01647607 -0.01065985
v 0.10384022 0.01697244 -0.00947504
v 0.10396221 0.01718177 -0.00819541
v 0.10440592 0.01707880 -0.00697530
v 0.10511784 0.01667596 -0.00596188
v 0.10601211 0.01602184 -0.00527737
v 0.10698087 0.01519533 -0.00500435
v 0.10790725 0.01429611 -0.00517573
v 0.10867954 0.01343266 -0.00577085
v 0.10920458 0.01270912 -0.00671793
v 0.10941903 0.01221274 -0.00790274
v 0.11054043 0.01339532 -0.00951806
v 0.11009656 0.01349794 -0.01073814
v 0.10937438 0.01388915 -0.01174886
v 0.10846099 0.01452177 -0.01242831
v 0.10746655 0.01531949 -0.01269454
v 0.10651101 0.01618610 -0.01251543
v 0.10570963 0.01701707 -0.01191259
v 0.10515905 0.01771218 -0.01095874
v 0.10492569 0.01818758 -0.00976891
v 0.10503770 0.01838593 -0.00848663
v 0.10548156 0.01828331 -0.00726655
v 0.10620374 0.01789210 -0.00625583
v 0.10711714 0.01725948 -0.00557638
v 0.10811158 0.01646176 -0.00531015
v 0.10906711 0.01559515 -0.00548926
v 0.10986850 0.01476418 -0.00609209
v 0.11041908 0.01406907 -0.00704595
v 0.11065243 0.01359368 -0.00823577
v 0.11173717 0.01482805 -0.00983142
v 0.11129511 0.01493256 -0.01105200
v 0.11056478 0.01531380 -0.01206067
v 0.10963427 0.01592578 -0.01273578
v 0.10861580 0.01669469 -0.01299590
v 0.10763223 0.01752778 -0.01280965
v 0.10680219 0.01832458 -0.01219950
v 0.10622579 0.01898897 -0.01123904
v 0.10597255 0.01944083 -0.01004412
v 0.10607301 0.01962565 -0.00875886
v 0.10651507 0.01952114 -0.00753828
v 0.10724541 0.01913991 -0.00652961
v 0.10817592 0.01852793 -0.00585450
v 0.10919438 0.01775902 -0.00559438
v 0.11017795 0.01692592 -0.00578063
v 0.11100800 0.01612912 -0.00639078
v 0.11158440 0.01546473 -0.00735124
v 0.11183764 0.01501287 -0.00854616
v 0.11288593 0.01629852 -0.01011755
v 0.11244752 0.01640733 -0.01133906
v 0.11171099 0.01678034 -0.01234631
v 0.11076520 0.01737257 -0.01301779
v 0.10972422 0.01811258 -0.01327253
v 0.10871360 0.01891111 -0.01307979
v 0.10785525 0.01967186 -0.01246283
v 0.10725269 0.02030305 -0.01149605
v 0.10697860 0.02072857 -0.01029607
v 0.10706604 0.02089708 -0.00900762
v 0.10750446 0.02078827 -0.00778611
v 0.10824098 0.02041526 -0.00677887
v 0.10918677 0.01982303 -0.00610738
v 0.11022775 0.01908302 -0.00585264
v 0.11123836 0.01828449 -0.00604538
v 0.11209671 0.01752375 -0.00666235
v 0.11269928 0.01689255 -0.00762912
v 0.11297337 0.01646703 -0.00882910
v 0.11398841 0.01780814 -0.01037241
v 0.11355390 0.01792189 -0.01159487
v 0.11281136 0.01828630 -0.01260084
v 0.11185033 0.01885740 -0.01326899
v 0.11078674 0.01956631 -0.01351873
v 0.10974888 0.02032754 -0.01331993
v 0.10886192 0.02104926 -0.01269658
v 0.10823284 0.02164442 -0.01172386
v 0.10793752 0.02204124 -0.01051909
v 0.10801159 0.02219186 -0.00922759
v 0.10844610 0.02207810 -0.00800513
v 0.10918865 0.02171370 -0.00699916
v 0.11014967 0.02114260 -0.00633101
v 0.11121326 0.02043368 -0.00608127
v 0.11225112 0.01967246 -0.00628007
v 0.11313808 0.01895074 -0.00690342
v 0.11376715 0.01835558 -0.00787614
v 0.11406247 0.01795876 -0.00908091
v 0.11504953 0.01937459 -0.01059904
v 0.11461695 0.01949082 -0.01182195
v 0.11386660 0.01984339 -0.01282635
v 0.11288898 0.02038976 -0.01349109
v 0.11180201 0.02106404 -0.01373600
v 0.11073679 0.02178490 -0.01353153
v 0.10982180 0.02246540 -0.01290235
v 0.10916740 0.02302345 -0.01192435
v 0.10885254 0.02339175 -0.01071548
v 0.10891517 0.02352587 -0.00942156
v 0.10934775 0.02340964 -0.00819865
v 0.11009809 0.02305708 -0.00719425
v 0.11107571 0.02251070 -0.00652951
v 0.11216269 0.02183642 -0.00628460
v 0.11322791 0.02111556 -0.00648907
v 0.11414289 0.02043507 -0.00711825
v 0.11479729 0.01987701 -0.00809625
v 0.11511216 0.01950872 -0.00930512
v 0.11606807 0.02100324 -0.01080337
v 0.11563584 0.02111975 -0.01202638
v 0.11487704 0.02145857 -0.01302915
v 0.11388318 0.02197885 -0.01369075
v 0.11277415 0.02261782 -0.01393137
v 0.11168370 0.02329843 -0.01372198
v 0.11074336 0.02393857 -0.01308785
v 0.11006655 0.02446104 -0.01210545
v 0.10973490 0.02480282 -0.01089329
v 0.10978842 0.02492268 -0.00959756
v 0.11022064 0.02480618 -0.00837455
v 0.11097944 0.02446735 -0.00737177
v 0.11197329 0.02394708 -0.00671018
v 0.11308233 0.02330810 -0.00646956
v 0.11417278 0.02262750 -0.00667895
v 0.11511312 0.02198736 -0.00731308
v 0.11578993 0.02146489 -0.00829547
v 0.11612158 0.02112311 -0.00950764
v 0.11704007 0.02268242 -0.01098658
v 0.11660771 0.02279845 -0.01220959
v 0.11584103 0.02312349 -0.01321094
v 0.11483251 0.02361832 -0.01386986
v 0.11370379 0.02422327 -0.01410687
v 0.11259101 0.02486536 -0.01389338
v 0.11162838 0.02546715 -0.01325515
v 0.11093202 0.02595606 -0.01226916
v 0.11058591 0.02627312 -0.01105432
v 0.11063181 0.02638008 -0.00975717
v 0.11106417 0.02626405 -0.00853416
v 0.11183084 0.02593901 -0.00753281
v 0.11283936 0.02544418 -0.00687389
v 0.11396808 0.02483923 -0.00663688
v 0.11508086 0.02419714 -0.00685037
v 0.11604349 0.02359535 -0.00748860
v 0.11673985 0.02310644 -0.00847459
v 0.11708596 0.02278938 -0.00968943
v 0.11796510 0.02440585 -0.01115054
v 0.11753219 0.02452065 -0.01237347
v 0.11675812 0.02483176 -0.01337355
v 0.11573625 0.02530164 -0.01403018
v 0.11458986 0.02587363 -0.01426413
v 0.11345718 0.02647872 -0.01404720
v 0.11247486 0.02704394 -0.01340556
v 0.11176136 0.02750112 -0.01241659
v 0.11140276 0.02779511 -0.01119957
v 0.11144231 0.02789045 -0.00990131
v 0.11187521 0.02777564 -0.00867838
v 0.11264928 0.02746454 -0.00767830
v 0.11367115 0.02699465 -0.00702168
v 0.11481755 0.02642267 -0.00678772
v 0.11595023 0.02581758 -0.00700465
v 0.11693255 0.02525235 -0.00764629
v 0.11764605 0.02479518 -0.00863526
v 0.11800464 0.02450119 -0.00985228
v 0.11884253 0.02616730 -0.01129701
v 0.11840869 0.02628010 -0.01251980
v 0.11762762 0.02657704 -0.01351875
v 0.11659352 0.02702229 -0.01417338
v 0.11543112 0.02756216 -0.01440472
v 0.11428063 0.02813152 -0.01418488
v 0.11328080 0.02866170 -0.01354037
v 0.11255223 0.02908877 -0.01254893
v 0.11218281 0.02936119 -0.01133014
v 0.11221708 0.02944613 -0.01003100
v 0.11265092 0.02933332 -0.00880821
v 0.11343198 0.02903639 -0.00780926
v 0.11446609 0.02859114 -0.00715463
v 0.11562848 0.02805127 -0.00692329
v 0.11677898 0.02748191 -0.00714313
v 0.11777881 0.02695172 -0.00778764
v 0.11850737 0.02652466 -0.00877908
v 0.11887679 0.02625223 -0.00999787
v 0.11967149 0.02796056 -0.01142767
v 0.11923642 0.02807056 -0.01265028
v 0.11844867 0.02835297 -0.01364820
v 0.11740328 0.02877374 -0.01430108
v 0.11622632 0.02928209 -0.01453017
v 0.11505976 0.02981674 -0.01430784
v 0.11404429 0.03031318 -0.01366091
v 0.11330240 0.03071153 -0.01266740
v 0.11292358 0.03096376 -0.01144714
v 0.11295351 0.03103944 -0.01014733
v 0.11338858 0.03092944 -0.00892472
v 0.11417633 0.03064702 -0.00792680
v 0.11522172 0.03022626 -0.00727392
v 0.11639868 0.02971791 -0.00704483
v 0.11756524 0.02918326 -0.00726716
v 0.11858071 0.02868683 -0.00791409
v 0.11932260 0.02828847 -0.00890760
v 0.11970142 0.02803624 -0.01012786
v 0.12045100 0.02977943 -0.01154417
v 0.12001440 0.02988580 -0.01276655
v 0.11922026 0.03015321 -0.01376353
v 0.11816436 0.03054943 -0.01441486
v 0.11697406 0.03102666 -0.01464199
v 0.11579293 0.03152733 -0.01441751
v 0.11476342 0.03199106 -0.01376850
v 0.11400972 0.03236192 -0.01277324
v 0.11362273 0.03259518 -0.01155178
v 0.11364911 0.03266270 -0.01025143
v 0.11408571 0.03255633 -0.00902905
v 0.11487985 0.03228892 -0.00803207
v 0.11593575 0.03189270 -0.00738074
v 0.11712606 0.03141547 -0.00715361
v 0.11830719 0.03091480 -0.00737810
v 0.11933669 0.03045107 -0.00802710
v 0.12009040 0.03008020 -0.00902236
v 0.12047739 0.02984695 -0.01024383
v 0.12117993 0.03161773 -0.01164808
v 0.12074156 0.03171958 -0.01287021
v 0.11994125 0.03197139 -0.01386632
v 0.11887552 0.03234281 -0.01451627
v 0.11767292 0.03278902 -0.01474165
v 0.11647850 0.03325621 -0.01451528
v 0.11543633 0.03368804 -0.01386448
v 0.11467210 0.03403241 -0.01286773
v 0.11427800 0.03424779 -0.01164526
v 0.11430155 0.03430820 -0.01034451
v 0.11473992 0.03420635 -0.00912238
v 0.11554024 0.03395453 -0.00812627
v 0.11660596 0.03358312 -0.00747633
v 0.11780856 0.03313691 -0.00725095
v 0.11900298 0.03266971 -0.00747731
v 0.12004515 0.03223789 -0.00812811
v 0.12080938 0.03189352 -0.00912486
v 0.12120348 0.03167814 -0.01034734
v 0.12185704 0.03346930 -0.01174098
v 0.12141667 0.03356568 -0.01296283
v 0.12061038 0.03380113 -0.01395812
v 0.11953541 0.03414727 -0.01460679
v 0.11832142 0.03456233 -0.01483061
v 0.11711483 0.03499626 -0.01460257
v 0.11606119 0.03539672 -0.01395019
v 0.11528756 0.03571540 -0.01295215
v 0.11488727 0.03591388 -0.01172883
v 0.11490859 0.03596820 -0.01042777
v 0.11534895 0.03587182 -0.00920592
v 0.11615524 0.03563637 -0.00821063
v 0.11723021 0.03529023 -0.00756196
v 0.11844420 0.03487517 -0.00733814
v 0.11965079 0.03444124 -0.00756618
v 0.12070444 0.03404078 -0.00821856
v 0.12147807 0.03372210 -0.00921660
v 0.12187836 0.03352362 -0.01043992
v 0.12248098 0.03532801 -0.01182438
v 0.12203842 0.03541790 -0.01304594
v 0.12122632 0.03563607 -0.01404045
v 0.12014262 0.03595621 -0.01468794
v 0.11891802 0.03633970 -0.01491032
v 0.11770026 0.03674030 -0.01468077
v 0.11663617 0.03710968 -0.01402698
v 0.11585414 0.03740329 -0.01302780
v 0.11544847 0.03758571 -0.01180375
v 0.11546809 0.03763495 -0.01050247
v 0.11591065 0.03754507 -0.00928091
v 0.11672276 0.03732689 -0.00828641
v 0.11780646 0.03700675 -0.00763892
v 0.11903105 0.03662326 -0.00741653
v 0.12024882 0.03622266 -0.00764608
v 0.12131290 0.03585329 -0.00829987
v 0.12209494 0.03555968 -0.00929905
v 0.12250061 0.03537725 -0.01052310
v 0.12305316 0.03719664 -0.01189867
v 0.12261346 0.03729507 -0.01312060
v 0.12179993 0.03750798 -0.01411508
v 0.12071071 0.03780970 -0.01476216
v 0.11947717 0.03816382 -0.01498379
v 0.11824809 0.03852764 -0.01475325
v 0.11717173 0.03885727 -0.01409833
v 0.11637789 0.03911296 -0.01309803
v 0.11596234 0.03926387 -0.01187300
v 0.11597519 0.03929178 -0.01057100
v 0.11641490 0.03919335 -0.00934907
v 0.11722843 0.03898044 -0.00835459
v 0.11831765 0.03867873 -0.00770751
v 0.11955119 0.03832461 -0.00748588
v 0.12078027 0.03796079 -0.00771643
v 0.12185663 0.03763115 -0.00837135
v 0.12265047 0.03737547 -0.00937165
v 0.12306602 0.03722456 -0.01059667
v 0.12357002 0.03906417 -0.01191360
v 0.12313356 0.03917333 -0.01313579
v 0.12231914 0.03938221 -0.01413039
v 0.12122500 0.03966560 -0.01477746
v 0.11998311 0.03998932 -0.01499895
v 0.11874326 0.04031434 -0.01476813
v 0.11765499 0.04060143 -0.01411286
v 0.11684956 0.04081599 -0.01311216
v 0.11642412 0.04093213 -0.01188674
v 0.11642998 0.04093583 -0.01058440
v 0.11686645 0.04082667 -0.00936222
v 0.11768086 0.04061779 -0.00836761
v 0.11877500 0.04033440 -0.00772054
v 0.12001689 0.04001068 -0.00749905
v 0.12125674 0.03968567 -0.00772987
v 0.12234502 0.03939857 -0.00838514
v 0.12315045 0.03918401 -0.00938584
v 0.12357588 0.03906788 -0.01061126
v 0.12403011 0.04093345 -0.01191388
v 0.12359165 0.04103463 -0.01313604
v 0.12277234 0.04122370 -0.01413059
v 0.12167101 0.04147786 -0.01477758
v 0.12042046 0.04176644 -0.01499897
v 0.11917156 0.04205465 -0.01476806
v 0.11807493 0.04230772 -0.01411270
v 0.11726284 0.04249512 -0.01311193
v 0.11683324 0.04259426 -0.01188647
v 0.11683796 0.04259317 -0.01058412
v 0.11727640 0.04249199 -0.00936196
v 0.11809571 0.04230292 -0.00836741
v 0.11919705 0.04204877 -0.00772042
v 0.12044759 0.04176018 -0.00749903
v 0.12169649 0.04147197 -0.00772994
v 0.12279312 0.04121890 -0.00838530
v 0.12360521 0.04103150 -0.00938607
v 0.12403481 0.04093236 -0.01061153
v 0.12443773 0.04282424 -0.01191415
v 0.12399648 0.04291286 -0.01313627
v 0.12317204 0.04307844 -0.01413077
v 0.12206383 0.04330101 -0.01477767
v 0.12080553 0.04355372 -0.01499897
v 0.11954892 0.04380609 -0.01476797
v 0.11844555 0.04402769 -0.01411253
v 0.11762850 0.04419179 -0.01311170
v 0.11719633 0.04427858 -0.01188620
v 0.11720116 0.04427761 -0.01058385
v 0.11764241 0.04418899 -0.00936173
v 0.11846685 0.04402341 -0.00836723
v 0.11957506 0.04380085 -0.00772033
v 0.12083335 0.04354813 -0.00749903
v 0.12208997 0.04329576 -0.00773003
v 0.12319335 0.04307416 -0.00838547
v 0.12401039 0.04291007 -0.00938630
v 0.12444256 0.04282327 -0.01061180
v 0.12479335 0.04473389 -0.01191440
v 0.12434972 0.04481018 -0.01313649
v 0.12352091 0.04495271 -0.01413093
v 0.12240689 0.04514430 -0.01477776
v 0.12114201 0.04536182 -0.01499897
v 0.11987887 0.04557905 -0.01476788
v 0.11876979 0.04576978 -0.01411236
v 0.11794855 0.04591102 -0.01311148
v 0.11751421 0.04598571 -0.01188595
v 0.11751915 0.04598486 -0.01058360
v 0.11796278 0.04590857 -0.00936151
v 0.11879159 0.04576604 -0.00836707
v 0.11990561 0.04557445 -0.00772024
v 0.12117048 0.04535693 -0.00749903
v 0.12243363 0.04513970 -0.00773012
v 0.12354272 0.04494897 -0.00838564
v 0.12436395 0.04480773 -0.00938652
v 0.12479830 0.04473304 -0.01061205
v 0.12509723 0.04665924 -0.01191464
v 0.12465160 0.04672340 -0.01313670
v 0.12381914 0.04684326 -0.01413109
v 0.12270026 0.04700437 -0.01477784
v 0.12142991 0.04718728 -0.01499897
v 0.12016131 0.04736994 -0.01476780
v 0.11904748 0.04753031 -0.01411220
v 0.11822276 0.04764906 -0.01311127
v 0.11778662 0.04771186 -0.01188571
v 0.11779166 0.04771113 -0.01058336
v 0.11823729 0.04764697 -0.00936130
v 0.11906975 0.04752710 -0.00836692
v 0.12018863 0.04736600 -0.00772016
v 0.12145898 0.04718309 -0.00749903
v 0.12272758 0.04700043 -0.00773020
v 0.12384141 0.04684006 -0.00838580
v 0.12466613 0.04672131 -0.00938673
v 0.12510227 0.04665851 -0.01061229
v 0.12534957 0.04859716 -0.01191487
v 0.12490230 0.04864935 -0.01313691
v 0.12406687 0.04874684 -0.01413124
v 0.12294402 0.04887786 -0.01477792
v 0.12166920 0.04902661 -0.01499897
v 0.12039617 0.04917516 -0.01476772
v 0.11927848 0.04930558 -0.01411205
v 0.11845093 0.04940215 -0.01311106
v 0.11801334 0.04945321 -0.01188548
v 0.11801849 0.04945261 -0.01058313
v 0.11846576 0.04940042 -0.00936109
v 0.11930119 0.04930293 -0.00836676
v 0.12042403 0.04917191 -0.00772008
v 0.12169885 0.04902316 -0.00749903
v 0.12297188 0.04887461 -0.00773028
v 0.12408957 0.04874419 -0.00838595
v 0.12491712 0.04864762 -0.00938694
v 0.12535471 0.04859656 -0.01061252
v 0.12555054 0.05054451 -0.01191510
v 0.12510197 0.05058485 -0.01313711
v 0.12426419 0.05066017 -0.01413138
v 0.12313823 0.05076142 -0.01477800
v 0.12185991 0.05087636 -0.01499897
v 0.12058341 0.05099113 -0.01476764
v 0.11946269 0.05109191 -0.01411190
v 0.11863293 0.05116651 -0.01311086
v 0.11819422 0.05120596 -0.01188525
v 0.11819946 0.05120549 -0.01058290
v 0.11864802 0.05116516 -0.00936089
v 0.11948581 0.05108983 -0.00836662
v 0.12061177 0.05098858 -0.00772000
v 0.12189009 0.05087364 -0.00749903
v 0.12316659 0.05075886 -0.00773036
v 0.12428731 0.05065810 -0.00838610
v 0.12511706 0.05058349 -0.00938714
v 0.12555578 0.05054404 -0.01061275
v 0.12570027 0.05249815 -0.01191532
v 0.12525073 0.05252670 -0.01313730
v 0.12441119 0.05258003 -0.01413153
v 0.12328292 0.05265168 -0.01477808
v 0.12200201 0.05273303 -0.01499897
v 0.12072296 0.05281427 -0.01476756
v 0.11960002 0.05288559 -0.01411176
v 0.11876865 0.05293839 -0.01311067
v 0.11832912 0.05296631 -0.01188503
v 0.11833446 0.05296597 -0.01058268
v 0.11878400 0.05293742 -0.00936070
v 0.11962353 0.05288410 -0.00836647
v 0.12075180 0.05281244 -0.00771992
v 0.12203271 0.05273109 -0.00749903
v 0.12331177 0.05264985 -0.00773044
v 0.12443470 0.05257853 -0.00838624
v 0.12526608 0.05252573 -0.00938733
v 0.12570560 0.05249782 -0.01061297
v 0.12579884 0.05445495 -0.01191554
v 0.12534863 0.05447175 -0.01313750
v 0.12450793 0.05450313 -0.01413167
v 0.12337814 0.05454530 -0.01477815
v 0.12209552 0.05459318 -0.01499897
v 0.12081479 0.05464098 -0.01476748
v 0.11969041 0.05468294 -0.01411161
v 0.11885801 0.05471402 -0.01311047
v 0.11841798 0.05473044 -0.01188481
v 0.11842339 0.05473024 -0.01058246
v 0.11887360 0.05471343 -0.00936050
v 0.11971430 0.05468205 -0.00836633
v 0.12084409 0.05463988 -0.00771985
v 0.12212671 0.05459201 -0.00749903
v 0.12340743 0.05454421 -0.00773052
v 0.12453181 0.05450224 -0.00838639
v 0.12536421 0.05447117 -0.00938753
v 0.12580425 0.05445475 -0.01061319
v 0.12584627 0.05641177 -0.01191576
v 0.12539570 0.05641682 -0.01313769
v 0.12455441 0.05642625 -0.01413181
v 0.12342387 0.05643892 -0.01477823
v 0.12214042 0.05645330 -0.01499897
v 0.12085889 0.05646767 -0.01476740
v 0.11973385 0.05648027 -0.01411147
v 0.11890098 0.05648961 -0.01311028
v 0.11846074 0.05649455 -0.01188459
v 0.11846624 0.05649448 -0.01058224
v 0.11891680 0.05648943 -0.00936031
v 0.11975809 0.05648000 -0.00836619
v 0.12088864 0.05646733 -0.00771977
v 0.12217207 0.05645295 -0.00749903
v 0.12345360 0.05643858 -0.00773060
v 0.12457865 0.05642597 -0.00838653
v 0.12541153 0.05641664 -0.00938772
v 0.12585177 0.05641171 -0.01061341
v 0.12584257 0.05836548 -0.01191598
v 0.12539196 0.05835873 -0.01313788
v 0.12455065 0.05834612 -0.01413196
v 0.12342012 0.05832918 -0.01477830
v 0.12213673 0.05830995 -0.01499897
v 0.12085528 0.05829074 -0.01476733
v 0.11973032 0.05827388 -0.01411132
v 0.11889755 0.05826140 -0.01311008
v 0.11845741 0.05825481 -0.01188437
v 0.11846299 0.05825489 -0.01058202
v 0.11891360 0.05826164 -0.00936012
v 0.11975491 0.05827425 -0.00836604
v 0.12088544 0.05829119 -0.00771970
v 0.12216882 0.05831043 -0.00749903
v 0.12345028 0.05832963 -0.00773067
v 0.12457523 0.05834649 -0.00838668
v 0.12540801 0.05835897 -0.00938792
v 0.12584814 0.05836556 -0.01061363
v 0.12578771 0.06031296 -0.01191621
v 0.12533735 0.06029432 -0.01313808
v 0.12449660 0.06025950 -0.01413210
v 0.12336688 0.06021273 -0.01477838
v 0.12208443 0.06015963 -0.01499896
v 0.12080394 0.06010661 -0.01476725
v 0.11967987 0.06006007 -0.01411118
v 0.11884778 0.06002561 -0.01310988
v 0.11840804 0.06000740 -0.01188414
v 0.11841369 0.06000764 -0.01058179
v 0.11886404 0.06002629 -0.00935992
v 0.11970479 0.06006110 -0.00836590
v 0.12083451 0.06010788 -0.00771962
v 0.12211696 0.06016098 -0.00749904
v 0.12339745 0.06021399 -0.00773075
v 0.12452152 0.06026053 -0.00838682
v 0.12535360 0.06029499 -0.00938812
v 0.12579335 0.06031319 -0.01061386
v 0.12568142 0.06225332 -0.01191645
v 0.12523165 0.06222237 -0.01313829
v 0.12439211 0.06216460 -0.01413226
v 0.12326404 0.06208698 -0.01477847
v 0.12198351 0.06199887 -0.01499896
v 0.12070497 0.06191089 -0.01476716
v 0.11958263 0.06183366 -0.01411102
v 0.11875185 0.06177649 -0.01310967
v 0.11831286 0.06174628 -0.01188390
v 0.11831858 0.06174668 -0.01058155
v 0.11876834 0.06177763 -0.00935971
v 0.11960789 0.06183540 -0.00836574
v 0.12073595 0.06191302 -0.00771953
v 0.12201648 0.06200114 -0.00749904
v 0.12329503 0.06208911 -0.00773084
v 0.12441737 0.06216634 -0.00838698
v 0.12524815 0.06222351 -0.00938833
v 0.12568714 0.06225372 -0.01061410
v 0.12552026 0.06419684 -0.01191671
v 0.12507148 0.06415319 -0.01313852
v 0.12423383 0.06407174 -0.01413243
v 0.12310835 0.06396230 -0.01477855
v 0.12183081 0.06383807 -0.01499896
v 0.12055527 0.06371404 -0.01476707
v 0.11943560 0.06360517 -0.01411085
v 0.11860684 0.06352457 -0.01310944
v 0.11816896 0.06348199 -0.01188364
v 0.11817475 0.06348256 -0.01058129
v 0.11862355 0.06352621 -0.00935948
v 0.11946119 0.06360766 -0.00836557
v 0.12058667 0.06371710 -0.00771945
v 0.12186422 0.06384132 -0.00749904
v 0.12313975 0.06396536 -0.00773093
v 0.12425943 0.06407423 -0.00838715
v 0.12508819 0.06415482 -0.00938856
v 0.12552607 0.06419740 -0.01061436
v 0.12530258 0.06614877 -0.01191696
v 0.12485509 0.06609268 -0.01313874
v 0.12401997 0.06598800 -0.01413259
v 0.12289792 0.06584734 -0.01477864
v 0.12162430 0.06568769 -0.01499896
v 0.12035272 0.06552830 -0.01476698
v 0.11923654 0.06538839 -0.01411068
v 0.11841041 0.06528483 -0.01310922
v 0.11797395 0.06523012 -0.01188339
v 0.11797982 0.06523085 -0.01058105
v 0.11842731 0.06528695 -0.00935926
v 0.11926244 0.06539164 -0.00836541
v 0.12038449 0.06553228 -0.00771936
v 0.12165811 0.06569193 -0.00749904
v 0.12292969 0.06585133 -0.00773102
v 0.12404586 0.06599125 -0.00838732
v 0.12487200 0.06609480 -0.00938878
v 0.12530845 0.06614951 -0.01061461
v 0.12503061 0.06810336 -0.01191719
v 0.12458469 0.06803533 -0.01313894
v 0.12375259 0.06790839 -0.01413274
v 0.12263466 0.06773785 -0.01477872
v 0.12136573 0.06754427 -0.01499896
v 0.12009887 0.06735101 -0.01476690
v 0.11898687 0.06718136 -0.01411053
v 0.11816385 0.06705581 -0.01310902
v 0.11772910 0.06698949 -0.01188316
v 0.11773502 0.06699040 -0.01058081
v 0.11818093 0.06705842 -0.00935906
v 0.11901303 0.06718536 -0.00836526
v 0.12013096 0.06735590 -0.00771928
v 0.12139989 0.06754948 -0.00749904
v 0.12266675 0.06774274 -0.00773110
v 0.12377875 0.06791238 -0.00838747
v 0.12460177 0.06803793 -0.00938898
v 0.12503654 0.06810426 -0.01061484
v 0.12470629 0.07005759 -0.01191740
v 0.12426221 0.06997810 -0.01313913
v 0.12343360 0.06982977 -0.01413288
v 0.12232039 0.06963050 -0.01477879
v 0.12105685 0.06940433 -0.01499896
v 0.11979540 0.06917852 -0.01476683
v 0.11868817 0.06898032 -0.01411039
v 0.11786871 0.06883363 -0.01310883
v 0.11743588 0.06875616 -0.01188295
v 0.11744186 0.06875722 -0.01058060
v 0.11788593 0.06883672 -0.00935887
v 0.11871455 0.06898504 -0.00836512
v 0.11982776 0.06918431 -0.00771921
v 0.12109129 0.06941049 -0.00749904
v 0.12235275 0.06963629 -0.00773117
v 0.12345998 0.06983449 -0.00838761
v 0.12427943 0.06998118 -0.00938917
v 0.12471227 0.07005866 -0.01061505
v 0.12433157 0.07200847 -0.01191760
v 0.12388954 0.07191791 -0.01313930
v 0.12306483 0.07174896 -0.01413301
v 0.12195690 0.07152200 -0.01477886
v 0.12069939 0.07126439 -0.01499896
v 0.11944397 0.07100721 -0.01476676
v 0.11834206 0.07078148 -0.01411026
v 0.11752657 0.07061441 -0.01310865
v 0.11709586 0.07052618 -0.01188275
v 0.11710188 0.07052741 -0.01058040
v 0.11754391 0.07061797 -0.00935870
v 0.11836862 0.07078692 -0.00836499
v 0.11947655 0.07101388 -0.00771914
v 0.12073406 0.07127149 -0.00749904
v 0.12198948 0.07152867 -0.00773124
v 0.12309139 0.07175440 -0.00838774
v 0.12390688 0.07192147 -0.00938935
v 0.12433759 0.07200970 -0.01061525
v 0.12390830 0.07395294 -0.01191779
v 0.12346853 0.07385168 -0.01313947
v 0.12264811 0.07366278 -0.01413313
v 0.12154598 0.07340901 -0.01477893
v 0.12029507 0.07312099 -0.01499896
v 0.11904626 0.07283344 -0.01476669
v 0.11795018 0.07258107 -0.01411013
v 0.11713903 0.07239430 -0.01310849
v 0.11671066 0.07229567 -0.01188256
v 0.11671671 0.07229706 -0.01058021
v 0.11715647 0.07239831 -0.00935853
v 0.11797689 0.07258722 -0.00836487
v 0.11907902 0.07284099 -0.00771907
v 0.12032993 0.07312901 -0.00749904
v 0.12157874 0.07341655 -0.00773131
v 0.12267482 0.07366893 -0.00838787
v 0.12348597 0.07385570 -0.00938951
v 0.12391435 0.07395434 -0.01061544
v 0.12343828 0.07588797 -0.01191797
v 0.12300099 0.07577631 -0.01313963
v 0.12218522 0.07556802 -0.01413325
v 0.12108937 0.07528821 -0.01477899
v 0.11984562 0.07497065 -0.01499896
v 0.11860399 0.07465362 -0.01476662
v 0.11751422 0.07437536 -0.01411002
v 0.11670777 0.07416945 -0.01310833
v 0.11628190 0.07406071 -0.01188237
v 0.11628799 0.07406227 -0.01058003
v 0.11672529 0.07417392 -0.00935837
v 0.11754105 0.07438222 -0.00836475
v 0.11863690 0.07466201 -0.00771901
v 0.11988065 0.07497959 -0.00749904
v 0.12112229 0.07529662 -0.00773138
v 0.12221204 0.07557487 -0.00838798
v 0.12301850 0.07578078 -0.00938967
v 0.12344436 0.07588952 -0.01061563
v 0.12292331 0.07781047 -0.01191815
v 0.12248867 0.07768867 -0.01313978
v 0.12167792 0.07746147 -0.01413336
v 0.12058884 0.07715627 -0.01477905
v 0.11935280 0.07680989 -0.01499896
v 0.11811887 0.07646410 -0.01476656
v 0.11703590 0.07616062 -0.01410990
v 0.11623449 0.07593603 -0.01310817
v 0.11581133 0.07581745 -0.01188220
v 0.11581743 0.07581916 -0.01057985
v 0.11625206 0.07594096 -0.00935822
v 0.11706282 0.07616816 -0.00836464
v 0.11815190 0.07647336 -0.00771895
v 0.11938795 0.07681974 -0.00749904
v 0.12062187 0.07716553 -0.00773144
v 0.12170485 0.07746901 -0.00838810
v 0.12250625 0.07769360 -0.00938983
v 0.12292942 0.07781218 -0.01061580
v 0.12236512 0.07971736 -0.01191832
v 0.12193333 0.07958563 -0.01313993
v 0.12112795 0.07933991 -0.01413347
v 0.12004612 0.07900985 -0.01477911
v 0.11881831 0.07863525 -0.01499895
v 0.11759264 0.07826130 -0.01476650
v 0.11651693 0.07793310 -0.01410979
v 0.11572092 0.07769025 -0.01310802
v 0.11530063 0.07756202 -0.01188203
v 0.11530675 0.07756389 -0.01057968
v 0.11573854 0.07769562 -0.00935807
v 0.11654393 0.07794134 -0.00836452
v 0.11762576 0.07827140 -0.00771889
v 0.11885356 0.07864600 -0.00749905
v 0.12007923 0.07901995 -0.00773150
v 0.12115495 0.07934815 -0.00838821
v 0.12195095 0.07959101 -0.00938998
v 0.12237124 0.07971923 -0.01061597
v 0.12176540 0.08160555 -0.01191848
v 0.12133666 0.08146404 -0.01314008
v 0.12053701 0.08120011 -0.01413358
v 0.11946291 0.08084559 -0.01477916
v 0.11824392 0.08044325 -0.01499895
v 0.11702705 0.08004160 -0.01476644
v 0.11595909 0.07968911 -0.01410968
v 0.11516883 0.07942828 -0.01310787
v 0.11475161 0.07929057 -0.01188186
v 0.11475774 0.07929260 -0.01057952
v 0.11518649 0.07943410 -0.00935792
v 0.11598613 0.07969804 -0.00836442
v 0.11706024 0.08005255 -0.00771884
v 0.11827923 0.08045490 -0.00749905
v 0.11949610 0.08085654 -0.00773156
v 0.12056407 0.08120903 -0.00838832
v 0.12135432 0.08146987 -0.00939013
v 0.12177154 0.08160758 -0.01061614
v 0.12112583 0.08347193 -0.01191865
v 0.12070034 0.08332077 -0.01314022
v 0.11990681 0.08303884 -0.01413369
v 0.11884096 0.08266016 -0.01477922
v 0.11763134 0.08223041 -0.01499895
v 0.11642385 0.08180141 -0.01476639
v 0.11536414 0.08142492 -0.01410957
v 0.11458002 0.08114634 -0.01310773
v 0.11416606 0.08099926 -0.01188170
v 0.11417220 0.08100145 -0.01057935
v 0.11459769 0.08115262 -0.00935778
v 0.11539122 0.08143454 -0.00836431
v 0.11645707 0.08181322 -0.00771878
v 0.11766670 0.08224297 -0.00749905
v 0.11887418 0.08267197 -0.00773161
v 0.11993390 0.08304846 -0.00838843
v 0.12071802 0.08332705 -0.00939027
v 0.12113197 0.08347411 -0.01061630
v 0.12044062 0.08533262 -0.01191891
v 0.12001947 0.08516949 -0.01314045
v 0.11923413 0.08486532 -0.01413386
v 0.11817931 0.08445677 -0.01477931
v 0.11698226 0.08399313 -0.01499895
v 0.11578735 0.08353031 -0.01476630
v 0.11473870 0.08312415 -0.01410940
v 0.11396279 0.08282363 -0.01310750
v 0.11355322 0.08266500 -0.01188144
v 0.11355938 0.08266739 -0.01057909
v 0.11398053 0.08283050 -0.00935755
v 0.11476588 0.08313468 -0.00836414
v 0.11582068 0.08354323 -0.00771869
v 0.11701774 0.08400687 -0.00749905
v 0.11821266 0.08446968 -0.00773170
v 0.11926130 0.08487584 -0.00838860
v 0.12003721 0.08517636 -0.00939050
v 0.12044678 0.08533500 -0.01061656
v 0.11968185 0.08719668 -0.01191936
v 0.11926693 0.08701790 -0.01314085
v 0.11849338 0.08668460 -0.01413415
v 0.11745446 0.08623696 -0.01477946
v 0.11627551 0.08572898 -0.01499895
v 0.11509871 0.08522193 -0.01476614
v 0.11406602 0.08477697 -0.01410910
v 0.11330198 0.08444776 -0.01310710
v 0.11289874 0.08427402 -0.01188099
v 0.11290496 0.08427671 -0.01057864
v 0.11331987 0.08445548 -0.00935715
v 0.11409343 0.08478878 -0.00836385
v 0.11513234 0.08523642 -0.00771854
v 0.11631130 0.08574440 -0.00749905
v 0.11748809 0.08625145 -0.00773186
v 0.11852079 0.08669641 -0.00838889
v 0.11928483 0.08702561 -0.00939090
v 0.11968806 0.08719935 -0.01061701
v 0.11884477 0.08903580 -0.01191982
v 0.11843676 0.08884144 -0.01314125
v 0.11767621 0.08847914 -0.01413445
v 0.11665485 0.08799259 -0.01477962
v 0.11549588 0.08744049 -0.01499895
v 0.11433908 0.08688943 -0.01476597
v 0.11332397 0.08640587 -0.01410880
v 0.11257300 0.08604813 -0.01310669
v 0.11217675 0.08585937 -0.01188052
v 0.11218300 0.08586235 -0.01057818
v 0.11259101 0.08605671 -0.00935675
v 0.11335157 0.08641901 -0.00836355
v 0.11437292 0.08690555 -0.00771838
v 0.11553190 0.08745766 -0.00749905
v 0.11668871 0.08800872 -0.00773203
v 0.11770381 0.08849228 -0.00838920
v 0.11845478 0.08885002 -0.00939131
v 0.11885103 0.08903878 -0.01061748
v 0.11795081 0.09083197 -0.01192015
v 0.11754906 0.09062473 -0.01314154
v 0.11680029 0.09023850 -0.01413466
v 0.11579479 0.08971985 -0.01477973
v 0.11465385 0.08913133 -0.01499895
v 0.11351509 0.08854393 -0.01476586
v 0.11251584 0.08802851 -0.01410859
v 0.11177666 0.08764722 -0.01310641
v 0.11138668 0.08744606 -0.01188020
v 0.11139294 0.08744929 -0.01057785
v 0.11179469 0.08765652 -0.00935646
v 0.11254346 0.08804275 -0.00836334
v 0.11354896 0.08856141 -0.00771827
v 0.11468990 0.08914992 -0.00749906
v 0.11582866 0.08973732 -0.00773214
v 0.11682791 0.09025274 -0.00838941
v 0.11756709 0.09063403 -0.00939159
v 0.11795708 0.09083519 -0.01061780
v 0.11701218 0.09258975 -0.01192036
v 0.11661582 0.09237225 -0.01314173
v 0.11587715 0.09196688 -0.01413480
v 0.11488527 0.09142257 -0.01477981
v 0.11375981 0.09080495 -0.01499894
v 0.11263651 0.09018853 -0.01476578
v 0.11165087 0.08964764 -0.01410845
v 0.11092176 0.08924752 -0.01310622
v 0.11053713 0.08903645 -0.01187998
v 0.11054337 0.08903988 -0.01057764
v 0.11093973 0.08925739 -0.00935627
v 0.11167840 0.08966275 -0.00836320
v 0.11267029 0.09020706 -0.00771819
v 0.11379575 0.09082468 -0.00749906
v 0.11491904 0.09144111 -0.00773222
v 0.11590469 0.09198199 -0.00838955
v 0.11663380 0.09238210 -0.00939178
v 0.11701842 0.09259318 -0.01061802
v 0.11604061 0.09431375 -0.01192049
v 0.11564860 0.09408841 -0.01314184
v 0.11491808 0.09366849 -0.01413488
v 0.11393715 0.09310462 -0.01477985
v 0.11282413 0.09246483 -0.01499894
v 0.11171327 0.09182628 -0.01476574
v 0.11073855 0.09126599 -0.01410836
v 0.11001754 0.09085154 -0.01310611
v 0.10963720 0.09063291 -0.01187985
v 0.10964341 0.09063648 -0.01057751
v 0.11003543 0.09086182 -0.00935616
v 0.11076595 0.09128174 -0.00836312
v 0.11174688 0.09184561 -0.00771815
v 0.11285990 0.09248540 -0.00749906
v 0.11397076 0.09312395 -0.00773226
v 0.11494548 0.09368424 -0.00838964
v 0.11566649 0.09409869 -0.00939189
v 0.11604682 0.09431732 -0.01061815
v 0.11504744 0.09600839 -0.01192055
v 0.11465862 0.09577756 -0.01314189
v 0.11393405 0.09534740 -0.01413493
v 0.11296113 0.09476981 -0.01477987
v 0.11185721 0.09411444 -0.01499894
v 0.11075543 0.09346034 -0.01476572
v 0.10978869 0.09288641 -0.01410832
v 0.10907359 0.09246188 -0.01310605
v 0.10869638 0.09223794 -0.01187979
v 0.10870256 0.09224161 -0.01057745
v 0.10909139 0.09247244 -0.00935611
v 0.10981596 0.09290260 -0.00836307
v 0.11078887 0.09348019 -0.00771813
v 0.11189280 0.09413557 -0.00749906
v 0.11299457 0.09478966 -0.00773228
v 0.11396131 0.09536359 -0.00838968
v 0.11467641 0.09578812 -0.00939195
v 0.11505362 0.09601206 -0.01061821
v 0.11404368 0.09767788 -0.01192057
v 0.11365680 0.09744379 -0.01314191
v 0.11293586 0.09700757 -0.01413494
v 0.11196781 0.09642182 -0.01477988
v 0.11086943 0.09575722 -0.01499894
v 0.10977318 0.09509390 -0.01476571
v 0.10881129 0.09451188 -0.01410830
v 0.10809979 0.09408136 -0.01310603
v 0.10772447 0.09385428 -0.01187977
v 0.10773063 0.09385800 -0.01057743
v 0.10811751 0.09409209 -0.00935609
v 0.10883845 0.09452832 -0.00836306
v 0.10980649 0.09511406 -0.00771812
v 0.11090488 0.09577867 -0.00749906
v 0.11200113 0.09644198 -0.00773229
v 0.11296301 0.09702399 -0.00838969
v 0.11367452 0.09745451 -0.00939197
v 0.11404983 0.09768160 -0.01061823
v 0.11304007 0.09932615 -0.01192058
v 0.11265384 0.09909097 -0.01314192
v 0.11193413 0.09865274 -0.01413494
v 0.11096772 0.09806430 -0.01477988
v 0.10987119 0.09739663 -0.01499894
v 0.10877680 0.09673026 -0.01476571
v 0.10781654 0.09614556 -0.01410830
v 0.10710624 0.09571306 -0.01310603
v 0.10673156 0.09548493 -0.01187976
v 0.10673771 0.09548867 -0.01057742
v 0.10712393 0.09572384 -0.00935608
v 0.10784365 0.09616207 -0.00836306
v 0.10881006 0.09675051 -0.00771812
v 0.10990658 0.09741818 -0.00749906
v 0.11100098 0.09808455 -0.00773229
v 0.11196124 0.09866925 -0.00838970
v 0.11267154 0.09910175 -0.00939197
v 0.11304621 0.09932989 -0.01061823
v 0.11204714 0.10095681 -0.01192058
v 0.11166026 0.10072272 -0.01314192
v 0.11093932 0.10028650 -0.01413494
v 0.10997128 0.09970076 -0.01477988
v 0.10887290 0.09903615 -0.01499894
v 0.10777665 0.09837283 -0.01476571
v 0.10681476 0.09779081 -0.01410830
v 0.10610326 0.09736030 -0.01310602
v 0.10572795 0.09713321 -0.01187976
v 0.10573410 0.09713694 -0.01057742
v 0.10612099 0.09737103 -0.00935608
v 0.10684193 0.09780725 -0.00836306
v 0.10780997 0.09839299 -0.00771812
v 0.10890836 0.09905760 -0.00749906
v 0.11000460 0.09972092 -0.00773229
v 0.11096649 0.10030293 -0.00838970
v 0.11167800 0.10073345 -0.00939198
v 0.11205330 0.10096054 -0.01061824
v 0.11107521 0.10257320 -0.01192060
v 0.11068637 0.10234236 -0.01314194
v 0.10996179 0.10191219 -0.01413496
v 0.10898887 0.10133459 -0.01477989
v 0.10788494 0.10067923 -0.01499894
v 0.10678317 0.10002513 -0.01476570
v 0.10581643 0.09945121 -0.01410829
v 0.10510135 0.09902668 -0.01310600
v 0.10472415 0.09880275 -0.01187974
v 0.10473035 0.09880643 -0.01057740
v 0.10511918 0.09903727 -0.00935606
v 0.10584377 0.09946743 -0.00836304
v 0.10681669 0.10004503 -0.00771811
v 0.10792062 0.10070041 -0.00749906
v 0.10902239 0.10135450 -0.00773230
v 0.10998912 0.10192842 -0.00838971
v 0.11070421 0.10235295 -0.00939200
v 0.11108141 0.10257688 -0.01061826
v 0.11013433 0.10417832 -0.01192067
v 0.10974227 0.10395295 -0.01314200
v 0.10901170 0.10353300 -0.01413500
v 0.10803075 0.10296912 -0.01477991
v 0.10691772 0.10232933 -0.01499894
v 0.10580687 0.10169078 -0.01476568
v 0.10483218 0.10113051 -0.01410824
v 0.10411121 0.10071608 -0.01310595
v 0.10373092 0.10049748 -0.01187968
v 0.10373720 0.10050108 -0.01057733
v 0.10412925 0.10072645 -0.00935601
v 0.10485982 0.10114639 -0.00836300
v 0.10584078 0.10171027 -0.00771809
v 0.10695381 0.10235007 -0.00749906
v 0.10806466 0.10298862 -0.00773233
v 0.10903935 0.10354889 -0.00838976
v 0.10976031 0.10396332 -0.00939205
v 0.11014060 0.10418192 -0.01061833
v 0.10921402 0.10581146 -0.01192069
v 0.10882006 0.10558942 -0.01314201
v 0.10808596 0.10517567 -0.01413502
v 0.10710026 0.10462011 -0.01477992
v 0.10598185 0.10398977 -0.01499894
v 0.10486563 0.10336065 -0.01476567
v 0.10388623 0.10280865 -0.01410823
v 0.10316179 0.10240036 -0.01310593
v 0.10277967 0.10218499 -0.01187965
v 0.10278597 0.10218854 -0.01057731
v 0.10317994 0.10241058 -0.00935598
v 0.10391404 0.10282433 -0.00836298
v 0.10489974 0.10337988 -0.00771808
v 0.10601815 0.10401023 -0.00749906
v 0.10713437 0.10463934 -0.00773233
v 0.10811377 0.10519134 -0.00838977
v 0.10883822 0.10559965 -0.00939207
v 0.10922033 0.10581502 -0.01061835
v 0.05300000 0.00000000 -0.00200000
v 0.10600000 0.10400000 -0.01124900
v -0.03904475 -0.00386559 0.01313921
v -0.03866130 -0.00357316 0.01232498
v -0.03938886 -0.00310000 0.01270220
v -0.03857464 -0.00400000 0.01308565
v -0.03890190 -0.00382812 0.01267002
v -0.03867652 -0.00310000 0.01219143
v -0.03932955 -0.00355000 0.01289175
v -0.03910417 -0.00337812 0.01241315
v -0.03946885 -0.00310000 0.01318753
v -0.03881899 -0.00396574 0.01311349
v -0.03898910 -0.00387640 0.01289745
v -0.03878979 -0.00372440 0.01247423
v -0.03874669 -0.00395595 0.01286714
v -0.03862820 -0.00386559 0.01261553
v -0.03867264 -0.00334594 0.01222547
v -0.03921139 -0.00373184 0.01301270
v -0.03939025 -0.00333390 0.01278555
v -0.03914357 -0.00371937 0.01276520
v -0.03889493 -0.00349050 0.01234072
v -0.03927310 -0.00324456 0.01253679
v -0.03902508 -0.00362901 0.01251359
v -0.03890659 -0.00324621 0.01226198
v -0.03924991 -0.00348279 0.01263016
v -0.03913142 -0.00310000 0.01237855
v -0.03933530 -0.00357316 0.01317231
v -0.03946266 -0.00310000 0.01293929
v -0.03944163 -0.00333658 0.01303727
v -0.03893532 -0.00392354 0.01312674
v -0.03869799 -0.00399139 0.01309970
v -0.03902120 -0.00387844 0.01301768
v -0.03894908 -0.00385952 0.01278082
v -0.03890838 -0.00393187 0.01300442
v -0.03872700 -0.00365408 0.01239298
v -0.03884847 -0.00378279 0.01256717
v -0.03866173 -0.00398892 0.01297503
v -0.03882741 -0.00390191 0.01276463
v -0.03878500 -0.00396975 0.01298933
v -0.03887093 -0.00392462 0.01288019
v -0.03864710 -0.00373262 0.01244961
v -0.03860177 -0.00396748 0.01284742
v -0.03876742 -0.00385616 0.01263726
v -0.03871039 -0.00380218 0.01253929
v -0.03868896 -0.00392168 0.01273670
v -0.03866786 -0.00346302 0.01226740
v -0.03867554 -0.00322416 0.01219998
v -0.03913341 -0.00380546 0.01307586
v -0.03927719 -0.00364614 0.01295094
v -0.03910716 -0.00381338 0.01295336
v -0.03939742 -0.00321808 0.01274057
v -0.03936748 -0.00344525 0.01283626
v -0.03902832 -0.00378214 0.01271302
v -0.03924482 -0.00364135 0.01282527
v -0.03907143 -0.00380511 0.01282870
v -0.03918372 -0.00373208 0.01288692
v -0.03878008 -0.00353600 0.01232558
v -0.03900365 -0.00343753 0.01237009
v -0.03884588 -0.00361413 0.01239855
v -0.03878653 -0.00342241 0.01227253
v -0.03933828 -0.00317298 0.01261499
v -0.03919456 -0.00331338 0.01246907
v -0.03934163 -0.00329172 0.01265558
v -0.03896834 -0.00373640 0.01258565
v -0.03907073 -0.00350859 0.01245562
v -0.03891088 -0.00368267 0.01248779
v -0.03909119 -0.00368192 0.01263339
v -0.03896399 -0.00356451 0.01242034
v -0.03879426 -0.00317402 0.01221600
v -0.03901075 -0.00331481 0.01232824
v -0.03879184 -0.00329811 0.01223501
v -0.03890413 -0.00337113 0.01229323
v -0.03929865 -0.00352159 0.01275690
v -0.03918455 -0.00343457 0.01251462
v -0.03932779 -0.00341154 0.01270394
v -0.03920512 -0.00360783 0.01269246
v -0.03926861 -0.00336640 0.01257828
v -0.03914507 -0.00356204 0.01256496
v -0.03928229 -0.00310000 0.01252957
v -0.03891106 -0.00310000 0.01225089
v -0.03912456 -0.00324079 0.01238725
v -0.03920875 -0.00317303 0.01245117
v -0.03902499 -0.00317409 0.01230996
v -0.03920319 -0.00374015 0.01315726
v -0.03934187 -0.00356733 0.01303136
v -0.03928057 -0.00365822 0.01309258
v -0.03943397 -0.00310000 0.01281819
v -0.03947435 -0.00310000 0.01306320
v -0.03943766 -0.00321849 0.01285949
v -0.03939570 -0.00344757 0.01296300
v -0.03946622 -0.00321976 0.01311273
v -0.03942465 -0.00333767 0.01290961
v -0.03939942 -0.00345965 0.01310505
v -0.03946122 -0.00321951 0.01298727
v -0.03943653 -0.00333976 0.01318385
v -0.03881834 -0.00386559 0.01512635
v -0.03826156 -0.00357316 0.01583346
v -0.03905533 -0.00310000 0.01562957
v -0.03834823 -0.00400000 0.01507279
v -0.03857362 -0.00382812 0.01555138
v -0.03824634 -0.00310000 0.01596701
v -0.03904018 -0.00355000 0.01543154
v -0.03871291 -0.00337812 0.01584717
v -0.03924244 -0.00310000 0.01517467
v -0.03859259 -0.00396574 0.01510063
v -0.03870974 -0.00387640 0.01534940
v -0.03842033 -0.00372440 0.01571694
v -0.03846672 -0.00395595 0.01532440
v -0.03829467 -0.00386559 0.01554291
v -0.03825022 -0.00334594 0.01593297
v -0.03895225 -0.00373184 0.01528711
v -0.03907543 -0.00333390 0.01554867
v -0.03883050 -0.00371937 0.01551301
v -0.03910889 -0.00357316 0.01515946
v -0.03849274 -0.00349050 0.01587068
v -0.03890532 -0.00324456 0.01576471
v -0.03865844 -0.00362901 0.01573152
v -0.03848639 -0.00324621 0.01595002
v -0.03890373 -0.00348279 0.01566851
v -0.03873168 -0.00310000 0.01588702
v -0.03918057 -0.00310000 0.01541516
v -0.03918213 -0.00333658 0.01531496
v -0.03870891 -0.00392354 0.01511389
v -0.03847159 -0.00399139 0.01508685
v -0.03876806 -0.00387844 0.01523947
v -0.03864451 -0.00385952 0.01545403
v -0.03865515 -0.00393187 0.01522702
v -0.03834088 -0.00365408 0.01578198
v -0.03849841 -0.00378279 0.01563958
v -0.03840821 -0.00398892 0.01520016
v -0.03852231 -0.00390191 0.01544244
v -0.03853153 -0.00396975 0.01521396
v -0.03859071 -0.00392462 0.01533963
v -0.03827576 -0.00373262 0.01570883
v -0.03832109 -0.00396748 0.01531101
v -0.03843521 -0.00385616 0.01555306
v -0.03835759 -0.00380218 0.01563569
v -0.03838113 -0.00392168 0.01543851
v -0.03825500 -0.00346302 0.01589104
v -0.03824732 -0.00322416 0.01595846
v -0.03889048 -0.00380546 0.01520802
v -0.03900247 -0.00364614 0.01536209
v -0.03883735 -0.00381338 0.01532148
v -0.03897678 -0.00374015 0.01514440
v -0.03907230 -0.00321808 0.01559411
v -0.03906466 -0.00344525 0.01549414
v -0.03870647 -0.00378214 0.01553792
v -0.03894266 -0.00364135 0.01547726
v -0.03877448 -0.00380511 0.01543491
v -0.03889700 -0.00373208 0.01540344
v -0.03908359 -0.00356733 0.01529828
v -0.03903763 -0.00365822 0.01522484
v -0.03837743 -0.00353600 0.01585959
v -0.03860528 -0.00343753 0.01586651
v -0.03845796 -0.00361413 0.01580329
v -0.03837179 -0.00342241 0.01591273
v -0.03898643 -0.00317298 0.01570317
v -0.03881356 -0.00331338 0.01581301
v -0.03899883 -0.00329172 0.01566437
v -0.03861937 -0.00373640 0.01564854
v -0.03868989 -0.00350859 0.01579827
v -0.03854137 -0.00368267 0.01573096
v -0.03874981 -0.00368192 0.01562966
v -0.03857794 -0.00356451 0.01580863
v -0.03836659 -0.00317402 0.01596955
v -0.03860278 -0.00331481 0.01590889
v -0.03836852 -0.00329811 0.01595048
v -0.03849103 -0.00337113 0.01591901
v -0.03897973 -0.00352159 0.01555598
v -0.03881406 -0.00343457 0.01576638
v -0.03899622 -0.00341154 0.01561414
v -0.03887410 -0.00360783 0.01559773
v -0.03891028 -0.00336640 0.01572327
v -0.03878692 -0.00356204 0.01570846
v -0.03891265 -0.00310000 0.01577381
v -0.03848825 -0.00310000 0.01596183
v -0.03872696 -0.00324079 0.01587699
v -0.03882337 -0.00317303 0.01583365
v -0.03861254 -0.00317409 0.01592991
v -0.03912538 -0.00310000 0.01552670
v -0.03921984 -0.00310000 0.01529706
v -0.03913826 -0.00321849 0.01548730
v -0.03912066 -0.00344757 0.01537700
v -0.03922305 -0.00321976 0.01524696
v -0.03913685 -0.00333767 0.01543553
v -0.03915624 -0.00345965 0.01523942
v -0.03918996 -0.00321951 0.01536808
v -0.03921013 -0.00333976 0.01517099
v -0.03904475 0.00386559 0.01313921
v -0.03866130 0.00357316 0.01232498
v -0.03938886 0.00310000 0.01270220
v -0.03857464 0.00400000 0.01308565
v -0.03890190 0.00382812 0.01267002
v -0.03867652 0.00310000 0.01219143
v -0.03932955 0.00355000 0.01289175
v -0.03910417 0.00337812 0.01241315
v -0.03946885 0.00310000 0.01318753
v -0.03881899 0.00396574 0.01311349
v -0.03898910 0.00387640 0.01289745
v -0.03878979 0.00372440 0.01247423
v -0.03874669 0.00395595 0.01286714
v -0.03862820 0.00386559 0.01261553
v -0.03867264 0.00334594 0.01222547
v -0.03921139 0.00373184 0.01301270
v -0.03939025 0.00333390 0.01278555
v -0.03914357 0.00371937 0.01276520
v -0.03889493 0.00349050 0.01234072
v -0.03927310 0.00324456 0.01253679
v -0.03902508 0.00362901 0.01251359
v -0.03890659 0.00324621 0.01226198
v -0.03924991 0.00348279 0.01263016
v -0.03913142 0.00310000 0.01237855
v -0.03933530 0.00357316 0.01317231
v -0.03946266 0.00310000 0.01293929
v -0.03944163 0.00333658 0.01303727
v -0.03893532 0.00392354 0.01312674
v -0.03869799 0.00399139 0.01309970
v -0.03902120 0.00387844 0.01301768
v -0.03894908 0.00385952 0.01278082
v -0.03890838 0.00393187 0.01300442
v -0.03872700 0.00365408 0.01239298
v -0.03884847 0.00378279 0.01256717
v -0.03866173 0.00398892 0.01297503
v -0.03882741 0.00390191 0.01276463
v -0.03878500 0.00396975 0.01298933
v -0.03887093 0.00392462 0.01288019
v -0.03864710 0.00373262 0.01244961
v -0.03860177 0.00396748 0.01284742
v -0.03876742 0.00385616 0.01263726
v -0.03871039 0.00380218 0.01253929
v -0.03868896 0.00392168 0.01273670
v -0.03866786 0.00346302 0.01226740
v -0.03867554 0.00322416 0.01219998
v -0.03913341 0.00380546 0.01307586
v -0.03927719 0.00364614 0.01295094
v -0.03910716 0.00381338 0.01295336
v -0.03939742 0.00321808 0.01274057
v -0.03936748 0.00344525 0.01283626
v -0.03902832 0.00378214 0.01271302
v -0.03924482 0.00364135 0.01282527
v -0.03907143 0.00380511 0.01282870
v -0.03918372 0.00373208 0.01288692
v -0.03878008 0.00353600 0.01232558
v -0.03900365 0.00343753 0.01237009
v -0.03884588 0.00361413 0.01239855
v -0.03878653 0.00342241 0.01227253
v -0.03933828 0.00317298 0.01261499
v -0.03919456 0.00331338 0.01246907
v -0.03934163 0.00329172 0.01265558
v -0.03928229 0.00310000 0.01252957
v -0.03896834 0.00373640 0.01258565
v -0.03907073 0.00350859 0.01245562
v -0.03891088 0.00368267 0.01248779
v -0.03909119 0.00368192 0.01263339
v -0.03896399 0.00356451 0.01242034
v -0.03879426 0.00317402 0.01221600
v -0.03901075 0.00331481 0.01232824
v -0.03879184 0.00329811 0.01223501
v -0.03891106 0.00310000 0.01225089
v -0.03890413 0.00337113 0.01229323
v -0.03929865 0.00352159 0.01275690
v -0.03918455 0.00343457 0.01251462
v -0.03932779 0.00341154 0.01270394
v -0.03920512 0.00360783 0.01269246
v -0.03926861 0.00336640 0.01257828
v -0.03914507 0.00356204 0.01256496
v -0.03912456 0.00324079 0.01238725
v -0.03920875 0.00317303 0.01245117
v -0.03902499 0.00317409 0.01230996
v -0.03920319 0.00374015 0.01315726
v -0.03934187 0.00356733 0.01303136
v -0.03928057 0.00365822 0.01309258
v -0.03943397 0.00310000 0.01281819
v -0.03947435 0.00310000 0.01306320
v -0.03943766 0.00321849 0.01285949
v -0.03939570 0.00344757 0.01296300
v -0.03946622 0.00321976 0.01311273
v -0.03942465 0.00333767 0.01290961
v -0.03939942 0.00345965 0.01310505
v -0.03946122 0.00321951 0.01298727
v -0.03943653 0.00333976 0.01318385
v -0.03881834 0.00386559 0.01512635
v -0.03826156 0.00357316 0.01583346
v -0.03905533 0.00310000 0.01562957
v -0.03834823 0.00400000 0.01507279
v -0.03857362 0.00382812 0.01555138
v -0.03824634 0.00310000 0.01596701
v -0.03904018 0.00355000 0.01543154
v -0.03871291 0.00337812 0.01584717
v -0.03924244 0.00310000 0.01517467
v -0.03859259 0.00396574 0.01510063
v -0.03870974 0.00387640 0.01534940
v -0.03842033 0.00372440 0.01571694
v -0.03846672 0.00395595 0.01532440
v -0.03829467 0.00386559 0.01554291
v -0.03825022 0.00334594 0.01593297
v -0.03895225 0.00373184 0.01528711
v -0.03907543 0.00333390 0.01554867
v -0.03883050 0.00371937 0.01551301
v -0.03910889 0.00357316 0.01515946
v -0.03849274 0.00349050 0.01587068
v -0.03890532 0.00324456 0.01576471
v -0.03865844 0.00362901 0.01573152
v -0.03848639 0.00324621 0.01595002
v -0.03890373 0.00348279 0.01566851
v -0.03873168 0.00310000 0.01588702
v -0.03918057 0.00310000 0.01541516
v -0.03918213 0.00333658 0.01531496
v -0.03870891 0.00392354 0.01511389
v -0.03847159 0.00399139 0.01508685
v -0.03876806 0.00387844 0.01523947
v -0.03864451 0.00385952 0.01545403
v -0.03865515 0.00393187 0.01522702
v -0.03834088 0.00365408 0.01578198
v -0.03849841 0.00378279 0.01563958
v -0.03840821 0.00398892 0.01520016
v -0.03852231 0.00390191 0.01544244
v -0.03853153 0.00396975 0.01521396
v -0.03859071 0.00392462 0.01533963
v -0.03827576 0.00373262 0.01570883
v -0.03832109 0.00396748 0.01531101
v -0.03843521 0.00385616 0.01555306
v -0.03835759 0.00380218 0.01563569
v -0.03838113 0.00392168 0.01543851
v -0.03825500 0.00346302 0.01589104
v -0.03824732 0.00322416 0.01595846
v -0.03889048 0.00380546 0.01520802
v -0.03900247 0.00364614 0.01536209
v -0.03883735 0.00381338 0.01532148
v -0.03897678 0.00374015 0.01514440
v -0.03907230 0.00321808 0.01559411
v -0.03906466 0.00344525 0.01549414
v -0.03870647 0.00378214 0.01553792
v -0.03894266 0.00364135 0.01547726
v -0.03877448 0.00380511 0.01543491
v -0.03889700 0.00373208 0.01540344
v -0.03908359 0.00356733 0.01529828
v -0.03903763 0.00365822 0.01522484
v -0.03837743 0.00353600 0.01585959
v -0.03860528 0.00343753 0.01586651
v -0.03845796 0.00361413 0.01580329
v -0.03837179 0.00342241 0.01591273
v -0.03898643 0.00317298 0.01570317
v -0.03881356 0.00331338 0.01581301
v -0.03899883 0.00329172 0.01566437
v -0.03891265 0.00310000 0.01577381
v -0.03861937 0.00373640 0.01564854
v -0.03868989 0.00350859 0.01579827
v -0.03854137 0.00368267 0.01573096
v -0.03874981 0.00368192 0.01562966
v -0.03857794 0.00356451 0.01580863
v -0.03836659 0.00317402 0.01596955
v -0.03860278 0.00331481 0.01590889
v -0.03836852 0.00329811 0.01595048
v -0.03848825 0.00310000 0.01596183
v -0.03849103 0.00337113 0.01591901
v -0.03897973 0.00352159 0.01555598
v -0.03881406 0.00343457 0.01576638
v -0.03899622 0.00341154 0.01561414
v -0.03887410 0.00360783 0.01559773
v -0.03891028 0.00336640 0.01572327
v -0.03878692 0.00356204 0.01570846
v -0.03872696 0.00324079 0.01587699
v -0.03882337 0.00317303 0.01583365
v -0.03861254 0.00317409 0.01592991
v -0.03912538 0.00310000 0.01552670
v -0.03921984 0.00310000 0.01529706
v -0.03913826 0.00321849 0.01548730
v -0.03912066 0.00344757 0.01537700
v -0.03922305 0.00321976 0.01524696
v -0.03913685 0.00333767 0.01543553
v -0.03915624 0.00345965 0.01523942
v -0.03918996 0.00321951 0.01536808
v -0.03921013 0.00333976 0.01517099
v -0.02618166 -0.00386559 0.01167365
v -0.02673844 -0.00357316 0.01096654
v -0.02594467 -0.00310000 0.01117043
v -0.02665177 -0.00400000 0.01172721
v -0.02642639 -0.00382812 0.01124862
v -0.02675365 -0.00310000 0.01083299
v -0.02595982 -0.00355000 0.01136846
v -0.02628709 -0.00337812 0.01095283
v -0.02575756 -0.00310000 0.01162533
v -0.02640741 -0.00396574 0.01169937
v -0.02629026 -0.00387640 0.01145060
v -0.02657967 -0.00372440 0.01108306
v -0.02653328 -0.00395595 0.01147560
v -0.02670534 -0.00386559 0.01125709
v -0.02674978 -0.00334594 0.01086703
v -0.02604775 -0.00373184 0.01151289
v -0.02592457 -0.00333390 0.01125133
v -0.02616950 -0.00371937 0.01128699
v -0.02650726 -0.00349050 0.01092932
v -0.02609468 -0.00324456 0.01103529
v -0.02634156 -0.00362901 0.01106848
v -0.02651361 -0.00324621 0.01084998
v -0.02609627 -0.00348279 0.01113149
v -0.02626832 -0.00310000 0.01091298
v -0.02589111 -0.00357316 0.01164054
v -0.02581943 -0.00310000 0.01138484
v -0.02581787 -0.00333658 0.01148504
v -0.02629109 -0.00392354 0.01168611
v -0.02652841 -0.00399139 0.01171315
v -0.02623194 -0.00387844 0.01156053
v -0.02635549 -0.00385952 0.01134597
v -0.02634485 -0.00393187 0.01157298
v -0.02665912 -0.00365408 0.01101802
v -0.02650159 -0.00378279 0.01116042
v -0.02672424 -0.00373262 0.01109117
v -0.02659179 -0.00398892 0.01159984
v -0.02647769 -0.00390191 0.01135756
v -0.02646847 -0.00396975 0.01158604
v -0.02667891 -0.00396748 0.01148899
v -0.02640929 -0.00392462 0.01146037
v -0.02656479 -0.00385616 0.01124694
v -0.02664241 -0.00380218 0.01116431
v -0.02661887 -0.00392168 0.01136149
v -0.02674500 -0.00346302 0.01090896
v -0.02675268 -0.00322416 0.01084154
v -0.02610952 -0.00380546 0.01159198
v -0.02599753 -0.00364614 0.01143791
v -0.02616265 -0.00381338 0.01147852
v -0.02592770 -0.00321808 0.01120589
v -0.02593534 -0.00344525 0.01130586
v -0.02629353 -0.00378214 0.01126208
v -0.02605734 -0.00364135 0.01132274
v -0.02622551 -0.00380511 0.01136509
v -0.02610300 -0.00373208 0.01139656
v -0.02662257 -0.00353600 0.01094041
v -0.02639472 -0.00343753 0.01093349
v -0.02654204 -0.00361413 0.01099671
v -0.02662821 -0.00342241 0.01088727
v -0.02601357 -0.00317298 0.01109683
v -0.02618643 -0.00331338 0.01098699
v -0.02600117 -0.00329172 0.01113563
v -0.02638063 -0.00373640 0.01115146
v -0.02631012 -0.00350859 0.01100173
v -0.02645863 -0.00368267 0.01106904
v -0.02625019 -0.00368192 0.01117034
v -0.02642206 -0.00356451 0.01099137
v -0.02663341 -0.00317402 0.01083045
v -0.02639722 -0.00331481 0.01089111
v -0.02663149 -0.00329811 0.01084952
v -0.02650898 -0.00337113 0.01088098
v -0.02602027 -0.00352159 0.01124402
v -0.02618594 -0.00343457 0.01103362
v -0.02600378 -0.00341154 0.01118586
v -0.02612590 -0.00360783 0.01120227
v -0.02608972 -0.00336640 0.01107673
v -0.02621308 -0.00356204 0.01109154
v -0.02608735 -0.00310000 0.01102619
v -0.02651175 -0.00310000 0.01083817
v -0.02627304 -0.00324079 0.01092301
v -0.02617663 -0.00317303 0.01096635
v -0.02638745 -0.00317409 0.01087009
v -0.02602322 -0.00374015 0.01165559
v -0.02591641 -0.00356733 0.01150172
v -0.02596237 -0.00365822 0.01157516
v -0.02587462 -0.00310000 0.01127330
v -0.02578016 -0.00310000 0.01150294
v -0.02586174 -0.00321849 0.01131270
v -0.02587934 -0.00344757 0.01142300
v -0.02577695 -0.00321976 0.01155304
v -0.02586315 -0.00333767 0.01136447
v -0.02584376 -0.00345965 0.01156058
v -0.02581003 -0.00321951 0.01143192
v -0.02578987 -0.00333976 0.01162901
v -0.02595525 -0.00386559 0.01366079
v -0.02633870 -0.00357316 0.01447502
v -0.02561114 -0.00310000 0.01409780
v -0.02642537 -0.00400000 0.01371435
v -0.02609810 -0.00382812 0.01412998
v -0.02632348 -0.00310000 0.01460857
v -0.02567045 -0.00355000 0.01390825
v -0.02589583 -0.00337812 0.01438685
v -0.02553115 -0.00310000 0.01361247
v -0.02618101 -0.00396574 0.01368651
v -0.02601090 -0.00387640 0.01390255
v -0.02621021 -0.00372440 0.01432577
v -0.02625331 -0.00395595 0.01393286
v -0.02637180 -0.00386559 0.01418447
v -0.02632736 -0.00334594 0.01457453
v -0.02578861 -0.00373184 0.01378730
v -0.02560975 -0.00333390 0.01401445
v -0.02585643 -0.00371937 0.01403480
v -0.02566470 -0.00357316 0.01362769
v -0.02610508 -0.00349050 0.01445928
v -0.02572690 -0.00324456 0.01426321
v -0.02597492 -0.00362901 0.01428641
v -0.02609341 -0.00324621 0.01453802
v -0.02575009 -0.00348279 0.01416984
v -0.02586858 -0.00310000 0.01442145
v -0.02553735 -0.00310000 0.01386071
v -0.02555837 -0.00333658 0.01376273
v -0.02606468 -0.00392354 0.01367326
v -0.02630201 -0.00399139 0.01370030
v -0.02597880 -0.00387844 0.01378232
v -0.02605092 -0.00385952 0.01401918
v -0.02609162 -0.00393187 0.01379558
v -0.02627300 -0.00365408 0.01440702
v -0.02615153 -0.00378279 0.01423283
v -0.02635290 -0.00373262 0.01435039
v -0.02633827 -0.00398892 0.01382497
v -0.02617259 -0.00390191 0.01403537
v -0.02621500 -0.00396975 0.01381067
v -0.02639822 -0.00396748 0.01395258
v -0.02612907 -0.00392462 0.01391981
v -0.02623258 -0.00385616 0.01416274
v -0.02628962 -0.00380218 0.01426071
v -0.02631104 -0.00392168 0.01406330
v -0.02633214 -0.00346302 0.01453260
v -0.02632446 -0.00322416 0.01460002
v -0.02586659 -0.00380546 0.01372414
v -0.02572281 -0.00364614 0.01384906
v -0.02589284 -0.00381338 0.01384664
v -0.02579682 -0.00374015 0.01364274
v -0.02560258 -0.00321808 0.01405943
v -0.02563252 -0.00344525 0.01396374
v -0.02597168 -0.00378214 0.01408698
v -0.02575519 -0.00364135 0.01397473
v -0.02592858 -0.00380511 0.01397130
v -0.02581628 -0.00373208 0.01391308
v -0.02565813 -0.00356733 0.01376864
v -0.02571943 -0.00365822 0.01370742
v -0.02621992 -0.00353600 0.01447442
v -0.02599635 -0.00343753 0.01442991
v -0.02615412 -0.00361413 0.01440145
v -0.02621347 -0.00342241 0.01452747
v -0.02566172 -0.00317298 0.01418501
v -0.02580544 -0.00331338 0.01433093
v -0.02565837 -0.00329172 0.01414442
v -0.02603166 -0.00373640 0.01421435
v -0.02592927 -0.00350859 0.01434438
v -0.02608912 -0.00368267 0.01431221
v -0.02590881 -0.00368192 0.01416661
v -0.02603601 -0.00356451 0.01437966
v -0.02620574 -0.00317402 0.01458400
v -0.02598925 -0.00331481 0.01447176
v -0.02620816 -0.00329811 0.01456499
v -0.02609587 -0.00337113 0.01450677
v -0.02570136 -0.00352159 0.01404310
v -0.02581545 -0.00343457 0.01428538
v -0.02567221 -0.00341154 0.01409606
v -0.02579488 -0.00360783 0.01410754
v -0.02573139 -0.00336640 0.01422172
v -0.02585493 -0.00356204 0.01423504
v -0.02571771 -0.00310000 0.01427044
v -0.02608894 -0.00310000 0.01454911
v -0.02587544 -0.00324079 0.01441275
v -0.02579125 -0.00317303 0.01434883
v -0.02597501 -0.00317409 0.01449004
v -0.02556602 -0.00310000 0.01398181
v -0.02552565 -0.00310000 0.01373680
v -0.02556234 -0.00321849 0.01394051
v -0.02560430 -0.00344757 0.01383700
v -0.02553378 -0.00321976 0.01368727
v -0.02557535 -0.00333767 0.01389039
v -0.02560058 -0.00345965 0.01369495
v -0.02553878 -0.00321951 0.01381273
v -0.02556347 -0.00333976 0.01361615
v -0.02618166 0.00386559 0.01167365
v -0.02673844 0.00357316 0.01096654
v -0.02594467 0.00310000 0.01117043
v -0.02665177 0.00400000 0.01172721
v -0.02642639 0.00382812 0.01124862
v -0.02675365 0.00310000 0.01083299
v -0.02595982 0.00355000 0.01136846
v -0.02628709 0.00337812 0.01095283
v -0.02575756 0.00310000 0.01162533
v -0.02640741 0.00396574 0.01169937
v -0.02629026 0.00387640 0.01145060
v -0.02657967 0.00372440 0.01108306
v -0.02653328 0.00395595 0.01147560
v -0.02670534 0.00386559 0.01125709
v -0.02674978 0.00334594 0.01086703
v -0.02604775 0.00373184 0.01151289
v -0.02592457 0.00333390 0.01125133
v -0.02616950 0.00371937 0.01128699
v -0.02650726 0.00349050 0.01092932
v -0.02609468 0.00324456 0.01103529
v -0.02634156 0.00362901 0.01106848
v -0.02651361 0.00324621 0.01084998
v -0.02609627 0.00348279 0.01113149
v -0.02626832 0.00310000 0.01091298
v -0.02589111 0.00357316 0.01164054
v -0.02581943 0.00310000 0.01138484
v -0.02581787 0.00333658 0.01148504
v -0.02629109 0.00392354 0.01168611
v -0.02652841 0.00399139 0.01171315
v -0.02623194 0.00387844 0.01156053
v -0.02635549 0.00385952 0.01134597
v -0.02634485 0.00393187 0.01157298
v -0.02665912 0.00365408 0.01101802
v -0.02650159 0.00378279 0.01116042
v -0.02672424 0.00373262 0.01109117
v -0.02659179 0.00398892 0.01159984
v -0.02647769 0.00390191 0.01135756
v -0.02646847 0.00396975 0.01158604
v -0.02667891 0.00396748 0.01148899
v -0.02640929 0.00392462 0.01146037
v -0.02656479 0.00385616 0.01124694
v -0.02664241 0.00380218 0.01116431
v -0.02661887 0.00392168 0.01136149
v -0.02674500 0.00346302 0.01090896
v -0.02675268 0.00322416 0.01084154
v -0.02610952 0.00380546 0.01159198
v -0.02599753 0.00364614 0.01143791
v -0.02616265 0.00381338 0.01147852
v -0.02592770 0.00321808 0.01120589
v -0.02593534 0.00344525 0.01130586
v -0.02629353 0.00378214 0.01126208
v -0.02605734 0.00364135 0.01132274
v -0.02622551 0.00380511 0.01136509
v -0.02610300 0.00373208 0.01139656
v -0.02662257 0.00353600 0.01094041
v -0.02639472 0.00343753 0.01093349
v -0.02654204 0.00361413 0.01099671
v -0.02662821 0.00342241 0.01088727
v -0.02601357 0.00317298 0.01109683
v -0.02618643 0.00331338 0.01098699
v -0.02600117 0.00329172 0.01113563
v -0.02608735 0.00310000 0.01102619
v -0.02638063 0.00373640 0.01115146
v -0.02631012 0.00350859 0.01100173
v -0.02645863 0.00368267 0.01106904
v -0.02625019 0.00368192 0.01117034
v -0.02642206 0.00356451 0.01099137
v -0.02663341 0.00317402 0.01083045
v -0.02639722 0.00331481 0.01089111
v -0.02663149 0.00329811 0.01084952
v -0.02651175 0.00310000 0.01083817
v -0.02650898 0.00337113 0.01088098
v -0.02602027 0.00352159 0.01124402
v -0.02618594 0.00343457 0.01103362
v -0.02600378 0.00341154 0.01118586
v -0.02612590 0.00360783 0.01120227
v -0.02608972 0.00336640 0.01107673
v -0.02621308 0.00356204 0.01109154
v -0.02627304 0.00324079 0.01092301
v -0.02617663 0.00317303 0.01096635
v -0.02638745 0.00317409 0.01087009
v -0.02602322 0.00374015 0.01165559
v -0.02591641 0.00356733 0.01150172
v -0.02596237 0.00365822 0.01157516
v -0.02587462 0.00310000 0.01127330
v -0.02578016 0.00310000 0.01150294
v -0.02586174 0.00321849 0.01131270
v -0.02587934 0.00344757 0.01142300
v -0.02577695 0.00321976 0.01155304
v -0.02586315 0.00333767 0.01136447
v -0.02584376 0.00345965 0.01156058
v -0.02581003 0.00321951 0.01143192
v -0.02578987 0.00333976 0.01162901
v -0.02595525 0.00386559 0.01366079
v -0.02633870 0.00357316 0.01447502
v -0.02561114 0.00310000 0.01409780
v -0.02642537 0.00400000 0.01371435
v -0.02609810 0.00382812 0.01412998
v -0.02632348 0.00310000 0.01460857
v -0.02567045 0.00355000 0.01390825
v -0.02589583 0.00337812 0.01438685
v -0.02553115 0.00310000 0.01361247
v -0.02618101 0.00396574 0.01368651
v -0.02601090 0.00387640 0.01390255
v -0.02621021 0.00372440 0.01432577
v -0.02625331 0.00395595 0.01393286
v -0.02637180 0.00386559 0.01418447
v -0.02632736 0.00334594 0.01457453
v -0.02578861 0.00373184 0.01378730
v -0.02560975 0.00333390 0.01401445
v -0.02585643 0.00371937 0.01403480
v -0.02566470 0.00357316 0.01362769
v -0.02610508 0.00349050 0.01445928
v -0.02572690 0.00324456 0.01426321
v -0.02597492 0.00362901 0.01428641
v -0.02609341 0.00324621 0.01453802
v -0.02575009 0.00348279 0.01416984
v -0.02586858 0.00310000 0.01442145
v -0.02553735 0.00310000 0.01386071
v -0.02555837 0.00333658 0.01376273
v -0.02606468 0.00392354 0.01367326
v -0.02630201 0.00399139 0.01370030
v -0.02597880 0.00387844 0.01378232
v -0.02605092 0.00385952 0.01401918
v -0.02609162 0.00393187 0.01379558
v -0.02627300 0.00365408 0.01440702
v -0.02615153 0.00378279 0.01423283
v -0.02635290 0.00373262 0.01435039
v -0.02633827 0.00398892 0.01382497
v -0.02617259 0.00390191 0.01403537
v -0.02621500 0.00396975 0.01381067
v -0.02639822 0.00396748 0.01395258
v -0.02612907 0.00392462 0.01391981
v -0.02623258 0.00385616 0.01416274
v -0.02628962 0.00380218 0.01426071
v -0.02631104 0.00392168 0.01406330
v -0.02633214 0.00346302 0.01453260
v -0.02632446 0.00322416 0.01460002
v -0.02586659 0.00380546 0.01372414
v -0.02572281 0.00364614 0.01384906
v -0.02589284 0.00381338 0.01384664
v -0.02579682 0.00374015 0.01364274
v -0.02560258 0.00321808 0.01405943
v -0.02563252 0.00344525 0.01396374
v -0.02597168 0.00378214 0.01408698
v -0.02575519 0.00364135 0.01397473
v -0.02592858 0.00380511 0.01397130
v -0.02581628 0.00373208 0.01391308
v -0.02565813 0.00356733 0.01376864
v -0.02571943 0.00365822 0.01370742
v -0.02621992 0.00353600 0.01447442
v -0.02599635 0.00343753 0.01442991
v -0.02615412 0.00361413 0.01440145
v -0.02621347 0.00342241 0.01452747
v -0.02566172 0.00317298 0.01418501
v -0.02580544 0.00331338 0.01433093
v -0.02565837 0.00329172 0.01414442
v -0.02571771 0.00310000 0.01427044
v -0.02603166 0.00373640 0.01421435
v -0.02592927 0.00350859 0.01434438
v -0.02608912 0.00368267 0.01431221
v -0.02590881 0.00368192 0.01416661
v -0.02603601 0.00356451 0.01437966
v -0.02620574 0.00317402 0.01458400
v -0.02598925 0.00331481 0.01447176
v -0.02620816 0.00329811 0.01456499
v -0.02608894 0.00310000 0.01454911
v -0.02609587 0.00337113 0.01450677
v -0.02570136 0.00352159 0.01404310
v -0.02581545 0.00343457 0.01428538
v -0.02567221 0.00341154 0.01409606
v -0.02579488 0.00360783 0.01410754
v -0.02573139 0.00336640 0.01422172
v -0.02585493 0.00356204 0.01423504
v -0.02587544 0.00324079 0.01441275
v -0.02579125 0.00317303 0.01434883
v -0.02597501 0.00317409 0.01449004
v -0.02556602 0.00310000 0.01398181
v -0.02552565 0.00310000 0.01373680
v -0.02556234 0.00321849 0.01394051
v -0.02560430 0.00344757 0.01383700
v -0.02553378 0.00321976 0.01368727
v -0.02557535 0.00333767 0.01389039
v -0.02560058 0.00345965 0.01369495
v -0.02553878 0.00321951 0.01381273
v -0.02556347 0.00333976 0.01361615
v -0.01564058 -0.01864503 0.01000000
v -0.01464503 -0.01964058 0.01000000
v -0.01627976 -0.01739058 0.01000000
v -0.01650000 -0.01600000 0.01000000
v -0.01339058 -0.02027975 0.01000000
v -0.01200000 -0.02050000 0.01000000
v -0.00226274 -0.01416274 0.01000000
v -0.00253873 -0.01384804 0.01000000
v -0.00317262 -0.01231768 0.01000000
v -0.00320000 -0.01190000 0.01000000
v -0.00317262 -0.01148232 0.01000000
v -0.00295641 -0.01312459 0.01000000
v -0.00277128 -0.01350000 0.01000000
v -0.00309096 -0.01272822 0.01000000
v -0.00122459 -0.01485641 0.01000000
v -0.00194804 -0.01443873 0.01000000
v -0.00160000 -0.01467128 0.01000000
v -0.00082822 -0.01499096 0.01000000
v -0.00041768 -0.01507262 0.01000000
v -0.00765000 -0.00460000 0.01000000
v -0.00505000 -0.00460000 0.01000000
v -0.00309096 -0.01107178 0.01000000
v -0.00295641 -0.01067541 0.01000000
v -0.00277128 -0.01030000 0.01000000
v -0.00253873 -0.00995196 0.01000000
v -0.00226274 -0.00963726 0.01000000
v -0.00194804 -0.00936127 0.01000000
v -0.00160000 -0.00912872 0.01000000
v -0.00122459 -0.00894359 0.01000000
v -0.00082822 -0.00880904 0.01000000
v -0.00041768 -0.00872738 0.01000000
v -0.01564058 -0.01864503 0.01420000
v -0.01464503 -0.01964058 0.01420000
v -0.01627976 -0.01739058 0.01420000
v -0.01650000 -0.01600000 0.01420000
v -0.01339058 -0.02027975 0.01420000
v -0.01200000 -0.02050000 0.01420000
v -0.00865000 -0.00560000 0.01420000
v -0.00226274 -0.01416274 0.01420000
v -0.00253873 -0.01384804 0.01420000
v -0.00317262 -0.01231768 0.01420000
v -0.00320000 -0.01190000 0.01420000
v -0.00317262 -0.01148232 0.01420000
v -0.00295641 -0.01312459 0.01420000
v -0.00277128 -0.01350000 0.01420000
v -0.00309096 -0.01272822 0.01420000
v -0.00122459 -0.01485641 0.01420000
v -0.00194804 -0.01443873 0.01420000
v -0.00160000 -0.01467128 0.01420000
v -0.00082822 -0.01499096 0.01420000
v -0.00041768 -0.01507262 0.01420000
v -0.00765000 -0.00460000 0.01320000
v -0.00505000 -0.00460000 0.01320000
v -0.00309096 -0.01107178 0.01420000
v -0.00295641 -0.01067541 0.01420000
v -0.00277128 -0.01030000 0.01420000
v -0.00253873 -0.00995196 0.01420000
v -0.00226274 -0.00963726 0.01420000
v -0.00194804 -0.00936127 0.01420000
v -0.00160000 -0.00912872 0.01420000
v -0.00122459 -0.00894359 0.01420000
v -0.00082822 -0.00880904 0.01420000
v -0.00041768 -0.00872738 0.01420000
v -0.00405000 -0.00560000 0.01420000
v -0.01650000 0.01200000 0.01000000
v -0.01627976 0.01339058 0.01000000
v -0.01564058 0.01464503 0.01000000
v -0.01464503 0.01564058 0.01000000
v -0.01339058 0.01627976 0.01000000
v -0.01200000 0.01650000 0.01000000
v -0.00765000 0.00460000 0.01000000
v -0.00505000 0.00460000 0.01000000
v -0.00865000 0.00560000 0.01420000
v -0.01650000 0.01200000 0.01420000
v -0.01627976 0.01339058 0.01420000
v -0.01564058 0.01464503 0.01420000
v -0.01464503 0.01564058 0.01420000
v -0.01339058 0.01627976 0.01420000
v -0.01200000 0.01650000 0.01420000
v -0.00765000 0.00460000 0.01320000
v -0.00505000 0.00460000 0.01320000
v -0.00405000 0.00560000 0.01420000
v -0.00000000 -0.01510000 0.01000000
v 0.00041768 -0.01507262 0.01000000
v 0.00082822 -0.01499096 0.01000000
v 0.00122459 -0.01485641 0.01000000
v 0.00160000 -0.01467128 0.01000000
v 0.00194804 -0.01443873 0.01000000
v 0.00226274 -0.01416274 0.01000000
v 0.00253873 -0.01384804 0.01000000
v 0.00277128 -0.01350000 0.01000000
v 0.00295641 -0.01312459 0.01000000
v 0.00309096 -0.01272822 0.01000000
v 0.00317262 -0.01231768 0.01000000
v 0.00320000 -0.01190000 0.01000000
v 0.00317262 -0.01148232 0.01000000
v 0.00122459 -0.00894359 0.01000000
v 0.00160000 -0.00912872 0.01000000
v 0.00194804 -0.00936127 0.01000000
v 0.00000000 -0.00870000 0.01000000
v 0.00041768 -0.00872738 0.01000000
v 0.00082822 -0.00880904 0.01000000
v 0.00309096 -0.01107178 0.01000000
v 0.00295641 -0.01067541 0.01000000
v 0.00277128 -0.01030000 0.01000000
v 0.00226274 -0.00963726 0.01000000
v 0.00253873 -0.00995196 0.01000000
v 0.00505000 -0.00380000 0.01000000
v 0.00765000 -0.00380000 0.01000000
v 0.01200000 -0.02050000 0.01000000
v 0.01339058 -0.02027975 0.01000000
v 0.01464503 -0.01964058 0.01000000
v 0.01564058 -0.01864503 0.01000000
v 0.01627976 -0.01739058 0.01000000
v 0.01650000 -0.01600000 0.01000000
v -0.00000000 -0.01510000 0.01420000
v 0.00041768 -0.01507262 0.01420000
v 0.00082822 -0.01499096 0.01420000
v 0.00122459 -0.01485641 0.01420000
v 0.00160000 -0.01467128 0.01420000
v 0.00194804 -0.01443873 0.01420000
v 0.00226274 -0.01416274 0.01420000
v 0.00253873 -0.01384804 0.01420000
v 0.00277128 -0.01350000 0.01420000
v 0.00295641 -0.01312459 0.01420000
v 0.00309096 -0.01272822 0.01420000
v 0.00317262 -0.01231768 0.01420000
v 0.00320000 -0.01190000 0.01420000
v 0.00317262 -0.01148232 0.01420000
v 0.00122459 -0.00894359 0.01420000
v 0.00160000 -0.00912872 0.01420000
v 0.00194804 -0.00936127 0.01420000
v 0.00000000 -0.00870000 0.01420000
v 0.00041768 -0.00872738 0.01420000
v 0.00082822 -0.00880904 0.01420000
v 0.00309096 -0.01107178 0.01420000
v 0.00295641 -0.01067541 0.01420000
v 0.00277128 -0.01030000 0.01420000
v 0.00226274 -0.00963726 0.01420000
v 0.00253873 -0.00995196 0.01420000
v 0.00405000 -0.00480000 0.01420000
v 0.00505000 -0.00380000 0.01320000
v 0.00765000 -0.00380000 0.01320000
v 0.01200000 -0.02050000 0.01420000
v 0.01339058 -0.02027975 0.01420000
v 0.01464503 -0.01964058 0.01420000
v 0.01564058 -0.01864503 0.01420000
v 0.01627976 -0.01739058 0.01420000
v 0.01650000 -0.01600000 0.01420000
v 0.00865000 -0.00480000 0.01420000
v 0.00505000 0.00380000 0.01000000
v 0.00765000 0.00380000 0.01000000
v 0.01200000 0.01650000 0.01000000
v 0.01339058 0.01627976 0.01000000
v 0.01650000 0.01200000 0.01000000
v 0.01627976 0.01339058 0.01000000
v 0.01464503 0.01564058 0.01000000
v 0.01564058 0.01464503 0.01000000
v 0.00405000 0.00480000 0.01420000
v 0.00505000 0.00380000 0.01320000
v 0.00765000 0.00380000 0.01320000
v 0.00865000 0.00480000 0.01420000
v 0.01200000 0.01650000 0.01420000
v 0.01339058 0.01627976 0.01420000
v 0.01650000 0.01200000 0.01420000
v 0.01627976 0.01339058 0.01420000
v 0.01464503 0.01564058 0.01420000
v 0.01564058 0.01464503 0.01420000
v -0.05644972 -0.02431744 -0.01363545
v -0.05632038 -0.02472023 -0.01342627
v -0.05668956 -0.02453499 -0.01335179
v -0.05681058 -0.02412394 -0.01354761
v -0.05710782 -0.02431125 -0.01322683
v -0.05555935 -0.02400333 -0.01417601
v -0.05439455 -0.02443779 -0.01415909
v -0.05439490 -0.02407219 -0.01435756
v -0.05517609 -0.02416160 -0.01419523
v -0.05478720 -0.02430665 -0.01418958
v -0.05400000 -0.02455439 -0.01410391
v -0.05400000 -0.02419395 -0.01430979
v -0.05488448 -0.02496937 -0.01374102
v -0.05448652 -0.02509385 -0.01370306
v -0.05577603 -0.02528447 -0.01321386
v -0.05537340 -0.02543392 -0.01322389
v -0.05593285 -0.02490215 -0.01347203
v -0.05553108 -0.02506556 -0.01349661
v -0.05616955 -0.02511511 -0.01318222
v -0.05472687 -0.02533769 -0.01346836
v -0.05496373 -0.02556268 -0.01321228
v -0.05448344 -0.02560373 -0.01325381
v -0.05512459 -0.02520747 -0.01349871
v -0.05542337 -0.02442526 -0.01398215
v -0.05607692 -0.02449673 -0.01370071
v -0.05568192 -0.02467065 -0.01374067
v -0.05582281 -0.02425735 -0.01395105
v -0.05619616 -0.02408186 -0.01389739
v -0.05503519 -0.02457481 -0.01398487
v -0.05463896 -0.02471115 -0.01396266
v -0.05527814 -0.02482751 -0.01375590
v -0.05424384 -0.02483233 -0.01391524
v -0.05400000 -0.02510606 -0.01371860
v -0.05424385 -0.02536530 -0.01349632
v -0.05400000 -0.02561744 -0.01326769
v -0.05648563 -0.02581007 -0.01222070
v -0.05672394 -0.02594761 -0.01181058
v -0.05629610 -0.02611539 -0.01191427
v -0.05649358 -0.02621810 -0.01156281
v -0.05713499 -0.02575179 -0.01168956
v -0.05691744 -0.02603545 -0.01144972
v -0.05639862 -0.02529669 -0.01288104
v -0.05655195 -0.02492671 -0.01312915
v -0.05682550 -0.02511545 -0.01276988
v -0.05724390 -0.02489171 -0.01264487
v -0.05749171 -0.02504487 -0.01224390
v -0.05666374 -0.02547386 -0.01250829
v -0.05708025 -0.02527947 -0.01238552
v -0.05738553 -0.02448025 -0.01287947
v -0.05750829 -0.02406374 -0.01307386
v -0.05776988 -0.02422550 -0.01271545
v -0.05697865 -0.02471451 -0.01301767
v -0.05764487 -0.02464390 -0.01249171
v -0.05801767 -0.02437865 -0.01231451
v -0.05822683 -0.02450782 -0.01191125
v -0.05835180 -0.02408956 -0.01213499
v -0.05841007 -0.02462070 -0.01148564
v -0.05854761 -0.02421058 -0.01172394
v -0.05731451 -0.02541767 -0.01197865
v -0.05771545 -0.02516988 -0.01182550
v -0.05691125 -0.02562683 -0.01210782
v -0.05789669 -0.02528104 -0.01139861
v -0.05752671 -0.02552915 -0.01155195
v -0.05807386 -0.02490829 -0.01166374
v -0.05787947 -0.02478553 -0.01208025
v -0.05519599 -0.02576775 -0.01293603
v -0.05472716 -0.02583332 -0.01297705
v -0.05448685 -0.02608123 -0.01272144
v -0.05583128 -0.02580876 -0.01263445
v -0.05542252 -0.02595191 -0.01264095
v -0.05604861 -0.02596244 -0.01231472
v -0.05564224 -0.02611429 -0.01232844
v -0.05518365 -0.02620902 -0.01238708
v -0.05471447 -0.02627302 -0.01242684
v -0.05495768 -0.02603104 -0.01269273
v -0.05424406 -0.02586097 -0.01300501
v -0.05400000 -0.02609671 -0.01273375
v -0.05424405 -0.02630514 -0.01244675
v -0.05518936 -0.02661121 -0.01172557
v -0.05471853 -0.02667607 -0.01176529
v -0.05496604 -0.02682903 -0.01136482
v -0.05449394 -0.02687789 -0.01139764
v -0.05540067 -0.02636288 -0.01206723
v -0.05585410 -0.02625410 -0.01200000
v -0.05493861 -0.02644107 -0.01211555
v -0.05447076 -0.02648817 -0.01214466
v -0.05605709 -0.02637068 -0.01165720
v -0.05564816 -0.02651584 -0.01166678
v -0.05424780 -0.02670856 -0.01178528
v -0.05400000 -0.02689655 -0.01140581
v -0.05400000 -0.02650391 -0.01215439
v -0.05560429 -0.02563142 -0.01293972
v -0.05600815 -0.02547348 -0.01292098
v -0.05623049 -0.02564264 -0.01260901
v -0.05631544 -0.02324596 -0.01421835
v -0.05631712 -0.02283206 -0.01434604
v -0.05666678 -0.02304816 -0.01411584
v -0.05636482 -0.02236604 -0.01442903
v -0.05672557 -0.02258936 -0.01421121
v -0.05821228 -0.02236373 -0.01316268
v -0.05630168 -0.02365023 -0.01406347
v -0.05691427 -0.02369610 -0.01371539
v -0.05656281 -0.02389359 -0.01381810
v -0.05700000 -0.02325410 -0.01385410
v -0.05665720 -0.02345709 -0.01397068
v -0.05722070 -0.02388564 -0.01341007
v -0.05760901 -0.02363049 -0.01324264
v -0.05731472 -0.02344861 -0.01356244
v -0.05763445 -0.02323128 -0.01340877
v -0.05732844 -0.02304224 -0.01371429
v -0.05769274 -0.02235768 -0.01363104
v -0.05738708 -0.02258365 -0.01380902
v -0.05706723 -0.02280067 -0.01396288
v -0.05711555 -0.02233861 -0.01404107
v -0.05764095 -0.02282252 -0.01355191
v -0.05793972 -0.02300429 -0.01323142
v -0.05793604 -0.02259599 -0.01336775
v -0.05639764 -0.02189394 -0.01447789
v -0.05676529 -0.02211853 -0.01427607
v -0.05714466 -0.02187075 -0.01408817
v -0.05678528 -0.02164779 -0.01430856
v -0.05640581 -0.02140000 -0.01449655
v -0.05715439 -0.02140000 -0.01410391
v -0.05825381 -0.02188344 -0.01320373
v -0.05826769 -0.02140000 -0.01321744
v -0.05742684 -0.02211447 -0.01387302
v -0.05772144 -0.02188685 -0.01368123
v -0.05744675 -0.02164405 -0.01390514
v -0.05797705 -0.02212716 -0.01343332
v -0.05800501 -0.02164406 -0.01346097
v -0.05773375 -0.02140000 -0.01369671
v -0.05478993 -0.02354937 -0.01454583
v -0.05479542 -0.02313958 -0.01468693
v -0.05439625 -0.02330067 -0.01467719
v -0.05557596 -0.02361111 -0.01435045
v -0.05593515 -0.02383260 -0.01413202
v -0.05558450 -0.02320755 -0.01449747
v -0.05594918 -0.02343525 -0.01429702
v -0.05517847 -0.02378410 -0.01437841
v -0.05479049 -0.02393418 -0.01438080
v -0.05439593 -0.02369033 -0.01453151
v -0.05519032 -0.02338364 -0.01453609
v -0.05558491 -0.02279473 -0.01461630
v -0.05595318 -0.02260713 -0.01454328
v -0.05557719 -0.02237476 -0.01470634
v -0.05479676 -0.02272070 -0.01479836
v -0.05439940 -0.02288395 -0.01479986
v -0.05519456 -0.02296930 -0.01466660
v -0.05439963 -0.02247757 -0.01488890
v -0.05479954 -0.02230929 -0.01487656
v -0.05519002 -0.02255068 -0.01476713
v -0.05595557 -0.02302376 -0.01443499
v -0.05400000 -0.02343474 -0.01464445
v -0.05400000 -0.02382013 -0.01449026
v -0.05400000 -0.02303960 -0.01477163
v -0.05400000 -0.02263662 -0.01487118
v -0.05599405 -0.02213680 -0.01461078
v -0.05559311 -0.02188901 -0.01476393
v -0.05600484 -0.02164781 -0.01464971
v -0.05519148 -0.02213638 -0.01483422
v -0.05440026 -0.02206231 -0.01494989
v -0.05479843 -0.02189345 -0.01492613
v -0.05520221 -0.02164751 -0.01487311
v -0.05440045 -0.02164749 -0.01498150
v -0.05559843 -0.02140000 -0.01478317
v -0.05480114 -0.02140000 -0.01494627
v -0.05400000 -0.02222771 -0.01494263
v -0.05400000 -0.02181485 -0.01498564
v -0.05400000 -0.02140000 -0.01500000
v -0.05818222 -0.02356955 -0.01271511
v -0.05821386 -0.02317603 -0.01288447
v -0.05812915 -0.02395195 -0.01252671
v -0.05842627 -0.02372038 -0.01232023
v -0.05847203 -0.02333285 -0.01250215
v -0.05822390 -0.02277340 -0.01303392
v -0.05849871 -0.02252459 -0.01280748
v -0.05849661 -0.02293108 -0.01266556
v -0.05874067 -0.02308192 -0.01227065
v -0.05874102 -0.02228448 -0.01256937
v -0.05875590 -0.02267814 -0.01242751
v -0.05788104 -0.02379861 -0.01289669
v -0.05792098 -0.02340815 -0.01307348
v -0.05863545 -0.02384972 -0.01191744
v -0.05870071 -0.02347692 -0.01209673
v -0.05895105 -0.02322281 -0.01185735
v -0.05913202 -0.02333515 -0.01143260
v -0.05889739 -0.02359616 -0.01168186
v -0.05881809 -0.02396281 -0.01149359
v -0.05898215 -0.02282337 -0.01202526
v -0.05898487 -0.02243519 -0.01217481
v -0.05917601 -0.02295935 -0.01160333
v -0.05919523 -0.02257609 -0.01176160
v -0.05937840 -0.02257847 -0.01138410
v -0.05846836 -0.02212686 -0.01293769
v -0.05849632 -0.02164385 -0.01296530
v -0.05870306 -0.02188652 -0.01269385
v -0.05896266 -0.02203896 -0.01231115
v -0.05891525 -0.02164384 -0.01243233
v -0.05871860 -0.02140000 -0.01270606
v -0.05918958 -0.02218720 -0.01190665
v -0.05915909 -0.02179454 -0.01203779
v -0.05938080 -0.02219049 -0.01153418
v -0.05935756 -0.02179490 -0.01167219
v -0.05910391 -0.02140000 -0.01215439
v -0.05930979 -0.02140000 -0.01179395
v -0.05949026 -0.02140000 -0.01142013
v -0.05660333 -0.02657601 -0.01055935
v -0.05732023 -0.02582627 -0.01132038
v -0.05750215 -0.02587203 -0.01093285
v -0.05625023 -0.02646347 -0.01130168
v -0.05668186 -0.02629740 -0.01119616
v -0.05643260 -0.02653202 -0.01093515
v -0.05709673 -0.02610071 -0.01107692
v -0.05727065 -0.02614067 -0.01068192
v -0.05766556 -0.02589661 -0.01053108
v -0.05685735 -0.02635105 -0.01082281
v -0.05702526 -0.02638215 -0.01042337
v -0.05638411 -0.02677841 -0.01017847
v -0.05676160 -0.02659523 -0.01017609
v -0.05690665 -0.02658958 -0.00978720
v -0.05653418 -0.02678080 -0.00979049
v -0.05742751 -0.02615589 -0.01027814
v -0.05780748 -0.02589871 -0.01012459
v -0.05717481 -0.02638487 -0.01003519
v -0.05756937 -0.02614102 -0.00988448
v -0.05731115 -0.02636266 -0.00963896
v -0.05793769 -0.02586836 -0.00972686
v -0.05824264 -0.02500901 -0.01123049
v -0.05823142 -0.02533972 -0.01060429
v -0.05840877 -0.02503445 -0.01083128
v -0.05855191 -0.02504095 -0.01042252
v -0.05856244 -0.02471472 -0.01104861
v -0.05871539 -0.02431427 -0.01129610
v -0.05897068 -0.02405720 -0.01105709
v -0.05911584 -0.02406678 -0.01064816
v -0.05871429 -0.02472844 -0.01064224
v -0.05885410 -0.02440000 -0.01085410
v -0.05771511 -0.02558222 -0.01116955
v -0.05807348 -0.02532098 -0.01100815
v -0.05788447 -0.02561386 -0.01077603
v -0.05836775 -0.02533603 -0.01019599
v -0.05816268 -0.02561228 -0.00996373
v -0.05863104 -0.02509274 -0.00995768
v -0.05843332 -0.02537705 -0.00972716
v -0.05921121 -0.02412557 -0.01018936
v -0.05880902 -0.02478708 -0.01018365
v -0.05896289 -0.02446723 -0.01040067
v -0.05927607 -0.02416529 -0.00971853
v -0.05904107 -0.02451555 -0.00993861
v -0.05887302 -0.02482684 -0.00971447
v -0.05803392 -0.02562390 -0.01037340
v -0.05584596 -0.02661835 -0.01131544
v -0.05543206 -0.02674604 -0.01131712
v -0.05603525 -0.02669702 -0.01094918
v -0.05562376 -0.02683499 -0.01095557
v -0.05473680 -0.02701078 -0.01099405
v -0.05520713 -0.02694328 -0.01095318
v -0.05539473 -0.02701630 -0.01058491
v -0.05580755 -0.02689747 -0.01058450
v -0.05621111 -0.02675045 -0.01057596
v -0.05497476 -0.02710634 -0.01057719
v -0.05448901 -0.02716393 -0.01059311
v -0.05424781 -0.02704971 -0.01100484
v -0.05400000 -0.02718317 -0.01059843
v -0.05556930 -0.02706660 -0.01019456
v -0.05598364 -0.02693609 -0.01019032
v -0.05515068 -0.02716713 -0.01019002
v -0.05473638 -0.02723422 -0.01019148
v -0.05532070 -0.02719836 -0.00979675
v -0.05573958 -0.02708693 -0.00979542
v -0.05614937 -0.02694583 -0.00978993
v -0.05490929 -0.02727656 -0.00979954
v -0.05449345 -0.02732613 -0.00979843
v -0.05424751 -0.02727311 -0.01020221
v -0.05400000 -0.02734627 -0.00980114
v -0.05703779 -0.02655909 -0.00939455
v -0.05629033 -0.02693151 -0.00939593
v -0.05667219 -0.02675756 -0.00939490
v -0.05679395 -0.02670979 -0.00900000
v -0.05642013 -0.02689026 -0.00900000
v -0.05743233 -0.02631524 -0.00924384
v -0.05769385 -0.02610306 -0.00948652
v -0.05796530 -0.02589632 -0.00924385
v -0.05770605 -0.02611860 -0.00900000
v -0.05715439 -0.02650391 -0.00900000
v -0.05820373 -0.02565381 -0.00948344
v -0.05846097 -0.02540501 -0.00924406
v -0.05868123 -0.02512144 -0.00948685
v -0.05890514 -0.02484675 -0.00924405
v -0.05821744 -0.02566769 -0.00900000
v -0.05869671 -0.02513375 -0.00900000
v -0.05908817 -0.02454466 -0.00947075
v -0.05930856 -0.02418528 -0.00924779
v -0.05910391 -0.02455439 -0.00900000
v -0.05590067 -0.02707719 -0.00939625
v -0.05548396 -0.02719986 -0.00939940
v -0.05507758 -0.02728890 -0.00939963
v -0.05466231 -0.02734989 -0.00940026
v -0.05603474 -0.02704445 -0.00900000
v -0.05563960 -0.02717163 -0.00900000
v -0.05523662 -0.02727118 -0.00900000
v -0.05482771 -0.02734263 -0.00900000
v -0.05441485 -0.02738564 -0.00900000
v -0.05424749 -0.02738150 -0.00940045
v -0.05400000 -0.02740000 -0.00900000
v -0.05906347 -0.02370168 -0.01125023
v -0.05929702 -0.02334918 -0.01103525
v -0.05921835 -0.02371544 -0.01084596
v -0.05934604 -0.02371712 -0.01043206
v -0.05943499 -0.02335557 -0.01062376
v -0.05935045 -0.02297596 -0.01121111
v -0.05953609 -0.02259032 -0.01098364
v -0.05949746 -0.02298450 -0.01080755
v -0.05966660 -0.02259457 -0.01056930
v -0.05942903 -0.02376482 -0.00996604
v -0.05954328 -0.02335318 -0.01020713
v -0.05947790 -0.02379764 -0.00949394
v -0.05961078 -0.02339405 -0.00973680
v -0.05961630 -0.02298491 -0.01039473
v -0.05970634 -0.02297719 -0.00997476
v -0.05976713 -0.02259002 -0.01015068
v -0.05976393 -0.02299311 -0.00948901
v -0.05983422 -0.02259148 -0.00973638
v -0.05954583 -0.02218993 -0.01114937
v -0.05953151 -0.02179593 -0.01129033
v -0.05967719 -0.02179625 -0.01090067
v -0.05968693 -0.02219542 -0.01073958
v -0.05979986 -0.02179940 -0.01048395
v -0.05964445 -0.02140000 -0.01103474
v -0.05977163 -0.02140000 -0.01063960
v -0.05979836 -0.02219675 -0.01032070
v -0.05988890 -0.02179963 -0.01007758
v -0.05987656 -0.02219954 -0.00990929
v -0.05992613 -0.02219843 -0.00949345
v -0.05994989 -0.02180026 -0.00966231
v -0.05987118 -0.02140000 -0.01023662
v -0.05994263 -0.02140000 -0.00982771
v -0.05964971 -0.02340484 -0.00924781
v -0.05949655 -0.02380581 -0.00900000
v -0.05987311 -0.02260221 -0.00924751
v -0.05978317 -0.02299843 -0.00900000
v -0.05998150 -0.02180045 -0.00924749
v -0.05994627 -0.02220114 -0.00900000
v -0.05998564 -0.02140000 -0.00941485
v -0.06000000 -0.02140000 -0.00900000
v -0.04770000 -0.02740000 -0.00550000
v -0.05679395 -0.02670979 0.00840000
v -0.05642013 -0.02689026 0.00840000
v -0.05703779 -0.02655909 0.00879455
v -0.05629033 -0.02693151 0.00879593
v -0.05667219 -0.02675756 0.00879490
v -0.05770605 -0.02611860 0.00840000
v -0.05715439 -0.02650391 0.00840000
v -0.05743233 -0.02631524 0.00864384
v -0.05796530 -0.02589632 0.00864385
v -0.05769385 -0.02610306 0.00888652
v -0.05821744 -0.02566769 0.00840000
v -0.05869671 -0.02513375 0.00840000
v -0.05846097 -0.02540501 0.00864406
v -0.05820373 -0.02565381 0.00888344
v -0.05890514 -0.02484675 0.00864405
v -0.05868123 -0.02512144 0.00888685
v -0.05910391 -0.02455439 0.00840000
v -0.05908817 -0.02454466 0.00887075
v -0.05930856 -0.02418528 0.00864779
v -0.05603474 -0.02704445 0.00840000
v -0.05563960 -0.02717163 0.00840000
v -0.05523662 -0.02727118 0.00840000
v -0.05482771 -0.02734263 0.00840000
v -0.05441485 -0.02738564 0.00840000
v -0.05590067 -0.02707719 0.00879625
v -0.05548396 -0.02719986 0.00879940
v -0.05507758 -0.02728890 0.00879963
v -0.05466231 -0.02734989 0.00880026
v -0.05400000 -0.02740000 0.00840000
v -0.05424749 -0.02738150 0.00880045
v -0.05690665 -0.02658958 0.00918720
v -0.05653418 -0.02678080 0.00919049
v -0.05676160 -0.02659523 0.00957609
v -0.05638411 -0.02677841 0.00957847
v -0.05731115 -0.02636266 0.00903896
v -0.05756937 -0.02614102 0.00928448
v -0.05793769 -0.02586836 0.00912686
v -0.05742751 -0.02615589 0.00967814
v -0.05780748 -0.02589871 0.00952459
v -0.05717481 -0.02638487 0.00943519
v -0.05660333 -0.02657601 0.00995935
v -0.05727065 -0.02614067 0.01008192
v -0.05766556 -0.02589661 0.00993108
v -0.05702526 -0.02638215 0.00982337
v -0.05685735 -0.02635105 0.01022281
v -0.05750215 -0.02587203 0.01033285
v -0.05732023 -0.02582627 0.01072038
v -0.05643260 -0.02653202 0.01033515
v -0.05625023 -0.02646347 0.01070168
v -0.05668186 -0.02629740 0.01059616
v -0.05709673 -0.02610071 0.01047692
v -0.05843332 -0.02537705 0.00912716
v -0.05816268 -0.02561228 0.00936373
v -0.05836775 -0.02533603 0.00959599
v -0.05863104 -0.02509274 0.00935768
v -0.05927607 -0.02416529 0.00911853
v -0.05887302 -0.02482684 0.00911447
v -0.05904107 -0.02451555 0.00933861
v -0.05921121 -0.02412557 0.00958936
v -0.05880902 -0.02478708 0.00958365
v -0.05896289 -0.02446723 0.00980067
v -0.05803392 -0.02562390 0.00977340
v -0.05823142 -0.02533972 0.01000429
v -0.05855191 -0.02504095 0.00982252
v -0.05840877 -0.02503445 0.01023128
v -0.05824264 -0.02500901 0.01063049
v -0.05911584 -0.02406678 0.01004816
v -0.05871429 -0.02472844 0.01004224
v -0.05885410 -0.02440000 0.01025410
v -0.05856244 -0.02471472 0.01044861
v -0.05897068 -0.02405720 0.01045709
v -0.05871539 -0.02431427 0.01069610
v -0.05788447 -0.02561386 0.01017603
v -0.05807348 -0.02532098 0.01040815
v -0.05771511 -0.02558222 0.01056955
v -0.05532070 -0.02719836 0.00919675
v -0.05573958 -0.02708693 0.00919542
v -0.05614937 -0.02694583 0.00918993
v -0.05490929 -0.02727656 0.00919954
v -0.05449345 -0.02732613 0.00919843
v -0.05556930 -0.02706660 0.00959456
v -0.05598364 -0.02693609 0.00959032
v -0.05515068 -0.02716713 0.00959002
v -0.05473638 -0.02723422 0.00959148
v -0.05400000 -0.02734627 0.00920114
v -0.05424751 -0.02727311 0.00960221
v -0.05539473 -0.02701630 0.00998491
v -0.05580755 -0.02689747 0.00998450
v -0.05621111 -0.02675045 0.00997596
v -0.05497476 -0.02710634 0.00997719
v -0.05448901 -0.02716393 0.00999311
v -0.05603525 -0.02669702 0.01034918
v -0.05562376 -0.02683499 0.01035557
v -0.05584596 -0.02661835 0.01071544
v -0.05543206 -0.02674604 0.01071712
v -0.05473680 -0.02701078 0.01039405
v -0.05520713 -0.02694328 0.01035318
v -0.05400000 -0.02718317 0.00999843
v -0.05424781 -0.02704971 0.01040484
v -0.05949655 -0.02380581 0.00840000
v -0.05964971 -0.02340484 0.00864781
v -0.05978317 -0.02299843 0.00840000
v -0.05987311 -0.02260221 0.00864751
v -0.05994627 -0.02220114 0.00840000
v -0.05998150 -0.02180045 0.00864749
v -0.06000000 -0.02140000 0.00840000
v -0.05998564 -0.02140000 0.00881485
v -0.05947790 -0.02379764 0.00889394
v -0.05961078 -0.02339405 0.00913680
v -0.05942903 -0.02376482 0.00936604
v -0.05954328 -0.02335318 0.00960713
v -0.05976393 -0.02299311 0.00888901
v -0.05983422 -0.02259148 0.00913638
v -0.05970634 -0.02297719 0.00937476
v -0.05961630 -0.02298491 0.00979473
v -0.05976713 -0.02259002 0.00955068
v -0.05934604 -0.02371712 0.00983206
v -0.05921835 -0.02371544 0.01024596
v -0.05943499 -0.02335557 0.01002376
v -0.05906347 -0.02370168 0.01065023
v -0.05929702 -0.02334918 0.01043525
v -0.05949746 -0.02298450 0.01020755
v -0.05966660 -0.02259457 0.00996930
v -0.05935045 -0.02297596 0.01061111
v -0.05953609 -0.02259032 0.01038364
v -0.05992613 -0.02219843 0.00889345
v -0.05987656 -0.02219954 0.00930929
v -0.05994989 -0.02180026 0.00906231
v -0.05979836 -0.02219675 0.00972070
v -0.05988890 -0.02179963 0.00947758
v -0.05994263 -0.02140000 0.00922771
v -0.05987118 -0.02140000 0.00963662
v -0.05968693 -0.02219542 0.01013958
v -0.05979986 -0.02179940 0.00988395
v -0.05954583 -0.02218993 0.01054937
v -0.05967719 -0.02179625 0.01030067
v -0.05953151 -0.02179593 0.01069033
v -0.05977163 -0.02140000 0.01003960
v -0.05964445 -0.02140000 0.01043473
v -0.04770000 -0.02740000 0.00840000
v -0.04770000 -0.02738150 0.00880045
v -0.04770000 -0.02734627 0.00920114
v -0.04770000 -0.02727311 0.00960221
v -0.04770000 -0.02718317 0.00999843
v -0.04770000 -0.02704971 0.01040484
v -0.05649358 -0.02621810 0.01096281
v -0.05691744 -0.02603545 0.01084972
v -0.05713499 -0.02575179 0.01108956
v -0.05672394 -0.02594761 0.01121058
v -0.05629610 -0.02611539 0.01131427
v -0.05648563 -0.02581007 0.01162070
v -0.05841007 -0.02462070 0.01088564
v -0.05854761 -0.02421058 0.01112394
v -0.05822683 -0.02450782 0.01131125
v -0.05835180 -0.02408956 0.01153499
v -0.05789669 -0.02528104 0.01079861
v -0.05752671 -0.02552915 0.01095195
v -0.05807386 -0.02490829 0.01106374
v -0.05731451 -0.02541767 0.01137865
v -0.05771545 -0.02516988 0.01122550
v -0.05691125 -0.02562683 0.01150782
v -0.05787947 -0.02478553 0.01148025
v -0.05749171 -0.02504487 0.01164390
v -0.05724390 -0.02489171 0.01204487
v -0.05708025 -0.02527947 0.01178552
v -0.05666374 -0.02547386 0.01190829
v -0.05639862 -0.02529669 0.01228104
v -0.05682550 -0.02511545 0.01216988
v -0.05655195 -0.02492671 0.01252915
v -0.05764487 -0.02464390 0.01189171
v -0.05801767 -0.02437865 0.01171451
v -0.05738553 -0.02448025 0.01227947
v -0.05776988 -0.02422550 0.01211545
v -0.05750829 -0.02406374 0.01247386
v -0.05697865 -0.02471451 0.01241767
v -0.05496604 -0.02682903 0.01076482
v -0.05449394 -0.02687789 0.01079764
v -0.05518936 -0.02661121 0.01112557
v -0.05471853 -0.02667607 0.01116529
v -0.05605709 -0.02637068 0.01105720
v -0.05564816 -0.02651584 0.01106678
v -0.05585410 -0.02625410 0.01140000
v -0.05540067 -0.02636288 0.01146723
v -0.05493861 -0.02644107 0.01151555
v -0.05447076 -0.02648817 0.01154466
v -0.05400000 -0.02689655 0.01080581
v -0.05424780 -0.02670856 0.01118528
v -0.05400000 -0.02650391 0.01155439
v -0.05604861 -0.02596244 0.01171472
v -0.05564224 -0.02611429 0.01172844
v -0.05583128 -0.02580876 0.01203445
v -0.05542252 -0.02595191 0.01204095
v -0.05518365 -0.02620902 0.01178708
v -0.05471447 -0.02627302 0.01182684
v -0.05495768 -0.02603104 0.01209273
v -0.05448685 -0.02608123 0.01212144
v -0.05519599 -0.02576775 0.01233603
v -0.05472716 -0.02583332 0.01237705
v -0.05424405 -0.02630514 0.01184675
v -0.05400000 -0.02609671 0.01213375
v -0.05424406 -0.02586097 0.01240501
v -0.05623049 -0.02564264 0.01200901
v -0.05600815 -0.02547348 0.01232098
v -0.05560429 -0.02563142 0.01233972
v -0.05668956 -0.02453499 0.01275179
v -0.05632038 -0.02472023 0.01282627
v -0.05710782 -0.02431125 0.01262683
v -0.05681058 -0.02412394 0.01294761
v -0.05644972 -0.02431744 0.01303545
v -0.05577603 -0.02528447 0.01261386
v -0.05537340 -0.02543392 0.01262389
v -0.05616955 -0.02511511 0.01258222
v -0.05593285 -0.02490215 0.01287203
v -0.05553108 -0.02506556 0.01289661
v -0.05496373 -0.02556268 0.01261228
v -0.05448344 -0.02560373 0.01265381
v -0.05472687 -0.02533769 0.01286836
v -0.05512459 -0.02520747 0.01289871
v -0.05488448 -0.02496937 0.01314102
v -0.05448652 -0.02509385 0.01310306
v -0.05607692 -0.02449673 0.01310071
v -0.05568192 -0.02467065 0.01314067
v -0.05542337 -0.02442526 0.01338215
v -0.05582281 -0.02425735 0.01335105
v -0.05619616 -0.02408186 0.01329739
v -0.05527814 -0.02482751 0.01315590
v -0.05503519 -0.02457481 0.01338487
v -0.05463896 -0.02471115 0.01336266
v -0.05400000 -0.02561744 0.01266769
v -0.05424385 -0.02536530 0.01289632
v -0.05400000 -0.02510606 0.01311860
v -0.05424384 -0.02483233 0.01331524
v -0.05555935 -0.02400333 0.01357601
v -0.05439455 -0.02443779 0.01355909
v -0.05517609 -0.02416160 0.01359523
v -0.05478720 -0.02430665 0.01358958
v -0.05439490 -0.02407219 0.01375756
v -0.05400000 -0.02455439 0.01350390
v -0.05400000 -0.02419395 0.01370979
v -0.05913202 -0.02333515 0.01083260
v -0.05881809 -0.02396281 0.01089359
v -0.05889739 -0.02359616 0.01108186
v -0.05863545 -0.02384972 0.01131744
v -0.05895105 -0.02322281 0.01125735
v -0.05870071 -0.02347692 0.01149673
v -0.05917601 -0.02295935 0.01100333
v -0.05937840 -0.02257847 0.01078410
v -0.05919523 -0.02257609 0.01116160
v -0.05898215 -0.02282337 0.01142526
v -0.05898487 -0.02243519 0.01157481
v -0.05842627 -0.02372038 0.01172023
v -0.05812915 -0.02395195 0.01192671
v -0.05847203 -0.02333285 0.01190215
v -0.05818222 -0.02356955 0.01211511
v -0.05821386 -0.02317603 0.01228447
v -0.05874067 -0.02308192 0.01167065
v -0.05849661 -0.02293108 0.01206555
v -0.05875590 -0.02267814 0.01182751
v -0.05874102 -0.02228448 0.01196937
v -0.05822390 -0.02277340 0.01243392
v -0.05849871 -0.02252459 0.01220748
v -0.05788104 -0.02379861 0.01229669
v -0.05792098 -0.02340815 0.01247348
v -0.05938080 -0.02219049 0.01093418
v -0.05935756 -0.02179490 0.01107219
v -0.05918958 -0.02218720 0.01130665
v -0.05915909 -0.02179454 0.01143779
v -0.05949026 -0.02140000 0.01082013
v -0.05930979 -0.02140000 0.01119395
v -0.05910391 -0.02140000 0.01155439
v -0.05896266 -0.02203896 0.01171115
v -0.05870306 -0.02188652 0.01209385
v -0.05891525 -0.02164384 0.01183233
v -0.05846836 -0.02212686 0.01233769
v -0.05849632 -0.02164385 0.01236530
v -0.05871860 -0.02140000 0.01210606
v -0.05821228 -0.02236373 0.01256268
v -0.05760901 -0.02363049 0.01264264
v -0.05722070 -0.02388564 0.01281007
v -0.05731472 -0.02344861 0.01296244
v -0.05763445 -0.02323128 0.01280877
v -0.05691427 -0.02369610 0.01311539
v -0.05656281 -0.02389359 0.01321810
v -0.05630168 -0.02365023 0.01346347
v -0.05700000 -0.02325410 0.01325410
v -0.05665720 -0.02345709 0.01337068
v -0.05793972 -0.02300429 0.01263142
v -0.05764095 -0.02282252 0.01295191
v -0.05793604 -0.02259599 0.01276775
v -0.05732844 -0.02304224 0.01311429
v -0.05769274 -0.02235768 0.01303104
v -0.05738708 -0.02258365 0.01320902
v -0.05706723 -0.02280067 0.01336288
v -0.05711555 -0.02233861 0.01344107
v -0.05631544 -0.02324596 0.01361835
v -0.05666678 -0.02304816 0.01351584
v -0.05631712 -0.02283206 0.01374604
v -0.05672557 -0.02258936 0.01361121
v -0.05636482 -0.02236604 0.01382903
v -0.05825381 -0.02188344 0.01260373
v -0.05826769 -0.02140000 0.01261744
v -0.05797705 -0.02212716 0.01283332
v -0.05800501 -0.02164406 0.01286097
v -0.05772144 -0.02188685 0.01308123
v -0.05742684 -0.02211447 0.01327302
v -0.05744675 -0.02164405 0.01330514
v -0.05773375 -0.02140000 0.01309671
v -0.05676529 -0.02211853 0.01367607
v -0.05714466 -0.02187075 0.01348817
v -0.05639764 -0.02189394 0.01387789
v -0.05678528 -0.02164779 0.01370856
v -0.05715439 -0.02140000 0.01350390
v -0.05640581 -0.02140000 0.01389655
v -0.05593515 -0.02383260 0.01353202
v -0.05557596 -0.02361111 0.01375045
v -0.05594918 -0.02343525 0.01369702
v -0.05558450 -0.02320755 0.01389746
v -0.05517847 -0.02378410 0.01377841
v -0.05479049 -0.02393418 0.01378080
v -0.05439593 -0.02369033 0.01393151
v -0.05519032 -0.02338364 0.01393609
v -0.05478993 -0.02354937 0.01394583
v -0.05479542 -0.02313958 0.01408693
v -0.05439625 -0.02330067 0.01407719
v -0.05595557 -0.02302376 0.01383499
v -0.05558491 -0.02279473 0.01401630
v -0.05595318 -0.02260713 0.01394328
v -0.05557719 -0.02237476 0.01410634
v -0.05519456 -0.02296930 0.01406660
v -0.05479676 -0.02272070 0.01419836
v -0.05439940 -0.02288395 0.01419986
v -0.05519002 -0.02255068 0.01416713
v -0.05439963 -0.02247757 0.01428890
v -0.05479954 -0.02230929 0.01427656
v -0.05400000 -0.02382013 0.01389026
v -0.05400000 -0.02343474 0.01404445
v -0.05400000 -0.02303960 0.01417163
v -0.05400000 -0.02263662 0.01427118
v -0.05599405 -0.02213680 0.01401078
v -0.05559311 -0.02188901 0.01416393
v -0.05600484 -0.02164781 0.01404971
v -0.05519148 -0.02213638 0.01423422
v -0.05440026 -0.02206231 0.01434989
v -0.05479843 -0.02189345 0.01432613
v -0.05520221 -0.02164751 0.01427311
v -0.05440045 -0.02164749 0.01438150
v -0.05559843 -0.02140000 0.01418317
v -0.05480114 -0.02140000 0.01434627
v -0.05400000 -0.02222771 0.01434263
v -0.05400000 -0.02181485 0.01438564
v -0.05400000 -0.02140000 0.01440000
v -0.04770000 -0.02689655 0.01080581
v -0.04770000 -0.02670856 0.01118528
v -0.04770000 -0.02650391 0.01155439
v -0.04770000 -0.02630514 0.01184675
v -0.04770000 -0.02609671 0.01213375
v -0.04770000 -0.02586097 0.01240501
v -0.04770000 -0.02561744 0.01266769
v -0.04770000 -0.02536530 0.01289632
v -0.04770000 -0.02510606 0.01311860
v -0.04770000 -0.02483233 0.01331524
v -0.04770000 -0.02455439 0.01350390
v -0.04770000 -0.02419395 0.01370979
v -0.04770000 -0.02382013 0.01389026
v -0.04770000 -0.02343474 0.01404445
v -0.04770000 -0.02303960 0.01417163
v -0.04770000 -0.02263662 0.01427118
v -0.04770000 -0.02222771 0.01434263
v -0.04770000 -0.02181485 0.01438564
v -0.04770000 -0.02140000 0.01440000
v -0.05640581 0.02140000 -0.01449655
v -0.05715439 0.02140000 -0.01410391
v -0.05678528 0.02164779 -0.01430856
v -0.05639764 0.02189394 -0.01447789
v -0.05714466 0.02187075 -0.01408817
v -0.05676529 0.02211853 -0.01427607
v -0.05826769 0.02140000 -0.01321744
v -0.05825381 0.02188344 -0.01320373
v -0.05773375 0.02140000 -0.01369671
v -0.05744675 0.02164405 -0.01390514
v -0.05742684 0.02211447 -0.01387302
v -0.05772144 0.02188685 -0.01368123
v -0.05800501 0.02164406 -0.01346097
v -0.05797705 0.02212716 -0.01343332
v -0.05636482 0.02236604 -0.01442903
v -0.05672557 0.02258936 -0.01421121
v -0.05631712 0.02283206 -0.01434604
v -0.05666678 0.02304816 -0.01411584
v -0.05631544 0.02324596 -0.01421835
v -0.05821228 0.02236373 -0.01316268
v -0.05769274 0.02235768 -0.01363104
v -0.05738708 0.02258365 -0.01380902
v -0.05732844 0.02304224 -0.01371429
v -0.05711555 0.02233861 -0.01404107
v -0.05706723 0.02280067 -0.01396288
v -0.05793604 0.02259599 -0.01336775
v -0.05764095 0.02282252 -0.01355191
v -0.05793972 0.02300429 -0.01323142
v -0.05700000 0.02325410 -0.01385410
v -0.05665720 0.02345709 -0.01397068
v -0.05630168 0.02365023 -0.01406347
v -0.05691427 0.02369610 -0.01371539
v -0.05656281 0.02389359 -0.01381810
v -0.05763445 0.02323128 -0.01340877
v -0.05731472 0.02344861 -0.01356244
v -0.05722070 0.02388564 -0.01341007
v -0.05760901 0.02363049 -0.01324264
v -0.05559843 0.02140000 -0.01478317
v -0.05480114 0.02140000 -0.01494627
v -0.05600484 0.02164781 -0.01464971
v -0.05599405 0.02213680 -0.01461078
v -0.05559311 0.02188901 -0.01476393
v -0.05520221 0.02164751 -0.01487311
v -0.05440045 0.02164749 -0.01498150
v -0.05519148 0.02213638 -0.01483422
v -0.05479843 0.02189345 -0.01492613
v -0.05440026 0.02206231 -0.01494989
v -0.05400000 0.02140000 -0.01500000
v -0.05400000 0.02181485 -0.01498564
v -0.05400000 0.02222771 -0.01494263
v -0.05595318 0.02260713 -0.01454328
v -0.05557719 0.02237476 -0.01470634
v -0.05558491 0.02279473 -0.01461630
v -0.05479954 0.02230929 -0.01487656
v -0.05439963 0.02247757 -0.01488890
v -0.05519002 0.02255068 -0.01476713
v -0.05479676 0.02272070 -0.01479836
v -0.05439940 0.02288395 -0.01479986
v -0.05519456 0.02296930 -0.01466660
v -0.05595557 0.02302376 -0.01443499
v -0.05479542 0.02313958 -0.01468693
v -0.05439625 0.02330067 -0.01467719
v -0.05478993 0.02354937 -0.01454583
v -0.05558450 0.02320755 -0.01449747
v -0.05594918 0.02343525 -0.01429702
v -0.05557596 0.02361111 -0.01435045
v -0.05593515 0.02383260 -0.01413202
v -0.05519032 0.02338364 -0.01453609
v -0.05517847 0.02378410 -0.01437841
v -0.05439593 0.02369033 -0.01453151
v -0.05479049 0.02393418 -0.01438080
v -0.05400000 0.02263662 -0.01487118
v -0.05400000 0.02303960 -0.01477163
v -0.05400000 0.02343474 -0.01464445
v -0.05400000 0.02382013 -0.01449026
v -0.05871860 0.02140000 -0.01270606
v -0.05849632 0.02164385 -0.01296530
v -0.05846836 0.02212686 -0.01293769
v -0.05891525 0.02164384 -0.01243233
v -0.05870306 0.02188652 -0.01269385
v -0.05896266 0.02203896 -0.01231115
v -0.05910391 0.02140000 -0.01215439
v -0.05930979 0.02140000 -0.01179395
v -0.05949026 0.02140000 -0.01142013
v -0.05915909 0.02179454 -0.01203779
v -0.05918958 0.02218720 -0.01190665
v -0.05935756 0.02179490 -0.01167219
v -0.05938080 0.02219049 -0.01153418
v -0.05849871 0.02252459 -0.01280748
v -0.05822390 0.02277340 -0.01303392
v -0.05874102 0.02228448 -0.01256937
v -0.05875590 0.02267814 -0.01242751
v -0.05849661 0.02293108 -0.01266556
v -0.05874067 0.02308192 -0.01227065
v -0.05821386 0.02317603 -0.01288447
v -0.05818222 0.02356955 -0.01271511
v -0.05847203 0.02333285 -0.01250215
v -0.05812915 0.02395195 -0.01252671
v -0.05842627 0.02372038 -0.01232023
v -0.05792098 0.02340815 -0.01307348
v -0.05788104 0.02379861 -0.01289669
v -0.05898487 0.02243519 -0.01217481
v -0.05898215 0.02282337 -0.01202526
v -0.05919523 0.02257609 -0.01176160
v -0.05937840 0.02257847 -0.01138410
v -0.05917601 0.02295935 -0.01160333
v -0.05870071 0.02347692 -0.01209673
v -0.05895105 0.02322281 -0.01185735
v -0.05863545 0.02384972 -0.01191744
v -0.05913202 0.02333515 -0.01143260
v -0.05889739 0.02359616 -0.01168186
v -0.05881809 0.02396281 -0.01149359
v -0.05644972 0.02431744 -0.01363545
v -0.05681058 0.02412394 -0.01354761
v -0.05710782 0.02431125 -0.01322683
v -0.05632038 0.02472023 -0.01342627
v -0.05668956 0.02453499 -0.01335179
v -0.05555935 0.02400333 -0.01417601
v -0.05439490 0.02407219 -0.01435756
v -0.05517609 0.02416160 -0.01419523
v -0.05478720 0.02430665 -0.01418958
v -0.05439455 0.02443779 -0.01415909
v -0.05400000 0.02419395 -0.01430979
v -0.05400000 0.02455439 -0.01410391
v -0.05619616 0.02408186 -0.01389739
v -0.05582281 0.02425735 -0.01395105
v -0.05542337 0.02442526 -0.01398215
v -0.05607692 0.02449673 -0.01370071
v -0.05568192 0.02467065 -0.01374067
v -0.05503519 0.02457481 -0.01398487
v -0.05463896 0.02471115 -0.01396266
v -0.05527814 0.02482751 -0.01375590
v -0.05488448 0.02496937 -0.01374102
v -0.05448652 0.02509385 -0.01370306
v -0.05593285 0.02490215 -0.01347203
v -0.05553108 0.02506556 -0.01349661
v -0.05616955 0.02511511 -0.01318222
v -0.05577603 0.02528447 -0.01321386
v -0.05537340 0.02543392 -0.01322389
v -0.05512459 0.02520747 -0.01349871
v -0.05472687 0.02533769 -0.01346836
v -0.05496373 0.02556268 -0.01321228
v -0.05448344 0.02560373 -0.01325381
v -0.05424384 0.02483233 -0.01391524
v -0.05400000 0.02510606 -0.01371860
v -0.05424385 0.02536530 -0.01349632
v -0.05400000 0.02561744 -0.01326769
v -0.05750829 0.02406374 -0.01307386
v -0.05776988 0.02422550 -0.01271545
v -0.05738553 0.02448025 -0.01287947
v -0.05697865 0.02471451 -0.01301767
v -0.05801767 0.02437865 -0.01231451
v -0.05764487 0.02464390 -0.01249171
v -0.05655195 0.02492671 -0.01312915
v -0.05682550 0.02511545 -0.01276988
v -0.05639862 0.02529669 -0.01288104
v -0.05724390 0.02489171 -0.01264487
v -0.05749171 0.02504487 -0.01224390
v -0.05666374 0.02547386 -0.01250829
v -0.05708025 0.02527947 -0.01238552
v -0.05835180 0.02408956 -0.01213499
v -0.05822683 0.02450782 -0.01191125
v -0.05854761 0.02421058 -0.01172394
v -0.05841007 0.02462070 -0.01148564
v -0.05787947 0.02478553 -0.01208025
v -0.05771545 0.02516988 -0.01182550
v -0.05731451 0.02541767 -0.01197865
v -0.05691125 0.02562683 -0.01210782
v -0.05807386 0.02490829 -0.01166374
v -0.05789669 0.02528104 -0.01139861
v -0.05752671 0.02552915 -0.01155195
v -0.05648563 0.02581007 -0.01222070
v -0.05672394 0.02594761 -0.01181058
v -0.05629610 0.02611539 -0.01191427
v -0.05713499 0.02575179 -0.01168956
v -0.05691744 0.02603545 -0.01144972
v -0.05649358 0.02621810 -0.01156281
v -0.05560429 0.02563142 -0.01293972
v -0.05600815 0.02547348 -0.01292098
v -0.05623049 0.02564264 -0.01260901
v -0.05519599 0.02576775 -0.01293603
v -0.05472716 0.02583332 -0.01297705
v -0.05448685 0.02608123 -0.01272144
v -0.05583128 0.02580876 -0.01263445
v -0.05542252 0.02595191 -0.01264095
v -0.05604861 0.02596244 -0.01231472
v -0.05564224 0.02611429 -0.01232844
v -0.05495768 0.02603104 -0.01269273
v -0.05518365 0.02620902 -0.01238708
v -0.05471447 0.02627302 -0.01242684
v -0.05424406 0.02586097 -0.01300501
v -0.05400000 0.02609671 -0.01273375
v -0.05424405 0.02630514 -0.01244675
v -0.05540067 0.02636288 -0.01206723
v -0.05585410 0.02625410 -0.01200000
v -0.05493861 0.02644107 -0.01211555
v -0.05447076 0.02648817 -0.01214466
v -0.05605709 0.02637068 -0.01165720
v -0.05564816 0.02651584 -0.01166678
v -0.05518936 0.02661121 -0.01172557
v -0.05471853 0.02667607 -0.01176529
v -0.05496604 0.02682903 -0.01136482
v -0.05449394 0.02687789 -0.01139764
v -0.05400000 0.02650391 -0.01215439
v -0.05424780 0.02670856 -0.01178528
v -0.05400000 0.02689655 -0.01140581
v -0.05964445 0.02140000 -0.01103474
v -0.05977163 0.02140000 -0.01063960
v -0.05953151 0.02179593 -0.01129033
v -0.05967719 0.02179625 -0.01090067
v -0.05954583 0.02218993 -0.01114937
v -0.05979986 0.02179940 -0.01048395
v -0.05968693 0.02219542 -0.01073958
v -0.05987118 0.02140000 -0.01023662
v -0.05994263 0.02140000 -0.00982771
v -0.05988890 0.02179963 -0.01007758
v -0.05979836 0.02219675 -0.01032070
v -0.05994989 0.02180026 -0.00966231
v -0.05987656 0.02219954 -0.00990929
v -0.05992613 0.02219843 -0.00949345
v -0.05953609 0.02259032 -0.01098364
v -0.05935045 0.02297596 -0.01121111
v -0.05966660 0.02259457 -0.01056930
v -0.05949746 0.02298450 -0.01080755
v -0.05929702 0.02334918 -0.01103525
v -0.05906347 0.02370168 -0.01125023
v -0.05943499 0.02335557 -0.01062376
v -0.05921835 0.02371544 -0.01084596
v -0.05934604 0.02371712 -0.01043206
v -0.05976713 0.02259002 -0.01015068
v -0.05961630 0.02298491 -0.01039473
v -0.05970634 0.02297719 -0.00997476
v -0.05983422 0.02259148 -0.00973638
v -0.05976393 0.02299311 -0.00948901
v -0.05954328 0.02335318 -0.01020713
v -0.05942903 0.02376482 -0.00996604
v -0.05961078 0.02339405 -0.00973680
v -0.05947790 0.02379764 -0.00949394
v -0.05998564 0.02140000 -0.00941485
v -0.06000000 0.02140000 -0.00900000
v -0.05998150 0.02180045 -0.00924749
v -0.05994627 0.02220114 -0.00900000
v -0.05987311 0.02260221 -0.00924751
v -0.05978317 0.02299843 -0.00900000
v -0.05964971 0.02340484 -0.00924781
v -0.05949655 0.02380581 -0.00900000
v -0.05871539 0.02431427 -0.01129610
v -0.05897068 0.02405720 -0.01105709
v -0.05856244 0.02471472 -0.01104861
v -0.05911584 0.02406678 -0.01064816
v -0.05885410 0.02440000 -0.01085410
v -0.05871429 0.02472844 -0.01064224
v -0.05824264 0.02500901 -0.01123049
v -0.05840877 0.02503445 -0.01083128
v -0.05855191 0.02504095 -0.01042252
v -0.05823142 0.02533972 -0.01060429
v -0.05771511 0.02558222 -0.01116955
v -0.05807348 0.02532098 -0.01100815
v -0.05788447 0.02561386 -0.01077603
v -0.05921121 0.02412557 -0.01018936
v -0.05896289 0.02446723 -0.01040067
v -0.05880902 0.02478708 -0.01018365
v -0.05927607 0.02416529 -0.00971853
v -0.05904107 0.02451555 -0.00993861
v -0.05887302 0.02482684 -0.00971447
v -0.05863104 0.02509274 -0.00995768
v -0.05836775 0.02533603 -0.01019599
v -0.05816268 0.02561228 -0.00996373
v -0.05843332 0.02537705 -0.00972716
v -0.05803392 0.02562390 -0.01037340
v -0.05732023 0.02582627 -0.01132038
v -0.05750215 0.02587203 -0.01093285
v -0.05709673 0.02610071 -0.01107692
v -0.05668186 0.02629740 -0.01119616
v -0.05625023 0.02646347 -0.01130168
v -0.05643260 0.02653202 -0.01093515
v -0.05766556 0.02589661 -0.01053108
v -0.05727065 0.02614067 -0.01068192
v -0.05685735 0.02635105 -0.01082281
v -0.05702526 0.02638215 -0.01042337
v -0.05660333 0.02657601 -0.01055935
v -0.05780748 0.02589871 -0.01012459
v -0.05742751 0.02615589 -0.01027814
v -0.05717481 0.02638487 -0.01003519
v -0.05793769 0.02586836 -0.00972686
v -0.05756937 0.02614102 -0.00988448
v -0.05731115 0.02636266 -0.00963896
v -0.05638411 0.02677841 -0.01017847
v -0.05676160 0.02659523 -0.01017609
v -0.05690665 0.02658958 -0.00978720
v -0.05653418 0.02678080 -0.00979049
v -0.05584596 0.02661835 -0.01131544
v -0.05543206 0.02674604 -0.01131712
v -0.05603525 0.02669702 -0.01094918
v -0.05562376 0.02683499 -0.01095557
v -0.05520713 0.02694328 -0.01095318
v -0.05473680 0.02701078 -0.01099405
v -0.05621111 0.02675045 -0.01057596
v -0.05580755 0.02689747 -0.01058450
v -0.05539473 0.02701630 -0.01058491
v -0.05497476 0.02710634 -0.01057719
v -0.05448901 0.02716393 -0.01059311
v -0.05424781 0.02704971 -0.01100484
v -0.05400000 0.02718317 -0.01059843
v -0.05598364 0.02693609 -0.01019032
v -0.05556930 0.02706660 -0.01019456
v -0.05515068 0.02716713 -0.01019002
v -0.05473638 0.02723422 -0.01019148
v -0.05614937 0.02694583 -0.00978993
v -0.05573958 0.02708693 -0.00979542
v -0.05532070 0.02719836 -0.00979675
v -0.05490929 0.02727656 -0.00979954
v -0.05449345 0.02732613 -0.00979843
v -0.05424751 0.02727311 -0.01020221
v -0.05400000 0.02734627 -0.00980114
v -0.05930856 0.02418528 -0.00924779
v -0.05908817 0.02454466 -0.00947075
v -0.05910391 0.02455439 -0.00900000
v -0.05868123 0.02512144 -0.00948685
v -0.05890514 0.02484675 -0.00924405
v -0.05820373 0.02565381 -0.00948344
v -0.05846097 0.02540501 -0.00924406
v -0.05869671 0.02513375 -0.00900000
v -0.05821744 0.02566769 -0.00900000
v -0.05769385 0.02610306 -0.00948652
v -0.05796530 0.02589632 -0.00924385
v -0.05743233 0.02631524 -0.00924384
v -0.05770605 0.02611860 -0.00900000
v -0.05715439 0.02650391 -0.00900000
v -0.05703779 0.02655909 -0.00939455
v -0.05667219 0.02675756 -0.00939490
v -0.05629033 0.02693151 -0.00939593
v -0.05679395 0.02670979 -0.00900000
v -0.05642013 0.02689026 -0.00900000
v -0.05590067 0.02707719 -0.00939625
v -0.05548396 0.02719986 -0.00939940
v -0.05507758 0.02728890 -0.00939963
v -0.05466231 0.02734989 -0.00940026
v -0.05603474 0.02704445 -0.00900000
v -0.05563960 0.02717163 -0.00900000
v -0.05523662 0.02727118 -0.00900000
v -0.05482771 0.02734263 -0.00900000
v -0.05441485 0.02738564 -0.00900000
v -0.05424749 0.02738150 -0.00940045
v -0.05400000 0.02740000 -0.00900000
v -0.04770000 0.02740000 -0.00550000
v -0.06000000 0.02140000 0.00840000
v -0.05998564 0.02140000 0.00881485
v -0.05994627 0.02220114 0.00840000
v -0.05998150 0.02180045 0.00864749
v -0.05978317 0.02299843 0.00840000
v -0.05987311 0.02260221 0.00864751
v -0.05949655 0.02380581 0.00840000
v -0.05964971 0.02340484 0.00864781
v -0.05994263 0.02140000 0.00922771
v -0.05987118 0.02140000 0.00963662
v -0.05994989 0.02180026 0.00906231
v -0.05992613 0.02219843 0.00889345
v -0.05987656 0.02219954 0.00930929
v -0.05988890 0.02179963 0.00947758
v -0.05979836 0.02219675 0.00972070
v -0.05977163 0.02140000 0.01003960
v -0.05964445 0.02140000 0.01043473
v -0.05979986 0.02179940 0.00988395
v -0.05968693 0.02219542 0.01013958
v -0.05967719 0.02179625 0.01030067
v -0.05953151 0.02179593 0.01069033
v -0.05954583 0.02218993 0.01054937
v -0.05983422 0.02259148 0.00913638
v -0.05976393 0.02299311 0.00888901
v -0.05976713 0.02259002 0.00955068
v -0.05970634 0.02297719 0.00937476
v -0.05961630 0.02298491 0.00979473
v -0.05961078 0.02339405 0.00913680
v -0.05947790 0.02379764 0.00889394
v -0.05954328 0.02335318 0.00960713
v -0.05942903 0.02376482 0.00936604
v -0.05966660 0.02259457 0.00996930
v -0.05949746 0.02298450 0.01020755
v -0.05953609 0.02259032 0.01038364
v -0.05935045 0.02297596 0.01061111
v -0.05943499 0.02335557 0.01002376
v -0.05934604 0.02371712 0.00983206
v -0.05921835 0.02371544 0.01024596
v -0.05929702 0.02334918 0.01043525
v -0.05906347 0.02370168 0.01065023
v -0.05910391 0.02455439 0.00840000
v -0.05930856 0.02418528 0.00864779
v -0.05908817 0.02454466 0.00887075
v -0.05869671 0.02513375 0.00840000
v -0.05821744 0.02566769 0.00840000
v -0.05890514 0.02484675 0.00864405
v -0.05868123 0.02512144 0.00888685
v -0.05846097 0.02540501 0.00864406
v -0.05820373 0.02565381 0.00888344
v -0.05770605 0.02611860 0.00840000
v -0.05715439 0.02650391 0.00840000
v -0.05796530 0.02589632 0.00864385
v -0.05769385 0.02610306 0.00888652
v -0.05743233 0.02631524 0.00864384
v -0.05679395 0.02670979 0.00840000
v -0.05642013 0.02689026 0.00840000
v -0.05703779 0.02655909 0.00879455
v -0.05667219 0.02675756 0.00879490
v -0.05629033 0.02693151 0.00879593
v -0.05603474 0.02704445 0.00840000
v -0.05563960 0.02717163 0.00840000
v -0.05523662 0.02727118 0.00840000
v -0.05482771 0.02734263 0.00840000
v -0.05441485 0.02738564 0.00840000
v -0.05590067 0.02707719 0.00879625
v -0.05548396 0.02719986 0.00879940
v -0.05507758 0.02728890 0.00879963
v -0.05466231 0.02734989 0.00880026
v -0.05400000 0.02740000 0.00840000
v -0.05424749 0.02738150 0.00880045
v -0.05927607 0.02416529 0.00911853
v -0.05887302 0.02482684 0.00911447
v -0.05904107 0.02451555 0.00933861
v -0.05921121 0.02412557 0.00958936
v -0.05896289 0.02446723 0.00980067
v -0.05880902 0.02478708 0.00958365
v -0.05843332 0.02537705 0.00912716
v -0.05863104 0.02509274 0.00935768
v -0.05816268 0.02561228 0.00936373
v -0.05836775 0.02533603 0.00959599
v -0.05803392 0.02562390 0.00977340
v -0.05911584 0.02406678 0.01004816
v -0.05885410 0.02440000 0.01025410
v -0.05871429 0.02472844 0.01004224
v -0.05897068 0.02405720 0.01045709
v -0.05871539 0.02431427 0.01069610
v -0.05856244 0.02471472 0.01044861
v -0.05855191 0.02504095 0.00982252
v -0.05840877 0.02503445 0.01023128
v -0.05823142 0.02533972 0.01000429
v -0.05824264 0.02500901 0.01063049
v -0.05788447 0.02561386 0.01017603
v -0.05807348 0.02532098 0.01040815
v -0.05771511 0.02558222 0.01056955
v -0.05793769 0.02586836 0.00912686
v -0.05731115 0.02636266 0.00903896
v -0.05756937 0.02614102 0.00928448
v -0.05780748 0.02589871 0.00952459
v -0.05742751 0.02615589 0.00967814
v -0.05717481 0.02638487 0.00943519
v -0.05690665 0.02658958 0.00918720
v -0.05653418 0.02678080 0.00919049
v -0.05676160 0.02659523 0.00957609
v -0.05638411 0.02677841 0.00957847
v -0.05766556 0.02589661 0.00993108
v -0.05727065 0.02614067 0.01008192
v -0.05702526 0.02638215 0.00982337
v -0.05685735 0.02635105 0.01022281
v -0.05750215 0.02587203 0.01033285
v -0.05732023 0.02582627 0.01072038
v -0.05709673 0.02610071 0.01047692
v -0.05643260 0.02653202 0.01033515
v -0.05668186 0.02629740 0.01059616
v -0.05625023 0.02646347 0.01070168
v -0.05660333 0.02657601 0.00995935
v -0.05614937 0.02694583 0.00918993
v -0.05573958 0.02708693 0.00919542
v -0.05532070 0.02719836 0.00919675
v -0.05490929 0.02727656 0.00919954
v -0.05449345 0.02732613 0.00919843
v -0.05598364 0.02693609 0.00959032
v -0.05556930 0.02706660 0.00959456
v -0.05515068 0.02716713 0.00959002
v -0.05473638 0.02723422 0.00959148
v -0.05400000 0.02734627 0.00920114
v -0.05424751 0.02727311 0.00960221
v -0.05621111 0.02675045 0.00997596
v -0.05580755 0.02689747 0.00998450
v -0.05539473 0.02701630 0.00998491
v -0.05497476 0.02710634 0.00997719
v -0.05448901 0.02716393 0.00999311
v -0.05603525 0.02669702 0.01034918
v -0.05562376 0.02683499 0.01035557
v -0.05584596 0.02661835 0.01071544
v -0.05543206 0.02674604 0.01071712
v -0.05520713 0.02694328 0.01035318
v -0.05473680 0.02701078 0.01039405
v -0.05400000 0.02718317 0.00999843
v -0.05424781 0.02704971 0.01040484
v -0.04770000 0.02740000 0.00840000
v -0.04770000 0.02738150 0.00880045
v -0.04770000 0.02734627 0.00920114
v -0.04770000 0.02727311 0.00960221
v -0.04770000 0.02718317 0.00999843
v -0.04770000 0.02704971 0.01040484
v -0.05949026 0.02140000 0.01082013
v -0.05930979 0.02140000 0.01119395
v -0.05910391 0.02140000 0.01155439
v -0.05935756 0.02179490 0.01107219
v -0.05938080 0.02219049 0.01093418
v -0.05915909 0.02179454 0.01143779
v -0.05918958 0.02218720 0.01130665
v -0.05871860 0.02140000 0.01210606
v -0.05891525 0.02164384 0.01183233
v -0.05896266 0.02203896 0.01171115
v -0.05870306 0.02188652 0.01209385
v -0.05849632 0.02164385 0.01236530
v -0.05846836 0.02212686 0.01233769
v -0.05937840 0.02257847 0.01078410
v -0.05919523 0.02257609 0.01116160
v -0.05917601 0.02295935 0.01100333
v -0.05898487 0.02243519 0.01157481
v -0.05898215 0.02282337 0.01142526
v -0.05913202 0.02333515 0.01083260
v -0.05881809 0.02396281 0.01089359
v -0.05889739 0.02359616 0.01108186
v -0.05895105 0.02322281 0.01125735
v -0.05870071 0.02347692 0.01149673
v -0.05863545 0.02384972 0.01131744
v -0.05875590 0.02267814 0.01182751
v -0.05874102 0.02228448 0.01196937
v -0.05874067 0.02308192 0.01167065
v -0.05849661 0.02293108 0.01206555
v -0.05849871 0.02252459 0.01220748
v -0.05822390 0.02277340 0.01243392
v -0.05847203 0.02333285 0.01190215
v -0.05842627 0.02372038 0.01172023
v -0.05812915 0.02395195 0.01192671
v -0.05821386 0.02317603 0.01228447
v -0.05818222 0.02356955 0.01211511
v -0.05792098 0.02340815 0.01247348
v -0.05788104 0.02379861 0.01229669
v -0.05826769 0.02140000 0.01261744
v -0.05825381 0.02188344 0.01260373
v -0.05773375 0.02140000 0.01309671
v -0.05800501 0.02164406 0.01286097
v -0.05797705 0.02212716 0.01283332
v -0.05744675 0.02164405 0.01330514
v -0.05772144 0.02188685 0.01308123
v -0.05742684 0.02211447 0.01327302
v -0.05715439 0.02140000 0.01350390
v -0.05640581 0.02140000 0.01389655
v -0.05678528 0.02164779 0.01370856
v -0.05714466 0.02187075 0.01348817
v -0.05676529 0.02211853 0.01367607
v -0.05639764 0.02189394 0.01387789
v -0.05821228 0.02236373 0.01256268
v -0.05793604 0.02259599 0.01276775
v -0.05793972 0.02300429 0.01263142
v -0.05764095 0.02282252 0.01295191
v -0.05769274 0.02235768 0.01303104
v -0.05738708 0.02258365 0.01320902
v -0.05732844 0.02304224 0.01311429
v -0.05711555 0.02233861 0.01344107
v -0.05706723 0.02280067 0.01336288
v -0.05763445 0.02323128 0.01280877
v -0.05731472 0.02344861 0.01296244
v -0.05760901 0.02363049 0.01264264
v -0.05722070 0.02388564 0.01281007
v -0.05700000 0.02325410 0.01325410
v -0.05665720 0.02345709 0.01337068
v -0.05691427 0.02369610 0.01311539
v -0.05656281 0.02389359 0.01321810
v -0.05630168 0.02365023 0.01346347
v -0.05672557 0.02258936 0.01361121
v -0.05636482 0.02236604 0.01382903
v -0.05666678 0.02304816 0.01351584
v -0.05631712 0.02283206 0.01374604
v -0.05631544 0.02324596 0.01361835
v -0.05559843 0.02140000 0.01418317
v -0.05480114 0.02140000 0.01434627
v -0.05600484 0.02164781 0.01404971
v -0.05599405 0.02213680 0.01401078
v -0.05559311 0.02188901 0.01416393
v -0.05520221 0.02164751 0.01427311
v -0.05440045 0.02164749 0.01438150
v -0.05519148 0.02213638 0.01423422
v -0.05479843 0.02189345 0.01432613
v -0.05440026 0.02206231 0.01434989
v -0.05400000 0.02140000 0.01440000
v -0.05400000 0.02181485 0.01438564
v -0.05400000 0.02222771 0.01434263
v -0.05595557 0.02302376 0.01383499
v -0.05595318 0.02260713 0.01394328
v -0.05557719 0.02237476 0.01410634
v -0.05558491 0.02279473 0.01401630
v -0.05519002 0.02255068 0.01416713
v -0.05479954 0.02230929 0.01427656
v -0.05439963 0.02247757 0.01428890
v -0.05519456 0.02296930 0.01406660
v -0.05479676 0.02272070 0.01419836
v -0.05439940 0.02288395 0.01419986
v -0.05594918 0.02343525 0.01369702
v -0.05558450 0.02320755 0.01389746
v -0.05593515 0.02383260 0.01353202
v -0.05557596 0.02361111 0.01375045
v -0.05519032 0.02338364 0.01393609
v -0.05517847 0.02378410 0.01377841
v -0.05439593 0.02369033 0.01393151
v -0.05479049 0.02393418 0.01378080
v -0.05479542 0.02313958 0.01408693
v -0.05439625 0.02330067 0.01407719
v -0.05478993 0.02354937 0.01394583
v -0.05400000 0.02263662 0.01427118
v -0.05400000 0.02303960 0.01417163
v -0.05400000 0.02382013 0.01389026
v -0.05400000 0.02343474 0.01404445
v -0.05854761 0.02421058 0.01112394
v -0.05841007 0.02462070 0.01088564
v -0.05835180 0.02408956 0.01153499
v -0.05822683 0.02450782 0.01131125
v -0.05787947 0.02478553 0.01148025
v -0.05807386 0.02490829 0.01106374
v -0.05789669 0.02528104 0.01079861
v -0.05752671 0.02552915 0.01095195
v -0.05771545 0.02516988 0.01122550
v -0.05731451 0.02541767 0.01137865
v -0.05691125 0.02562683 0.01150782
v -0.05801767 0.02437865 0.01171451
v -0.05764487 0.02464390 0.01189171
v -0.05776988 0.02422550 0.01211545
v -0.05750829 0.02406374 0.01247386
v -0.05738553 0.02448025 0.01227947
v -0.05697865 0.02471451 0.01241767
v -0.05749171 0.02504487 0.01164390
v -0.05724390 0.02489171 0.01204487
v -0.05708025 0.02527947 0.01178552
v -0.05666374 0.02547386 0.01190829
v -0.05682550 0.02511545 0.01216988
v -0.05655195 0.02492671 0.01252915
v -0.05639862 0.02529669 0.01228104
v -0.05691744 0.02603545 0.01084972
v -0.05713499 0.02575179 0.01108956
v -0.05649358 0.02621810 0.01096281
v -0.05672394 0.02594761 0.01121058
v -0.05629610 0.02611539 0.01131427
v -0.05648563 0.02581007 0.01162070
v -0.05623049 0.02564264 0.01200901
v -0.05600815 0.02547348 0.01232098
v -0.05560429 0.02563142 0.01233972
v -0.05605709 0.02637068 0.01105720
v -0.05564816 0.02651584 0.01106678
v -0.05585410 0.02625410 0.01140000
v -0.05540067 0.02636288 0.01146723
v -0.05493861 0.02644107 0.01151555
v -0.05447076 0.02648817 0.01154466
v -0.05496604 0.02682903 0.01076482
v -0.05449394 0.02687789 0.01079764
v -0.05518936 0.02661121 0.01112557
v -0.05471853 0.02667607 0.01116529
v -0.05400000 0.02650391 0.01155439
v -0.05400000 0.02689655 0.01080581
v -0.05424780 0.02670856 0.01118528
v -0.05604861 0.02596244 0.01171472
v -0.05564224 0.02611429 0.01172844
v -0.05583128 0.02580876 0.01203445
v -0.05542252 0.02595191 0.01204095
v -0.05495768 0.02603104 0.01209273
v -0.05518365 0.02620902 0.01178708
v -0.05471447 0.02627302 0.01182684
v -0.05448685 0.02608123 0.01212144
v -0.05519599 0.02576775 0.01233603
v -0.05472716 0.02583332 0.01237705
v -0.05424405 0.02630514 0.01184675
v -0.05400000 0.02609671 0.01213375
v -0.05424406 0.02586097 0.01240501
v -0.05710782 0.02431125 0.01262683
v -0.05681058 0.02412394 0.01294761
v -0.05668956 0.02453499 0.01275179
v -0.05632038 0.02472023 0.01282627
v -0.05644972 0.02431744 0.01303545
v -0.05619616 0.02408186 0.01329739
v -0.05582281 0.02425735 0.01335105
v -0.05607692 0.02449673 0.01310071
v -0.05568192 0.02467065 0.01314067
v -0.05542337 0.02442526 0.01338215
v -0.05527814 0.02482751 0.01315590
v -0.05503519 0.02457481 0.01338487
v -0.05463896 0.02471115 0.01336266
v -0.05616955 0.02511511 0.01258222
v -0.05593285 0.02490215 0.01287203
v -0.05553108 0.02506556 0.01289661
v -0.05577603 0.02528447 0.01261386
v -0.05537340 0.02543392 0.01262389
v -0.05512459 0.02520747 0.01289871
v -0.05496373 0.02556268 0.01261228
v -0.05448344 0.02560373 0.01265381
v -0.05472687 0.02533769 0.01286836
v -0.05488448 0.02496937 0.01314102
v -0.05448652 0.02509385 0.01310306
v -0.05400000 0.02561744 0.01266769
v -0.05424385 0.02536530 0.01289632
v -0.05400000 0.02510606 0.01311860
v -0.05424384 0.02483233 0.01331524
v -0.05555935 0.02400333 0.01357601
v -0.05517609 0.02416160 0.01359523
v -0.05478720 0.02430665 0.01358958
v -0.05439490 0.02407219 0.01375756
v -0.05439455 0.02443779 0.01355909
v -0.05400000 0.02419395 0.01370979
v -0.05400000 0.02455439 0.01350390
v -0.04770000 0.02140000 0.01440000
v -0.04770000 0.02181485 0.01438564
v -0.04770000 0.02222771 0.01434263
v -0.04770000 0.02263662 0.01427118
v -0.04770000 0.02303960 0.01417163
v -0.04770000 0.02382013 0.01389026
v -0.04770000 0.02343474 0.01404445
v -0.04770000 0.02650391 0.01155439
v -0.04770000 0.02689655 0.01080581
v -0.04770000 0.02670856 0.01118528
v -0.04770000 0.02630514 0.01184675
v -0.04770000 0.02609671 0.01213375
v -0.04770000 0.02586097 0.01240501
v -0.04770000 0.02561744 0.01266769
v -0.04770000 0.02536530 0.01289632
v -0.04770000 0.02510606 0.01311860
v -0.04770000 0.02483233 0.01331524
v -0.04770000 0.02419395 0.01370979
v -0.04770000 0.02455439 0.01350390
v 0.05400000 -0.02455439 -0.01410391
v 0.05400000 -0.02419395 -0.01430979
v 0.05439455 -0.02443779 -0.01415909
v 0.05439490 -0.02407219 -0.01435756
v 0.05478720 -0.02430665 -0.01418958
v 0.05517609 -0.02416160 -0.01419523
v 0.05555935 -0.02400333 -0.01417601
v 0.05424384 -0.02483233 -0.01391524
v 0.05400000 -0.02510606 -0.01371860
v 0.05424385 -0.02536530 -0.01349632
v 0.05400000 -0.02561744 -0.01326769
v 0.05448652 -0.02509385 -0.01370306
v 0.05488448 -0.02496937 -0.01374102
v 0.05472687 -0.02533769 -0.01346836
v 0.05448344 -0.02560373 -0.01325381
v 0.05496373 -0.02556268 -0.01321228
v 0.05512459 -0.02520747 -0.01349871
v 0.05537340 -0.02543392 -0.01322389
v 0.05577603 -0.02528447 -0.01321386
v 0.05553108 -0.02506556 -0.01349661
v 0.05593285 -0.02490215 -0.01347203
v 0.05616955 -0.02511511 -0.01318222
v 0.05463896 -0.02471115 -0.01396266
v 0.05503519 -0.02457481 -0.01398487
v 0.05527814 -0.02482751 -0.01375590
v 0.05542337 -0.02442526 -0.01398215
v 0.05568192 -0.02467065 -0.01374067
v 0.05607692 -0.02449673 -0.01370071
v 0.05582281 -0.02425735 -0.01395105
v 0.05619616 -0.02408186 -0.01389739
v 0.05644972 -0.02431744 -0.01363545
v 0.05632038 -0.02472023 -0.01342627
v 0.05668956 -0.02453499 -0.01335179
v 0.05681058 -0.02412394 -0.01354761
v 0.05710782 -0.02431125 -0.01322683
v 0.05424406 -0.02586097 -0.01300501
v 0.05400000 -0.02609671 -0.01273375
v 0.05424405 -0.02630514 -0.01244675
v 0.05472716 -0.02583332 -0.01297705
v 0.05519599 -0.02576775 -0.01293603
v 0.05448685 -0.02608123 -0.01272144
v 0.05471447 -0.02627302 -0.01242684
v 0.05518365 -0.02620902 -0.01238708
v 0.05495768 -0.02603104 -0.01269273
v 0.05542252 -0.02595191 -0.01264095
v 0.05583128 -0.02580876 -0.01263445
v 0.05564224 -0.02611429 -0.01232844
v 0.05604861 -0.02596244 -0.01231472
v 0.05424780 -0.02670856 -0.01178528
v 0.05400000 -0.02689655 -0.01140581
v 0.05400000 -0.02650391 -0.01215439
v 0.05471853 -0.02667607 -0.01176529
v 0.05518936 -0.02661121 -0.01172557
v 0.05449394 -0.02687789 -0.01139764
v 0.05496604 -0.02682903 -0.01136482
v 0.05447076 -0.02648817 -0.01214466
v 0.05493861 -0.02644107 -0.01211555
v 0.05540067 -0.02636288 -0.01206723
v 0.05585410 -0.02625410 -0.01200000
v 0.05564816 -0.02651584 -0.01166678
v 0.05605709 -0.02637068 -0.01165720
v 0.05560429 -0.02563142 -0.01293972
v 0.05600815 -0.02547348 -0.01292098
v 0.05623049 -0.02564264 -0.01260901
v 0.05648563 -0.02581007 -0.01222070
v 0.05629610 -0.02611539 -0.01191427
v 0.05672394 -0.02594761 -0.01181058
v 0.05649358 -0.02621810 -0.01156281
v 0.05713499 -0.02575179 -0.01168956
v 0.05691744 -0.02603545 -0.01144972
v 0.05639862 -0.02529669 -0.01288104
v 0.05655195 -0.02492671 -0.01312915
v 0.05682550 -0.02511545 -0.01276988
v 0.05666374 -0.02547386 -0.01250829
v 0.05708025 -0.02527947 -0.01238552
v 0.05724390 -0.02489171 -0.01264487
v 0.05749171 -0.02504487 -0.01224390
v 0.05697865 -0.02471451 -0.01301767
v 0.05738553 -0.02448025 -0.01287947
v 0.05750829 -0.02406374 -0.01307386
v 0.05776988 -0.02422550 -0.01271545
v 0.05764487 -0.02464390 -0.01249171
v 0.05801767 -0.02437865 -0.01231451
v 0.05691125 -0.02562683 -0.01210782
v 0.05731451 -0.02541767 -0.01197865
v 0.05771545 -0.02516988 -0.01182550
v 0.05752671 -0.02552915 -0.01155195
v 0.05789669 -0.02528104 -0.01139861
v 0.05807386 -0.02490829 -0.01166374
v 0.05787947 -0.02478553 -0.01208025
v 0.05822683 -0.02450782 -0.01191125
v 0.05835180 -0.02408956 -0.01213499
v 0.05841007 -0.02462070 -0.01148564
v 0.05854761 -0.02421058 -0.01172394
v 0.05400000 -0.02343474 -0.01464445
v 0.05400000 -0.02382013 -0.01449026
v 0.05400000 -0.02303960 -0.01477163
v 0.05400000 -0.02263662 -0.01487118
v 0.05478993 -0.02354937 -0.01454583
v 0.05439625 -0.02330067 -0.01467719
v 0.05479542 -0.02313958 -0.01468693
v 0.05479049 -0.02393418 -0.01438080
v 0.05439593 -0.02369033 -0.01453151
v 0.05517847 -0.02378410 -0.01437841
v 0.05519032 -0.02338364 -0.01453609
v 0.05557596 -0.02361111 -0.01435045
v 0.05593515 -0.02383260 -0.01413202
v 0.05558450 -0.02320755 -0.01449747
v 0.05594918 -0.02343525 -0.01429702
v 0.05439940 -0.02288395 -0.01479986
v 0.05479676 -0.02272070 -0.01479836
v 0.05519456 -0.02296930 -0.01466660
v 0.05439963 -0.02247757 -0.01488890
v 0.05479954 -0.02230929 -0.01487656
v 0.05519002 -0.02255068 -0.01476713
v 0.05558491 -0.02279473 -0.01461630
v 0.05557719 -0.02237476 -0.01470634
v 0.05595318 -0.02260713 -0.01454328
v 0.05595557 -0.02302376 -0.01443499
v 0.05400000 -0.02222771 -0.01494263
v 0.05400000 -0.02181485 -0.01498564
v 0.05400000 -0.02140000 -0.01500000
v 0.05440026 -0.02206231 -0.01494989
v 0.05479843 -0.02189345 -0.01492613
v 0.05519148 -0.02213638 -0.01483422
v 0.05440045 -0.02164749 -0.01498150
v 0.05520221 -0.02164751 -0.01487311
v 0.05559311 -0.02188901 -0.01476393
v 0.05599405 -0.02213680 -0.01461078
v 0.05600484 -0.02164781 -0.01464971
v 0.05480114 -0.02140000 -0.01494627
v 0.05559843 -0.02140000 -0.01478317
v 0.05631544 -0.02324596 -0.01421835
v 0.05631712 -0.02283206 -0.01434604
v 0.05666678 -0.02304816 -0.01411584
v 0.05636482 -0.02236604 -0.01442903
v 0.05672557 -0.02258936 -0.01421121
v 0.05630168 -0.02365023 -0.01406347
v 0.05656281 -0.02389359 -0.01381810
v 0.05691427 -0.02369610 -0.01371539
v 0.05665720 -0.02345709 -0.01397068
v 0.05700000 -0.02325410 -0.01385410
v 0.05722070 -0.02388564 -0.01341007
v 0.05760901 -0.02363049 -0.01324264
v 0.05731472 -0.02344861 -0.01356244
v 0.05763445 -0.02323128 -0.01340877
v 0.05706723 -0.02280067 -0.01396288
v 0.05711555 -0.02233861 -0.01404107
v 0.05732844 -0.02304224 -0.01371429
v 0.05738708 -0.02258365 -0.01380902
v 0.05769274 -0.02235768 -0.01363104
v 0.05764095 -0.02282252 -0.01355191
v 0.05793972 -0.02300429 -0.01323142
v 0.05793604 -0.02259599 -0.01336775
v 0.05821228 -0.02236373 -0.01316268
v 0.05639764 -0.02189394 -0.01447789
v 0.05676529 -0.02211853 -0.01427607
v 0.05714466 -0.02187075 -0.01408817
v 0.05678528 -0.02164779 -0.01430856
v 0.05640581 -0.02140000 -0.01449655
v 0.05715439 -0.02140000 -0.01410391
v 0.05742684 -0.02211447 -0.01387302
v 0.05772144 -0.02188685 -0.01368123
v 0.05744675 -0.02164405 -0.01390514
v 0.05797705 -0.02212716 -0.01343332
v 0.05800501 -0.02164406 -0.01346097
v 0.05773375 -0.02140000 -0.01369671
v 0.05825381 -0.02188344 -0.01320373
v 0.05826769 -0.02140000 -0.01321744
v 0.05788104 -0.02379861 -0.01289669
v 0.05792098 -0.02340815 -0.01307348
v 0.05818222 -0.02356955 -0.01271511
v 0.05821386 -0.02317603 -0.01288447
v 0.05812915 -0.02395195 -0.01252671
v 0.05842627 -0.02372038 -0.01232023
v 0.05847203 -0.02333285 -0.01250215
v 0.05822390 -0.02277340 -0.01303392
v 0.05849871 -0.02252459 -0.01280748
v 0.05849661 -0.02293108 -0.01266556
v 0.05874067 -0.02308192 -0.01227065
v 0.05874102 -0.02228448 -0.01256937
v 0.05875590 -0.02267814 -0.01242751
v 0.05863545 -0.02384972 -0.01191744
v 0.05870071 -0.02347692 -0.01209673
v 0.05895105 -0.02322281 -0.01185735
v 0.05889739 -0.02359616 -0.01168186
v 0.05881809 -0.02396281 -0.01149359
v 0.05913202 -0.02333515 -0.01143260
v 0.05898215 -0.02282337 -0.01202526
v 0.05898487 -0.02243519 -0.01217481
v 0.05917601 -0.02295935 -0.01160333
v 0.05919523 -0.02257609 -0.01176160
v 0.05937840 -0.02257847 -0.01138410
v 0.05846836 -0.02212686 -0.01293769
v 0.05849632 -0.02164385 -0.01296530
v 0.05870306 -0.02188652 -0.01269385
v 0.05896266 -0.02203896 -0.01231115
v 0.05891525 -0.02164384 -0.01243233
v 0.05871860 -0.02140000 -0.01270606
v 0.05918958 -0.02218720 -0.01190665
v 0.05915909 -0.02179454 -0.01203779
v 0.05938080 -0.02219049 -0.01153418
v 0.05935756 -0.02179490 -0.01167219
v 0.05910391 -0.02140000 -0.01215439
v 0.05930979 -0.02140000 -0.01179395
v 0.05949026 -0.02140000 -0.01142013
v 0.05424781 -0.02704971 -0.01100484
v 0.05400000 -0.02718317 -0.01059843
v 0.05473680 -0.02701078 -0.01099405
v 0.05520713 -0.02694328 -0.01095318
v 0.05543206 -0.02674604 -0.01131712
v 0.05584596 -0.02661835 -0.01131544
v 0.05562376 -0.02683499 -0.01095557
v 0.05603525 -0.02669702 -0.01094918
v 0.05448901 -0.02716393 -0.01059311
v 0.05497476 -0.02710634 -0.01057719
v 0.05539473 -0.02701630 -0.01058491
v 0.05580755 -0.02689747 -0.01058450
v 0.05621111 -0.02675045 -0.01057596
v 0.05424751 -0.02727311 -0.01020221
v 0.05400000 -0.02734627 -0.00980114
v 0.05473638 -0.02723422 -0.01019148
v 0.05515068 -0.02716713 -0.01019002
v 0.05556930 -0.02706660 -0.01019456
v 0.05598364 -0.02693609 -0.01019032
v 0.05449345 -0.02732613 -0.00979843
v 0.05490929 -0.02727656 -0.00979954
v 0.05532070 -0.02719836 -0.00979675
v 0.05573958 -0.02708693 -0.00979542
v 0.05614937 -0.02694583 -0.00978993
v 0.05660333 -0.02657601 -0.01055935
v 0.05625023 -0.02646347 -0.01130168
v 0.05668186 -0.02629740 -0.01119616
v 0.05643260 -0.02653202 -0.01093515
v 0.05709673 -0.02610071 -0.01107692
v 0.05732023 -0.02582627 -0.01132038
v 0.05750215 -0.02587203 -0.01093285
v 0.05685735 -0.02635105 -0.01082281
v 0.05702526 -0.02638215 -0.01042337
v 0.05727065 -0.02614067 -0.01068192
v 0.05766556 -0.02589661 -0.01053108
v 0.05638411 -0.02677841 -0.01017847
v 0.05676160 -0.02659523 -0.01017609
v 0.05653418 -0.02678080 -0.00979049
v 0.05690665 -0.02658958 -0.00978720
v 0.05717481 -0.02638487 -0.01003519
v 0.05742751 -0.02615589 -0.01027814
v 0.05780748 -0.02589871 -0.01012459
v 0.05756937 -0.02614102 -0.00988448
v 0.05731115 -0.02636266 -0.00963896
v 0.05793769 -0.02586836 -0.00972686
v 0.05771511 -0.02558222 -0.01116955
v 0.05807348 -0.02532098 -0.01100815
v 0.05788447 -0.02561386 -0.01077603
v 0.05824264 -0.02500901 -0.01123049
v 0.05823142 -0.02533972 -0.01060429
v 0.05840877 -0.02503445 -0.01083128
v 0.05855191 -0.02504095 -0.01042252
v 0.05856244 -0.02471472 -0.01104861
v 0.05871539 -0.02431427 -0.01129610
v 0.05897068 -0.02405720 -0.01105709
v 0.05871429 -0.02472844 -0.01064224
v 0.05885410 -0.02440000 -0.01085410
v 0.05911584 -0.02406678 -0.01064816
v 0.05803392 -0.02562390 -0.01037340
v 0.05836775 -0.02533603 -0.01019599
v 0.05816268 -0.02561228 -0.00996373
v 0.05863104 -0.02509274 -0.00995768
v 0.05843332 -0.02537705 -0.00972716
v 0.05880902 -0.02478708 -0.01018365
v 0.05896289 -0.02446723 -0.01040067
v 0.05921121 -0.02412557 -0.01018936
v 0.05904107 -0.02451555 -0.00993861
v 0.05887302 -0.02482684 -0.00971447
v 0.05927607 -0.02416529 -0.00971853
v 0.05424749 -0.02738150 -0.00940045
v 0.05400000 -0.02740000 -0.00900000
v 0.05466231 -0.02734989 -0.00940026
v 0.05507758 -0.02728890 -0.00939963
v 0.05548396 -0.02719986 -0.00939940
v 0.05590067 -0.02707719 -0.00939625
v 0.05441485 -0.02738564 -0.00900000
v 0.05482771 -0.02734263 -0.00900000
v 0.05523662 -0.02727118 -0.00900000
v 0.05563960 -0.02717163 -0.00900000
v 0.05603474 -0.02704445 -0.00900000
v 0.05629033 -0.02693151 -0.00939593
v 0.05667219 -0.02675756 -0.00939490
v 0.05703779 -0.02655909 -0.00939455
v 0.05642013 -0.02689026 -0.00900000
v 0.05679395 -0.02670979 -0.00900000
v 0.05743233 -0.02631524 -0.00924384
v 0.05769385 -0.02610306 -0.00948652
v 0.05796530 -0.02589632 -0.00924385
v 0.05715439 -0.02650391 -0.00900000
v 0.05770605 -0.02611860 -0.00900000
v 0.05820373 -0.02565381 -0.00948344
v 0.05846097 -0.02540501 -0.00924406
v 0.05868123 -0.02512144 -0.00948685
v 0.05890514 -0.02484675 -0.00924405
v 0.05821744 -0.02566769 -0.00900000
v 0.05869671 -0.02513375 -0.00900000
v 0.05908817 -0.02454466 -0.00947075
v 0.05930856 -0.02418528 -0.00924779
v 0.05910391 -0.02455439 -0.00900000
v 0.05906347 -0.02370168 -0.01125023
v 0.05929702 -0.02334918 -0.01103525
v 0.05921835 -0.02371544 -0.01084596
v 0.05934604 -0.02371712 -0.01043206
v 0.05943499 -0.02335557 -0.01062376
v 0.05935045 -0.02297596 -0.01121111
v 0.05953609 -0.02259032 -0.01098364
v 0.05949746 -0.02298450 -0.01080755
v 0.05966660 -0.02259457 -0.01056930
v 0.05942903 -0.02376482 -0.00996604
v 0.05954328 -0.02335318 -0.01020713
v 0.05947790 -0.02379764 -0.00949394
v 0.05961078 -0.02339405 -0.00973680
v 0.05961630 -0.02298491 -0.01039473
v 0.05970634 -0.02297719 -0.00997476
v 0.05976713 -0.02259002 -0.01015068
v 0.05976393 -0.02299311 -0.00948901
v 0.05983422 -0.02259148 -0.00973638
v 0.05954583 -0.02218993 -0.01114937
v 0.05953151 -0.02179593 -0.01129033
v 0.05967719 -0.02179625 -0.01090067
v 0.05968693 -0.02219542 -0.01073958
v 0.05979986 -0.02179940 -0.01048395
v 0.05964445 -0.02140000 -0.01103474
v 0.05977163 -0.02140000 -0.01063960
v 0.05979836 -0.02219675 -0.01032070
v 0.05988890 -0.02179963 -0.01007758
v 0.05987656 -0.02219954 -0.00990929
v 0.05992613 -0.02219843 -0.00949345
v 0.05994989 -0.02180026 -0.00966231
v 0.05987118 -0.02140000 -0.01023662
v 0.05994263 -0.02140000 -0.00982771
v 0.05964971 -0.02340484 -0.00924781
v 0.05949655 -0.02380581 -0.00900000
v 0.05987311 -0.02260221 -0.00924751
v 0.05978317 -0.02299843 -0.00900000
v 0.05998150 -0.02180045 -0.00924749
v 0.05994627 -0.02220114 -0.00900000
v 0.05998564 -0.02140000 -0.00941485
v 0.06000000 -0.02140000 -0.00900000
v 0.04770000 -0.02740000 -0.00550000
v 0.04770000 -0.02740000 0.00840000
v 0.04770000 -0.02738150 0.00880045
v 0.04770000 -0.02734627 0.00920114
v 0.04770000 -0.02727311 0.00960221
v 0.04770000 -0.02718317 0.00999843
v 0.04770000 -0.02704971 0.01040484
v 0.05400000 -0.02740000 0.00840000
v 0.05424749 -0.02738150 0.00880045
v 0.05441485 -0.02738564 0.00840000
v 0.05482771 -0.02734263 0.00840000
v 0.05523662 -0.02727118 0.00840000
v 0.05563960 -0.02717163 0.00840000
v 0.05603474 -0.02704445 0.00840000
v 0.05466231 -0.02734989 0.00880026
v 0.05507758 -0.02728890 0.00879963
v 0.05548396 -0.02719986 0.00879940
v 0.05590067 -0.02707719 0.00879625
v 0.05642013 -0.02689026 0.00840000
v 0.05679395 -0.02670979 0.00840000
v 0.05629033 -0.02693151 0.00879593
v 0.05667219 -0.02675756 0.00879490
v 0.05703779 -0.02655909 0.00879455
v 0.05715439 -0.02650391 0.00840000
v 0.05770605 -0.02611860 0.00840000
v 0.05743233 -0.02631524 0.00864384
v 0.05796530 -0.02589632 0.00864385
v 0.05769385 -0.02610306 0.00888652
v 0.05821744 -0.02566769 0.00840000
v 0.05869671 -0.02513375 0.00840000
v 0.05846097 -0.02540501 0.00864406
v 0.05820373 -0.02565381 0.00888344
v 0.05890514 -0.02484675 0.00864405
v 0.05868123 -0.02512144 0.00888685
v 0.05910391 -0.02455439 0.00840000
v 0.05908817 -0.02454466 0.00887075
v 0.05930856 -0.02418528 0.00864779
v 0.05400000 -0.02734627 0.00920114
v 0.05424751 -0.02727311 0.00960221
v 0.05449345 -0.02732613 0.00919843
v 0.05490929 -0.02727656 0.00919954
v 0.05532070 -0.02719836 0.00919675
v 0.05573958 -0.02708693 0.00919542
v 0.05614937 -0.02694583 0.00918993
v 0.05473638 -0.02723422 0.00959148
v 0.05515068 -0.02716713 0.00959002
v 0.05556930 -0.02706660 0.00959456
v 0.05598364 -0.02693609 0.00959032
v 0.05400000 -0.02718317 0.00999843
v 0.05424781 -0.02704971 0.01040484
v 0.05448901 -0.02716393 0.00999311
v 0.05497476 -0.02710634 0.00997719
v 0.05539473 -0.02701630 0.00998491
v 0.05580755 -0.02689747 0.00998450
v 0.05621111 -0.02675045 0.00997596
v 0.05473680 -0.02701078 0.01039405
v 0.05520713 -0.02694328 0.01035318
v 0.05562376 -0.02683499 0.01035557
v 0.05603525 -0.02669702 0.01034918
v 0.05543206 -0.02674604 0.01071712
v 0.05584596 -0.02661835 0.01071544
v 0.05653418 -0.02678080 0.00919049
v 0.05690665 -0.02658958 0.00918720
v 0.05676160 -0.02659523 0.00957609
v 0.05638411 -0.02677841 0.00957847
v 0.05731115 -0.02636266 0.00903896
v 0.05756937 -0.02614102 0.00928448
v 0.05793769 -0.02586836 0.00912686
v 0.05717481 -0.02638487 0.00943519
v 0.05742751 -0.02615589 0.00967814
v 0.05780748 -0.02589871 0.00952459
v 0.05660333 -0.02657601 0.00995935
v 0.05702526 -0.02638215 0.00982337
v 0.05685735 -0.02635105 0.01022281
v 0.05727065 -0.02614067 0.01008192
v 0.05766556 -0.02589661 0.00993108
v 0.05643260 -0.02653202 0.01033515
v 0.05625023 -0.02646347 0.01070168
v 0.05668186 -0.02629740 0.01059616
v 0.05709673 -0.02610071 0.01047692
v 0.05750215 -0.02587203 0.01033285
v 0.05732023 -0.02582627 0.01072038
v 0.05803392 -0.02562390 0.00977340
v 0.05843332 -0.02537705 0.00912716
v 0.05816268 -0.02561228 0.00936373
v 0.05836775 -0.02533603 0.00959599
v 0.05863104 -0.02509274 0.00935768
v 0.05887302 -0.02482684 0.00911447
v 0.05904107 -0.02451555 0.00933861
v 0.05927607 -0.02416529 0.00911853
v 0.05880902 -0.02478708 0.00958365
v 0.05896289 -0.02446723 0.00980067
v 0.05921121 -0.02412557 0.00958936
v 0.05788447 -0.02561386 0.01017603
v 0.05807348 -0.02532098 0.01040815
v 0.05771511 -0.02558222 0.01056955
v 0.05823142 -0.02533972 0.01000429
v 0.05855191 -0.02504095 0.00982252
v 0.05840877 -0.02503445 0.01023128
v 0.05824264 -0.02500901 0.01063049
v 0.05871429 -0.02472844 0.01004224
v 0.05885410 -0.02440000 0.01025410
v 0.05911584 -0.02406678 0.01004816
v 0.05856244 -0.02471472 0.01044861
v 0.05897068 -0.02405720 0.01045709
v 0.05871539 -0.02431427 0.01069610
v 0.05949655 -0.02380581 0.00840000
v 0.05964971 -0.02340484 0.00864781
v 0.05978317 -0.02299843 0.00840000
v 0.05987311 -0.02260221 0.00864751
v 0.05994627 -0.02220114 0.00840000
v 0.05998150 -0.02180045 0.00864749
v 0.06000000 -0.02140000 0.00840000
v 0.05998564 -0.02140000 0.00881485
v 0.05947790 -0.02379764 0.00889394
v 0.05961078 -0.02339405 0.00913680
v 0.05942903 -0.02376482 0.00936604
v 0.05954328 -0.02335318 0.00960713
v 0.05976393 -0.02299311 0.00888901
v 0.05983422 -0.02259148 0.00913638
v 0.05970634 -0.02297719 0.00937476
v 0.05961630 -0.02298491 0.00979473
v 0.05976713 -0.02259002 0.00955068
v 0.05934604 -0.02371712 0.00983206
v 0.05921835 -0.02371544 0.01024596
v 0.05943499 -0.02335557 0.01002376
v 0.05906347 -0.02370168 0.01065023
v 0.05929702 -0.02334918 0.01043525
v 0.05949746 -0.02298450 0.01020755
v 0.05966660 -0.02259457 0.00996930
v 0.05935045 -0.02297596 0.01061111
v 0.05953609 -0.02259032 0.01038364
v 0.05992613 -0.02219843 0.00889345
v 0.05987656 -0.02219954 0.00930929
v 0.05994989 -0.02180026 0.00906231
v 0.05979836 -0.02219675 0.00972070
v 0.05988890 -0.02179963 0.00947758
v 0.05994263 -0.02140000 0.00922771
v 0.05987118 -0.02140000 0.00963662
v 0.05968693 -0.02219542 0.01013958
v 0.05979986 -0.02179940 0.00988395
v 0.05954583 -0.02218993 0.01054937
v 0.05967719 -0.02179625 0.01030067
v 0.05953151 -0.02179593 0.01069033
v 0.05977163 -0.02140000 0.01003960
v 0.05964445 -0.02140000 0.01043473
v 0.04770000 -0.02689655 0.01080581
v 0.04770000 -0.02670856 0.01118528
v 0.04770000 -0.02650391 0.01155439
v 0.04770000 -0.02630514 0.01184675
v 0.04770000 -0.02609671 0.01213375
v 0.04770000 -0.02586097 0.01240501
v 0.04770000 -0.02561744 0.01266769
v 0.04770000 -0.02536530 0.01289632
v 0.04770000 -0.02510606 0.01311860
v 0.04770000 -0.02483233 0.01331524
v 0.04770000 -0.02455439 0.01350390
v 0.04770000 -0.02419395 0.01370979
v 0.04770000 -0.02382013 0.01389026
v 0.04770000 -0.02343474 0.01404445
v 0.04770000 -0.02303960 0.01417163
v 0.04770000 -0.02263662 0.01427118
v 0.04770000 -0.02222771 0.01434263
v 0.04770000 -0.02181485 0.01438564
v 0.04770000 -0.02140000 0.01440000
v 0.05400000 -0.02689655 0.01080581
v 0.05424780 -0.02670856 0.01118528
v 0.05400000 -0.02650391 0.01155439
v 0.05449394 -0.02687789 0.01079764
v 0.05496604 -0.02682903 0.01076482
v 0.05471853 -0.02667607 0.01116529
v 0.05518936 -0.02661121 0.01112557
v 0.05564816 -0.02651584 0.01106678
v 0.05605709 -0.02637068 0.01105720
v 0.05447076 -0.02648817 0.01154466
v 0.05493861 -0.02644107 0.01151555
v 0.05585410 -0.02625410 0.01140000
v 0.05540067 -0.02636288 0.01146723
v 0.05424405 -0.02630514 0.01184675
v 0.05400000 -0.02609671 0.01213375
v 0.05424406 -0.02586097 0.01240501
v 0.05471447 -0.02627302 0.01182684
v 0.05518365 -0.02620902 0.01178708
v 0.05495768 -0.02603104 0.01209273
v 0.05564224 -0.02611429 0.01172844
v 0.05604861 -0.02596244 0.01171472
v 0.05542252 -0.02595191 0.01204095
v 0.05583128 -0.02580876 0.01203445
v 0.05448685 -0.02608123 0.01212144
v 0.05472716 -0.02583332 0.01237705
v 0.05519599 -0.02576775 0.01233603
v 0.05623049 -0.02564264 0.01200901
v 0.05600815 -0.02547348 0.01232098
v 0.05560429 -0.02563142 0.01233972
v 0.05649358 -0.02621810 0.01096281
v 0.05691744 -0.02603545 0.01084972
v 0.05713499 -0.02575179 0.01108956
v 0.05629610 -0.02611539 0.01131427
v 0.05672394 -0.02594761 0.01121058
v 0.05648563 -0.02581007 0.01162070
v 0.05752671 -0.02552915 0.01095195
v 0.05789669 -0.02528104 0.01079861
v 0.05807386 -0.02490829 0.01106374
v 0.05691125 -0.02562683 0.01150782
v 0.05731451 -0.02541767 0.01137865
v 0.05771545 -0.02516988 0.01122550
v 0.05787947 -0.02478553 0.01148025
v 0.05841007 -0.02462070 0.01088564
v 0.05854761 -0.02421058 0.01112394
v 0.05822683 -0.02450782 0.01131125
v 0.05835180 -0.02408956 0.01153499
v 0.05708025 -0.02527947 0.01178552
v 0.05666374 -0.02547386 0.01190829
v 0.05749171 -0.02504487 0.01164390
v 0.05724390 -0.02489171 0.01204487
v 0.05639862 -0.02529669 0.01228104
v 0.05682550 -0.02511545 0.01216988
v 0.05655195 -0.02492671 0.01252915
v 0.05764487 -0.02464390 0.01189171
v 0.05801767 -0.02437865 0.01171451
v 0.05697865 -0.02471451 0.01241767
v 0.05738553 -0.02448025 0.01227947
v 0.05776988 -0.02422550 0.01211545
v 0.05750829 -0.02406374 0.01247386
v 0.05400000 -0.02561744 0.01266769
v 0.05424385 -0.02536530 0.01289632
v 0.05400000 -0.02510606 0.01311860
v 0.05424384 -0.02483233 0.01331524
v 0.05448344 -0.02560373 0.01265381
v 0.05496373 -0.02556268 0.01261228
v 0.05472687 -0.02533769 0.01286836
v 0.05512459 -0.02520747 0.01289871
v 0.05537340 -0.02543392 0.01262389
v 0.05577603 -0.02528447 0.01261386
v 0.05616955 -0.02511511 0.01258222
v 0.05553108 -0.02506556 0.01289661
v 0.05593285 -0.02490215 0.01287203
v 0.05448652 -0.02509385 0.01310306
v 0.05488448 -0.02496937 0.01314102
v 0.05527814 -0.02482751 0.01315590
v 0.05463896 -0.02471115 0.01336266
v 0.05503519 -0.02457481 0.01338487
v 0.05568192 -0.02467065 0.01314067
v 0.05607692 -0.02449673 0.01310071
v 0.05542337 -0.02442526 0.01338215
v 0.05582281 -0.02425735 0.01335105
v 0.05619616 -0.02408186 0.01329739
v 0.05400000 -0.02455439 0.01350390
v 0.05400000 -0.02419395 0.01370979
v 0.05439455 -0.02443779 0.01355909
v 0.05478720 -0.02430665 0.01358958
v 0.05517609 -0.02416160 0.01359523
v 0.05439490 -0.02407219 0.01375756
v 0.05555935 -0.02400333 0.01357601
v 0.05668956 -0.02453499 0.01275179
v 0.05632038 -0.02472023 0.01282627
v 0.05710782 -0.02431125 0.01262683
v 0.05681058 -0.02412394 0.01294761
v 0.05644972 -0.02431744 0.01303545
v 0.05881809 -0.02396281 0.01089359
v 0.05889739 -0.02359616 0.01108186
v 0.05913202 -0.02333515 0.01083260
v 0.05863545 -0.02384972 0.01131744
v 0.05895105 -0.02322281 0.01125735
v 0.05870071 -0.02347692 0.01149673
v 0.05917601 -0.02295935 0.01100333
v 0.05937840 -0.02257847 0.01078410
v 0.05919523 -0.02257609 0.01116160
v 0.05898215 -0.02282337 0.01142526
v 0.05898487 -0.02243519 0.01157481
v 0.05788104 -0.02379861 0.01229669
v 0.05792098 -0.02340815 0.01247348
v 0.05842627 -0.02372038 0.01172023
v 0.05812915 -0.02395195 0.01192671
v 0.05847203 -0.02333285 0.01190215
v 0.05818222 -0.02356955 0.01211511
v 0.05821386 -0.02317603 0.01228447
v 0.05874067 -0.02308192 0.01167065
v 0.05849661 -0.02293108 0.01206555
v 0.05875590 -0.02267814 0.01182751
v 0.05874102 -0.02228448 0.01196937
v 0.05822390 -0.02277340 0.01243392
v 0.05849871 -0.02252459 0.01220748
v 0.05938080 -0.02219049 0.01093418
v 0.05935756 -0.02179490 0.01107219
v 0.05918958 -0.02218720 0.01130665
v 0.05915909 -0.02179454 0.01143779
v 0.05949026 -0.02140000 0.01082013
v 0.05930979 -0.02140000 0.01119395
v 0.05910391 -0.02140000 0.01155439
v 0.05896266 -0.02203896 0.01171115
v 0.05870306 -0.02188652 0.01209385
v 0.05891525 -0.02164384 0.01183233
v 0.05846836 -0.02212686 0.01233769
v 0.05849632 -0.02164385 0.01236530
v 0.05871860 -0.02140000 0.01210606
v 0.05400000 -0.02382013 0.01389026
v 0.05400000 -0.02343474 0.01404445
v 0.05400000 -0.02303960 0.01417163
v 0.05400000 -0.02263662 0.01427118
v 0.05479049 -0.02393418 0.01378080
v 0.05439593 -0.02369033 0.01393151
v 0.05517847 -0.02378410 0.01377841
v 0.05519032 -0.02338364 0.01393609
v 0.05593515 -0.02383260 0.01353202
v 0.05557596 -0.02361111 0.01375045
v 0.05594918 -0.02343525 0.01369702
v 0.05558450 -0.02320755 0.01389746
v 0.05478993 -0.02354937 0.01394583
v 0.05439625 -0.02330067 0.01407719
v 0.05479542 -0.02313958 0.01408693
v 0.05595557 -0.02302376 0.01383499
v 0.05519456 -0.02296930 0.01406660
v 0.05439940 -0.02288395 0.01419986
v 0.05479676 -0.02272070 0.01419836
v 0.05519002 -0.02255068 0.01416713
v 0.05439963 -0.02247757 0.01428890
v 0.05479954 -0.02230929 0.01427656
v 0.05558491 -0.02279473 0.01401630
v 0.05557719 -0.02237476 0.01410634
v 0.05595318 -0.02260713 0.01394328
v 0.05400000 -0.02222771 0.01434263
v 0.05400000 -0.02181485 0.01438564
v 0.05400000 -0.02140000 0.01440000
v 0.05440026 -0.02206231 0.01434989
v 0.05479843 -0.02189345 0.01432613
v 0.05519148 -0.02213638 0.01423422
v 0.05440045 -0.02164749 0.01438150
v 0.05520221 -0.02164751 0.01427311
v 0.05559311 -0.02188901 0.01416393
v 0.05599405 -0.02213680 0.01401078
v 0.05600484 -0.02164781 0.01404971
v 0.05480114 -0.02140000 0.01434627
v 0.05559843 -0.02140000 0.01418317
v 0.05760901 -0.02363049 0.01264264
v 0.05722070 -0.02388564 0.01281007
v 0.05731472 -0.02344861 0.01296244
v 0.05763445 -0.02323128 0.01280877
v 0.05656281 -0.02389359 0.01321810
v 0.05691427 -0.02369610 0.01311539
v 0.05630168 -0.02365023 0.01346347
v 0.05665720 -0.02345709 0.01337068
v 0.05700000 -0.02325410 0.01325410
v 0.05793972 -0.02300429 0.01263142
v 0.05764095 -0.02282252 0.01295191
v 0.05793604 -0.02259599 0.01276775
v 0.05706723 -0.02280067 0.01336288
v 0.05711555 -0.02233861 0.01344107
v 0.05732844 -0.02304224 0.01311429
v 0.05738708 -0.02258365 0.01320902
v 0.05769274 -0.02235768 0.01303104
v 0.05821228 -0.02236373 0.01256268
v 0.05631544 -0.02324596 0.01361835
v 0.05666678 -0.02304816 0.01351584
v 0.05631712 -0.02283206 0.01374604
v 0.05672557 -0.02258936 0.01361121
v 0.05636482 -0.02236604 0.01382903
v 0.05797705 -0.02212716 0.01283332
v 0.05800501 -0.02164406 0.01286097
v 0.05772144 -0.02188685 0.01308123
v 0.05742684 -0.02211447 0.01327302
v 0.05744675 -0.02164405 0.01330514
v 0.05773375 -0.02140000 0.01309671
v 0.05825381 -0.02188344 0.01260373
v 0.05826769 -0.02140000 0.01261744
v 0.05676529 -0.02211853 0.01367607
v 0.05714466 -0.02187075 0.01348817
v 0.05639764 -0.02189394 0.01387789
v 0.05678528 -0.02164779 0.01370856
v 0.05715439 -0.02140000 0.01350390
v 0.05640581 -0.02140000 0.01389655
v 0.05400000 0.02140000 -0.01500000
v 0.05400000 0.02181485 -0.01498564
v 0.05400000 0.02222771 -0.01494263
v 0.05480114 0.02140000 -0.01494627
v 0.05559843 0.02140000 -0.01478317
v 0.05440045 0.02164749 -0.01498150
v 0.05520221 0.02164751 -0.01487311
v 0.05479843 0.02189345 -0.01492613
v 0.05440026 0.02206231 -0.01494989
v 0.05519148 0.02213638 -0.01483422
v 0.05600484 0.02164781 -0.01464971
v 0.05559311 0.02188901 -0.01476393
v 0.05599405 0.02213680 -0.01461078
v 0.05400000 0.02263662 -0.01487118
v 0.05400000 0.02303960 -0.01477163
v 0.05400000 0.02343474 -0.01464445
v 0.05400000 0.02382013 -0.01449026
v 0.05479954 0.02230929 -0.01487656
v 0.05439963 0.02247757 -0.01488890
v 0.05519002 0.02255068 -0.01476713
v 0.05439940 0.02288395 -0.01479986
v 0.05479676 0.02272070 -0.01479836
v 0.05519456 0.02296930 -0.01466660
v 0.05557719 0.02237476 -0.01470634
v 0.05595318 0.02260713 -0.01454328
v 0.05558491 0.02279473 -0.01461630
v 0.05595557 0.02302376 -0.01443499
v 0.05439625 0.02330067 -0.01467719
v 0.05479542 0.02313958 -0.01468693
v 0.05478993 0.02354937 -0.01454583
v 0.05519032 0.02338364 -0.01453609
v 0.05439593 0.02369033 -0.01453151
v 0.05479049 0.02393418 -0.01438080
v 0.05517847 0.02378410 -0.01437841
v 0.05558450 0.02320755 -0.01449747
v 0.05594918 0.02343525 -0.01429702
v 0.05557596 0.02361111 -0.01435045
v 0.05593515 0.02383260 -0.01413202
v 0.05640581 0.02140000 -0.01449655
v 0.05715439 0.02140000 -0.01410391
v 0.05678528 0.02164779 -0.01430856
v 0.05639764 0.02189394 -0.01447789
v 0.05714466 0.02187075 -0.01408817
v 0.05676529 0.02211853 -0.01427607
v 0.05773375 0.02140000 -0.01369671
v 0.05744675 0.02164405 -0.01390514
v 0.05742684 0.02211447 -0.01387302
v 0.05772144 0.02188685 -0.01368123
v 0.05800501 0.02164406 -0.01346097
v 0.05797705 0.02212716 -0.01343332
v 0.05826769 0.02140000 -0.01321744
v 0.05825381 0.02188344 -0.01320373
v 0.05636482 0.02236604 -0.01442903
v 0.05672557 0.02258936 -0.01421121
v 0.05631712 0.02283206 -0.01434604
v 0.05666678 0.02304816 -0.01411584
v 0.05631544 0.02324596 -0.01421835
v 0.05711555 0.02233861 -0.01404107
v 0.05706723 0.02280067 -0.01396288
v 0.05738708 0.02258365 -0.01380902
v 0.05769274 0.02235768 -0.01363104
v 0.05732844 0.02304224 -0.01371429
v 0.05793604 0.02259599 -0.01336775
v 0.05764095 0.02282252 -0.01355191
v 0.05793972 0.02300429 -0.01323142
v 0.05665720 0.02345709 -0.01397068
v 0.05700000 0.02325410 -0.01385410
v 0.05630168 0.02365023 -0.01406347
v 0.05656281 0.02389359 -0.01381810
v 0.05691427 0.02369610 -0.01371539
v 0.05763445 0.02323128 -0.01340877
v 0.05731472 0.02344861 -0.01356244
v 0.05722070 0.02388564 -0.01341007
v 0.05760901 0.02363049 -0.01324264
v 0.05821228 0.02236373 -0.01316268
v 0.05871860 0.02140000 -0.01270606
v 0.05849632 0.02164385 -0.01296530
v 0.05846836 0.02212686 -0.01293769
v 0.05891525 0.02164384 -0.01243233
v 0.05870306 0.02188652 -0.01269385
v 0.05896266 0.02203896 -0.01231115
v 0.05910391 0.02140000 -0.01215439
v 0.05930979 0.02140000 -0.01179395
v 0.05949026 0.02140000 -0.01142013
v 0.05915909 0.02179454 -0.01203779
v 0.05918958 0.02218720 -0.01190665
v 0.05935756 0.02179490 -0.01167219
v 0.05938080 0.02219049 -0.01153418
v 0.05792098 0.02340815 -0.01307348
v 0.05788104 0.02379861 -0.01289669
v 0.05849871 0.02252459 -0.01280748
v 0.05822390 0.02277340 -0.01303392
v 0.05874102 0.02228448 -0.01256937
v 0.05875590 0.02267814 -0.01242751
v 0.05849661 0.02293108 -0.01266556
v 0.05874067 0.02308192 -0.01227065
v 0.05821386 0.02317603 -0.01288447
v 0.05818222 0.02356955 -0.01271511
v 0.05847203 0.02333285 -0.01250215
v 0.05812915 0.02395195 -0.01252671
v 0.05842627 0.02372038 -0.01232023
v 0.05898487 0.02243519 -0.01217481
v 0.05898215 0.02282337 -0.01202526
v 0.05919523 0.02257609 -0.01176160
v 0.05937840 0.02257847 -0.01138410
v 0.05917601 0.02295935 -0.01160333
v 0.05870071 0.02347692 -0.01209673
v 0.05895105 0.02322281 -0.01185735
v 0.05863545 0.02384972 -0.01191744
v 0.05889739 0.02359616 -0.01168186
v 0.05881809 0.02396281 -0.01149359
v 0.05913202 0.02333515 -0.01143260
v 0.05400000 0.02419395 -0.01430979
v 0.05400000 0.02455439 -0.01410391
v 0.05439490 0.02407219 -0.01435756
v 0.05478720 0.02430665 -0.01418958
v 0.05517609 0.02416160 -0.01419523
v 0.05439455 0.02443779 -0.01415909
v 0.05555935 0.02400333 -0.01417601
v 0.05424384 0.02483233 -0.01391524
v 0.05400000 0.02510606 -0.01371860
v 0.05424385 0.02536530 -0.01349632
v 0.05400000 0.02561744 -0.01326769
v 0.05463896 0.02471115 -0.01396266
v 0.05503519 0.02457481 -0.01398487
v 0.05527814 0.02482751 -0.01375590
v 0.05619616 0.02408186 -0.01389739
v 0.05582281 0.02425735 -0.01395105
v 0.05542337 0.02442526 -0.01398215
v 0.05568192 0.02467065 -0.01374067
v 0.05607692 0.02449673 -0.01370071
v 0.05448652 0.02509385 -0.01370306
v 0.05488448 0.02496937 -0.01374102
v 0.05512459 0.02520747 -0.01349871
v 0.05472687 0.02533769 -0.01346836
v 0.05448344 0.02560373 -0.01325381
v 0.05496373 0.02556268 -0.01321228
v 0.05553108 0.02506556 -0.01349661
v 0.05593285 0.02490215 -0.01347203
v 0.05616955 0.02511511 -0.01318222
v 0.05537340 0.02543392 -0.01322389
v 0.05577603 0.02528447 -0.01321386
v 0.05644972 0.02431744 -0.01363545
v 0.05681058 0.02412394 -0.01354761
v 0.05710782 0.02431125 -0.01322683
v 0.05632038 0.02472023 -0.01342627
v 0.05668956 0.02453499 -0.01335179
v 0.05560429 0.02563142 -0.01293972
v 0.05600815 0.02547348 -0.01292098
v 0.05623049 0.02564264 -0.01260901
v 0.05424406 0.02586097 -0.01300501
v 0.05400000 0.02609671 -0.01273375
v 0.05424405 0.02630514 -0.01244675
v 0.05472716 0.02583332 -0.01297705
v 0.05519599 0.02576775 -0.01293603
v 0.05448685 0.02608123 -0.01272144
v 0.05495768 0.02603104 -0.01269273
v 0.05471447 0.02627302 -0.01242684
v 0.05518365 0.02620902 -0.01238708
v 0.05542252 0.02595191 -0.01264095
v 0.05583128 0.02580876 -0.01263445
v 0.05564224 0.02611429 -0.01232844
v 0.05604861 0.02596244 -0.01231472
v 0.05400000 0.02650391 -0.01215439
v 0.05424780 0.02670856 -0.01178528
v 0.05400000 0.02689655 -0.01140581
v 0.05447076 0.02648817 -0.01214466
v 0.05493861 0.02644107 -0.01211555
v 0.05540067 0.02636288 -0.01206723
v 0.05585410 0.02625410 -0.01200000
v 0.05564816 0.02651584 -0.01166678
v 0.05605709 0.02637068 -0.01165720
v 0.05471853 0.02667607 -0.01176529
v 0.05518936 0.02661121 -0.01172557
v 0.05449394 0.02687789 -0.01139764
v 0.05496604 0.02682903 -0.01136482
v 0.05697865 0.02471451 -0.01301767
v 0.05750829 0.02406374 -0.01307386
v 0.05776988 0.02422550 -0.01271545
v 0.05738553 0.02448025 -0.01287947
v 0.05801767 0.02437865 -0.01231451
v 0.05764487 0.02464390 -0.01249171
v 0.05655195 0.02492671 -0.01312915
v 0.05682550 0.02511545 -0.01276988
v 0.05639862 0.02529669 -0.01288104
v 0.05666374 0.02547386 -0.01250829
v 0.05708025 0.02527947 -0.01238552
v 0.05724390 0.02489171 -0.01264487
v 0.05749171 0.02504487 -0.01224390
v 0.05787947 0.02478553 -0.01208025
v 0.05691125 0.02562683 -0.01210782
v 0.05771545 0.02516988 -0.01182550
v 0.05731451 0.02541767 -0.01197865
v 0.05807386 0.02490829 -0.01166374
v 0.05752671 0.02552915 -0.01155195
v 0.05789669 0.02528104 -0.01139861
v 0.05835180 0.02408956 -0.01213499
v 0.05822683 0.02450782 -0.01191125
v 0.05854761 0.02421058 -0.01172394
v 0.05841007 0.02462070 -0.01148564
v 0.05648563 0.02581007 -0.01222070
v 0.05629610 0.02611539 -0.01191427
v 0.05672394 0.02594761 -0.01181058
v 0.05713499 0.02575179 -0.01168956
v 0.05691744 0.02603545 -0.01144972
v 0.05649358 0.02621810 -0.01156281
v 0.05964445 0.02140000 -0.01103474
v 0.05977163 0.02140000 -0.01063960
v 0.05953151 0.02179593 -0.01129033
v 0.05967719 0.02179625 -0.01090067
v 0.05954583 0.02218993 -0.01114937
v 0.05979986 0.02179940 -0.01048395
v 0.05968693 0.02219542 -0.01073958
v 0.05987118 0.02140000 -0.01023662
v 0.05994263 0.02140000 -0.00982771
v 0.05988890 0.02179963 -0.01007758
v 0.05979836 0.02219675 -0.01032070
v 0.05994989 0.02180026 -0.00966231
v 0.05987656 0.02219954 -0.00990929
v 0.05992613 0.02219843 -0.00949345
v 0.05953609 0.02259032 -0.01098364
v 0.05935045 0.02297596 -0.01121111
v 0.05966660 0.02259457 -0.01056930
v 0.05949746 0.02298450 -0.01080755
v 0.05929702 0.02334918 -0.01103525
v 0.05906347 0.02370168 -0.01125023
v 0.05943499 0.02335557 -0.01062376
v 0.05921835 0.02371544 -0.01084596
v 0.05934604 0.02371712 -0.01043206
v 0.05976713 0.02259002 -0.01015068
v 0.05961630 0.02298491 -0.01039473
v 0.05970634 0.02297719 -0.00997476
v 0.05983422 0.02259148 -0.00973638
v 0.05976393 0.02299311 -0.00948901
v 0.05954328 0.02335318 -0.01020713
v 0.05942903 0.02376482 -0.00996604
v 0.05961078 0.02339405 -0.00973680
v 0.05947790 0.02379764 -0.00949394
v 0.05998564 0.02140000 -0.00941485
v 0.06000000 0.02140000 -0.00900000
v 0.05998150 0.02180045 -0.00924749
v 0.05994627 0.02220114 -0.00900000
v 0.05987311 0.02260221 -0.00924751
v 0.05978317 0.02299843 -0.00900000
v 0.05964971 0.02340484 -0.00924781
v 0.05949655 0.02380581 -0.00900000
v 0.05424781 0.02704971 -0.01100484
v 0.05400000 0.02718317 -0.01059843
v 0.05520713 0.02694328 -0.01095318
v 0.05473680 0.02701078 -0.01099405
v 0.05543206 0.02674604 -0.01131712
v 0.05584596 0.02661835 -0.01131544
v 0.05562376 0.02683499 -0.01095557
v 0.05603525 0.02669702 -0.01094918
v 0.05448901 0.02716393 -0.01059311
v 0.05497476 0.02710634 -0.01057719
v 0.05621111 0.02675045 -0.01057596
v 0.05580755 0.02689747 -0.01058450
v 0.05539473 0.02701630 -0.01058491
v 0.05424751 0.02727311 -0.01020221
v 0.05400000 0.02734627 -0.00980114
v 0.05473638 0.02723422 -0.01019148
v 0.05515068 0.02716713 -0.01019002
v 0.05598364 0.02693609 -0.01019032
v 0.05556930 0.02706660 -0.01019456
v 0.05449345 0.02732613 -0.00979843
v 0.05490929 0.02727656 -0.00979954
v 0.05614937 0.02694583 -0.00978993
v 0.05573958 0.02708693 -0.00979542
v 0.05532070 0.02719836 -0.00979675
v 0.05771511 0.02558222 -0.01116955
v 0.05807348 0.02532098 -0.01100815
v 0.05788447 0.02561386 -0.01077603
v 0.05871539 0.02431427 -0.01129610
v 0.05897068 0.02405720 -0.01105709
v 0.05856244 0.02471472 -0.01104861
v 0.05885410 0.02440000 -0.01085410
v 0.05871429 0.02472844 -0.01064224
v 0.05911584 0.02406678 -0.01064816
v 0.05824264 0.02500901 -0.01123049
v 0.05840877 0.02503445 -0.01083128
v 0.05855191 0.02504095 -0.01042252
v 0.05823142 0.02533972 -0.01060429
v 0.05803392 0.02562390 -0.01037340
v 0.05896289 0.02446723 -0.01040067
v 0.05880902 0.02478708 -0.01018365
v 0.05921121 0.02412557 -0.01018936
v 0.05904107 0.02451555 -0.00993861
v 0.05887302 0.02482684 -0.00971447
v 0.05927607 0.02416529 -0.00971853
v 0.05863104 0.02509274 -0.00995768
v 0.05836775 0.02533603 -0.01019599
v 0.05816268 0.02561228 -0.00996373
v 0.05843332 0.02537705 -0.00972716
v 0.05709673 0.02610071 -0.01107692
v 0.05668186 0.02629740 -0.01119616
v 0.05625023 0.02646347 -0.01130168
v 0.05643260 0.02653202 -0.01093515
v 0.05732023 0.02582627 -0.01132038
v 0.05750215 0.02587203 -0.01093285
v 0.05685735 0.02635105 -0.01082281
v 0.05702526 0.02638215 -0.01042337
v 0.05766556 0.02589661 -0.01053108
v 0.05727065 0.02614067 -0.01068192
v 0.05660333 0.02657601 -0.01055935
v 0.05717481 0.02638487 -0.01003519
v 0.05780748 0.02589871 -0.01012459
v 0.05742751 0.02615589 -0.01027814
v 0.05793769 0.02586836 -0.00972686
v 0.05756937 0.02614102 -0.00988448
v 0.05731115 0.02636266 -0.00963896
v 0.05638411 0.02677841 -0.01017847
v 0.05676160 0.02659523 -0.01017609
v 0.05653418 0.02678080 -0.00979049
v 0.05690665 0.02658958 -0.00978720
v 0.05424749 0.02738150 -0.00940045
v 0.05400000 0.02740000 -0.00900000
v 0.05466231 0.02734989 -0.00940026
v 0.05507758 0.02728890 -0.00939963
v 0.05548396 0.02719986 -0.00939940
v 0.05590067 0.02707719 -0.00939625
v 0.05441485 0.02738564 -0.00900000
v 0.05482771 0.02734263 -0.00900000
v 0.05523662 0.02727118 -0.00900000
v 0.05563960 0.02717163 -0.00900000
v 0.05603474 0.02704445 -0.00900000
v 0.05930856 0.02418528 -0.00924779
v 0.05908817 0.02454466 -0.00947075
v 0.05910391 0.02455439 -0.00900000
v 0.05868123 0.02512144 -0.00948685
v 0.05890514 0.02484675 -0.00924405
v 0.05820373 0.02565381 -0.00948344
v 0.05846097 0.02540501 -0.00924406
v 0.05869671 0.02513375 -0.00900000
v 0.05821744 0.02566769 -0.00900000
v 0.05769385 0.02610306 -0.00948652
v 0.05796530 0.02589632 -0.00924385
v 0.05743233 0.02631524 -0.00924384
v 0.05715439 0.02650391 -0.00900000
v 0.05770605 0.02611860 -0.00900000
v 0.05667219 0.02675756 -0.00939490
v 0.05629033 0.02693151 -0.00939593
v 0.05703779 0.02655909 -0.00939455
v 0.05642013 0.02689026 -0.00900000
v 0.05679395 0.02670979 -0.00900000
v 0.04770000 0.02740000 -0.00550000
v 0.04770000 0.02740000 0.00840000
v 0.04770000 0.02738150 0.00880045
v 0.04770000 0.02734627 0.00920114
v 0.04770000 0.02727311 0.00960221
v 0.04770000 0.02718317 0.00999843
v 0.04770000 0.02704971 0.01040484
v 0.06000000 0.02140000 0.00840000
v 0.05998564 0.02140000 0.00881485
v 0.05994627 0.02220114 0.00840000
v 0.05998150 0.02180045 0.00864749
v 0.05978317 0.02299843 0.00840000
v 0.05987311 0.02260221 0.00864751
v 0.05949655 0.02380581 0.00840000
v 0.05964971 0.02340484 0.00864781
v 0.05994263 0.02140000 0.00922771
v 0.05987118 0.02140000 0.00963662
v 0.05994989 0.02180026 0.00906231
v 0.05992613 0.02219843 0.00889345
v 0.05987656 0.02219954 0.00930929
v 0.05988890 0.02179963 0.00947758
v 0.05979836 0.02219675 0.00972070
v 0.05977163 0.02140000 0.01003960
v 0.05964445 0.02140000 0.01043473
v 0.05979986 0.02179940 0.00988395
v 0.05968693 0.02219542 0.01013958
v 0.05967719 0.02179625 0.01030067
v 0.05953151 0.02179593 0.01069033
v 0.05954583 0.02218993 0.01054937
v 0.05983422 0.02259148 0.00913638
v 0.05976393 0.02299311 0.00888901
v 0.05976713 0.02259002 0.00955068
v 0.05970634 0.02297719 0.00937476
v 0.05961630 0.02298491 0.00979473
v 0.05961078 0.02339405 0.00913680
v 0.05947790 0.02379764 0.00889394
v 0.05954328 0.02335318 0.00960713
v 0.05942903 0.02376482 0.00936604
v 0.05966660 0.02259457 0.00996930
v 0.05949746 0.02298450 0.01020755
v 0.05953609 0.02259032 0.01038364
v 0.05935045 0.02297596 0.01061111
v 0.05943499 0.02335557 0.01002376
v 0.05934604 0.02371712 0.00983206
v 0.05921835 0.02371544 0.01024596
v 0.05929702 0.02334918 0.01043525
v 0.05906347 0.02370168 0.01065023
v 0.05400000 0.02740000 0.00840000
v 0.05424749 0.02738150 0.00880045
v 0.05441485 0.02738564 0.00840000
v 0.05482771 0.02734263 0.00840000
v 0.05523662 0.02727118 0.00840000
v 0.05563960 0.02717163 0.00840000
v 0.05603474 0.02704445 0.00840000
v 0.05466231 0.02734989 0.00880026
v 0.05507758 0.02728890 0.00879963
v 0.05548396 0.02719986 0.00879940
v 0.05590067 0.02707719 0.00879625
v 0.05910391 0.02455439 0.00840000
v 0.05930856 0.02418528 0.00864779
v 0.05908817 0.02454466 0.00887075
v 0.05869671 0.02513375 0.00840000
v 0.05821744 0.02566769 0.00840000
v 0.05890514 0.02484675 0.00864405
v 0.05868123 0.02512144 0.00888685
v 0.05846097 0.02540501 0.00864406
v 0.05820373 0.02565381 0.00888344
v 0.05715439 0.02650391 0.00840000
v 0.05770605 0.02611860 0.00840000
v 0.05796530 0.02589632 0.00864385
v 0.05769385 0.02610306 0.00888652
v 0.05743233 0.02631524 0.00864384
v 0.05642013 0.02689026 0.00840000
v 0.05679395 0.02670979 0.00840000
v 0.05667219 0.02675756 0.00879490
v 0.05629033 0.02693151 0.00879593
v 0.05703779 0.02655909 0.00879455
v 0.05400000 0.02734627 0.00920114
v 0.05424751 0.02727311 0.00960221
v 0.05449345 0.02732613 0.00919843
v 0.05490929 0.02727656 0.00919954
v 0.05614937 0.02694583 0.00918993
v 0.05573958 0.02708693 0.00919542
v 0.05532070 0.02719836 0.00919675
v 0.05473638 0.02723422 0.00959148
v 0.05515068 0.02716713 0.00959002
v 0.05598364 0.02693609 0.00959032
v 0.05556930 0.02706660 0.00959456
v 0.05400000 0.02718317 0.00999843
v 0.05424781 0.02704971 0.01040484
v 0.05448901 0.02716393 0.00999311
v 0.05497476 0.02710634 0.00997719
v 0.05621111 0.02675045 0.00997596
v 0.05580755 0.02689747 0.00998450
v 0.05539473 0.02701630 0.00998491
v 0.05520713 0.02694328 0.01035318
v 0.05473680 0.02701078 0.01039405
v 0.05562376 0.02683499 0.01035557
v 0.05603525 0.02669702 0.01034918
v 0.05543206 0.02674604 0.01071712
v 0.05584596 0.02661835 0.01071544
v 0.05803392 0.02562390 0.00977340
v 0.05887302 0.02482684 0.00911447
v 0.05904107 0.02451555 0.00933861
v 0.05927607 0.02416529 0.00911853
v 0.05896289 0.02446723 0.00980067
v 0.05880902 0.02478708 0.00958365
v 0.05921121 0.02412557 0.00958936
v 0.05843332 0.02537705 0.00912716
v 0.05863104 0.02509274 0.00935768
v 0.05816268 0.02561228 0.00936373
v 0.05836775 0.02533603 0.00959599
v 0.05788447 0.02561386 0.01017603
v 0.05807348 0.02532098 0.01040815
v 0.05771511 0.02558222 0.01056955
v 0.05885410 0.02440000 0.01025410
v 0.05871429 0.02472844 0.01004224
v 0.05911584 0.02406678 0.01004816
v 0.05897068 0.02405720 0.01045709
v 0.05871539 0.02431427 0.01069610
v 0.05856244 0.02471472 0.01044861
v 0.05855191 0.02504095 0.00982252
v 0.05840877 0.02503445 0.01023128
v 0.05823142 0.02533972 0.01000429
v 0.05824264 0.02500901 0.01063049
v 0.05793769 0.02586836 0.00912686
v 0.05731115 0.02636266 0.00903896
v 0.05756937 0.02614102 0.00928448
v 0.05717481 0.02638487 0.00943519
v 0.05780748 0.02589871 0.00952459
v 0.05742751 0.02615589 0.00967814
v 0.05653418 0.02678080 0.00919049
v 0.05690665 0.02658958 0.00918720
v 0.05676160 0.02659523 0.00957609
v 0.05638411 0.02677841 0.00957847
v 0.05702526 0.02638215 0.00982337
v 0.05685735 0.02635105 0.01022281
v 0.05766556 0.02589661 0.00993108
v 0.05727065 0.02614067 0.01008192
v 0.05709673 0.02610071 0.01047692
v 0.05643260 0.02653202 0.01033515
v 0.05668186 0.02629740 0.01059616
v 0.05625023 0.02646347 0.01070168
v 0.05750215 0.02587203 0.01033285
v 0.05732023 0.02582627 0.01072038
v 0.05660333 0.02657601 0.00995935
v 0.04770000 0.02140000 0.01440000
v 0.04770000 0.02181485 0.01438564
v 0.04770000 0.02222771 0.01434263
v 0.04770000 0.02263662 0.01427118
v 0.04770000 0.02303960 0.01417163
v 0.04770000 0.02382013 0.01389026
v 0.04770000 0.02343474 0.01404445
v 0.04770000 0.02650391 0.01155439
v 0.04770000 0.02689655 0.01080581
v 0.04770000 0.02670856 0.01118528
v 0.04770000 0.02630514 0.01184675
v 0.04770000 0.02609671 0.01213375
v 0.04770000 0.02586097 0.01240501
v 0.04770000 0.02561744 0.01266769
v 0.04770000 0.02536530 0.01289632
v 0.04770000 0.02510606 0.01311860
v 0.04770000 0.02483233 0.01331524
v 0.04770000 0.02419395 0.01370979
v 0.04770000 0.02455439 0.01350390
v 0.05949026 0.02140000 0.01082013
v 0.05930979 0.02140000 0.01119395
v 0.05910391 0.02140000 0.01155439
v 0.05935756 0.02179490 0.01107219
v 0.05938080 0.02219049 0.01093418
v 0.05915909 0.02179454 0.01143779
v 0.05918958 0.02218720 0.01130665
v 0.05871860 0.02140000 0.01210606
v 0.05891525 0.02164384 0.01183233
v 0.05896266 0.02203896 0.01171115
v 0.05870306 0.02188652 0.01209385
v 0.05849632 0.02164385 0.01236530
v 0.05846836 0.02212686 0.01233769
v 0.05937840 0.02257847 0.01078410
v 0.05919523 0.02257609 0.01116160
v 0.05917601 0.02295935 0.01100333
v 0.05898487 0.02243519 0.01157481
v 0.05898215 0.02282337 0.01142526
v 0.05881809 0.02396281 0.01089359
v 0.05889739 0.02359616 0.01108186
v 0.05913202 0.02333515 0.01083260
v 0.05895105 0.02322281 0.01125735
v 0.05870071 0.02347692 0.01149673
v 0.05863545 0.02384972 0.01131744
v 0.05792098 0.02340815 0.01247348
v 0.05788104 0.02379861 0.01229669
v 0.05875590 0.02267814 0.01182751
v 0.05874102 0.02228448 0.01196937
v 0.05874067 0.02308192 0.01167065
v 0.05849661 0.02293108 0.01206555
v 0.05849871 0.02252459 0.01220748
v 0.05822390 0.02277340 0.01243392
v 0.05847203 0.02333285 0.01190215
v 0.05842627 0.02372038 0.01172023
v 0.05812915 0.02395195 0.01192671
v 0.05821386 0.02317603 0.01228447
v 0.05818222 0.02356955 0.01211511
v 0.05400000 0.02140000 0.01440000
v 0.05400000 0.02181485 0.01438564
v 0.05400000 0.02222771 0.01434263
v 0.05480114 0.02140000 0.01434627
v 0.05559843 0.02140000 0.01418317
v 0.05440045 0.02164749 0.01438150
v 0.05520221 0.02164751 0.01427311
v 0.05479843 0.02189345 0.01432613
v 0.05440026 0.02206231 0.01434989
v 0.05519148 0.02213638 0.01423422
v 0.05600484 0.02164781 0.01404971
v 0.05559311 0.02188901 0.01416393
v 0.05599405 0.02213680 0.01401078
v 0.05400000 0.02263662 0.01427118
v 0.05400000 0.02303960 0.01417163
v 0.05400000 0.02382013 0.01389026
v 0.05400000 0.02343474 0.01404445
v 0.05595557 0.02302376 0.01383499
v 0.05519002 0.02255068 0.01416713
v 0.05479954 0.02230929 0.01427656
v 0.05439963 0.02247757 0.01428890
v 0.05519456 0.02296930 0.01406660
v 0.05439940 0.02288395 0.01419986
v 0.05479676 0.02272070 0.01419836
v 0.05557719 0.02237476 0.01410634
v 0.05595318 0.02260713 0.01394328
v 0.05558491 0.02279473 0.01401630
v 0.05519032 0.02338364 0.01393609
v 0.05439593 0.02369033 0.01393151
v 0.05479049 0.02393418 0.01378080
v 0.05517847 0.02378410 0.01377841
v 0.05594918 0.02343525 0.01369702
v 0.05558450 0.02320755 0.01389746
v 0.05593515 0.02383260 0.01353202
v 0.05557596 0.02361111 0.01375045
v 0.05439625 0.02330067 0.01407719
v 0.05479542 0.02313958 0.01408693
v 0.05478993 0.02354937 0.01394583
v 0.05773375 0.02140000 0.01309671
v 0.05800501 0.02164406 0.01286097
v 0.05797705 0.02212716 0.01283332
v 0.05744675 0.02164405 0.01330514
v 0.05772144 0.02188685 0.01308123
v 0.05742684 0.02211447 0.01327302
v 0.05826769 0.02140000 0.01261744
v 0.05825381 0.02188344 0.01260373
v 0.05715439 0.02140000 0.01350390
v 0.05640581 0.02140000 0.01389655
v 0.05678528 0.02164779 0.01370856
v 0.05714466 0.02187075 0.01348817
v 0.05676529 0.02211853 0.01367607
v 0.05639764 0.02189394 0.01387789
v 0.05793604 0.02259599 0.01276775
v 0.05793972 0.02300429 0.01263142
v 0.05764095 0.02282252 0.01295191
v 0.05711555 0.02233861 0.01344107
v 0.05706723 0.02280067 0.01336288
v 0.05738708 0.02258365 0.01320902
v 0.05769274 0.02235768 0.01303104
v 0.05732844 0.02304224 0.01311429
v 0.05763445 0.02323128 0.01280877
v 0.05731472 0.02344861 0.01296244
v 0.05760901 0.02363049 0.01264264
v 0.05722070 0.02388564 0.01281007
v 0.05665720 0.02345709 0.01337068
v 0.05700000 0.02325410 0.01325410
v 0.05656281 0.02389359 0.01321810
v 0.05691427 0.02369610 0.01311539
v 0.05630168 0.02365023 0.01346347
v 0.05821228 0.02236373 0.01256268
v 0.05672557 0.02258936 0.01361121
v 0.05636482 0.02236604 0.01382903
v 0.05666678 0.02304816 0.01351584
v 0.05631712 0.02283206 0.01374604
v 0.05631544 0.02324596 0.01361835
v 0.05623049 0.02564264 0.01200901
v 0.05600815 0.02547348 0.01232098
v 0.05560429 0.02563142 0.01233972
v 0.05400000 0.02650391 0.01155439
v 0.05400000 0.02689655 0.01080581
v 0.05424780 0.02670856 0.01118528
v 0.05564816 0.02651584 0.01106678
v 0.05605709 0.02637068 0.01105720
v 0.05447076 0.02648817 0.01154466
v 0.05493861 0.02644107 0.01151555
v 0.05585410 0.02625410 0.01140000
v 0.05540067 0.02636288 0.01146723
v 0.05449394 0.02687789 0.01079764
v 0.05496604 0.02682903 0.01076482
v 0.05471853 0.02667607 0.01116529
v 0.05518936 0.02661121 0.01112557
v 0.05424405 0.02630514 0.01184675
v 0.05400000 0.02609671 0.01213375
v 0.05424406 0.02586097 0.01240501
v 0.05495768 0.02603104 0.01209273
v 0.05471447 0.02627302 0.01182684
v 0.05518365 0.02620902 0.01178708
v 0.05564224 0.02611429 0.01172844
v 0.05604861 0.02596244 0.01171472
v 0.05542252 0.02595191 0.01204095
v 0.05583128 0.02580876 0.01203445
v 0.05448685 0.02608123 0.01212144
v 0.05472716 0.02583332 0.01237705
v 0.05519599 0.02576775 0.01233603
v 0.05787947 0.02478553 0.01148025
v 0.05807386 0.02490829 0.01106374
v 0.05752671 0.02552915 0.01095195
v 0.05789669 0.02528104 0.01079861
v 0.05691125 0.02562683 0.01150782
v 0.05771545 0.02516988 0.01122550
v 0.05731451 0.02541767 0.01137865
v 0.05854761 0.02421058 0.01112394
v 0.05841007 0.02462070 0.01088564
v 0.05835180 0.02408956 0.01153499
v 0.05822683 0.02450782 0.01131125
v 0.05801767 0.02437865 0.01171451
v 0.05764487 0.02464390 0.01189171
v 0.05697865 0.02471451 0.01241767
v 0.05776988 0.02422550 0.01211545
v 0.05750829 0.02406374 0.01247386
v 0.05738553 0.02448025 0.01227947
v 0.05708025 0.02527947 0.01178552
v 0.05666374 0.02547386 0.01190829
v 0.05749171 0.02504487 0.01164390
v 0.05724390 0.02489171 0.01204487
v 0.05682550 0.02511545 0.01216988
v 0.05655195 0.02492671 0.01252915
v 0.05639862 0.02529669 0.01228104
v 0.05691744 0.02603545 0.01084972
v 0.05713499 0.02575179 0.01108956
v 0.05649358 0.02621810 0.01096281
v 0.05629610 0.02611539 0.01131427
v 0.05672394 0.02594761 0.01121058
v 0.05648563 0.02581007 0.01162070
v 0.05400000 0.02561744 0.01266769
v 0.05424385 0.02536530 0.01289632
v 0.05400000 0.02510606 0.01311860
v 0.05424384 0.02483233 0.01331524
v 0.05527814 0.02482751 0.01315590
v 0.05463896 0.02471115 0.01336266
v 0.05503519 0.02457481 0.01338487
v 0.05619616 0.02408186 0.01329739
v 0.05582281 0.02425735 0.01335105
v 0.05568192 0.02467065 0.01314067
v 0.05607692 0.02449673 0.01310071
v 0.05542337 0.02442526 0.01338215
v 0.05512459 0.02520747 0.01289871
v 0.05448344 0.02560373 0.01265381
v 0.05496373 0.02556268 0.01261228
v 0.05472687 0.02533769 0.01286836
v 0.05616955 0.02511511 0.01258222
v 0.05553108 0.02506556 0.01289661
v 0.05593285 0.02490215 0.01287203
v 0.05537340 0.02543392 0.01262389
v 0.05577603 0.02528447 0.01261386
v 0.05448652 0.02509385 0.01310306
v 0.05488448 0.02496937 0.01314102
v 0.05400000 0.02419395 0.01370979
v 0.05400000 0.02455439 0.01350390
v 0.05478720 0.02430665 0.01358958
v 0.05517609 0.02416160 0.01359523
v 0.05439490 0.02407219 0.01375756
v 0.05439455 0.02443779 0.01355909
v 0.05555935 0.02400333 0.01357601
v 0.05710782 0.02431125 0.01262683
v 0.05681058 0.02412394 0.01294761
v 0.05668956 0.02453499 0.01275179
v 0.05632038 0.02472023 0.01282627
v 0.05644972 0.02431744 0.01303545
v -0.04119443 -0.00534046 0.01030000
v -0.04084046 -0.00569443 0.01030000
v -0.04039443 -0.00592169 0.01030000
v -0.04142169 -0.00489443 0.01030000
v -0.03990000 -0.00600000 0.01030000
v -0.03927082 -0.00454127 0.01030000
v -0.04150000 -0.00440000 0.01030000
v -0.03987082 -0.00410534 0.01030000
v -0.04004127 -0.00377082 0.01030000
v -0.03960534 -0.00437082 0.01030000
v -0.04010000 -0.00340000 0.01030000
v -0.03890000 -0.00460000 0.01030000
v -0.04119443 -0.00534046 0.01620000
v -0.04084046 -0.00569443 0.01620000
v -0.04039443 -0.00592169 0.01620000
v -0.04142169 -0.00489443 0.01620000
v -0.03990000 -0.00600000 0.01620000
v -0.03927082 -0.00454127 0.01620000
v -0.04150000 -0.00440000 0.01620000
v -0.03987082 -0.00410534 0.01620000
v -0.04004127 -0.00377082 0.01620000
v -0.03960534 -0.00437082 0.01620000
v -0.04010000 -0.00340000 0.01620000
v -0.03890000 -0.00460000 0.01620000
v -0.04150000 0.00440000 0.01030000
v -0.04010000 0.00340000 0.01030000
v -0.04004127 0.00377082 0.01030000
v -0.03987082 0.00410534 0.01030000
v -0.03960534 0.00437082 0.01030000
v -0.04142169 0.00489443 0.01030000
v -0.04119443 0.00534046 0.01030000
v -0.04084046 0.00569443 0.01030000
v -0.04039443 0.00592169 0.01030000
v -0.03927082 0.00454127 0.01030000
v -0.03990000 0.00600000 0.01030000
v -0.03890000 0.00460000 0.01030000
v -0.04150000 0.00440000 0.01620000
v -0.04010000 0.00340000 0.01620000
v -0.04004127 0.00377082 0.01620000
v -0.03987082 0.00410534 0.01620000
v -0.03960534 0.00437082 0.01620000
v -0.04142169 0.00489443 0.01620000
v -0.04119443 0.00534046 0.01620000
v -0.04084046 0.00569443 0.01620000
v -0.04039443 0.00592169 0.01620000
v -0.03927082 0.00454127 0.01620000
v -0.03990000 0.00600000 0.01620000
v -0.03890000 0.00460000 0.01620000
v -0.02610000 -0.00460000 0.01030000
v -0.02510000 -0.00600000 0.01030000
v -0.02572918 -0.00454127 0.01030000
v -0.02460557 -0.00592169 0.01030000
v -0.02415954 -0.00569443 0.01030000
v -0.02380557 -0.00534046 0.01030000
v -0.02357831 -0.00489443 0.01030000
v -0.02539466 -0.00437082 0.01030000
v -0.02512918 -0.00410534 0.01030000
v -0.02495873 -0.00377082 0.01030000
v -0.02490000 -0.00340000 0.01030000
v -0.02350000 -0.00440000 0.01030000
v -0.02610000 -0.00460000 0.01620000
v -0.02510000 -0.00600000 0.01620000
v -0.02572918 -0.00454127 0.01620000
v -0.02460557 -0.00592169 0.01620000
v -0.02415954 -0.00569443 0.01620000
v -0.02380557 -0.00534046 0.01620000
v -0.02357831 -0.00489443 0.01620000
v -0.02539466 -0.00437082 0.01620000
v -0.02512918 -0.00410534 0.01620000
v -0.02495873 -0.00377082 0.01620000
v -0.02490000 -0.00340000 0.01620000
v -0.02350000 -0.00440000 0.01620000
v -0.02610000 0.00460000 0.01030000
v -0.02490000 0.00340000 0.01030000
v -0.02539466 0.00437082 0.01030000
v -0.02495873 0.00377082 0.01030000
v -0.02512918 0.00410534 0.01030000
v -0.02350000 0.00440000 0.01030000
v -0.02572918 0.00454127 0.01030000
v -0.02510000 0.00600000 0.01030000
v -0.02357831 0.00489443 0.01030000
v -0.02460557 0.00592169 0.01030000
v -0.02415954 0.00569443 0.01030000
v -0.02380557 0.00534046 0.01030000
v -0.02610000 0.00460000 0.01620000
v -0.02490000 0.00340000 0.01620000
v -0.02539466 0.00437082 0.01620000
v -0.02495873 0.00377082 0.01620000
v -0.02512918 0.00410534 0.01620000
v -0.02350000 0.00440000 0.01620000
v -0.02572918 0.00454127 0.01620000
v -0.02510000 0.00600000 0.01620000
v -0.02357831 0.00489443 0.01620000
v -0.02460557 0.00592169 0.01620000
v -0.02415954 0.00569443 0.01620000
v -0.02380557 0.00534046 0.01620000
v 0.02316844 -0.01505725 0.01230000
v 0.02267130 -0.01408156 0.01230000
v 0.02250000 -0.01300000 0.01230000
v 0.02394275 -0.01583156 0.01230000
v 0.02491844 -0.01632870 0.01230000
v 0.02600000 -0.01650000 0.01230000
v 0.02625000 -0.00900000 0.01230000
v 0.02625000 -0.00400000 0.01230000
v 0.02316844 -0.01505725 0.01450000
v 0.02267130 -0.01408156 0.01450000
v 0.02250000 -0.01300000 0.01450000
v 0.02394275 -0.01583156 0.01450000
v 0.02491844 -0.01632870 0.01450000
v 0.02600000 -0.01650000 0.01450000
v 0.02625000 -0.00900000 0.01450000
v 0.02625000 -0.00400000 0.01450000
v 0.02625000 -0.00000000 0.01230000
v 0.02625000 0.00500000 0.01230000
v 0.02250000 0.00900000 0.01230000
v 0.02267130 0.01008156 0.01230000
v 0.02316844 0.01105725 0.01230000
v 0.02394275 0.01183156 0.01230000
v 0.02491844 0.01232870 0.01230000
v 0.02600000 0.01250000 0.01230000
v 0.02625000 -0.00000000 0.01450000
v 0.02625000 0.00500000 0.01450000
v 0.02250000 0.00900000 0.01450000
v 0.02267130 0.01008156 0.01450000
v 0.02316844 0.01105725 0.01450000
v 0.02394275 0.01183156 0.01450000
v 0.02491844 0.01232870 0.01450000
v 0.02600000 0.01250000 0.01450000
v 0.03900000 -0.01650000 0.01230000
v 0.04008156 -0.01632870 0.01230000
v 0.04105725 -0.01583156 0.01230000
v 0.04183156 -0.01505725 0.01230000
v 0.04232870 -0.01408156 0.01230000
v 0.04250000 -0.01300000 0.01230000
v 0.03875000 -0.00900000 0.01230000
v 0.03875000 -0.00400000 0.01230000
v 0.03900000 -0.01650000 0.01450000
v 0.04008156 -0.01632870 0.01450000
v 0.04105725 -0.01583156 0.01450000
v 0.04183156 -0.01505725 0.01450000
v 0.04232870 -0.01408156 0.01450000
v 0.04250000 -0.01300000 0.01450000
v 0.03875000 -0.00900000 0.01450000
v 0.03875000 -0.00400000 0.01450000
v 0.03875000 -0.00000000 0.01230000
v 0.03875000 0.00500000 0.01230000
v 0.03900000 0.01250000 0.01230000
v 0.04008156 0.01232870 0.01230000
v 0.04105725 0.01183156 0.01230000
v 0.04250000 0.00900000 0.01230000
v 0.04232870 0.01008156 0.01230000
v 0.04183156 0.01105725 0.01230000
v 0.03875000 -0.00000000 0.01450000
v 0.03875000 0.00500000 0.01450000
v 0.03900000 0.01250000 0.01450000
v 0.04008156 0.01232870 0.01450000
v 0.04105725 0.01183156 0.01450000
v 0.04250000 0.00900000 0.01450000
v 0.04232870 0.01008156 0.01450000
v 0.04183156 0.01105725 0.01450000
v -0.04800000 -0.02800000 -0.00580000
v -0.04800000 -0.02800000 -0.00254436
v -0.04800000 -0.02790557 -0.00252169
v -0.04800000 -0.02767362 -0.00242561
v -0.04800000 -0.02745954 -0.00229443
v -0.04800000 -0.02726863 -0.00213137
v -0.04800000 -0.02710557 -0.00194046
v -0.04800000 -0.02697439 -0.00172638
v -0.04800000 -0.02687831 -0.00149443
v -0.04800000 -0.02681970 -0.00125030
v -0.04800000 -0.02680000 -0.00100000
v -0.04800000 -0.02681970 -0.00074970
v -0.04800000 -0.02687831 -0.00050557
v -0.04800000 -0.02697439 -0.00027362
v -0.04800000 -0.02710557 -0.00005954
v -0.04800000 -0.02726863 0.00013137
v -0.04800000 -0.02745954 0.00029443
v -0.04800000 -0.02790557 0.00052169
v -0.04800000 -0.02767362 0.00042561
v -0.04800000 -0.02800000 0.00054436
v -0.04800000 -0.02800000 0.00345564
v -0.04800000 -0.02790557 0.00347831
v -0.04800000 -0.02767362 0.00357439
v -0.04800000 -0.02745954 0.00370557
v -0.04800000 -0.02726863 0.00386863
v -0.04800000 -0.02710557 0.00405954
v -0.04800000 -0.02697439 0.00427362
v -0.04800000 -0.02687831 0.00450557
v -0.00226274 -0.01416274 -0.00580000
v -0.00194804 -0.01443873 -0.00580000
v -0.00160000 -0.01467128 -0.00580000
v -0.00082822 -0.01499096 -0.00580000
v -0.00041768 -0.01507262 -0.00580000
v -0.00122459 -0.01485641 -0.00580000
v -0.00309096 -0.01272822 -0.00580000
v -0.00317262 -0.01231768 -0.00580000
v -0.00320000 -0.01190000 -0.00580000
v -0.00317262 -0.01148232 -0.00580000
v -0.00309096 -0.01107178 -0.00580000
v -0.00253873 -0.01384804 -0.00580000
v -0.00277128 -0.01350000 -0.00580000
v -0.00295641 -0.01312459 -0.00580000
v -0.00295641 -0.01067541 -0.00580000
v -0.00277128 -0.01030000 -0.00580000
v -0.00253873 -0.00995196 -0.00580000
v -0.00226274 -0.00963726 -0.00580000
v -0.00194804 -0.00936127 -0.00580000
v -0.00160000 -0.00912872 -0.00580000
v -0.00122459 -0.00894359 -0.00580000
v -0.00082822 -0.00880904 -0.00580000
v -0.00041768 -0.00872738 -0.00580000
v -0.00765000 -0.00460000 -0.00580000
v -0.00505000 -0.00460000 -0.00580000
v -0.04800000 -0.02681970 0.00474971
v -0.04800000 -0.02680000 0.00500000
v -0.04800000 -0.02681970 0.00525030
v -0.04800000 -0.02687831 0.00549443
v -0.04800000 -0.02697439 0.00572638
v -0.04800000 -0.02726863 0.00613137
v -0.04800000 -0.02800000 0.00654436
v -0.04800000 -0.02790557 0.00652169
v -0.04800000 -0.02767362 0.00642561
v -0.04800000 -0.02745954 0.00629443
v -0.04800000 -0.02710557 0.00594046
v -0.04800000 -0.02800000 0.00900000
v -0.04800000 -0.02798150 0.00940045
v -0.04800000 -0.02794627 0.00980114
v -0.04800000 -0.02787311 0.01020221
v -0.04800000 -0.02778317 0.01059843
v -0.04800000 -0.02764971 0.01100484
v -0.04800000 -0.02749655 0.01140581
v -0.04800000 -0.02730856 0.01178528
v -0.04800000 -0.02710390 0.01215439
v -0.04800000 -0.02690514 0.01244675
v -0.04800000 -0.02669671 0.01273375
v -0.04800000 -0.02646097 0.01300501
v -0.04800000 -0.02621744 0.01326769
v -0.04800000 -0.02596530 0.01349632
v -0.04800000 -0.02570606 0.01371860
v -0.04800000 -0.02543233 0.01391524
v -0.04800000 -0.02515439 0.01410391
v -0.04800000 -0.02479395 0.01430979
v -0.04800000 -0.02442013 0.01449026
v -0.04800000 -0.02403473 0.01464445
v -0.04800000 -0.02363960 0.01477163
v -0.04800000 -0.02323662 0.01487118
v -0.04800000 -0.02282771 0.01494263
v -0.04800000 -0.02241485 0.01498564
v -0.04800000 -0.02200000 0.01500000
v -0.04134046 -0.00619443 0.01050000
v -0.04089443 -0.00642169 0.01050000
v -0.04169443 -0.00584046 0.01050000
v -0.04192169 -0.00539443 0.01050000
v -0.04040000 -0.00650000 0.01050000
v -0.04200000 -0.00490000 0.01050000
v -0.04134046 -0.00619443 0.01500000
v -0.04089443 -0.00642169 0.01500000
v -0.04169443 -0.00584046 0.01500000
v -0.04192169 -0.00539443 0.01500000
v -0.04040000 -0.00650000 0.01500000
v -0.04200000 -0.00490000 0.01500000
v -0.02460000 -0.00650000 0.01050000
v -0.02410557 -0.00642169 0.01050000
v -0.02460000 -0.00650000 0.01500000
v -0.02410557 -0.00642169 0.01500000
v -0.01365496 -0.02109344 0.01500000
v -0.01675528 -0.01754509 0.01000000
v -0.01604508 -0.01893893 0.01000000
v -0.01354508 -0.02075528 0.01000000
v -0.01493893 -0.02004508 0.01000000
v -0.01700000 -0.01600000 0.01000000
v -0.01514792 -0.02033274 0.01500000
v -0.01675528 -0.01754509 0.01420000
v -0.01604508 -0.01893893 0.01420000
v -0.01709344 -0.01765496 0.01500000
v -0.01633273 -0.01914792 0.01500000
v -0.01354508 -0.02075528 0.01420000
v -0.01493893 -0.02004508 0.01420000
v -0.01700000 -0.01600000 0.01420000
v -0.01735556 -0.01600000 0.01500000
v -0.01200000 -0.02135555 0.01500000
v -0.01200000 -0.02100000 0.01000000
v -0.00226274 -0.01416274 0.01000000
v -0.00194804 -0.01443873 0.01000000
v -0.00160000 -0.01467128 0.01000000
v -0.00082822 -0.01499096 0.01000000
v -0.00041768 -0.01507262 0.01000000
v -0.00122459 -0.01485641 0.01000000
v -0.01200000 -0.02100000 0.01420000
v -0.02365954 -0.00619443 0.01050000
v -0.02330557 -0.00584046 0.01050000
v -0.02307831 -0.00539443 0.01050000
v -0.02300000 -0.00490000 0.01050000
v -0.02365954 -0.00619443 0.01500000
v -0.02330557 -0.00584046 0.01500000
v -0.02307831 -0.00539443 0.01500000
v -0.02300000 -0.00490000 0.01500000
v -0.00309096 -0.01272822 0.01000000
v -0.00317262 -0.01231768 0.01000000
v -0.00320000 -0.01190000 0.01000000
v -0.00317262 -0.01148232 0.01000000
v -0.00309096 -0.01107178 0.01000000
v -0.00253873 -0.01384804 0.01000000
v -0.00277128 -0.01350000 0.01000000
v -0.00295641 -0.01312459 0.01000000
v -0.00295641 -0.01067541 0.01000000
v -0.00277128 -0.01030000 0.01000000
v -0.00253873 -0.00995196 0.01000000
v -0.00226274 -0.00963726 0.01000000
v -0.00194804 -0.00936127 0.01000000
v -0.00160000 -0.00912872 0.01000000
v -0.00122459 -0.00894359 0.01000000
v -0.00082822 -0.00880904 0.01000000
v -0.00041768 -0.00872738 0.01000000
v -0.00765000 -0.00460000 0.01000000
v -0.00505000 -0.00460000 0.01000000
v -0.04800000 0.02800000 -0.00580000
v -0.04800000 0.02710557 -0.00194046
v -0.04800000 0.02745954 -0.00229443
v -0.04800000 0.02767362 -0.00242561
v -0.04800000 0.02790557 -0.00252169
v -0.04800000 0.02800000 -0.00254436
v -0.04800000 0.02726863 -0.00213137
v -0.04800000 0.02697439 -0.00172638
v -0.04800000 0.02687831 -0.00149443
v -0.04800000 0.02681970 -0.00125030
v -0.04800000 0.02680000 -0.00100000
v -0.04800000 0.02681970 -0.00074970
v -0.04800000 0.02687831 -0.00050557
v -0.04800000 0.02697439 -0.00027362
v -0.04800000 0.02710557 -0.00005954
v -0.04800000 0.02726863 0.00013137
v -0.04800000 0.02745954 0.00029443
v -0.04800000 0.02767362 0.00042561
v -0.04800000 0.02790557 0.00052169
v -0.04800000 0.02800000 0.00054436
v -0.04800000 0.02800000 0.00345564
v -0.04800000 0.02767362 0.00357439
v -0.04800000 0.02790557 0.00347831
v -0.04800000 0.02745954 0.00370557
v -0.04800000 0.02726863 0.00386863
v -0.04800000 0.02710557 0.00405954
v -0.04800000 0.02697439 0.00427362
v -0.04800000 0.02687831 0.00450557
v -0.00765000 0.00460000 -0.00580000
v -0.00505000 0.00460000 -0.00580000
v -0.04200000 0.00490000 0.01050000
v -0.04192169 0.00539443 0.01050000
v -0.04169443 0.00584046 0.01050000
v -0.04134046 0.00619443 0.01050000
v -0.04089443 0.00642169 0.01050000
v -0.04040000 0.00650000 0.01050000
v -0.04200000 0.00490000 0.01500000
v -0.04192169 0.00539443 0.01500000
v -0.04169443 0.00584046 0.01500000
v -0.04134046 0.00619443 0.01500000
v -0.04089443 0.00642169 0.01500000
v -0.04040000 0.00650000 0.01500000
v -0.02460000 0.00650000 0.01050000
v -0.02410557 0.00642169 0.01050000
v -0.02460000 0.00650000 0.01500000
v -0.02410557 0.00642169 0.01500000
v -0.04800000 0.02681970 0.00474971
v -0.04800000 0.02680000 0.00500000
v -0.04800000 0.02681970 0.00525030
v -0.04800000 0.02687831 0.00549443
v -0.04800000 0.02697439 0.00572638
v -0.04800000 0.02710557 0.00594046
v -0.04800000 0.02726863 0.00613137
v -0.04800000 0.02745954 0.00629443
v -0.04800000 0.02767362 0.00642561
v -0.04800000 0.02790557 0.00652169
v -0.04800000 0.02800000 0.00654436
v -0.04800000 0.02800000 0.00900000
v -0.04800000 0.02798150 0.00940045
v -0.04800000 0.02794627 0.00980114
v -0.04800000 0.02787311 0.01020221
v -0.04800000 0.02778317 0.01059843
v -0.04800000 0.02764971 0.01100484
v -0.04800000 0.02749655 0.01140581
v -0.04800000 0.02710390 0.01215439
v -0.04800000 0.02730856 0.01178528
v -0.04800000 0.02200000 0.01500000
v -0.04800000 0.02241485 0.01498564
v -0.04800000 0.02282771 0.01494263
v -0.04800000 0.02323662 0.01487118
v -0.04800000 0.02403473 0.01464445
v -0.04800000 0.02442013 0.01449026
v -0.04800000 0.02363960 0.01477163
v -0.04800000 0.02621744 0.01326769
v -0.04800000 0.02596530 0.01349632
v -0.04800000 0.02690514 0.01244675
v -0.04800000 0.02646097 0.01300501
v -0.04800000 0.02669671 0.01273375
v -0.04800000 0.02479395 0.01430979
v -0.04800000 0.02515439 0.01410391
v -0.04800000 0.02570606 0.01371860
v -0.04800000 0.02543233 0.01391524
v -0.02300000 0.00490000 0.01050000
v -0.02330557 0.00584046 0.01050000
v -0.02307831 0.00539443 0.01050000
v -0.02365954 0.00619443 0.01050000
v -0.02300000 0.00490000 0.01500000
v -0.02330557 0.00584046 0.01500000
v -0.02307831 0.00539443 0.01500000
v -0.02365954 0.00619443 0.01500000
v -0.01700000 0.01200000 0.01000000
v -0.01675528 0.01354508 0.01000000
v -0.01700000 0.01200000 0.01420000
v -0.01735556 0.01200000 0.01500000
v -0.01675528 0.01354508 0.01420000
v -0.01709344 0.01365496 0.01500000
v -0.00765000 0.00460000 0.01000000
v -0.00505000 0.00460000 0.01000000
v -0.01604508 0.01493893 0.01000000
v -0.01493893 0.01604508 0.01000000
v -0.01354508 0.01675528 0.01000000
v -0.01604508 0.01493893 0.01420000
v -0.01633273 0.01514792 0.01500000
v -0.01514792 0.01633273 0.01500000
v -0.01493893 0.01604508 0.01420000
v -0.01354508 0.01675528 0.01420000
v -0.01365496 0.01709344 0.01500000
v -0.01200000 0.01700000 0.01000000
v -0.01200000 0.01700000 0.01420000
v -0.01200000 0.01735556 0.01500000
v -0.00000000 -0.01510000 -0.00580000
v 0.00041768 -0.01507262 -0.00580000
v 0.00082822 -0.01499096 -0.00580000
v 0.00122459 -0.01485641 -0.00580000
v 0.00160000 -0.01467128 -0.00580000
v 0.00194804 -0.01443873 -0.00580000
v 0.00226274 -0.01416274 -0.00580000
v 0.00253873 -0.01384804 -0.00580000
v 0.00277128 -0.01350000 -0.00580000
v 0.00295641 -0.01312459 -0.00580000
v 0.00295641 -0.01067541 -0.00580000
v 0.00309096 -0.01272822 -0.00580000
v 0.00317262 -0.01231768 -0.00580000
v 0.00320000 -0.01190000 -0.00580000
v 0.00317262 -0.01148232 -0.00580000
v 0.00309096 -0.01107178 -0.00580000
v 0.00082822 -0.00880904 -0.00580000
v 0.00122459 -0.00894359 -0.00580000
v 0.00277128 -0.01030000 -0.00580000
v 0.00253873 -0.00995196 -0.00580000
v 0.00226274 -0.00963726 -0.00580000
v 0.00194804 -0.00936127 -0.00580000
v 0.00160000 -0.00912872 -0.00580000
v 0.00000000 -0.00870000 -0.00580000
v 0.00041768 -0.00872738 -0.00580000
v 0.00505000 -0.00380000 -0.00580000
v 0.00765000 -0.00380000 -0.00580000
v 0.04800000 -0.02800000 -0.00580000
v 0.04800000 -0.02800000 -0.00254436
v 0.04800000 -0.02790557 -0.00252169
v 0.04800000 -0.02767362 -0.00242561
v 0.04800000 -0.02745954 -0.00229443
v 0.04800000 -0.02726863 -0.00213137
v 0.04800000 -0.02710557 -0.00194046
v 0.04800000 -0.02697439 -0.00172638
v 0.04800000 -0.02687831 -0.00149443
v 0.04800000 -0.02681970 -0.00125030
v 0.04800000 -0.02680000 -0.00100000
v 0.04800000 -0.02681970 -0.00074970
v 0.04800000 -0.02687831 -0.00050557
v 0.04800000 -0.02697439 -0.00027362
v 0.04800000 -0.02710557 -0.00005954
v 0.04800000 -0.02726863 0.00013137
v 0.04800000 -0.02745954 0.00029443
v 0.04800000 -0.02790557 0.00052169
v 0.04800000 -0.02767362 0.00042561
v 0.04800000 -0.02800000 0.00054436
v 0.04800000 -0.02800000 0.00345564
v 0.04800000 -0.02790557 0.00347831
v 0.04800000 -0.02767362 0.00357439
v 0.04800000 -0.02745954 0.00370557
v 0.04800000 -0.02726863 0.00386863
v 0.04800000 -0.02710557 0.00405954
v 0.04800000 -0.02697439 0.00427362
v 0.04800000 -0.02687831 0.00450557
v -0.00000000 -0.01510000 0.01000000
v 0.00041768 -0.01507262 0.01000000
v 0.00082822 -0.01499096 0.01000000
v 0.00122459 -0.01485641 0.01000000
v 0.00160000 -0.01467128 0.01000000
v 0.00194804 -0.01443873 0.01000000
v 0.00226274 -0.01416274 0.01000000
v 0.01200000 -0.02135555 0.01500000
v 0.01365496 -0.02109344 0.01500000
v 0.01200000 -0.02100000 0.01000000
v 0.01354508 -0.02075528 0.01000000
v 0.01493893 -0.02004508 0.01000000
v 0.01604508 -0.01893893 0.01000000
v 0.01675528 -0.01754509 0.01000000
v 0.01700000 -0.01600000 0.01000000
v 0.01200000 -0.02100000 0.01420000
v 0.01354508 -0.02075528 0.01420000
v 0.01493893 -0.02004508 0.01420000
v 0.01514792 -0.02033274 0.01500000
v 0.01604508 -0.01893893 0.01420000
v 0.01675528 -0.01754509 0.01420000
v 0.01633273 -0.01914792 0.01500000
v 0.01709344 -0.01765496 0.01500000
v 0.01700000 -0.01600000 0.01420000
v 0.01735556 -0.01600000 0.01500000
v 0.02364886 -0.01623607 0.01250000
v 0.02219577 -0.01423607 0.01250000
v 0.02276393 -0.01535114 0.01250000
v 0.02364886 -0.01623607 0.01500000
v 0.02219577 -0.01423607 0.01500000
v 0.02276393 -0.01535114 0.01500000
v 0.00253873 -0.01384804 0.01000000
v 0.00277128 -0.01350000 0.01000000
v 0.00295641 -0.01312459 0.01000000
v 0.00295641 -0.01067541 0.01000000
v 0.00309096 -0.01272822 0.01000000
v 0.00317262 -0.01231768 0.01000000
v 0.00320000 -0.01190000 0.01000000
v 0.00317262 -0.01148232 0.01000000
v 0.00309096 -0.01107178 0.01000000
v 0.00082822 -0.00880904 0.01000000
v 0.00122459 -0.00894359 0.01000000
v 0.00277128 -0.01030000 0.01000000
v 0.00253873 -0.00995196 0.01000000
v 0.00226274 -0.00963726 0.01000000
v 0.00194804 -0.00936127 0.01000000
v 0.00160000 -0.00912872 0.01000000
v 0.00000000 -0.00870000 0.01000000
v 0.00041768 -0.00872738 0.01000000
v 0.00505000 -0.00380000 0.01000000
v 0.00765000 -0.00380000 0.01000000
v 0.02200000 -0.01300000 0.01250000
v 0.02200000 -0.01300000 0.01500000
v 0.04800000 -0.02681970 0.00474971
v 0.04800000 -0.02680000 0.00500000
v 0.04800000 -0.02681970 0.00525030
v 0.04800000 -0.02687831 0.00549443
v 0.04800000 -0.02697439 0.00572638
v 0.04800000 -0.02726863 0.00613137
v 0.04800000 -0.02800000 0.00654436
v 0.04800000 -0.02790557 0.00652169
v 0.04800000 -0.02767362 0.00642561
v 0.04800000 -0.02745954 0.00629443
v 0.04800000 -0.02710557 0.00594046
v 0.04800000 -0.02800000 0.00900000
v 0.04800000 -0.02798150 0.00940045
v 0.02476393 -0.01680423 0.01250000
v 0.02600000 -0.01700000 0.01250000
v 0.02476393 -0.01680423 0.01500000
v 0.02600000 -0.01700000 0.01500000
v 0.04800000 -0.02794627 0.00980114
v 0.04800000 -0.02787311 0.01020221
v 0.04800000 -0.02778317 0.01059843
v 0.04800000 -0.02764971 0.01100484
v 0.04800000 -0.02749655 0.01140581
v 0.04800000 -0.02730856 0.01178528
v 0.04800000 -0.02710390 0.01215439
v 0.04800000 -0.02690514 0.01244675
v 0.04800000 -0.02669671 0.01273375
v 0.04800000 -0.02646097 0.01300501
v 0.04800000 -0.02621744 0.01326769
v 0.04800000 -0.02596530 0.01349632
v 0.04800000 -0.02570606 0.01371860
v 0.04800000 -0.02543233 0.01391524
v 0.04800000 -0.02515439 0.01410391
v 0.04800000 -0.02479395 0.01430979
v 0.04800000 -0.02442013 0.01449026
v 0.04800000 -0.02403473 0.01464445
v 0.04800000 -0.02363960 0.01477163
v 0.04800000 -0.02323662 0.01487118
v 0.04800000 -0.02282771 0.01494263
v 0.04800000 -0.02241485 0.01498564
v 0.04800000 -0.02200000 0.01500000
v 0.03900000 -0.01700000 0.01250000
v 0.04023607 -0.01680423 0.01250000
v 0.04135114 -0.01623607 0.01250000
v 0.03900000 -0.01700000 0.01500000
v 0.04023607 -0.01680423 0.01500000
v 0.04135114 -0.01623607 0.01500000
v 0.04223607 -0.01535114 0.01250000
v 0.04280423 -0.01423607 0.01250000
v 0.04223607 -0.01535114 0.01500000
v 0.04280423 -0.01423607 0.01500000
v 0.02625000 -0.00900000 0.00800000
v 0.02625000 -0.00400000 0.00800000
v 0.03875000 -0.00900000 0.00800000
v 0.03875000 -0.00400000 0.00800000
v 0.02625000 -0.00900000 0.01250000
v 0.02625000 -0.00400000 0.01250000
v 0.03875000 -0.00900000 0.01250000
v 0.04300000 -0.01300000 0.01250000
v 0.04300000 -0.01300000 0.01500000
v 0.03875000 -0.00400000 0.01250000
v 0.00505000 0.00380000 -0.00580000
v 0.00765000 0.00380000 -0.00580000
v 0.04800000 0.02800000 -0.00580000
v 0.04800000 0.02710557 -0.00194046
v 0.04800000 0.02745954 -0.00229443
v 0.04800000 0.02767362 -0.00242561
v 0.04800000 0.02790557 -0.00252169
v 0.04800000 0.02800000 -0.00254436
v 0.04800000 0.02726863 -0.00213137
v 0.04800000 0.02697439 -0.00172638
v 0.04800000 0.02687831 -0.00149443
v 0.04800000 0.02681970 -0.00125030
v 0.04800000 0.02680000 -0.00100000
v 0.04800000 0.02681970 -0.00074970
v 0.04800000 0.02687831 -0.00050557
v 0.04800000 0.02697439 -0.00027362
v 0.04800000 0.02710557 -0.00005954
v 0.04800000 0.02726863 0.00013137
v 0.04800000 0.02745954 0.00029443
v 0.04800000 0.02767362 0.00042561
v 0.04800000 0.02790557 0.00052169
v 0.04800000 0.02800000 0.00054436
v 0.04800000 0.02800000 0.00345564
v 0.04800000 0.02767362 0.00357439
v 0.04800000 0.02790557 0.00347831
v 0.04800000 0.02745954 0.00370557
v 0.04800000 0.02726863 0.00386863
v 0.04800000 0.02710557 0.00405954
v 0.04800000 0.02697439 0.00427362
v 0.04800000 0.02687831 0.00450557
v 0.00505000 0.00380000 0.01000000
v 0.00765000 0.00380000 0.01000000
v 0.01700000 0.01200000 0.01000000
v 0.01675528 0.01354508 0.01000000
v 0.01700000 0.01200000 0.01420000
v 0.01735556 0.01200000 0.01500000
v 0.01675528 0.01354508 0.01420000
v 0.01709344 0.01365496 0.01500000
v 0.02200000 0.00900000 0.01250000
v 0.02219577 0.01023607 0.01250000
v 0.02200000 0.00900000 0.01500000
v 0.02219577 0.01023607 0.01500000
v 0.02276393 0.01135114 0.01250000
v 0.02364886 0.01223607 0.01250000
v 0.02276393 0.01135114 0.01500000
v 0.02364886 0.01223607 0.01500000
v 0.01200000 0.01700000 0.01000000
v 0.01493893 0.01604508 0.01000000
v 0.01354508 0.01675528 0.01000000
v 0.01604508 0.01493893 0.01000000
v 0.01200000 0.01700000 0.01420000
v 0.01493893 0.01604508 0.01420000
v 0.01354508 0.01675528 0.01420000
v 0.01200000 0.01735556 0.01500000
v 0.01365496 0.01709344 0.01500000
v 0.01604508 0.01493893 0.01420000
v 0.01633273 0.01514792 0.01500000
v 0.01514792 0.01633273 0.01500000
v 0.02625000 -0.00000000 0.00800000
v 0.02625000 0.00500000 0.00800000
v 0.03875000 -0.00000000 0.00800000
v 0.03875000 0.00500000 0.00800000
v 0.02625000 -0.00000000 0.01250000
v 0.02625000 0.00500000 0.01250000
v 0.02476393 0.01280423 0.01250000
v 0.02600000 0.01300000 0.01250000
v 0.02476393 0.01280423 0.01500000
v 0.02600000 0.01300000 0.01500000
v 0.03875000 -0.00000000 0.01250000
v 0.03875000 0.00500000 0.01250000
v 0.04135114 0.01223607 0.01250000
v 0.03900000 0.01300000 0.01250000
v 0.04023607 0.01280423 0.01250000
v 0.04135114 0.01223607 0.01500000
v 0.03900000 0.01300000 0.01500000
v 0.04023607 0.01280423 0.01500000
v 0.04300000 0.00900000 0.01250000
v 0.04280423 0.01023607 0.01250000
v 0.04300000 0.00900000 0.01500000
v 0.04280423 0.01023607 0.01500000
v 0.04223607 0.01135114 0.01250000
v 0.04223607 0.01135114 0.01500000
v 0.04800000 0.02681970 0.00474971
v 0.04800000 0.02680000 0.00500000
v 0.04800000 0.02681970 0.00525030
v 0.04800000 0.02687831 0.00549443
v 0.04800000 0.02697439 0.00572638
v 0.04800000 0.02710557 0.00594046
v 0.04800000 0.02726863 0.00613137
v 0.04800000 0.02745954 0.00629443
v 0.04800000 0.02767362 0.00642561
v 0.04800000 0.02790557 0.00652169
v 0.04800000 0.02800000 0.00654436
v 0.04800000 0.02800000 0.00900000
v 0.04800000 0.02798150 0.00940045
v 0.04800000 0.02794627 0.00980114
v 0.04800000 0.02787311 0.01020221
v 0.04800000 0.02778317 0.01059843
v 0.04800000 0.02764971 0.01100484
v 0.04800000 0.02749655 0.01140581
v 0.04800000 0.02710390 0.01215439
v 0.04800000 0.02730856 0.01178528
v 0.04800000 0.02200000 0.01500000
v 0.04800000 0.02241485 0.01498564
v 0.04800000 0.02282771 0.01494263
v 0.04800000 0.02323662 0.01487118
v 0.04800000 0.02403473 0.01464445
v 0.04800000 0.02442013 0.01449026
v 0.04800000 0.02363960 0.01477163
v 0.04800000 0.02621744 0.01326769
v 0.04800000 0.02596530 0.01349632
v 0.04800000 0.02690514 0.01244675
v 0.04800000 0.02646097 0.01300501
v 0.04800000 0.02669671 0.01273375
v 0.04800000 0.02479395 0.01430979
v 0.04800000 0.02515439 0.01410391
v 0.04800000 0.02570606 0.01371860
v 0.04800000 0.02543233 0.01391524
f 1 2 20
f 1 20 19
f 2 3 21
f 2 21 20
f 3 4 22
f 3 22 21
f 4 5 23
f 4 23 22
f 5 6 24
f 5 24 23
f 6 7 25
f 6 25 24
f 7 8 26
f 7 26 25
f 8 9 27
f 8 27 26
f 9 10 28
f 9 28 27
f 10 11 29
f 10 29 28
f 11 12 30
f 11 30 29
f 12 13 31
f 12 31 30
f 13 14 32
f 13 32 31
f 14 15 33
f 14 33 32
f 15 16 34
f 15 34 33
f 16 17 35
f 16 35 34
f 17 18 36
f 17 36 35
f 18 1 19
f 18 19 36
f 19 20 38
f 19 38 37
f 20 21 39
f 20 39 38
f 21 22 40
f 21 40 39
f 22 23 41
f 22 41 40
f 23 24 42
f 23 42 41
f 24 25 43
f 24 43 42
f 25 26 44
f 25 44 43
f 26 27 45
f 26 45 44
f 27 28 46
f 27 46 45
f 28 29 47
f 28 47 46
f 29 30 48
f 29 48 47
f 30 31 49
f 30 49 48
f 31 32 50
f 31 50 49
f 32 33 51
f 32 51 50
f 33 34 52
f 33 52 51
f 34 35 53
f 34 53 52
f 35 36 54
f 35 54 53
f 36 19 37
f 36 37 54
f 37 38 56
f 37 56 55
f 38 39 57
f 38 57 56
f 39 40 58
f 39 58 57
f 40 41 59
f 40 59 58
f 41 42 60
f 41 60 59
f 42 43 61
f 42 61 60
f 43 44 62
f 43 62 61
f 44 45 63
f 44 63 62
f 45 46 64
f 45 64 63
f 46 47 65
f 46 65 64
f 47 48 66
f 47 66 65
f 48 49 67
f 48 67 66
f 49 50 68
f 49 68 67
f 50 51 69
f 50 69 68
f 51 52 70
f 51 70 69
f 52 53 71
f 52 71 70
f 53 54 72
f 53 72 71
f 54 37 55
f 54 55 72
f 55 56 74
f 55 74 73
f 56 57 75
f 56 75 74
f 57 58 76
f 57 76 75
f 58 59 77
f 58 77 76
f 59 60 78
f 59 78 77
f 60 61 79
f 60 79 78
f 61 62 80
f 61 80 79
f 62 63 81
f 62 81 80
f 63 64 82
f 63 82 81
f 64 65 83
f 64 83 82
f 65 66 84
f 65 84 83
f 66 67 85
f 66 85 84
f 67 68 86
f 67 86 85
f 68 69 87
f 68 87 86
f 69 70 88
f 69 88 87
f 70 71 89
f 70 89 88
f 71 72 90
f 71 90 89
f 72 55 73
f 72 73 90
f 73 74 92
f 73 92 91
f 74 75 93
f 74 93 92
f 75 76 94
f 75 94 93
f 76 77 95
f 76 95 94
f 77 78 96
f 77 96 95
f 78 79 97
f 78 97 96
f 79 80 98
f 79 98 97
f 80 81 99
f 80 99 98
f 81 82 100
f 81 100 99
f 82 83 101
f 82 101 100
f 83 84 102
f 83 102 101
f 84 85 103
f 84 103 102
f 85 86 104
f 85 104 103
f 86 87 105
f 86 105 104
f 87 88 106
f 87 106 105
f 88 89 107
f 88 107 106
f 89 90 108
f 89 108 107
f 90 73 91
f 90 91 108
f 91 92 110
f 91 110 109
f 92 93 111
f 92 111 110
f 93 94 112
f 93 112 111
f 94 95 113
f 94 113 112
f 95 96 114
f 95 114 113
f 96 97 115
f 96 115 114
f 97 98 116
f 97 116 115
f 98 99 117
f 98 117 116
f 99 100 118
f 99 118 117
f 100 101 119
f 100 119 118
f 101 102 120
f 101 120 119
f 102 103 121
f 102 121 120
f 103 104 122
f 103 122 121
f 104 105 123
f 104 123 122
f 105 106 124
f 105 124 123
f 106 107 125
f 106 125 124
f 107 108 126
f 107 126 125
f 108 91 109
f 108 109 126
f 109 110 128
f 109 128 127
f 110 111 129
f 110 129 128
f 111 112 130
f 111 130 129
f 112 113 131
f 112 131 130
f 113 114 132
f 113 132 131
f 114 115 133
f 114 133 132
f 115 116 134
f 115 134 133
f 116 117 135
f 116 135 134
f 117 118 136
f 117 136 135
f 118 119 137
f 118 137 136
f 119 120 138
f 119 138 137
f 120 121 139
f 120 139 138
f 121 122 140
f 121 140 139
f 122 123 141
f 122 141 140
f 123 124 142
f 123 142 141
f 124 125 143
f 124 143 142
f 125 126 144
f 125 144 143
f 126 109 127
f 126 127 144
f 127 128 146
f 127 146 145
f 128 129 147
f 128 147 146
f 129 130 148
f 129 148 147
f 130 131 149
f 130 149 148
f 131 132 150
f 131 150 149
f 132 133 151
f 132 151 150
f 133 134 152
f 133 152 151
f 134 135 153
f 134 153 152
f 135 136 154
f 135 154 153
f 136 137 155
f 136 155 154
f 137 138 156
f 137 156 155
f 138 139 157
f 138 157 156
f 139 140 158
f 139 158 157
f 140 141 159
f 140 159 158
f 141 142 160
f 141 160 159
f 142 143 161
f 142 161 160
f 143 144 162
f 143 162 161
f 144 127 145
f 144 145 162
f 145 146 164
f 145 164 163
f 146 147 165
f 146 165 164
f 147 148 166
f 147 166 165
f 148 149 167
f 148 167 166
f 149 150 168
f 149 168 167
f 150 151 169
f 150 169 168
f 151 152 170
f 151 170 169
f 152 153 171
f 152 171 170
f 153 154 172
f 153 172 171
f 154 155 173
f 154 173 172
f 155 156 174
f 155 174 173
f 156 157 175
f 156 175 174
f 157 158 176
f 157 176 175
f 158 159 177
f 158 177 176
f 159 160 178
f 159 178 177
f 160 161 179
f 160 179 178
f 161 162 180
f 161 180 179
f 162 145 163
f 162 163 180
f 163 164 182
f 163 182 181
f 164 165 183
f 164 183 182
f 165 166 184
f 165 184 183
f 166 167 185
f 166 185 184
f 167 168 186
f 167 186 185
f 168 169 187
f 168 187 186
f 169 170 188
f 169 188 187
f 170 171 189
f 170 189 188
f 171 172 190
f 171 190 189
f 172 173 191
f 172 191 190
f 173 174 192
f 173 192 191
f 174 175 193
f 174 193 192
f 175 176 194
f 175 194 193
f 176 177 195
f 176 195 194
f 177 178 196
f 177 196 195
f 178 179 197
f 178 197 196
f 179 180 198
f 179 198 197
f 180 163 181
f 180 181 198
f 181 182 200
f 181 200 199
f 182 183 201
f 182 201 200
f 183 184 202
f 183 202 201
f 184 185 203
f 184 203 202
f 185 186 204
f 185 204 203
f 186 187 205
f 186 205 204
f 187 188 206
f 187 206 205
f 188 189 207
f 188 207 206
f 189 190 208
f 189 208 207
f 190 191 209
f 190 209 208
f 191 192 210
f 191 210 209
f 192 193 211
f 192 211 210
f 193 194 212
f 193 212 211
f 194 195 213
f 194 213 212
f 195 196 214
f 195 214 213
f 196 197 215
f 196 215 214
f 197 198 216
f 197 216 215
f 198 181 199
f 198 199 216
f 199 200 218
f 199 218 217
f 200 201 219
f 200 219 218
f 201 202 220
f 201 220 219
f 202 203 221
f 202 221 220
f 203 204 222
f 203 222 221
f 204 205 223
f 204 223 222
f 205 206 224
f 205 224 223
f 206 207 225
f 206 225 224
f 207 208 226
f 207 226 225
f 208 209 227
f 208 227 226
f 209 210 228
f 209 228 227
f 210 211 229
f 210 229 228
f 211 212 230
f 211 230 229
f 212 213 231
f 212 231 230
f 213 214 232
f 213 232 231
f 214 215 233
f 214 233 232
f 215 216 234
f 215 234 233
f 216 199 217
f 216 217 234
f 217 218 236
f 217 236 235
f 218 219 237
f 218 237 236
f 219 220 238
f 219 238 237
f 220 221 239
f 220 239 238
f 221 222 240
f 221 240 239
f 222 223 241
f 222 241 240
f 223 224 242
f 223 242 241
f 224 225 243
f 224 243 242
f 225 226 244
f 225 244 243
f 226 227 245
f 226 245 244
f 227 228 246
f 227 246 245
f 228 229 247
f 228 247 246
f 229 230 248
f 229 248 247
f 230 231 249
f 230 249 248
f 231 232 250
f 231 250 249
f 232 233 251
f 232 251 250
f 233 234 252
f 233 252 251
f 234 217 235
f 234 235 252
f 235 236 254
f 235 254 253
f 236 237 255
f 236 255 254
f 237 238 256
f 237 256 255
f 238 239 257
f 238 257 256
f 239 240 258
f 239 258 257
f 240 241 259
f 240 259 258
f 241 242 260
f 241 260 259
f 242 243 261
f 242 261 260
f 243 244 262
f 243 262 261
f 244 245 263
f 244 263 262
f 245 246 264
f 245 264 263
f 246 247 265
f 246 265 264
f 247 248 266
f 247 266 265
f 248 249 267
f 248 267 266
f 249 250 268
f 249 268 267
f 250 251 269
f 250 269 268
f 251 252 270
f 251 270 269
f 252 235 253
f 252 253 270
f 253 254 272
f 253 272 271
f 254 255 273
f 254 273 272
f 255 256 274
f 255 274 273
f 256 257 275
f 256 275 274
f 257 258 276
f 257 276 275
f 258 259 277
f 258 277 276
f 259 260 278
f 259 278 277
f 260 261 279
f 260 279 278
f 261 262 280
f 261 280 279
f 262 263 281
f 262 281 280
f 263 264 282
f 263 282 281
f 264 265 283
f 264 283 282
f 265 266 284
f 265 284 283
f 266 267 285
f 266 285 284
f 267 268 286
f 267 286 285
f 268 269 287
f 268 287 286
f 269 270 288
f 269 288 287
f 270 253 271
f 270 271 288
f 271 272 290
f 271 290 289
f 272 273 291
f 272 291 290
f 273 274 292
f 273 292 291
f 274 275 293
f 274 293 292
f 275 276 294
f 275 294 293
f 276 277 295
f 276 295 294
f 277 278 296
f 277 296 295
f 278 279 297
f 278 297 296
f 279 280 298
f 279 298 297
f 280 281 299
f 280 299 298
f 281 282 300
f 281 300 299
f 282 283 301
f 282 301 300
f 283 284 302
f 283 302 301
f 284 285 303
f 284 303 302
f 285 286 304
f 285 304 303
f 286 287 305
f 286 305 304
f 287 288 306
f 287 306 305
f 288 271 289
f 288 289 306
f 289 290 308
f 289 308 307
f 290 291 309
f 290 309 308
f 291 292 310
f 291 310 309
f 292 293 311
f 292 311 310
f 293 294 312
f 293 312 311
f 294 295 313
f 294 313 312
f 295 296 314
f 295 314 313
f 296 297 315
f 296 315 314
f 297 298 316
f 297 316 315
f 298 299 317
f 298 317 316
f 299 300 318
f 299 318 317
f 300 301 319
f 300 319 318
f 301 302 320
f 301 320 319
f 302 303 321
f 302 321 320
f 303 304 322
f 303 322 321
f 304 305 323
f 304 323 322
f 305 306 324
f 305 324 323
f 306 289 307
f 306 307 324
f 307 308 326
f 307 326 325
f 308 309 327
f 308 327 326
f 309 310 328
f 309 328 327
f 310 311 329
f 310 329 328
f 311 312 330
f 311 330 329
f 312 313 331
f 312 331 330
f 313 314 332
f 313 332 331
f 314 315 333
f 314 333 332
f 315 316 334
f 315 334 333
f 316 317 335
f 316 335 334
f 317 318 336
f 317 336 335
f 318 319 337
f 318 337 336
f 319 320 338
f 319 338 337
f 320 321 339
f 320 339 338
f 321 322 340
f 321 340 339
f 322 323 341
f 322 341 340
f 323 324 342
f 323 342 341
f 324 307 325
f 324 325 342
f 325 326 344
f 325 344 343
f 326 327 345
f 326 345 344
f 327 328 346
f 327 346 345
f 328 329 347
f 328 347 346
f 329 330 348
f 329 348 347
f 330 331 349
f 330 349 348
f 331 332 350
f 331 350 349
f 332 333 351
f 332 351 350
f 333 334 352
f 333 352 351
f 334 335 353
f 334 353 352
f 335 336 354
f 335 354 353
f 336 337 355
f 336 355 354
f 337 338 356
f 337 356 355
f 338 339 357
f 338 357 356
f 339 340 358
f 339 358 357
f 340 341 359
f 340 359 358
f 341 342 360
f 341 360 359
f 342 325 343
f 342 343 360
f 343 344 362
f 343 362 361
f 344 345 363
f 344 363 362
f 345 346 364
f 345 364 363
f 346 347 365
f 346 365 364
f 347 348 366
f 347 366 365
f 348 349 367
f 348 367 366
f 349 350 368
f 349 368 367
f 350 351 369
f 350 369 368
f 351 352 370
f 351 370 369
f 352 353 371
f 352 371 370
f 353 354 372
f 353 372 371
f 354 355 373
f 354 373 372
f 355 356 374
f 355 374 373
f 356 357 375
f 356 375 374
f 357 358 376
f 357 376 375
f 358 359 377
f 358 377 376
f 359 360 378
f 359 378 377
f 360 343 361
f 360 361 378
f 361 362 380
f 361 380 379
f 362 363 381
f 362 381 380
f 363 364 382
f 363 382 381
f 364 365 383
f 364 383 382
f 365 366 384
f 365 384 383
f 366 367 385
f 366 385 384
f 367 368 386
f 367 386 385
f 368 369 387
f 368 387 386
f 369 370 388
f 369 388 387
f 370 371 389
f 370 389 388
f 371 372 390
f 371 390 389
f 372 373 391
f 372 391 390
f 373 374 392
f 373 392 391
f 374 375 393
f 374 393 392
f 375 376 394
f 375 394 393
f 376 377 395
f 376 395 394
f 377 378 396
f 377 396 395
f 378 361 379
f 378 379 396
f 379 380 398
f 379 398 397
f 380 381 399
f 380 399 398
f 381 382 400
f 381 400 399
f 382 383 401
f 382 401 400
f 383 384 402
f 383 402 401
f 384 385 403
f 384 403 402
f 385 386 404
f 385 404 403
f 386 387 405
f 386 405 404
f 387 388 406
f 387 406 405
f 388 389 407
f 388 407 406
f 389 390 408
f 389 408 407
f 390 391 409
f 390 409 408
f 391 392 410
f 391 410 409
f 392 393 411
f 392 411 410
f 393 394 412
f 393 412 411
f 394 395 413
f 394 413 412
f 395 396 414
f 395 414 413
f 396 379 397
f 396 397 414
f 397 398 416
f 397 416 415
f 398 399 417
f 398 417 416
f 399 400 418
f 399 418 417
f 400 401 419
f 400 419 418
f 401 402 420
f 401 420 419
f 402 403 421
f 402 421 420
f 403 404 422
f 403 422 421
f 404 405 423
f 404 423 422
f 405 406 424
f 405 424 423
f 406 407 425
f 406 425 424
f 407 408 426
f 407 426 425
f 408 409 427
f 408 427 426
f 409 410 428
f 409 428 427
f 410 411 429
f 410 429 428
f 411 412 430
f 411 430 429
f 412 413 431
f 412 431 430
f 413 414 432
f 413 432 431
f 414 397 415
f 414 415 432
f 415 416 434
f 415 434 433
f 416 417 435
f 416 435 434
f 417 418 436
f 417 436 435
f 418 419 437
f 418 437 436
f 419 420 438
f 419 438 437
f 420 421 439
f 420 439 438
f 421 422 440
f 421 440 439
f 422 423 441
f 422 441 440
f 423 424 442
f 423 442 441
f 424 425 443
f 424 443 442
f 425 426 444
f 425 444 443
f 426 427 445
f 426 445 444
f 427 428 446
f 427 446 445
f 428 429 447
f 428 447 446
f 429 430 448
f 429 448 447
f 430 431 449
f 430 449 448
f 431 432 450
f 431 450 449
f 432 415 433
f 432 433 450
f 433 434 452
f 433 452 451
f 434 435 453
f 434 453 452
f 435 436 454
f 435 454 453
f 436 437 455
f 436 455 454
f 437 438 456
f 437 456 455
f 438 439 457
f 438 457 456
f 439 440 458
f 439 458 457
f 440 441 459
f 440 459 458
f 441 442 460
f 441 460 459
f 442 443 461
f 442 461 460
f 443 444 462
f 443 462 461
f 444 445 463
f 444 463 462
f 445 446 464
f 445 464 463
f 446 447 465
f 446 465 464
f 447 448 466
f 447 466 465
f 448 449 467
f 448 467 466
f 449 450 468
f 449 468 467
f 450 433 451
f 450 451 468
f 451 452 470
f 451 470 469
f 452 453 471
f 452 471 470
f 453 454 472
f 453 472 471
f 454 455 473
f 454 473 472
f 455 456 474
f 455 474 473
f 456 457 475
f 456 475 474
f 457 458 476
f 457 476 475
f 458 459 477
f 458 477 476
f 459 460 478
f 459 478 477
f 460 461 479
f 460 479 478
f 461 462 480
f 461 480 479
f 462 463 481
f 462 481 480
f 463 464 482
f 463 482 481
f 464 465 483
f 464 483 482
f 465 466 484
f 465 484 483
f 466 467 485
f 466 485 484
f 467 468 486
f 467 486 485
f 468 451 469
f 468 469 486
f 469 470 488
f 469 488 487
f 470 471 489
f 470 489 488
f 471 472 490
f 471 490 489
f 472 473 491
f 472 491 490
f 473 474 492
f 473 492 491
f 474 475 493
f 474 493 492
f 475 476 494
f 475 494 493
f 476 477 495
f 476 495 494
f 477 478 496
f 477 496 495
f 478 479 497
f 478 497 496
f 479 480 498
f 479 498 497
f 480 481 499
f 480 499 498
f 481 482 500
f 481 500 499
f 482 483 501
f 482 501 500
f 483 484 502
f 483 502 501
f 484 485 503
f 484 503 502
f 485 486 504
f 485 504 503
f 486 469 487
f 486 487 504
f 487 488 506
f 487 506 505
f 488 489 507
f 488 507 506
f 489 490 508
f 489 508 507
f 490 491 509
f 490 509 508
f 491 492 510
f 491 510 509
f 492 493 511
f 492 511 510
f 493 494 512
f 493 512 511
f 494 495 513
f 494 513 512
f 495 496 514
f 495 514 513
f 496 497 515
f 496 515 514
f 497 498 516
f 497 516 515
f 498 499 517
f 498 517 516
f 499 500 518
f 499 518 517
f 500 501 519
f 500 519 518
f 501 502 520
f 501 520 519
f 502 503 521
f 502 521 520
f 503 504 522
f 503 522 521
f 504 487 505
f 504 505 522
f 505 506 524
f 505 524 523
f 506 507 525
f 506 525 524
f 507 508 526
f 507 526 525
f 508 509 527
f 508 527 526
f 509 510 528
f 509 528 527
f 510 511 529
f 510 529 528
f 511 512 530
f 511 530 529
f 512 513 531
f 512 531 530
f 513 514 532
f 513 532 531
f 514 515 533
f 514 533 532
f 515 516 534
f 515 534 533
f 516 517 535
f 516 535 534
f 517 518 536
f 517 536 535
f 518 519 537
f 518 537 536
f 519 520 538
f 519 538 537
f 520 521 539
f 520 539 538
f 521 522 540
f 521 540 539
f 522 505 523
f 522 523 540
f 523 524 542
f 523 542 541
f 524 525 543
f 524 543 542
f 525 526 544
f 525 544 543
f 526 527 545
f 526 545 544
f 527 528 546
f 527 546 545
f 528 529 547
f 528 547 546
f 529 530 548
f 529 548 547
f 530 531 549
f 530 549 548
f 531 532 550
f 531 550 549
f 532 533 551
f 532 551 550
f 533 534 552
f 533 552 551
f 534 535 553
f 534 553 552
f 535 536 554
f 535 554 553
f 536 537 555
f 536 555 554
f 537 538 556
f 537 556 555
f 538 539 557
f 538 557 556
f 539 540 558
f 539 558 557
f 540 523 541
f 540 541 558
f 541 542 560
f 541 560 559
f 542 543 561
f 542 561 560
f 543 544 562
f 543 562 561
f 544 545 563
f 544 563 562
f 545 546 564
f 545 564 563
f 546 547 565
f 546 565 564
f 547 548 566
f 547 566 565
f 548 549 567
f 548 567 566
f 549 550 568
f 549 568 567
f 550 551 569
f 550 569 568
f 551 552 570
f 551 570 569
f 552 553 571
f 552 571 570
f 553 554 572
f 553 572 571
f 554 555 573
f 554 573 572
f 555 556 574
f 555 574 573
f 556 557 575
f 556 575 574
f 557 558 576
f 557 576 575
f 558 541 559
f 558 559 576
f 559 560 578
f 559 578 577
f 560 561 579
f 560 579 578
f 561 562 580
f 561 580 579
f 562 563 581
f 562 581 580
f 563 564 582
f 563 582 581
f 564 565 583
f 564 583 582
f 565 566 584
f 565 584 583
f 566 567 585
f 566 585 584
f 567 568 586
f 567 586 585
f 568 569 587
f 568 587 586
f 569 570 588
f 569 588 587
f 570 571 589
f 570 589 588
f 571 572 590
f 571 590 589
f 572 573 591
f 572 591 590
f 573 574 592
f 573 592 591
f 574 575 593
f 574 593 592
f 575 576 594
f 575 594 593
f 576 559 577
f 576 577 594
f 577 578 596
f 577 596 595
f 578 579 597
f 578 597 596
f 579 580 598
f 579 598 597
f 580 581 599
f 580 599 598
f 581 582 600
f 581 600 599
f 582 583 601
f 582 601 600
f 583 584 602
f 583 602 601
f 584 585 603
f 584 603 602
f 585 586 604
f 585 604 603
f 586 587 605
f 586 605 604
f 587 588 606
f 587 606 605
f 588 589 607
f 588 607 606
f 589 590 608
f 589 608 607
f 590 591 609
f 590 609 608
f 591 592 610
f 591 610 609
f 592 593 611
f 592 611 610
f 593 594 612
f 593 612 611
f 594 577 595
f 594 595 612
f 595 596 614
f 595 614 613
f 596 597 615
f 596 615 614
f 597 598 616
f 597 616 615
f 598 599 617
f 598 617 616
f 599 600 618
f 599 618 617
f 600 601 619
f 600 619 618
f 601 602 620
f 601 620 619
f 602 603 621
f 602 621 620
f 603 604 622
f 603 622 621
f 604 605 623
f 604 623 622
f 605 606 624
f 605 624 623
f 606 607 625
f 606 625 624
f 607 608 626
f 607 626 625
f 608 609 627
f 608 627 626
f 609 610 628
f 609 628 627
f 610 611 629
f 610 629 628
f 611 612 630
f 611 630 629
f 612 595 613
f 612 613 630
f 613 614 632
f 613 632 631
f 614 615 633
f 614 633 632
f 615 616 634
f 615 634 633
f 616 617 635
f 616 635 634
f 617 618 636
f 617 636 635
f 618 619 637
f 618 637 636
f 619 620 638
f 619 638 637
f 620 621 639
f 620 639 638
f 621 622 640
f 621 640 639
f 622 623 641
f 622 641 640
f 623 624 642
f 623 642 641
f 624 625 643
f 624 643 642
f 625 626 644
f 625 644 643
f 626 627 645
f 626 645 644
f 627 628 646
f 627 646 645
f 628 629 647
f 628 647 646
f 629 630 648
f 629 648 647
f 630 613 631
f 630 631 648
f 631 632 650
f 631 650 649
f 632 633 651
f 632 651 650
f 633 634 652
f 633 652 651
f 634 635 653
f 634 653 652
f 635 636 654
f 635 654 653
f 636 637 655
f 636 655 654
f 637 638 656
f 637 656 655
f 638 639 657
f 638 657 656
f 639 640 658
f 639 658 657
f 640 641 659
f 640 659 658
f 641 642 660
f 641 660 659
f 642 643 661
f 642 661 660
f 643 644 662
f 643 662 661
f 644 645 663
f 644 663 662
f 645 646 664
f 645 664 663
f 646 647 665
f 646 665 664
f 647 648 666
f 647 666 665
f 648 631 649
f 648 649 666
f 649 650 668
f 649 668 667
f 650 651 669
f 650 669 668
f 651 652 670
f 651 670 669
f 652 653 671
f 652 671 670
f 653 654 672
f 653 672 671
f 654 655 673
f 654 673 672
f 655 656 674
f 655 674 673
f 656 657 675
f 656 675 674
f 657 658 676
f 657 676 675
f 658 659 677
f 658 677 676
f 659 660 678
f 659 678 677
f 660 661 679
f 660 679 678
f 661 662 680
f 661 680 679
f 662 663 681
f 662 681 680
f 663 664 682
f 663 682 681
f 664 665 683
f 664 683 682
f 665 666 684
f 665 684 683
f 666 649 667
f 666 667 684
f 667 668 686
f 667 686 685
f 668 669 687
f 668 687 686
f 669 670 688
f 669 688 687
f 670 671 689
f 670 689 688
f 671 672 690
f 671 690 689
f 672 673 691
f 672 691 690
f 673 674 692
f 673 692 691
f 674 675 693
f 674 693 692
f 675 676 694
f 675 694 693
f 676 677 695
f 676 695 694
f 677 678 696
f 677 696 695
f 678 679 697
f 678 697 696
f 679 680 698
f 679 698 697
f 680 681 699
f 680 699 698
f 681 682 700
f 681 700 699
f 682 683 701
f 682 701 700
f 683 684 702
f 683 702 701
f 684 667 685
f 684 685 702
f 685 686 704
f 685 704 703
f 686 687 705
f 686 705 704
f 687 688 706
f 687 706 705
f 688 689 707
f 688 707 706
f 689 690 708
f 689 708 707
f 690 691 709
f 690 709 708
f 691 692 710
f 691 710 709
f 692 693 711
f 692 711 710
f 693 694 712
f 693 712 711
f 694 695 713
f 694 713 712
f 695 696 714
f 695 714 713
f 696 697 715
f 696 715 714
f 697 698 716
f 697 716 715
f 698 699 717
f 698 717 716
f 699 700 718
f 699 718 717
f 700 701 719
f 700 719 718
f 701 702 720
f 701 720 719
f 702 685 703
f 702 703 720
f 703 704 722
f 703 722 721
f 704 705 723
f 704 723 722
f 705 706 724
f 705 724 723
f 706 707 725
f 706 725 724
f 707 708 726
f 707 726 725
f 708 709 727
f 708 727 726
f 709 710 728
f 709 728 727
f 710 711 729
f 710 729 728
f 711 712 730
f 711 730 729
f 712 713 731
f 712 731 730
f 713 714 732
f 713 732 731
f 714 715 733
f 714 733 732
f 715 716 734
f 715 734 733
f 716 717 735
f 716 735 734
f 717 718 736
f 717 736 735
f 718 719 737
f 718 737 736
f 719 720 738
f 719 738 737
f 720 703 721
f 720 721 738
f 721 722 740
f 721 740 739
f 722 723 741
f 722 741 740
f 723 724 742
f 723 742 741
f 724 725 743
f 724 743 742
f 725 726 744
f 725 744 743
f 726 727 745
f 726 745 744
f 727 728 746
f 727 746 745
f 728 729 747
f 728 747 746
f 729 730 748
f 729 748 747
f 730 731 749
f 730 749 748
f 731 732 750
f 731 750 749
f 732 733 751
f 732 751 750
f 733 734 752
f 733 752 751
f 734 735 753
f 734 753 752
f 735 736 754
f 735 754 753
f 736 737 755
f 736 755 754
f 737 738 756
f 737 756 755
f 738 721 739
f 738 739 756
f 739 740 758
f 739 758 757
f 740 741 759
f 740 759 758
f 741 742 760
f 741 760 759
f 742 743 761
f 742 761 760
f 743 744 762
f 743 762 761
f 744 745 763
f 744 763 762
f 745 746 764
f 745 764 763
f 746 747 765
f 746 765 764
f 747 748 766
f 747 766 765
f 748 749 767
f 748 767 766
f 749 750 768
f 749 768 767
f 750 751 769
f 750 769 768
f 751 752 770
f 751 770 769
f 752 753 771
f 752 771 770
f 753 754 772
f 753 772 771
f 754 755 773
f 754 773 772
f 755 756 774
f 755 774 773
f 756 739 757
f 756 757 774
f 757 758 776
f 757 776 775
f 758 759 777
f 758 777 776
f 759 760 778
f 759 778 777
f 760 761 779
f 760 779 778
f 761 762 780
f 761 780 779
f 762 763 781
f 762 781 780
f 763 764 782
f 763 782 781
f 764 765 783
f 764 783 782
f 765 766 784
f 765 784 783
f 766 767 785
f 766 785 784
f 767 768 786
f 767 786 785
f 768 769 787
f 768 787 786
f 769 770 788
f 769 788 787
f 770 771 789
f 770 789 788
f 771 772 790
f 771 790 789
f 772 773 791
f 772 791 790
f 773 774 792
f 773 792 791
f 774 757 775
f 774 775 792
f 775 776 794
f 775 794 793
f 776 777 795
f 776 795 794
f 777 778 796
f 777 796 795
f 778 779 797
f 778 797 796
f 779 780 798
f 779 798 797
f 780 781 799
f 780 799 798
f 781 782 800
f 781 800 799
f 782 783 801
f 782 801 800
f 783 784 802
f 783 802 801
f 784 785 803
f 784 803 802
f 785 786 804
f 785 804 803
f 786 787 805
f 786 805 804
f 787 788 806
f 787 806 805
f 788 789 807
f 788 807 806
f 789 790 808
f 789 808 807
f 790 791 809
f 790 809 808
f 791 792 810
f 791 810 809
f 792 775 793
f 792 793 810
f 793 794 812
f 793 812 811
f 794 795 813
f 794 813 812
f 795 796 814
f 795 814 813
f 796 797 815
f 796 815 814
f 797 798 816
f 797 816 815
f 798 799 817
f 798 817 816
f 799 800 818
f 799 818 817
f 800 801 819
f 800 819 818
f 801 802 820
f 801 820 819
f 802 803 821
f 802 821 820
f 803 804 822
f 803 822 821
f 804 805 823
f 804 823 822
f 805 806 824
f 805 824 823
f 806 807 825
f 806 825 824
f 807 808 826
f 807 826 825
f 808 809 827
f 808 827 826
f 809 810 828
f 809 828 827
f 810 793 811
f 810 811 828
f 811 812 830
f 811 830 829
f 812 813 831
f 812 831 830
f 813 814 832
f 813 832 831
f 814 815 833
f 814 833 832
f 815 816 834
f 815 834 833
f 816 817 835
f 816 835 834
f 817 818 836
f 817 836 835
f 818 819 837
f 818 837 836
f 819 820 838
f 819 838 837
f 820 821 839
f 820 839 838
f 821 822 840
f 821 840 839
f 822 823 841
f 822 841 840
f 823 824 842
f 823 842 841
f 824 825 843
f 824 843 842
f 825 826 844
f 825 844 843
f 826 827 845
f 826 845 844
f 827 828 846
f 827 846 845
f 828 811 829
f 828 829 846
f 829 830 848
f 829 848 847
f 830 831 849
f 830 849 848
f 831 832 850
f 831 850 849
f 832 833 851
f 832 851 850
f 833 834 852
f 833 852 851
f 834 835 853
f 834 853 852
f 835 836 854
f 835 854 853
f 836 837 855
f 836 855 854
f 837 838 856
f 837 856 855
f 838 839 857
f 838 857 856
f 839 840 858
f 839 858 857
f 840 841 859
f 840 859 858
f 841 842 860
f 841 860 859
f 842 843 861
f 842 861 860
f 843 844 862
f 843 862 861
f 844 845 863
f 844 863 862
f 845 846 864
f 845 864 863
f 846 829 847
f 846 847 864
f 847 848 866
f 847 866 865
f 848 849 867
f 848 867 866
f 849 850 868
f 849 868 867
f 850 851 869
f 850 869 868
f 851 852 870
f 851 870 869
f 852 853 871
f 852 871 870
f 853 854 872
f 853 872 871
f 854 855 873
f 854 873 872
f 855 856 874
f 855 874 873
f 856 857 875
f 856 875 874
f 857 858 876
f 857 876 875
f 858 859 877
f 858 877 876
f 859 860 878
f 859 878 877
f 860 861 879
f 860 879 878
f 861 862 880
f 861 880 879
f 862 863 881
f 862 881 880
f 863 864 882
f 863 882 881
f 864 847 865
f 864 865 882
f 865 866 884
f 865 884 883
f 866 867 885
f 866 885 884
f 867 868 886
f 867 886 885
f 868 869 887
f 868 887 886
f 869 870 888
f 869 888 887
f 870 871 889
f 870 889 888
f 871 872 890
f 871 890 889
f 872 873 891
f 872 891 890
f 873 874 892
f 873 892 891
f 874 875 893
f 874 893 892
f 875 876 894
f 875 894 893
f 876 877 895
f 876 895 894
f 877 878 896
f 877 896 895
f 878 879 897
f 878 897 896
f 879 880 898
f 879 898 897
f 880 881 899
f 880 899 898
f 881 882 900
f 881 900 899
f 882 865 883
f 882 883 900
f 883 884 902
f 883 902 901
f 884 885 903
f 884 903 902
f 885 886 904
f 885 904 903
f 886 887 905
f 886 905 904
f 887 888 906
f 887 906 905
f 888 889 907
f 888 907 906
f 889 890 908
f 889 908 907
f 890 891 909
f 890 909 908
f 891 892 910
f 891 910 909
f 892 893 911
f 892 911 910
f 893 894 912
f 893 912 911
f 894 895 913
f 894 913 912
f 895 896 914
f 895 914 913
f 896 897 915
f 896 915 914
f 897 898 916
f 897 916 915
f 898 899 917
f 898 917 916
f 899 900 918
f 899 918 917
f 900 883 901
f 900 901 918
f 901 902 920
f 901 920 919
f 902 903 921
f 902 921 920
f 903 904 922
f 903 922 921
f 904 905 923
f 904 923 922
f 905 906 924
f 905 924 923
f 906 907 925
f 906 925 924
f 907 908 926
f 907 926 925
f 908 909 927
f 908 927 926
f 909 910 928
f 909 928 927
f 910 911 929
f 910 929 928
f 911 912 930
f 911 930 929
f 912 913 931
f 912 931 930
f 913 914 932
f 913 932 931
f 914 915 933
f 914 933 932
f 915 916 934
f 915 934 933
f 916 917 935
f 916 935 934
f 917 918 936
f 917 936 935
f 918 901 919
f 918 919 936
f 919 920 938
f 919 938 937
f 920 921 939
f 920 939 938
f 921 922 940
f 921 940 939
f 922 923 941
f 922 941 940
f 923 924 942
f 923 942 941
f 924 925 943
f 924 943 942
f 925 926 944
f 925 944 943
f 926 927 945
f 926 945 944
f 927 928 946
f 927 946 945
f 928 929 947
f 928 947 946
f 929 930 948
f 929 948 947
f 930 931 949
f 930 949 948
f 931 932 950
f 931 950 949
f 932 933 951
f 932 951 950
f 933 934 952
f 933 952 951
f 934 935 953
f 934 953 952
f 935 936 954
f 935 954 953
f 936 919 937
f 936 937 954
f 937 938 956
f 937 956 955
f 938 939 957
f 938 957 956
f 939 940 958
f 939 958 957
f 940 941 959
f 940 959 958
f 941 942 960
f 941 960 959
f 942 943 961
f 942 961 960
f 943 944 962
f 943 962 961
f 944 945 963
f 944 963 962
f 945 946 964
f 945 964 963
f 946 947 965
f 946 965 964
f 947 948 966
f 947 966 965
f 948 949 967
f 948 967 966
f 949 950 968
f 949 968 967
f 950 951 969
f 950 969 968
f 951 952 970
f 951 970 969
f 952 953 971
f 952 971 970
f 953 954 972
f 953 972 971
f 954 937 955
f 954 955 972
f 955 956 974
f 955 974 973
f 956 957 975
f 956 975 974
f 957 958 976
f 957 976 975
f 958 959 977
f 958 977 976
f 959 960 978
f 959 978 977
f 960 961 979
f 960 979 978
f 961 962 980
f 961 980 979
f 962 963 981
f 962 981 980
f 963 964 982
f 963 982 981
f 964 965 983
f 964 983 982
f 965 966 984
f 965 984 983
f 966 967 985
f 966 985 984
f 967 968 986
f 967 986 985
f 968 969 987
f 968 987 986
f 969 970 988
f 969 988 987
f 970 971 989
f 970 989 988
f 971 972 990
f 971 990 989
f 972 955 973
f 972 973 990
f 973 974 992
f 973 992 991
f 974 975 993
f 974 993 992
f 975 976 994
f 975 994 993
f 976 977 995
f 976 995 994
f 977 978 996
f 977 996 995
f 978 979 997
f 978 997 996
f 979 980 998
f 979 998 997
f 980 981 999
f 980 999 998
f 981 982 1000
f 981 1000 999
f 982 983 1001
f 982 1001 1000
f 983 984 1002
f 983 1002 1001
f 984 985 1003
f 984 1003 1002
f 985 986 1004
f 985 1004 1003
f 986 987 1005
f 986 1005 1004
f 987 988 1006
f 987 1006 1005
f 988 989 1007
f 988 1007 1006
f 989 990 1008
f 989 1008 1007
f 990 973 991
f 990 991 1008
f 991 992 1010
f 991 1010 1009
f 992 993 1011
f 992 1011 1010
f 993 994 1012
f 993 1012 1011
f 994 995 1013
f 994 1013 1012
f 995 996 1014
f 995 1014 1013
f 996 997 1015
f 996 1015 1014
f 997 998 1016
f 997 1016 1015
f 998 999 1017
f 998 1017 1016
f 999 1000 1018
f 999 1018 1017
f 1000 1001 1019
f 1000 1019 1018
f 1001 1002 1020
f 1001 1020 1019
f 1002 1003 1021
f 1002 1021 1020
f 1003 1004 1022
f 1003 1022 1021
f 1004 1005 1023
f 1004 1023 1022
f 1005 1006 1024
f 1005 1024 1023
f 1006 1007 1025
f 1006 1025 1024
f 1007 1008 1026
f 1007 1026 1025
f 1008 991 1009
f 1008 1009 1026
f 1009 1010 1028
f 1009 1028 1027
f 1010 1011 1029
f 1010 1029 1028
f 1011 1012 1030
f 1011 1030 1029
f 1012 1013 1031
f 1012 1031 1030
f 1013 1014 1032
f 1013 1032 1031
f 1014 1015 1033
f 1014 1033 1032
f 1015 1016 1034
f 1015 1034 1033
f 1016 1017 1035
f 1016 1035 1034
f 1017 1018 1036
f 1017 1036 1035
f 1018 1019 1037
f 1018 1037 1036
f 1019 1020 1038
f 1019 1038 1037
f 1020 1021 1039
f 1020 1039 1038
f 1021 1022 1040
f 1021 1040 1039
f 1022 1023 1041
f 1022 1041 1040
f 1023 1024 1042
f 1023 1042 1041
f 1024 1025 1043
f 1024 1043 1042
f 1025 1026 1044
f 1025 1044 1043
f 1026 1009 1027
f 1026 1027 1044
f 1027 1028 1046
f 1027 1046 1045
f 1028 1029 1047
f 1028 1047 1046
f 1029 1030 1048
f 1029 1048 1047
f 1030 1031 1049
f 1030 1049 1048
f 1031 1032 1050
f 1031 1050 1049
f 1032 1033 1051
f 1032 1051 1050
f 1033 1034 1052
f 1033 1052 1051
f 1034 1035 1053
f 1034 1053 1052
f 1035 1036 1054
f 1035 1054 1053
f 1036 1037 1055
f 1036 1055 1054
f 1037 1038 1056
f 1037 1056 1055
f 1038 1039 1057
f 1038 1057 1056
f 1039 1040 1058
f 1039 1058 1057
f 1040 1041 1059
f 1040 1059 1058
f 1041 1042 1060
f 1041 1060 1059
f 1042 1043 1061
f 1042 1061 1060
f 1043 1044 1062
f 1043 1062 1061
f 1044 1027 1045
f 1044 1045 1062
f 1045 1046 1064
f 1045 1064 1063
f 1046 1047 1065
f 1046 1065 1064
f 1047 1048 1066
f 1047 1066 1065
f 1048 1049 1067
f 1048 1067 1066
f 1049 1050 1068
f 1049 1068 1067
f 1050 1051 1069
f 1050 1069 1068
f 1051 1052 1070
f 1051 1070 1069
f 1052 1053 1071
f 1052 1071 1070
f 1053 1054 1072
f 1053 1072 1071
f 1054 1055 1073
f 1054 1073 1072
f 1055 1056 1074
f 1055 1074 1073
f 1056 1057 1075
f 1056 1075 1074
f 1057 1058 1076
f 1057 1076 1075
f 1058 1059 1077
f 1058 1077 1076
f 1059 1060 1078
f 1059 1078 1077
f 1060 1061 1079
f 1060 1079 1078
f 1061 1062 1080
f 1061 1080 1079
f 1062 1045 1063
f 1062 1063 1080
f 1063 1064 1082
f 1063 1082 1081
f 1064 1065 1083
f 1064 1083 1082
f 1065 1066 1084
f 1065 1084 1083
f 1066 1067 1085
f 1066 1085 1084
f 1067 1068 1086
f 1067 1086 1085
f 1068 1069 1087
f 1068 1087 1086
f 1069 1070 1088
f 1069 1088 1087
f 1070 1071 1089
f 1070 1089 1088
f 1071 1072 1090
f 1071 1090 1089
f 1072 1073 1091
f 1072 1091 1090
f 1073 1074 1092
f 1073 1092 1091
f 1074 1075 1093
f 1074 1093 1092
f 1075 1076 1094
f 1075 1094 1093
f 1076 1077 1095
f 1076 1095 1094
f 1077 1078 1096
f 1077 1096 1095
f 1078 1079 1097
f 1078 1097 1096
f 1079 1080 1098
f 1079 1098 1097
f 1080 1063 1081
f 1080 1081 1098
f 1081 1082 1100
f 1081 1100 1099
f 1082 1083 1101
f 1082 1101 1100
f 1083 1084 1102
f 1083 1102 1101
f 1084 1085 1103
f 1084 1103 1102
f 1085 1086 1104
f 1085 1104 1103
f 1086 1087 1105
f 1086 1105 1104
f 1087 1088 1106
f 1087 1106 1105
f 1088 1089 1107
f 1088 1107 1106
f 1089 1090 1108
f 1089 1108 1107
f 1090 1091 1109
f 1090 1109 1108
f 1091 1092 1110
f 1091 1110 1109
f 1092 1093 1111
f 1092 1111 1110
f 1093 1094 1112
f 1093 1112 1111
f 1094 1095 1113
f 1094 1113 1112
f 1095 1096 1114
f 1095 1114 1113
f 1096 1097 1115
f 1096 1115 1114
f 1097 1098 1116
f 1097 1116 1115
f 1098 1081 1099
f 1098 1099 1116
f 1099 1100 1118
f 1099 1118 1117
f 1100 1101 1119
f 1100 1119 1118
f 1101 1102 1120
f 1101 1120 1119
f 1102 1103 1121
f 1102 1121 1120
f 1103 1104 1122
f 1103 1122 1121
f 1104 1105 1123
f 1104 1123 1122
f 1105 1106 1124
f 1105 1124 1123
f 1106 1107 1125
f 1106 1125 1124
f 1107 1108 1126
f 1107 1126 1125
f 1108 1109 1127
f 1108 1127 1126
f 1109 1110 1128
f 1109 1128 1127
f 1110 1111 1129
f 1110 1129 1128
f 1111 1112 1130
f 1111 1130 1129
f 1112 1113 1131
f 1112 1131 1130
f 1113 1114 1132
f 1113 1132 1131
f 1114 1115 1133
f 1114 1133 1132
f 1115 1116 1134
f 1115 1134 1133
f 1116 1099 1117
f 1116 1117 1134
f 1117 1118 1136
f 1117 1136 1135
f 1118 1119 1137
f 1118 1137 1136
f 1119 1120 1138
f 1119 1138 1137
f 1120 1121 1139
f 1120 1139 1138
f 1121 1122 1140
f 1121 1140 1139
f 1122 1123 1141
f 1122 1141 1140
f 1123 1124 1142
f 1123 1142 1141
f 1124 1125 1143
f 1124 1143 1142
f 1125 1126 1144
f 1125 1144 1143
f 1126 1127 1145
f 1126 1145 1144
f 1127 1128 1146
f 1127 1146 1145
f 1128 1129 1147
f 1128 1147 1146
f 1129 1130 1148
f 1129 1148 1147
f 1130 1131 1149
f 1130 1149 1148
f 1131 1132 1150
f 1131 1150 1149
f 1132 1133 1151
f 1132 1151 1150
f 1133 1134 1152
f 1133 1152 1151
f 1134 1117 1135
f 1134 1135 1152
f 1135 1136 1154
f 1135 1154 1153
f 1136 1137 1155
f 1136 1155 1154
f 1137 1138 1156
f 1137 1156 1155
f 1138 1139 1157
f 1138 1157 1156
f 1139 1140 1158
f 1139 1158 1157
f 1140 1141 1159
f 1140 1159 1158
f 1141 1142 1160
f 1141 1160 1159
f 1142 1143 1161
f 1142 1161 1160
f 1143 1144 1162
f 1143 1162 1161
f 1144 1145 1163
f 1144 1163 1162
f 1145 1146 1164
f 1145 1164 1163
f 1146 1147 1165
f 1146 1165 1164
f 1147 1148 1166
f 1147 1166 1165
f 1148 1149 1167
f 1148 1167 1166
f 1149 1150 1168
f 1149 1168 1167
f 1150 1151 1169
f 1150 1169 1168
f 1151 1152 1170
f 1151 1170 1169
f 1152 1135 1153
f 1152 1153 1170
f 1153 1154 1172
f 1153 1172 1171
f 1154 1155 1173
f 1154 1173 1172
f 1155 1156 1174
f 1155 1174 1173
f 1156 1157 1175
f 1156 1175 1174
f 1157 1158 1176
f 1157 1176 1175
f 1158 1159 1177
f 1158 1177 1176
f 1159 1160 1178
f 1159 1178 1177
f 1160 1161 1179
f 1160 1179 1178
f 1161 1162 1180
f 1161 1180 1179
f 1162 1163 1181
f 1162 1181 1180
f 1163 1164 1182
f 1163 1182 1181
f 1164 1165 1183
f 1164 1183 1182
f 1165 1166 1184
f 1165 1184 1183
f 1166 1167 1185
f 1166 1185 1184
f 1167 1168 1186
f 1167 1186 1185
f 1168 1169 1187
f 1168 1187 1186
f 1169 1170 1188
f 1169 1188 1187
f 1170 1153 1171
f 1170 1171 1188
f 1171 1172 1190
f 1171 1190 1189
f 1172 1173 1191
f 1172 1191 1190
f 1173 1174 1192
f 1173 1192 1191
f 1174 1175 1193
f 1174 1193 1192
f 1175 1176 1194
f 1175 1194 1193
f 1176 1177 1195
f 1176 1195 1194
f 1177 1178 1196
f 1177 1196 1195
f 1178 1179 1197
f 1178 1197 1196
f 1179 1180 1198
f 1179 1198 1197
f 1180 1181 1199
f 1180 1199 1198
f 1181 1182 1200
f 1181 1200 1199
f 1182 1183 1201
f 1182 1201 1200
f 1183 1184 1202
f 1183 1202 1201
f 1184 1185 1203
f 1184 1203 1202
f 1185 1186 1204
f 1185 1204 1203
f 1186 1187 1205
f 1186 1205 1204
f 1187 1188 1206
f 1187 1206 1205
f 1188 1171 1189
f 1188 1189 1206
f 1189 1190 1208
f 1189 1208 1207
f 1190 1191 1209
f 1190 1209 1208
f 1191 1192 1210
f 1191 1210 1209
f 1192 1193 1211
f 1192 1211 1210
f 1193 1194 1212
f 1193 1212 1211
f 1194 1195 1213
f 1194 1213 1212
f 1195 1196 1214
f 1195 1214 1213
f 1196 1197 1215
f 1196 1215 1214
f 1197 1198 1216
f 1197 1216 1215
f 1198 1199 1217
f 1198 1217 1216
f 1199 1200 1218
f 1199 1218 1217
f 1200 1201 1219
f 1200 1219 1218
f 1201 1202 1220
f 1201 1220 1219
f 1202 1203 1221
f 1202 1221 1220
f 1203 1204 1222
f 1203 1222 1221
f 1204 1205 1223
f 1204 1223 1222
f 1205 1206 1224
f 1205 1224 1223
f 1206 1189 1207
f 1206 1207 1224
f 1207 1208 1226
f 1207 1226 1225
f 1208 1209 1227
f 1208 1227 1226
f 1209 1210 1228
f 1209 1228 1227
f 1210 1211 1229
f 1210 1229 1228
f 1211 1212 1230
f 1211 1230 1229
f 1212 1213 1231
f 1212 1231 1230
f 1213 1214 1232
f 1213 1232 1231
f 1214 1215 1233
f 1214 1233 1232
f 1215 1216 1234
f 1215 1234 1233
f 1216 1217 1235
f 1216 1235 1234
f 1217 1218 1236
f 1217 1236 1235
f 1218 1219 1237
f 1218 1237 1236
f 1219 1220 1238
f 1219 1238 1237
f 1220 1221 1239
f 1220 1239 1238
f 1221 1222 1240
f 1221 1240 1239
f 1222 1223 1241
f 1222 1241 1240
f 1223 1224 1242
f 1223 1242 1241
f 1224 1207 1225
f 1224 1225 1242
f 1225 1226 1244
f 1225 1244 1243
f 1226 1227 1245
f 1226 1245 1244
f 1227 1228 1246
f 1227 1246 1245
f 1228 1229 1247
f 1228 1247 1246
f 1229 1230 1248
f 1229 1248 1247
f 1230 1231 1249
f 1230 1249 1248
f 1231 1232 1250
f 1231 1250 1249
f 1232 1233 1251
f 1232 1251 1250
f 1233 1234 1252
f 1233 1252 1251
f 1234 1235 1253
f 1234 1253 1252
f 1235 1236 1254
f 1235 1254 1253
f 1236 1237 1255
f 1236 1255 1254
f 1237 1238 1256
f 1237 1256 1255
f 1238 1239 1257
f 1238 1257 1256
f 1239 1240 1258
f 1239 1258 1257
f 1240 1241 1259
f 1240 1259 1258
f 1241 1242 1260
f 1241 1260 1259
f 1242 1225 1243
f 1242 1243 1260
f 1243 1244 1262
f 1243 1262 1261
f 1244 1245 1263
f 1244 1263 1262
f 1245 1246 1264
f 1245 1264 1263
f 1246 1247 1265
f 1246 1265 1264
f 1247 1248 1266
f 1247 1266 1265
f 1248 1249 1267
f 1248 1267 1266
f 1249 1250 1268
f 1249 1268 1267
f 1250 1251 1269
f 1250 1269 1268
f 1251 1252 1270
f 1251 1270 1269
f 1252 1253 1271
f 1252 1271 1270
f 1253 1254 1272
f 1253 1272 1271
f 1254 1255 1273
f 1254 1273 1272
f 1255 1256 1274
f 1255 1274 1273
f 1256 1257 1275
f 1256 1275 1274
f 1257 1258 1276
f 1257 1276 1275
f 1258 1259 1277
f 1258 1277 1276
f 1259 1260 1278
f 1259 1278 1277
f 1260 1243 1261
f 1260 1261 1278
f 1261 1262 1280
f 1261 1280 1279
f 1262 1263 1281
f 1262 1281 1280
f 1263 1264 1282
f 1263 1282 1281
f 1264 1265 1283
f 1264 1283 1282
f 1265 1266 1284
f 1265 1284 1283
f 1266 1267 1285
f 1266 1285 1284
f 1267 1268 1286
f 1267 1286 1285
f 1268 1269 1287
f 1268 1287 1286
f 1269 1270 1288
f 1269 1288 1287
f 1270 1271 1289
f 1270 1289 1288
f 1271 1272 1290
f 1271 1290 1289
f 1272 1273 1291
f 1272 1291 1290
f 1273 1274 1292
f 1273 1292 1291
f 1274 1275 1293
f 1274 1293 1292
f 1275 1276 1294
f 1275 1294 1293
f 1276 1277 1295
f 1276 1295 1294
f 1277 1278 1296
f 1277 1296 1295
f 1278 1261 1279
f 1278 1279 1296
f 1279 1280 1298
f 1279 1298 1297
f 1280 1281 1299
f 1280 1299 1298
f 1281 1282 1300
f 1281 1300 1299
f 1282 1283 1301
f 1282 1301 1300
f 1283 1284 1302
f 1283 1302 1301
f 1284 1285 1303
f 1284 1303 1302
f 1285 1286 1304
f 1285 1304 1303
f 1286 1287 1305
f 1286 1305 1304
f 1287 1288 1306
f 1287 1306 1305
f 1288 1289 1307
f 1288 1307 1306
f 1289 1290 1308
f 1289 1308 1307
f 1290 1291 1309
f 1290 1309 1308
f 1291 1292 1310
f 1291 1310 1309
f 1292 1293 1311
f 1292 1311 1310
f 1293 1294 1312
f 1293 1312 1311
f 1294 1295 1313
f 1294 1313 1312
f 1295 1296 1314
f 1295 1314 1313
f 1296 1279 1297
f 1296 1297 1314
f 1297 1298 1316
f 1297 1316 1315
f 1298 1299 1317
f 1298 1317 1316
f 1299 1300 1318
f 1299 1318 1317
f 1300 1301 1319
f 1300 1319 1318
f 1301 1302 1320
f 1301 1320 1319
f 1302 1303 1321
f 1302 1321 1320
f 1303 1304 1322
f 1303 1322 1321
f 1304 1305 1323
f 1304 1323 1322
f 1305 1306 1324
f 1305 1324 1323
f 1306 1307 1325
f 1306 1325 1324
f 1307 1308 1326
f 1307 1326 1325
f 1308 1309 1327
f 1308 1327 1326
f 1309 1310 1328
f 1309 1328 1327
f 1310 1311 1329
f 1310 1329 1328
f 1311 1312 1330
f 1311 1330 1329
f 1312 1313 1331
f 1312 1331 1330
f 1313 1314 1332
f 1313 1332 1331
f 1314 1297 1315
f 1314 1315 1332
f 1315 1316 1334
f 1315 1334 1333
f 1316 1317 1335
f 1316 1335 1334
f 1317 1318 1336
f 1317 1336 1335
f 1318 1319 1337
f 1318 1337 1336
f 1319 1320 1338
f 1319 1338 1337
f 1320 1321 1339
f 1320 1339 1338
f 1321 1322 1340
f 1321 1340 1339
f 1322 1323 1341
f 1322 1341 1340
f 1323 1324 1342
f 1323 1342 1341
f 1324 1325 1343
f 1324 1343 1342
f 1325 1326 1344
f 1325 1344 1343
f 1326 1327 1345
f 1326 1345 1344
f 1327 1328 1346
f 1327 1346 1345
f 1328 1329 1347
f 1328 1347 1346
f 1329 1330 1348
f 1329 1348 1347
f 1330 1331 1349
f 1330 1349 1348
f 1331 1332 1350
f 1331 1350 1349
f 1332 1315 1333
f 1332 1333 1350
f 1333 1334 1352
f 1333 1352 1351
f 1334 1335 1353
f 1334 1353 1352
f 1335 1336 1354
f 1335 1354 1353
f 1336 1337 1355
f 1336 1355 1354
f 1337 1338 1356
f 1337 1356 1355
f 1338 1339 1357
f 1338 1357 1356
f 1339 1340 1358
f 1339 1358 1357
f 1340 1341 1359
f 1340 1359 1358
f 1341 1342 1360
f 1341 1360 1359
f 1342 1343 1361
f 1342 1361 1360
f 1343 1344 1362
f 1343 1362 1361
f 1344 1345 1363
f 1344 1363 1362
f 1345 1346 1364
f 1345 1364 1363
f 1346 1347 1365
f 1346 1365 1364
f 1347 1348 1366
f 1347 1366 1365
f 1348 1349 1367
f 1348 1367 1366
f 1349 1350 1368
f 1349 1368 1367
f 1350 1333 1351
f 1350 1351 1368
f 1351 1352 1370
f 1351 1370 1369
f 1352 1353 1371
f 1352 1371 1370
f 1353 1354 1372
f 1353 1372 1371
f 1354 1355 1373
f 1354 1373 1372
f 1355 1356 1374
f 1355 1374 1373
f 1356 1357 1375
f 1356 1375 1374
f 1357 1358 1376
f 1357 1376 1375
f 1358 1359 1377
f 1358 1377 1376
f 1359 1360 1378
f 1359 1378 1377
f 1360 1361 1379
f 1360 1379 1378
f 1361 1362 1380
f 1361 1380 1379
f 1362 1363 1381
f 1362 1381 1380
f 1363 1364 1382
f 1363 1382 1381
f 1364 1365 1383
f 1364 1383 1382
f 1365 1366 1384
f 1365 1384 1383
f 1366 1367 1385
f 1366 1385 1384
f 1367 1368 1386
f 1367 1386 1385
f 1368 1351 1369
f 1368 1369 1386
f 1369 1370 1388
f 1369 1388 1387
f 1370 1371 1389
f 1370 1389 1388
f 1371 1372 1390
f 1371 1390 1389
f 1372 1373 1391
f 1372 1391 1390
f 1373 1374 1392
f 1373 1392 1391
f 1374 1375 1393
f 1374 1393 1392
f 1375 1376 1394
f 1375 1394 1393
f 1376 1377 1395
f 1376 1395 1394
f 1377 1378 1396
f 1377 1396 1395
f 1378 1379 1397
f 1378 1397 1396
f 1379 1380 1398
f 1379 1398 1397
f 1380 1381 1399
f 1380 1399 1398
f 1381 1382 1400
f 1381 1400 1399
f 1382 1383 1401
f 1382 1401 1400
f 1383 1384 1402
f 1383 1402 1401
f 1384 1385 1403
f 1384 1403 1402
f 1385 1386 1404
f 1385 1404 1403
f 1386 1369 1387
f 1386 1387 1404
f 1387 1388 1406
f 1387 1406 1405
f 1388 1389 1407
f 1388 1407 1406
f 1389 1390 1408
f 1389 1408 1407
f 1390 1391 1409
f 1390 1409 1408
f 1391 1392 1410
f 1391 1410 1409
f 1392 1393 1411
f 1392 1411 1410
f 1393 1394 1412
f 1393 1412 1411
f 1394 1395 1413
f 1394 1413 1412
f 1395 1396 1414
f 1395 1414 1413
f 1396 1397 1415
f 1396 1415 1414
f 1397 1398 1416
f 1397 1416 1415
f 1398 1399 1417
f 1398 1417 1416
f 1399 1400 1418
f 1399 1418 1417
f 1400 1401 1419
f 1400 1419 1418
f 1401 1402 1420
f 1401 1420 1419
f 1402 1403 1421
f 1402 1421 1420
f 1403 1404 1422
f 1403 1422 1421
f 1404 1387 1405
f 1404 1405 1422
f 1405 1406 1424
f 1405 1424 1423
f 1406 1407 1425
f 1406 1425 1424
f 1407 1408 1426
f 1407 1426 1425
f 1408 1409 1427
f 1408 1427 1426
f 1409 1410 1428
f 1409 1428 1427
f 1410 1411 1429
f 1410 1429 1428
f 1411 1412 1430
f 1411 1430 1429
f 1412 1413 1431
f 1412 1431 1430
f 1413 1414 1432
f 1413 1432 1431
f 1414 1415 1433
f 1414 1433 1432
f 1415 1416 1434
f 1415 1434 1433
f 1416 1417 1435
f 1416 1435 1434
f 1417 1418 1436
f 1417 1436 1435
f 1418 1419 1437
f 1418 1437 1436
f 1419 1420 1438
f 1419 1438 1437
f 1420 1421 1439
f 1420 1439 1438
f 1421 1422 1440
f 1421 1440 1439
f 1422 1405 1423
f 1422 1423 1440
f 1423 1424 1442
f 1423 1442 1441
f 1424 1425 1443
f 1424 1443 1442
f 1425 1426 1444
f 1425 1444 1443
f 1426 1427 1445
f 1426 1445 1444
f 1427 1428 1446
f 1427 1446 1445
f 1428 1429 1447
f 1428 1447 1446
f 1429 1430 1448
f 1429 1448 1447
f 1430 1431 1449
f 1430 1449 1448
f 1431 1432 1450
f 1431 1450 1449
f 1432 1433 1451
f 1432 1451 1450
f 1433 1434 1452
f 1433 1452 1451
f 1434 1435 1453
f 1434 1453 1452
f 1435 1436 1454
f 1435 1454 1453
f 1436 1437 1455
f 1436 1455 1454
f 1437 1438 1456
f 1437 1456 1455
f 1438 1439 1457
f 1438 1457 1456
f 1439 1440 1458
f 1439 1458 1457
f 1440 1423 1441
f 1440 1441 1458
f 1441 1442 1460
f 1441 1460 1459
f 1442 1443 1461
f 1442 1461 1460
f 1443 1444 1462
f 1443 1462 1461
f 1444 1445 1463
f 1444 1463 1462
f 1445 1446 1464
f 1445 1464 1463
f 1446 1447 1465
f 1446 1465 1464
f 1447 1448 1466
f 1447 1466 1465
f 1448 1449 1467
f 1448 1467 1466
f 1449 1450 1468
f 1449 1468 1467
f 1450 1451 1469
f 1450 1469 1468
f 1451 1452 1470
f 1451 1470 1469
f 1452 1453 1471
f 1452 1471 1470
f 1453 1454 1472
f 1453 1472 1471
f 1454 1455 1473
f 1454 1473 1472
f 1455 1456 1474
f 1455 1474 1473
f 1456 1457 1475
f 1456 1475 1474
f 1457 1458 1476
f 1457 1476 1475
f 1458 1441 1459
f 1458 1459 1476
f 1459 1460 1478
f 1459 1478 1477
f 1460 1461 1479
f 1460 1479 1478
f 1461 1462 1480
f 1461 1480 1479
f 1462 1463 1481
f 1462 1481 1480
f 1463 1464 1482
f 1463 1482 1481
f 1464 1465 1483
f 1464 1483 1482
f 1465 1466 1484
f 1465 1484 1483
f 1466 1467 1485
f 1466 1485 1484
f 1467 1468 1486
f 1467 1486 1485
f 1468 1469 1487
f 1468 1487 1486
f 1469 1470 1488
f 1469 1488 1487
f 1470 1471 1489
f 1470 1489 1488
f 1471 1472 1490
f 1471 1490 1489
f 1472 1473 1491
f 1472 1491 1490
f 1473 1474 1492
f 1473 1492 1491
f 1474 1475 1493
f 1474 1493 1492
f 1475 1476 1494
f 1475 1494 1493
f 1476 1459 1477
f 1476 1477 1494
f 1477 1478 1496
f 1477 1496 1495
f 1478 1479 1497
f 1478 1497 1496
f 1479 1480 1498
f 1479 1498 1497
f 1480 1481 1499
f 1480 1499 1498
f 1481 1482 1500
f 1481 1500 1499
f 1482 1483 1501
f 1482 1501 1500
f 1483 1484 1502
f 1483 1502 1501
f 1484 1485 1503
f 1484 1503 1502
f 1485 1486 1504
f 1485 1504 1503
f 1486 1487 1505
f 1486 1505 1504
f 1487 1488 1506
f 1487 1506 1505
f 1488 1489 1507
f 1488 1507 1506
f 1489 1490 1508
f 1489 1508 1507
f 1490 1491 1509
f 1490 1509 1508
f 1491 1492 1510
f 1491 1510 1509
f 1492 1493 1511
f 1492 1511 1510
f 1493 1494 1512
f 1493 1512 1511
f 1494 1477 1495
f 1494 1495 1512
f 1495 1496 1514
f 1495 1514 1513
f 1496 1497 1515
f 1496 1515 1514
f 1497 1498 1516
f 1497 1516 1515
f 1498 1499 1517
f 1498 1517 1516
f 1499 1500 1518
f 1499 1518 1517
f 1500 1501 1519
f 1500 1519 1518
f 1501 1502 1520
f 1501 1520 1519
f 1502 1503 1521
f 1502 1521 1520
f 1503 1504 1522
f 1503 1522 1521
f 1504 1505 1523
f 1504 1523 1522
f 1505 1506 1524
f 1505 1524 1523
f 1506 1507 1525
f 1506 1525 1524
f 1507 1508 1526
f 1507 1526 1525
f 1508 1509 1527
f 1508 1527 1526
f 1509 1510 1528
f 1509 1528 1527
f 1510 1511 1529
f 1510 1529 1528
f 1511 1512 1530
f 1511 1530 1529
f 1512 1495 1513
f 1512 1513 1530
f 1531 2 1
f 1532 1513 1514
f 1531 3 2
f 1532 1514 1515
f 1531 4 3
f 1532 1515 1516
f 1531 5 4
f 1532 1516 1517
f 1531 6 5
f 1532 1517 1518
f 1531 7 6
f 1532 1518 1519
f 1531 8 7
f 1532 1519 1520
f 1531 9 8
f 1532 1520 1521
f 1531 10 9
f 1532 1521 1522
f 1531 11 10
f 1532 1522 1523
f 1531 12 11
f 1532 1523 1524
f 1531 13 12
f 1532 1524 1525
f 1531 14 13
f 1532 1525 1526
f 1531 15 14
f 1532 1526 1527
f 1531 16 15
f 1532 1527 1528
f 1531 17 16
f 1532 1528 1529
f 1531 18 17
f 1532 1529 1530
f 1531 1 18
f 1532 1530 1513
f 1820 1897 1900
f 2227 2198 2244
f 1898 1837 1896
f 1897 1837 1903
f 1903 1900 1897
f 1903 1837 1898
f 1898 1901 1903
f 1804 1727 1807
f 1800 1764 1734
f 1810 1744 1804
f 1804 1807 1810
f 2192 2272 2269
f 2244 2198 2256
f 2198 2228 2256
f 1826 1884 1856
f 1898 1896 1861
f 1896 1814 1861
f 1839 1812 1841
f 1841 1812 1857
f 1949 1910 1971
f 2148 2105 2134
f 1803 1767 1721
f 1631 1695 1670
f 1857 1860 1827
f 2212 2187 2219
f 2213 2211 2215
f 2215 2211 2193
f 2238 2237 2201
f 2210 2272 2276
f 1840 1846 1815
f 1840 1848 1846
f 1821 1848 1840
f 2094 2119 2126
f 2103 2129 2126
f 2133 2129 2103
f 2103 2127 2133
f 2130 2127 2103
f 2244 2256 2258
f 2258 2256 2206
f 2267 2208 2265
f 2206 2256 2254
f 2254 2256 2228
f 2254 2228 2189
f 1828 1901 1898
f 1898 1861 1828
f 1895 1885 1834
f 1882 1817 1856
f 1882 1856 1884
f 1884 1834 1882
f 1882 1834 1885
f 1823 1844 1850
f 2241 2185 2227
f 2241 2227 2244
f 1824 1854 1851
f 1824 1848 1849
f 1849 1847 1824
f 1824 1847 1854
f 1851 1846 1824
f 1846 1848 1824
f 1849 1848 1843
f 1839 1841 1843
f 1843 1821 1839
f 1843 1848 1821
f 1926 1971 1982
f 1788 1733 1763
f 2134 2092 2145
f 2145 2148 2134
f 2145 2092 2123
f 2160 2135 2105
f 2105 2148 2160
f 2123 2125 2102
f 2102 2125 2132
f 2124 2102 2132
f 1985 1926 1982
f 1810 1808 1805
f 1767 1803 1805
f 1744 1810 1805
f 1805 1803 1744
f 1764 1719 1748
f 1719 1746 1748
f 1763 1724 1786
f 1786 1788 1763
f 1541 1618 1621
f 1556 1611 1612
f 1612 1611 1592
f 1765 1772 1770
f 1734 1772 1765
f 1705 1646 1708
f 1648 1695 1706
f 1706 1709 1648
f 2167 2165 2151
f 2184 2211 2213
f 2213 2229 2184
f 2091 2120 2118
f 2120 2122 2118
f 2118 2122 2100
f 2214 2237 2194
f 2213 2215 2194
f 2231 2229 2213
f 2237 2238 2231
f 2213 2194 2231
f 2231 2194 2237
f 2269 2272 2275
f 2272 2210 2275
f 2238 2230 2199
f 2229 2231 2199
f 2199 2231 2238
f 2199 2230 2240
f 2240 2232 2199
f 2199 2232 2229
f 2239 2202 2240
f 2240 2230 2239
f 2201 2237 2235
f 2235 2237 2214
f 2236 2230 2238
f 2236 2238 2201
f 2201 2262 2236
f 1722 1753 1747
f 2128 2119 2100
f 2128 2126 2119
f 2100 2122 2128
f 2103 2126 2128
f 2128 2130 2103
f 2122 2130 2128
f 2267 2265 2255
f 2242 2258 2255
f 2255 2206 2267
f 2255 2258 2206
f 2266 2265 2208
f 2242 2255 2191
f 2191 2255 2265
f 2267 2206 2257
f 2206 2254 2257
f 1826 1855 1872
f 1872 1884 1826
f 1836 1895 1893
f 1893 1894 1836
f 1875 1828 1861
f 1901 1828 1862
f 1895 1834 1883
f 1883 1893 1895
f 1819 1893 1883
f 2185 2241 2216
f 1825 1854 1852
f 1852 1847 1816
f 1854 1847 1852
f 1879 1823 1845
f 1845 1852 1816
f 2244 2258 2203
f 2203 2241 2244
f 2203 2258 2242
f 2242 2253 2203
f 1849 1843 1822
f 1822 1843 1841
f 1866 1827 1858
f 1877 1845 1816
f 1879 1845 1877
f 2006 2083 2086
f 1757 1751 1730
f 1730 1760 1757
f 1752 1760 1730
f 1732 1760 1759
f 1761 1732 1759
f 1759 1760 1752
f 1759 1754 1761
f 2117 2182 2180
f 2148 2145 2109
f 2135 2160 2158
f 2096 2135 2158
f 2162 2160 2148
f 2162 2109 2146
f 2148 2109 2162
f 2131 2133 2127
f 2131 2124 2132
f 2132 2104 2131
f 2131 2104 2133
f 2113 2165 2167
f 2167 2164 2113
f 2113 2164 2168
f 1739 1785 1782
f 1767 1805 1735
f 1735 1805 1808
f 1741 1793 1791
f 1791 1794 1741
f 1770 1794 1791
f 1796 1792 1741
f 1741 1794 1796
f 1796 1782 1792
f 1739 1782 1796
f 1723 1781 1769
f 1752 1781 1723
f 1723 1759 1752
f 1754 1759 1723
f 1753 1758 1731
f 1731 1758 1761
f 1761 1754 1731
f 1750 1746 1728
f 1729 1748 1750
f 1750 1748 1746
f 1625 1621 1559
f 1623 1625 1559
f 1714 1711 1634
f 1693 1647 1704
f 1617 1619 1558
f 1617 1535 1581
f 1581 1619 1617
f 1800 1734 1802
f 1734 1765 1802
f 1867 1818 1858
f 1745 1808 1810
f 1745 1811 1809
f 1807 1811 1745
f 1745 1810 1807
f 1808 1745 1806
f 1806 1745 1809
f 1704 1647 1691
f 1650 1708 1707
f 1707 1709 1650
f 1695 1648 1697
f 1697 1648 1698
f 1697 1670 1695
f 1669 1683 1627
f 1627 1683 1658
f 2173 2115 2181
f 2137 2173 2097
f 2136 2120 2091
f 2174 2115 2173
f 2173 2137 2174
f 2174 2137 2106
f 2107 2151 2165
f 2165 2140 2107
f 2107 2140 2180
f 2223 2194 2215
f 2214 2194 2223
f 2223 2220 2214
f 2250 2253 2242
f 2242 2191 2250
f 2205 2250 2264
f 2253 2250 2205
f 2273 2275 2210
f 2190 2239 2230
f 2230 2236 2190
f 2202 2239 2274
f 2274 2210 2276
f 2264 2262 2252
f 2252 2235 2249
f 2252 2205 2264
f 2249 2205 2252
f 2252 2262 2201
f 2201 2235 2252
f 2259 2236 2262
f 2259 2261 2234
f 2234 2190 2259
f 2259 2190 2236
f 2153 2124 2095
f 2095 2131 2127
f 2124 2131 2095
f 2127 2130 2121
f 2121 2095 2127
f 2248 2245 2204
f 2204 2266 2248
f 2204 2245 2247
f 1869 1855 1813
f 1869 1872 1855
f 1813 1844 1869
f 1874 1893 1819
f 1894 1893 1874
f 1876 1894 1832
f 1894 1874 1832
f 1886 1883 1834
f 1886 1834 1884
f 1884 1872 1886
f 1819 1883 1870
f 1883 1886 1870
f 2243 2216 2241
f 2241 2203 2243
f 2243 2203 2253
f 2195 2225 2218
f 2218 2216 2195
f 2195 2217 2225
f 2216 2243 2195
f 1825 1852 1853
f 1853 1823 1850
f 1853 1845 1823
f 1852 1845 1853
f 1842 1847 1849
f 1849 1822 1842
f 1816 1847 1842
f 1842 1822 1865
f 1858 1818 1864
f 1864 1866 1858
f 1857 1827 1859
f 1827 1866 1859
f 1859 1841 1857
f 1859 1866 1865
f 1859 1822 1841
f 1865 1822 1859
f 1833 1881 1879
f 1879 1877 1833
f 2089 2083 2023
f 2089 2086 2083
f 1930 1990 1996
f 1775 1730 1751
f 1775 1737 1785
f 1740 1786 1789
f 1788 1786 1740
f 1720 1762 1773
f 1737 1775 1773
f 1773 1751 1720
f 1773 1775 1751
f 2116 2182 2176
f 2180 2182 2177
f 2177 2107 2180
f 2177 2116 2175
f 2182 2116 2177
f 2097 2173 2178
f 2178 2140 2097
f 2173 2181 2178
f 2180 2140 2178
f 2178 2117 2180
f 2178 2181 2117
f 2182 2117 2179
f 2176 2182 2179
f 2179 2099 2176
f 2167 2151 2110
f 2168 2164 2154
f 2123 2102 2147
f 2147 2145 2123
f 2147 2109 2145
f 2112 2158 2160
f 2160 2162 2112
f 2165 2113 2163
f 2097 2140 2163
f 2163 2140 2165
f 1926 1985 1972
f 1785 1737 1774
f 1774 1782 1785
f 1780 1738 1798
f 1797 1742 1798
f 1798 1778 1797
f 1738 1778 1798
f 1767 1735 1779
f 1779 1735 1793
f 1769 1781 1784
f 1784 1796 1794
f 1784 1781 1739
f 1739 1796 1784
f 1754 1723 1749
f 1749 1723 1769
f 1769 1771 1749
f 1749 1771 1729
f 1753 1731 1755
f 1755 1750 1728
f 1728 1747 1755
f 1755 1747 1753
f 1756 1731 1754
f 1729 1750 1756
f 1756 1755 1731
f 1750 1755 1756
f 1756 1749 1729
f 1754 1749 1756
f 1766 1748 1729
f 1729 1771 1766
f 1764 1748 1766
f 1766 1771 1772
f 1766 1734 1764
f 1766 1772 1734
f 1651 1711 1717
f 1711 1714 1717
f 1586 1579 1584
f 1615 1579 1616
f 1615 1557 1623
f 1616 1557 1615
f 1710 1675 1628
f 1628 1675 1687
f 1687 1646 1705
f 1653 1655 1626
f 1702 1693 1704
f 1704 1649 1702
f 1702 1649 1699
f 1624 1558 1619
f 1624 1559 1621
f 1618 1558 1624
f 1624 1621 1618
f 1624 1619 1622
f 1622 1559 1624
f 1591 1581 1535
f 1622 1619 1549
f 1619 1581 1549
f 1586 1584 1550
f 1550 1584 1606
f 1610 1599 1554
f 1830 1867 1868
f 1868 1827 1860
f 1858 1827 1868
f 1868 1867 1858
f 1801 1802 1765
f 1801 1806 1809
f 1801 1743 1802
f 1809 1743 1801
f 1901 1862 1899
f 1899 1862 1818
f 1818 1867 1899
f 1725 1765 1770
f 1770 1791 1725
f 1725 1801 1765
f 1806 1801 1725
f 1688 1708 1646
f 1688 1707 1708
f 1646 1703 1688
f 1709 1707 1696
f 1698 1648 1696
f 1696 1648 1709
f 1686 1683 1669
f 1686 1697 1698
f 1698 1645 1686
f 1686 1645 1683
f 2069 2070 2020
f 2078 2067 2020
f 2020 2067 2069
f 2078 2020 2081
f 1670 1697 1640
f 1640 1686 1669
f 1697 1686 1640
f 2042 2067 2003
f 2069 2067 2042
f 2042 2012 2069
f 1659 1667 1637
f 1692 1659 1637
f 1658 1637 1664
f 1664 1637 1667
f 2000 2059 2047
f 2047 2082 2000
f 2120 2136 2138
f 2138 2136 2106
f 2106 2136 2172
f 2172 2174 2106
f 2224 2220 2226
f 2225 2217 2224
f 2197 2225 2224
f 2224 2226 2197
f 2221 2223 2215
f 2221 2215 2193
f 2193 2212 2221
f 2221 2212 2219
f 2264 2250 2260
f 2260 2250 2191
f 2186 2268 2233
f 2233 2245 2186
f 2247 2245 2233
f 2269 2275 2209
f 2271 2273 2210
f 2210 2274 2271
f 2234 2273 2271
f 2271 2274 2239
f 2271 2190 2234
f 2239 2190 2271
f 2101 2121 2130
f 2101 2122 2120
f 2101 2130 2122
f 2143 2121 2101
f 2120 2138 2101
f 2101 2138 2143
f 2141 2156 2153
f 2153 2095 2141
f 2095 2121 2141
f 2141 2121 2143
f 2108 2141 2143
f 2156 2141 2108
f 1879 1881 1871
f 1871 1869 1844
f 1871 1823 1879
f 1844 1823 1871
f 1876 1832 1873
f 1873 1832 1875
f 1873 1861 1814
f 1873 1875 1861
f 1875 1832 1891
f 1891 1832 1874
f 1881 1870 1831
f 1831 1871 1881
f 1869 1871 1831
f 1831 1870 1886
f 1872 1869 1831
f 1831 1886 1872
f 2249 2217 2251
f 2217 2195 2251
f 2251 2195 2243
f 2251 2205 2249
f 2253 2205 2251
f 2251 2243 2253
f 1863 1877 1816
f 1816 1842 1863
f 1863 1842 1865
f 1818 1862 1887
f 1887 1864 1818
f 2023 2082 2084
f 2084 2089 2023
f 2082 2047 2084
f 2084 2047 2014
f 2087 2084 2014
f 2089 2084 2087
f 1987 1929 1988
f 1991 1989 1930
f 1930 1996 1991
f 1993 1990 1913
f 1993 1996 1990
f 1783 1785 1739
f 1783 1775 1785
f 1739 1781 1783
f 1730 1775 1783
f 1783 1781 1752
f 1752 1730 1783
f 1799 1740 1789
f 1787 1740 1799
f 1797 1787 1799
f 1799 1742 1797
f 1788 1740 1790
f 1790 1740 1787
f 1787 1774 1790
f 1790 1774 1737
f 2175 2093 2139
f 2139 2177 2175
f 2107 2177 2139
f 2151 2107 2139
f 2183 2179 2117
f 2117 2181 2183
f 2155 2147 2102
f 2155 2124 2153
f 2102 2124 2155
f 2109 2147 2157
f 2146 2109 2157
f 2157 2154 2146
f 2147 2155 2157
f 2159 2162 2146
f 2159 2112 2162
f 2150 2164 2167
f 2167 2110 2150
f 2150 2110 2170
f 2170 2169 2150
f 2114 2169 2170
f 2158 2112 2161
f 2142 2137 2097
f 2097 2163 2142
f 1928 1984 1983
f 1983 1985 1928
f 1983 1984 1964
f 1983 1972 1985
f 1912 1983 1964
f 1972 1983 1912
f 1792 1782 1726
f 1782 1774 1726
f 1726 1778 1792
f 1726 1787 1797
f 1726 1774 1787
f 1797 1778 1726
f 1721 1767 1777
f 1767 1779 1777
f 1777 1779 1738
f 1777 1738 1780
f 1795 1793 1741
f 1795 1779 1793
f 1741 1792 1795
f 1738 1779 1795
f 1792 1778 1795
f 1795 1778 1738
f 1772 1771 1736
f 1736 1784 1794
f 1736 1794 1770
f 1770 1772 1736
f 1736 1771 1769
f 1769 1784 1736
f 1949 1971 1973
f 1971 1926 1973
f 1718 1716 1652
f 1652 1714 1718
f 1652 1717 1714
f 1539 1584 1579
f 1579 1615 1539
f 1689 1687 1675
f 1646 1687 1689
f 1689 1703 1646
f 1629 1660 1654
f 1657 1653 1635
f 1655 1653 1657
f 1626 1655 1671
f 1548 1579 1586
f 1616 1579 1548
f 1616 1548 1614
f 1614 1548 1578
f 1681 1716 1644
f 1644 1682 1681
f 1681 1682 1672
f 1672 1632 1681
f 1581 1591 1593
f 1593 1549 1581
f 1601 1554 1599
f 1602 1554 1601
f 1610 1554 1613
f 1613 1611 1556
f 1592 1611 1540
f 1540 1588 1595
f 1551 1588 1602
f 1949 1973 1919
f 1901 1899 1838
f 1838 1903 1901
f 1838 1904 1900
f 1900 1903 1838
f 1768 1725 1791
f 1793 1735 1768
f 1768 1791 1793
f 1806 1725 1768
f 1768 1735 1808
f 1808 1806 1768
f 1683 1645 1685
f 1658 1683 1685
f 1692 1637 1685
f 1685 1637 1658
f 1704 1691 1700
f 1700 1688 1703
f 1700 1649 1704
f 1700 1703 1649
f 1684 1645 1698
f 1698 1696 1684
f 2012 2041 2058
f 2069 2012 2058
f 2058 2070 2069
f 2009 2030 2032
f 2009 2032 2039
f 2009 2057 2030
f 2054 2016 2053
f 2053 2016 2088
f 2061 2047 2059
f 2014 2047 2061
f 2149 2110 2151
f 2151 2139 2149
f 2149 2139 2093
f 2214 2220 2188
f 2188 2224 2217
f 2220 2224 2188
f 2249 2235 2188
f 2188 2235 2214
f 2188 2217 2249
f 2219 2222 2196
f 2196 2221 2219
f 2222 2226 2196
f 2223 2221 2196
f 2226 2220 2196
f 2220 2223 2196
f 2246 2260 2191
f 2246 2191 2265
f 2265 2266 2246
f 2266 2204 2246
f 2264 2260 2207
f 2207 2262 2264
f 2207 2259 2262
f 2261 2259 2207
f 2263 2204 2247
f 2263 2207 2260
f 2263 2246 2204
f 2260 2246 2263
f 2247 2261 2263
f 2261 2207 2263
f 2200 2261 2247
f 2247 2233 2200
f 2234 2261 2200
f 2200 2273 2234
f 2275 2273 2270
f 2270 2233 2268
f 2268 2209 2270
f 2270 2209 2275
f 2273 2200 2270
f 2270 2200 2233
f 1881 1833 1878
f 1819 1870 1878
f 1878 1870 1881
f 1892 1878 1833
f 1866 1864 1829
f 1865 1866 1829
f 1829 1863 1865
f 1875 1891 1889
f 1828 1875 1889
f 1889 1862 1828
f 1889 1887 1862
f 2089 2087 2024
f 2086 2089 2024
f 2085 2053 2088
f 2004 2053 2085
f 2088 2024 2085
f 2085 2024 2087
f 1929 1987 1995
f 1995 1987 1992
f 1953 1907 1989
f 1989 1991 1953
f 1953 1963 1907
f 1965 1963 1953
f 1994 1991 1996
f 1924 1984 1981
f 1981 1963 1924
f 1964 1984 1924
f 1924 1963 1965
f 1988 1986 1920
f 2026 2033 2001
f 2027 2025 1998
f 1776 1773 1762
f 1788 1790 1776
f 1762 1733 1776
f 1733 1788 1776
f 1737 1773 1776
f 1776 1790 1737
f 2168 2154 2111
f 2154 2157 2111
f 2111 2156 2168
f 2111 2157 2155
f 2153 2156 2111
f 2111 2155 2153
f 2098 2154 2164
f 2146 2154 2098
f 2164 2150 2098
f 2098 2159 2146
f 2169 2159 2098
f 2098 2150 2169
f 2171 2159 2169
f 2169 2114 2171
f 2112 2159 2171
f 2171 2161 2112
f 2156 2108 2166
f 2108 2142 2166
f 2168 2156 2166
f 2166 2142 2163
f 2166 2113 2168
f 2166 2163 2113
f 2144 2142 2108
f 2143 2138 2144
f 2144 2108 2143
f 2144 2138 2106
f 2106 2137 2144
f 2137 2142 2144
f 1972 1912 1960
f 1926 1972 1974
f 1974 1973 1926
f 1972 1960 1974
f 1622 1549 1582
f 1713 1652 1716
f 1716 1681 1713
f 1713 1681 1632
f 1690 1630 1659
f 1690 1659 1692
f 1692 1647 1690
f 1647 1693 1690
f 1666 1667 1659
f 1659 1630 1666
f 1666 1639 1667
f 1677 1690 1693
f 1630 1690 1677
f 1655 1657 1636
f 1672 1682 1641
f 1641 1680 1672
f 1641 1682 1674
f 1674 1671 1641
f 1533 1578 1562
f 1562 1560 1533
f 1592 1540 1604
f 1604 1540 1595
f 1549 1593 1605
f 1605 1582 1549
f 1592 1604 1607
f 1607 1604 1555
f 1555 1605 1607
f 1607 1605 1593
f 1566 1594 1596
f 1566 1574 1573
f 1566 1573 1537
f 1537 1594 1566
f 1583 1594 1537
f 1537 1563 1583
f 1596 1594 1553
f 1577 1601 1599
f 1577 1599 1538
f 1600 1554 1602
f 1600 1613 1554
f 1602 1588 1600
f 1611 1613 1600
f 1600 1540 1611
f 1588 1540 1600
f 1992 1987 1911
f 1956 1975 1911
f 1904 1838 1902
f 1902 1838 1899
f 1902 1899 1867
f 1902 1867 1830
f 1694 1647 1692
f 1692 1685 1694
f 1694 1691 1647
f 1694 1685 1645
f 1694 1684 1691
f 1645 1684 1694
f 1707 1688 1633
f 1633 1696 1707
f 1633 1684 1696
f 1688 1700 1633
f 1633 1700 1691
f 1691 1684 1633
f 2018 2059 2077
f 2077 2080 2018
f 2018 2061 2059
f 2055 2041 1999
f 2055 2058 2041
f 1999 2030 2055
f 2030 2057 2055
f 2066 2057 2064
f 2057 2009 2064
f 1662 1657 1635
f 1635 1654 1662
f 1662 1654 1660
f 2170 2110 2152
f 2110 2149 2152
f 1888 1891 1874
f 1878 1892 1888
f 1888 1874 1819
f 1819 1878 1888
f 1890 1829 1864
f 1864 1887 1890
f 2004 2085 2048
f 2048 2087 2014
f 2048 2085 2087
f 2090 2024 2088
f 2086 2024 2090
f 1931 1994 1996
f 1996 1993 1931
f 1931 1995 1992
f 1992 1994 1931
f 1921 1953 1991
f 1991 1994 1921
f 1965 1953 1921
f 1952 1934 1915
f 1950 1920 1986
f 1950 1952 1920
f 1905 1934 1950
f 1934 1952 1950
f 2029 2007 2025
f 2025 2027 2029
f 2037 2029 2008
f 2008 2029 2027
f 2045 2052 2051
f 2051 2008 2045
f 2045 2008 2027
f 1970 1960 1967
f 1967 1960 1912
f 1973 1974 1962
f 1948 1919 1962
f 1962 1919 1973
f 1923 1960 1970
f 1923 1974 1960
f 1923 1962 1974
f 1622 1582 1620
f 1623 1559 1620
f 1620 1559 1622
f 1620 1615 1623
f 1620 1539 1615
f 1620 1582 1539
f 1717 1652 1715
f 1652 1713 1715
f 1639 1666 1668
f 1672 1680 1678
f 1678 1702 1699
f 1699 1632 1678
f 1678 1632 1672
f 1693 1702 1643
f 1643 1680 1679
f 1643 1677 1693
f 1679 1677 1643
f 1702 1678 1643
f 1643 1678 1680
f 1679 1680 1673
f 1673 1671 1655
f 1655 1636 1673
f 1673 1636 1679
f 1673 1641 1671
f 1680 1641 1673
f 1580 1562 1578
f 1580 1548 1586
f 1578 1548 1580
f 1543 1562 1580
f 1564 1542 1560
f 1564 1562 1543
f 1560 1562 1564
f 1582 1605 1603
f 1606 1584 1603
f 1603 1555 1606
f 1603 1605 1555
f 1584 1539 1603
f 1539 1582 1603
f 1592 1607 1552
f 1552 1612 1592
f 1552 1593 1591
f 1552 1607 1593
f 1609 1612 1552
f 1552 1591 1609
f 1544 1566 1596
f 1544 1589 1565
f 1596 1589 1544
f 1574 1566 1544
f 1565 1571 1544
f 1544 1571 1574
f 1595 1553 1608
f 1608 1604 1595
f 1606 1555 1608
f 1555 1604 1608
f 1601 1577 1547
f 1587 1589 1551
f 1565 1589 1587
f 1596 1553 1598
f 1598 1589 1596
f 1598 1553 1595
f 1551 1589 1598
f 1595 1588 1598
f 1588 1551 1598
f 1979 1924 1965
f 1964 1924 1979
f 1951 1911 1987
f 1951 1987 1988
f 1988 1920 1951
f 1956 1911 1951
f 2063 2056 2066
f 2079 2022 2081
f 2080 2022 2079
f 2061 2018 2075
f 2072 2021 2075
f 2017 2057 2066
f 2017 2055 2057
f 2066 2056 2017
f 2017 2056 2070
f 2070 2058 2017
f 2058 2055 2017
f 2014 2061 2073
f 2073 2048 2014
f 2061 2075 2073
f 2073 2075 2021
f 2076 2021 2072
f 2072 2063 2076
f 1863 1829 1880
f 1829 1890 1880
f 1877 1863 1880
f 1880 1890 1892
f 1880 1833 1877
f 1880 1892 1833
f 1892 1890 1835
f 1835 1889 1891
f 1891 1888 1835
f 1835 1888 1892
f 1887 1889 1835
f 1835 1890 1887
f 1995 1931 1997
f 1997 1931 1993
f 1965 1921 1977
f 1975 1927 1977
f 1977 1979 1965
f 1927 1979 1977
f 1954 1994 1992
f 1954 1921 1994
f 1992 1911 1954
f 1954 1911 1975
f 1975 1977 1954
f 1954 1977 1921
f 2033 2010 2036
f 2036 2010 2040
f 2034 2010 2037
f 2040 2010 2034
f 2038 2011 2040
f 2039 2011 2038
f 2040 2034 2038
f 2038 2034 2002
f 2031 2064 2009
f 2031 2038 2002
f 2031 2009 2039
f 2039 2038 2031
f 2054 2053 2044
f 2044 2053 2004
f 2021 2076 2074
f 1939 1937 1916
f 1916 1946 1939
f 2037 2010 2035
f 2035 2029 2037
f 2035 2010 2033
f 2007 2029 2035
f 2026 2007 2035
f 2035 2033 2026
f 1932 1934 1905
f 2013 2046 2054
f 2052 2045 2013
f 2054 2044 2013
f 2013 2044 2052
f 1976 1912 1964
f 1976 1967 1912
f 1976 1980 1967
f 1964 1979 1976
f 1976 1979 1927
f 1927 1980 1976
f 1961 1923 1970
f 1970 1968 1961
f 1961 1916 1937
f 1968 1916 1961
f 1676 1715 1713
f 1676 1632 1699
f 1676 1713 1632
f 1675 1710 1712
f 1717 1715 1712
f 1712 1710 1651
f 1651 1717 1712
f 1665 1668 1638
f 1660 1665 1638
f 1638 1662 1660
f 1661 1666 1630
f 1661 1668 1666
f 1661 1638 1668
f 1586 1550 1585
f 1585 1580 1586
f 1550 1583 1585
f 1543 1580 1585
f 1585 1563 1543
f 1585 1583 1563
f 1543 1563 1570
f 1570 1564 1543
f 1569 1561 1542
f 1542 1564 1569
f 1564 1570 1569
f 1597 1553 1594
f 1597 1608 1553
f 1594 1583 1597
f 1606 1608 1597
f 1597 1550 1606
f 1597 1583 1550
f 1590 1551 1602
f 1590 1587 1551
f 1602 1601 1590
f 1576 1587 1590
f 1590 1547 1576
f 1601 1547 1590
f 1565 1587 1534
f 1534 1587 1576
f 1966 1968 1925
f 1925 1968 1970
f 1970 1967 1925
f 1967 1980 1925
f 2068 2079 2081
f 2070 2056 2068
f 2068 2020 2070
f 2068 2081 2020
f 2005 2063 2072
f 2056 2063 2005
f 2005 2068 2056
f 2079 2068 2005
f 2037 2008 2028
f 2028 2034 2037
f 2002 2034 2028
f 2028 2008 2051
f 2071 2073 2021
f 2021 2074 2071
f 2048 2073 2071
f 2004 2048 2071
f 2052 2044 2050
f 2050 2071 2074
f 2050 2044 2004
f 2004 2071 2050
f 2051 2052 2015
f 2052 2050 2015
f 2015 2050 2074
f 1957 1952 1915
f 1966 1955 1909
f 1978 1975 1956
f 1978 1927 1975
f 1978 1980 1927
f 1938 1968 1966
f 1938 1916 1968
f 1966 1909 1938
f 1946 1916 1938
f 1933 1908 1940
f 1573 1574 1546
f 1546 1575 1573
f 1573 1575 1568
f 1537 1573 1568
f 1568 1563 1537
f 1568 1570 1563
f 2046 2013 2043
f 2043 2013 2045
f 2043 2027 1998
f 2043 2045 2027
f 1937 1906 1959
f 1959 1961 1937
f 1923 1961 1959
f 1962 1923 1959
f 1959 1906 1948
f 1948 1962 1959
f 1701 1676 1699
f 1699 1649 1701
f 1649 1703 1701
f 1703 1689 1701
f 1656 1661 1630
f 1630 1677 1656
f 1656 1677 1679
f 1679 1636 1656
f 1638 1661 1663
f 1657 1662 1663
f 1662 1638 1663
f 1663 1636 1657
f 1663 1656 1636
f 1661 1656 1663
f 1561 1569 1567
f 1536 1561 1567
f 1545 1575 1572
f 1545 1569 1570
f 1545 1568 1575
f 1570 1568 1545
f 1572 1567 1545
f 1545 1567 1569
f 2060 2005 2072
f 2072 2075 2060
f 2060 2075 2018
f 2079 2005 2060
f 2060 2018 2080
f 2080 2079 2060
f 2065 2074 2076
f 2065 2015 2074
f 1952 1957 1958
f 1920 1952 1958
f 1956 1951 1958
f 1958 1951 1920
f 1935 1909 1955
f 1935 1957 1915
f 1955 1957 1935
f 1922 1957 1955
f 1922 1958 1957
f 1922 1978 1956
f 1956 1958 1922
f 1969 1955 1966
f 1980 1978 1969
f 1966 1925 1969
f 1969 1925 1980
f 1969 1922 1955
f 1978 1922 1969
f 1942 1914 1933
f 1933 1940 1942
f 1918 1946 1945
f 1945 1947 1918
f 1946 1938 1945
f 1945 1938 1909
f 1642 1689 1675
f 1642 1701 1689
f 1676 1701 1642
f 1715 1676 1642
f 1675 1712 1642
f 1642 1712 1715
f 2051 2015 2049
f 2015 2065 2049
f 2049 2028 2051
f 2002 2028 2049
f 2066 2064 2019
f 2019 2065 2076
f 2019 2063 2066
f 2019 2076 2063
f 1936 1932 1914
f 1914 1942 1936
f 1934 1932 1936
f 1915 1934 1936
f 1909 1935 1941
f 1941 1945 1909
f 1947 1945 1941
f 2062 2031 2002
f 2002 2049 2062
f 2062 2049 2065
f 2064 2031 2062
f 2062 2019 2064
f 2065 2019 2062
f 1947 1941 1917
f 1943 1947 1917
f 1917 1940 1943
f 1917 1942 1940
f 1915 1936 1944
f 1944 1935 1915
f 1944 1941 1935
f 1944 1917 1941
f 1944 1936 1942
f 1942 1917 1944
f 1727 1634 1820
f 1541 1634 1727
f 2096 1910 1724
f 1724 1910 1538
f 1541 1727 1618
f 1618 1727 1804
f 1800 1860 1764
f 1764 1860 1857
f 1711 1837 1897
f 1651 1837 1711
f 1820 1634 1711
f 1711 1897 1820
f 2187 1846 2219
f 1815 1846 2187
f 1722 1815 2187
f 2187 2094 1722
f 1807 1727 1820
f 1820 1900 1807
f 2096 1724 2135
f 2135 1724 1763
f 2192 2083 2006
f 2269 2083 2192
f 2219 1846 2222
f 2222 1846 1851
f 1719 1764 1857
f 1857 1812 1719
f 2198 1826 1856
f 1856 2228 2198
f 1855 1826 2198
f 2198 2227 1855
f 2185 1855 2227
f 1813 1855 2185
f 2092 1762 1720
f 2134 1762 2092
f 1751 2092 1720
f 2123 2092 1751
f 1751 2125 2123
f 1757 2125 1751
f 1733 2135 1763
f 2105 2135 1733
f 1733 1762 2134
f 2134 2105 1733
f 1721 1535 1803
f 1803 1535 1617
f 2094 2187 2212
f 2212 2119 2094
f 2100 2119 2212
f 2212 2193 2100
f 2226 2222 1851
f 1851 1854 2226
f 2226 1854 1825
f 2226 1825 2197
f 1746 1821 1728
f 1839 1821 1746
f 1746 1719 1812
f 1746 1812 1839
f 1722 2094 2126
f 2126 1753 1722
f 1753 2126 1758
f 1758 2126 2129
f 2133 1758 2129
f 1761 1758 2133
f 1817 2003 2189
f 1631 2003 1817
f 2228 1856 1817
f 2189 2228 1817
f 1706 1695 1882
f 1882 1885 1706
f 1882 1695 1631
f 1631 1817 1882
f 1760 2125 1757
f 2132 2125 1760
f 2099 2192 2006
f 2099 2006 1913
f 1913 1990 2099
f 1990 2176 2099
f 1786 1724 1538
f 1538 1599 1786
f 1610 1789 1786
f 1786 1599 1610
f 1650 1836 1708
f 1836 1894 1708
f 1876 1705 1708
f 1708 1894 1876
f 1709 1836 1650
f 1709 1895 1836
f 1706 1885 1709
f 1709 1885 1895
f 2118 2184 2091
f 2211 2184 2118
f 2100 2193 2118
f 2193 2211 2118
f 2077 2059 2245
f 2248 2077 2245
f 2245 2059 2000
f 2245 2000 2186
f 1747 1815 1722
f 1747 1840 1815
f 1728 1821 1747
f 1821 1840 1747
f 2132 1760 2104
f 2104 1760 1732
f 1761 2133 2104
f 2104 1732 1761
f 2218 1850 2216
f 1850 1844 2216
f 1813 2185 2216
f 2216 1844 1813
f 2158 1910 2096
f 2158 1971 1910
f 1714 1634 1541
f 1541 1621 1714
f 1714 1621 1625
f 1625 1718 1714
f 1716 1718 1625
f 1716 1625 1623
f 1623 1557 1716
f 1716 1557 1644
f 1558 1803 1617
f 1744 1803 1558
f 1558 1618 1804
f 1804 1744 1558
f 1904 1807 1900
f 1904 1811 1807
f 2067 2254 2189
f 2189 2003 2067
f 2078 2257 2067
f 2067 2257 2254
f 2091 2184 2136
f 2136 2184 2229
f 2240 2202 2174
f 2202 2115 2174
f 1989 1907 2093
f 2175 1989 2093
f 2186 2000 2268
f 2000 2082 2268
f 2274 2181 2115
f 2274 2115 2202
f 2197 1825 1853
f 1853 2225 2197
f 2218 2225 1853
f 1853 1850 2218
f 1929 2016 2054
f 2054 1988 1929
f 2116 1989 2175
f 1930 1989 2116
f 2116 2176 1990
f 2116 1990 1930
f 2192 2099 2179
f 2272 2192 2179
f 1798 1612 1609
f 1609 1780 1798
f 1556 1612 1798
f 1798 1742 1556
f 1710 1837 1651
f 1710 1896 1837
f 1628 1814 1710
f 1710 1814 1896
f 1644 1557 1682
f 1682 1557 1616
f 1868 1860 1800
f 1800 1802 1868
f 1743 1868 1802
f 1830 1868 1743
f 2081 2257 2078
f 2267 2257 2081
f 2041 1627 1999
f 1669 1627 2041
f 2041 1640 1669
f 2012 1640 2041
f 2042 2003 1631
f 1631 1670 2042
f 2042 1640 2012
f 1670 1640 2042
f 2030 1627 1658
f 1999 1627 2030
f 1664 2030 1658
f 2032 2030 1664
f 2039 2032 1664
f 1664 1667 2039
f 2172 2136 2229
f 2229 2232 2172
f 2240 2174 2172
f 2172 2232 2240
f 2209 2083 2269
f 2023 2083 2209
f 2209 2268 2082
f 2209 2082 2023
f 1873 1705 1876
f 1873 1687 1705
f 1628 1687 1873
f 1873 1814 1628
f 1913 2006 1993
f 2006 2086 1993
f 2272 2179 2183
f 2276 2272 2183
f 2181 2274 2183
f 2183 2274 2276
f 2170 1984 2114
f 2114 1984 1928
f 1971 2158 2161
f 1982 1971 2161
f 1777 1535 1721
f 1777 1591 1535
f 1777 1780 1609
f 1609 1591 1777
f 1671 1578 1533
f 1671 1533 1626
f 1614 1682 1616
f 1674 1682 1614
f 1578 1671 1614
f 1614 1671 1674
f 1626 1533 1560
f 1560 1653 1626
f 1613 1789 1610
f 1613 1799 1789
f 1556 1742 1613
f 1742 1799 1613
f 2080 2077 2248
f 2248 2266 2080
f 2149 2093 1907
f 1907 1963 2149
f 2016 1929 1995
f 2088 2016 1995
f 2046 1988 2054
f 2046 1986 1988
f 2001 1908 1933
f 2001 1933 2026
f 2033 1660 2001
f 2001 1660 1629
f 1908 2001 1536
f 1536 2001 1629
f 1982 2161 2171
f 2171 1985 1982
f 2171 2114 1928
f 1928 1985 2171
f 1653 1560 1542
f 1635 1653 1542
f 1571 1937 1939
f 1565 1937 1571
f 1538 1910 1577
f 1577 1910 1949
f 1811 1904 1902
f 1809 1811 1902
f 1830 1743 1902
f 1902 1743 1809
f 2267 2081 2022
f 2022 2208 2267
f 2022 2080 2266
f 2022 2266 2208
f 2152 1984 2170
f 1981 1984 2152
f 2152 2149 1963
f 2152 1963 1981
f 2039 1667 2011
f 1667 1639 2011
f 1946 1571 1939
f 1574 1571 1946
f 2026 1933 1914
f 1914 2007 2026
f 1668 2011 1639
f 2040 2011 1668
f 1561 1536 1629
f 1629 1654 1561
f 1635 1542 1561
f 1561 1654 1635
f 1547 1919 1948
f 1948 1576 1547
f 1547 1577 1949
f 1949 1919 1547
f 2088 1995 1997
f 1997 2090 2088
f 1997 1993 2086
f 2086 2090 1997
f 2036 1668 1665
f 2040 1668 2036
f 2036 1660 2033
f 2036 1665 1660
f 1905 1998 1932
f 1998 2025 1932
f 2007 1914 1932
f 2025 2007 1932
f 1534 1937 1565
f 1534 1906 1937
f 1534 1576 1948
f 1948 1906 1534
f 1574 1946 1546
f 1546 1946 1918
f 1947 1546 1918
f 1575 1546 1947
f 1572 1575 1947
f 1947 1943 1572
f 1905 1950 2043
f 2043 1998 1905
f 1986 2046 2043
f 2043 1950 1986
f 1943 1940 1567
f 1572 1943 1567
f 1908 1536 1567
f 1567 1940 1908
f 2277 2278 2308
f 2277 2310 2279
f 2279 2310 2280
f 2278 2281 2309
f 2281 2282 2312
f 2280 2341 2296
f 2280 2296 2299
f 2280 2311 2341
f 2279 2280 2387
f 2277 2387 2278
f 2277 2279 2387
f 2278 2387 2281
f 2280 2289 2284
f 2280 2288 2289
f 2280 2290 2288
f 2280 2285 2290
f 2280 2283 2292
f 2280 2292 2293
f 2280 2293 2291
f 2280 2284 2283
f 2280 2286 2285
f 2280 2287 2286
f 2280 2298 2287
f 2280 2299 2298
f 2281 2387 2282
f 2280 2291 2387
f 2299 2296 2297
f 2299 2297 2300
f 2300 2297 2301
f 2301 2297 2302
f 2302 2297 2303
f 2303 2297 2304
f 2304 2297 2305
f 2305 2297 2306
f 2306 2297 2307
f 2307 2297 2348
f 2348 2373 2378
f 2348 2374 2373
f 2348 2383 2382
f 2348 2375 2374
f 2348 2382 2375
f 2348 2376 2307
f 2348 2377 2376
f 2348 2378 2377
f 2277 2308 2310
f 2278 2309 2308
f 2280 2310 2311
f 2281 2312 2309
f 2282 2313 2312
f 2308 2309 2310
f 2309 2312 2310
f 2310 2312 2313
f 2310 2350 2311
f 2310 2340 2314
f 2310 2314 2349
f 2282 2420 2313
f 2310 2313 2420
f 2310 2322 2317
f 2310 2321 2320
f 2310 2320 2322
f 2310 2317 2318
f 2310 2318 2319
f 2310 2324 2315
f 2310 2315 2316
f 2310 2316 2321
f 2310 2325 2324
f 2310 2323 2325
f 2310 2319 2330
f 2310 2330 2331
f 2310 2331 2332
f 2310 2332 2333
f 2310 2333 2334
f 2310 2334 2335
f 2310 2335 2336
f 2310 2326 2323
f 2310 2327 2326
f 2310 2392 2327
f 2310 2393 2392
f 2310 2417 2340
f 2310 2336 2417
f 2341 2342 2296
f 2342 2347 2296
f 2342 2343 2347
f 2343 2344 2347
f 2345 2348 2347
f 2344 2345 2347
f 2341 2351 2342
f 2342 2351 2343
f 2343 2352 2344
f 2344 2354 2345
f 2345 2354 2346
f 2345 2387 2348
f 2345 2346 2387
f 2346 2427 2384
f 2311 2350 2341
f 2310 2351 2350
f 2310 2352 2351
f 2310 2353 2352
f 2310 2354 2353
f 2310 2355 2354
f 2310 2349 2355
f 2341 2350 2351
f 2343 2351 2352
f 2344 2352 2353
f 2344 2353 2354
f 2346 2354 2355
f 2358 2340 2417
f 2346 2355 2439
f 2355 2349 2358
f 2355 2358 2439
f 2387 2291 2294
f 2387 2294 2295
f 2282 2387 2386
f 2387 2295 2359
f 2387 2359 2360
f 2387 2360 2361
f 2387 2361 2362
f 2387 2362 2363
f 2387 2363 2364
f 2387 2364 2365
f 2387 2365 2366
f 2387 2366 2367
f 2387 2367 2368
f 2387 2368 2369
f 2387 2369 2370
f 2387 2370 2371
f 2387 2371 2372
f 2387 2372 2379
f 2387 2380 2381
f 2387 2379 2380
f 2387 2381 2383
f 2282 2386 2420
f 2387 2383 2348
f 2346 2384 2387
f 2387 2389 2388
f 2387 2390 2389
f 2387 2391 2390
f 2386 2387 2421
f 2387 2388 2421
f 2388 2389 2423
f 2389 2390 2424
f 2390 2391 2424
f 2387 2384 2385
f 2387 2385 2428
f 2387 2431 2391
f 2310 2425 2393
f 2310 2420 2421
f 2310 2421 2422
f 2310 2422 2423
f 2310 2423 2424
f 2310 2424 2425
f 2425 2394 2393
f 2425 2395 2394
f 2425 2396 2395
f 2425 2397 2396
f 2425 2398 2397
f 2425 2399 2398
f 2425 2400 2399
f 2425 2401 2400
f 2425 2402 2401
f 2425 2403 2402
f 2425 2404 2403
f 2425 2405 2404
f 2425 2412 2405
f 2425 2413 2412
f 2417 2336 2337
f 2417 2337 2338
f 2417 2338 2339
f 2409 2417 2339
f 2410 2417 2409
f 2411 2417 2410
f 2406 2417 2411
f 2415 2417 2408
f 2416 2417 2415
f 2407 2417 2406
f 2408 2417 2407
f 2413 2417 2414
f 2414 2417 2416
f 2413 2426 2417
f 2386 2421 2420
f 2388 2422 2421
f 2388 2423 2422
f 2389 2424 2423
f 2391 2425 2424
f 2391 2441 2425
f 2425 2426 2413
f 2425 2441 2426
f 2346 2429 2427
f 2429 2428 2427
f 2346 2439 2429
f 2387 2428 2429
f 2387 2432 2431
f 2387 2434 2432
f 2387 2429 2430
f 2387 2430 2433
f 2387 2433 2434
f 2391 2431 2441
f 2429 2440 2430
f 2430 2440 2433
f 2431 2432 2442
f 2432 2434 2442
f 2433 2443 2434
f 2358 2417 2435
f 2440 2358 2435
f 2439 2358 2440
f 2441 2438 2426
f 2429 2439 2440
f 2433 2440 2443
f 2431 2442 2441
f 2434 2443 2444
f 2434 2444 2442
f 2440 2435 2438
f 2440 2438 2443
f 2443 2438 2444
f 2441 2442 2438
f 2442 2444 2438
f 2418 2385 2384
f 2418 2419 2385
f 2436 2384 2427
f 2419 2428 2385
f 2437 2427 2428
f 2418 2384 2436
f 2419 2437 2428
f 2436 2427 2437
f 2418 2417 2419
f 2419 2417 2426
f 2418 2436 2417
f 2419 2426 2437
f 2436 2435 2417
f 2436 2437 2438
f 2436 2438 2435
f 2437 2426 2438
f 2328 2297 2296
f 2328 2329 2297
f 2356 2296 2347
f 2329 2348 2297
f 2357 2347 2348
f 2328 2296 2356
f 2329 2357 2348
f 2356 2347 2357
f 2328 2314 2329
f 2329 2314 2340
f 2328 2349 2314
f 2328 2356 2349
f 2329 2358 2357
f 2329 2340 2358
f 2356 2357 2358
f 2356 2358 2349
f 2284 2289 2321
f 2292 2283 2315
f 2283 2284 2316
f 2290 2285 2317
f 2285 2286 2318
f 2286 2287 2319
f 2289 2288 2320
f 2288 2290 2322
f 2291 2293 2325
f 2294 2291 2323
f 2293 2292 2324
f 2295 2294 2326
f 2295 2327 2359
f 2287 2298 2330
f 2298 2299 2331
f 2299 2300 2332
f 2300 2301 2333
f 2301 2302 2334
f 2302 2303 2335
f 2303 2304 2336
f 2304 2305 2337
f 2305 2306 2338
f 2306 2307 2339
f 2307 2376 2409
f 2284 2321 2316
f 2283 2316 2315
f 2290 2317 2322
f 2285 2318 2317
f 2286 2319 2318
f 2287 2330 2319
f 2288 2322 2320
f 2289 2320 2321
f 2291 2325 2323
f 2292 2315 2324
f 2293 2324 2325
f 2294 2323 2326
f 2295 2326 2327
f 2392 2359 2327
f 2298 2331 2330
f 2299 2332 2331
f 2300 2333 2332
f 2301 2334 2333
f 2302 2335 2334
f 2303 2336 2335
f 2304 2337 2336
f 2305 2338 2337
f 2306 2339 2338
f 2307 2409 2339
f 2359 2392 2360
f 2361 2360 2393
f 2362 2361 2394
f 2363 2362 2395
f 2364 2363 2396
f 2365 2364 2397
f 2366 2365 2398
f 2367 2366 2399
f 2368 2367 2400
f 2369 2368 2401
f 2370 2369 2402
f 2371 2370 2403
f 2372 2371 2404
f 2379 2372 2405
f 2373 2374 2407
f 2374 2375 2408
f 2376 2377 2410
f 2377 2378 2411
f 2378 2373 2406
f 2380 2379 2412
f 2383 2381 2414
f 2381 2380 2413
f 2375 2382 2415
f 2382 2383 2416
f 2360 2392 2393
f 2361 2393 2394
f 2362 2394 2395
f 2363 2395 2396
f 2364 2396 2397
f 2365 2397 2398
f 2366 2398 2399
f 2367 2399 2400
f 2368 2400 2401
f 2369 2401 2402
f 2370 2402 2403
f 2371 2403 2404
f 2372 2404 2405
f 2373 2407 2406
f 2374 2408 2407
f 2375 2415 2408
f 2376 2410 2409
f 2377 2411 2410
f 2378 2406 2411
f 2380 2412 2413
f 2381 2413 2414
f 2382 2416 2415
f 2383 2414 2416
f 2379 2405 2412
f 2446 2463 2487
f 2445 2547 2472
f 2445 2448 2547
f 2449 2494 2550
f 2445 2469 2446
f 2445 2446 2447
f 2447 2487 2496
f 2447 2496 2449
f 2446 2487 2447
f 2448 2449 2550
f 2445 2447 2448
f 2447 2449 2448
f 2466 2479 2520
f 2450 2453 2468
f 2450 2471 2580
f 2451 2474 2454
f 2453 2454 2473
f 2450 2583 2453
f 2453 2584 2454
f 2451 2454 2452
f 2452 2454 2584
f 2452 2598 2456
f 2451 2452 2456
f 2451 2456 2455
f 2462 2470 2475
f 2458 2474 2476
f 2457 2467 2475
f 2457 2458 2464
f 2457 2474 2458
f 2459 2462 2460
f 2459 2461 2462
f 2460 2462 2467
f 2461 2470 2462
f 2459 2463 2461
f 2446 2461 2463
f 2464 2465 2467
f 2458 2478 2464
f 2464 2478 2466
f 2460 2467 2465
f 2464 2466 2465
f 2457 2464 2467
f 2462 2475 2467
f 2468 2470 2471
f 2461 2469 2470
f 2469 2471 2470
f 2468 2475 2470
f 2471 2472 2580
f 2450 2468 2471
f 2445 2472 2469
f 2469 2472 2471
f 2457 2473 2474
f 2468 2473 2475
f 2451 2476 2474
f 2454 2474 2473
f 2457 2475 2473
f 2453 2473 2468
f 2446 2469 2461
f 2458 2477 2478
f 2458 2476 2477
f 2466 2478 2479
f 2451 2455 2476
f 2480 2538 2515
f 2480 2515 2482
f 2480 2481 2505
f 2481 2484 2505
f 2480 2482 2481
f 2484 2652 2507
f 2482 2531 2483
f 2483 2531 2654
f 2483 2655 2485
f 2483 2654 2655
f 2481 2485 2484
f 2481 2482 2483
f 2481 2483 2485
f 2484 2485 2652
f 2498 2500 2616
f 2486 2491 2488
f 2487 2488 2496
f 2463 2486 2487
f 2488 2489 2496
f 2486 2488 2487
f 2489 2492 2490
f 2489 2490 2497
f 2488 2491 2492
f 2486 2538 2491
f 2491 2505 2492
f 2480 2491 2538
f 2480 2505 2491
f 2488 2492 2489
f 2489 2493 2496
f 2449 2493 2494
f 2494 2495 2625
f 2495 2616 2625
f 2493 2495 2494
f 2449 2496 2493
f 2495 2497 2498
f 2489 2497 2493
f 2493 2497 2495
f 2490 2509 2497
f 2497 2509 2498
f 2495 2498 2616
f 2501 2508 2672
f 2498 2499 2500
f 2499 2502 2500
f 2500 2502 2627
f 2499 2508 2501
f 2499 2501 2502
f 2502 2632 2627
f 2502 2677 2632
f 2501 2677 2502
f 2503 2507 2504
f 2490 2504 2509
f 2490 2492 2503
f 2490 2503 2504
f 2504 2508 2509
f 2492 2505 2503
f 2484 2503 2505
f 2504 2507 2506
f 2484 2507 2503
f 2506 2507 2682
f 2507 2652 2682
f 2504 2506 2508
f 2506 2672 2508
f 2498 2509 2499
f 2499 2509 2508
f 2510 2514 2536
f 2513 2536 2514
f 2465 2511 2510
f 2466 2520 2511
f 2510 2519 2514
f 2510 2511 2519
f 2511 2520 2512
f 2511 2512 2519
f 2516 2517 2527
f 2513 2515 2538
f 2513 2514 2516
f 2513 2516 2515
f 2514 2517 2516
f 2517 2519 2518
f 2512 2518 2519
f 2512 2522 2518
f 2517 2518 2529
f 2518 2522 2530
f 2514 2519 2517
f 2512 2520 2521
f 2512 2521 2522
f 2522 2535 2530
f 2523 2529 2524
f 2524 2530 2533
f 2523 2697 2532
f 2532 2697 2696
f 2523 2524 2525
f 2524 2533 2526
f 2523 2525 2697
f 2524 2526 2525
f 2516 2527 2528
f 2482 2528 2531
f 2527 2532 2528
f 2523 2532 2527
f 2515 2516 2528
f 2482 2515 2528
f 2517 2529 2527
f 2518 2530 2529
f 2523 2527 2529
f 2524 2529 2530
f 2528 2532 2531
f 2531 2532 2696
f 2531 2696 2654
f 2530 2535 2533
f 2526 2533 2534
f 2459 2537 2463
f 2463 2537 2486
f 2459 2536 2537
f 2460 2510 2536
f 2459 2460 2536
f 2513 2537 2536
f 2513 2538 2537
f 2486 2537 2538
f 2460 2465 2510
f 2465 2466 2511
f 2539 2545 2549
f 2539 2549 2541
f 2541 2557 2543
f 2539 2541 2540
f 2540 2541 2543
f 2540 2543 2542
f 2543 2558 2563
f 2542 2543 2563
f 2548 2552 2554
f 2472 2547 2545
f 2545 2547 2549
f 2448 2546 2547
f 2546 2549 2547
f 2541 2549 2548
f 2546 2548 2549
f 2546 2552 2548
f 2550 2551 2552
f 2494 2551 2550
f 2551 2553 2552
f 2552 2553 2554
f 2551 2626 2553
f 2553 2626 2560
f 2448 2550 2546
f 2546 2550 2552
f 2554 2556 2557
f 2554 2559 2556
f 2556 2558 2557
f 2556 2570 2558
f 2555 2556 2559
f 2555 2570 2556
f 2541 2548 2557
f 2548 2554 2557
f 2543 2557 2558
f 2553 2560 2559
f 2553 2559 2554
f 2559 2560 2561
f 2560 2619 2561
f 2555 2559 2561
f 2555 2561 2573
f 2544 2561 2619
f 2544 2573 2561
f 2562 2566 2603
f 2542 2562 2601
f 2542 2563 2562
f 2562 2563 2565
f 2558 2564 2563
f 2563 2564 2565
f 2562 2565 2566
f 2564 2567 2565
f 2544 2568 2573
f 2568 2569 2574
f 2558 2570 2564
f 2564 2570 2572
f 2555 2571 2570
f 2570 2571 2572
f 2564 2572 2567
f 2571 2575 2572
f 2555 2573 2571
f 2571 2573 2574
f 2568 2574 2573
f 2571 2574 2575
f 2581 2592 2586
f 2576 2586 2577
f 2577 2586 2592
f 2576 2578 2585
f 2576 2577 2578
f 2579 2586 2583
f 2579 2580 2582
f 2545 2582 2580
f 2450 2580 2579
f 2450 2579 2583
f 2539 2596 2582
f 2581 2582 2596
f 2579 2581 2586
f 2579 2582 2581
f 2539 2582 2545
f 2453 2583 2584
f 2576 2584 2583
f 2576 2583 2586
f 2452 2584 2585
f 2576 2585 2584
f 2581 2587 2592
f 2587 2595 2592
f 2588 2601 2589
f 2587 2589 2595
f 2587 2588 2589
f 2589 2604 2595
f 2590 2593 2591
f 2577 2592 2590
f 2590 2592 2595
f 2577 2590 2591
f 2577 2591 2578
f 2590 2595 2594
f 2594 2595 2604
f 2590 2594 2593
f 2593 2594 2605
f 2539 2540 2596
f 2540 2588 2596
f 2587 2596 2588
f 2581 2596 2587
f 2540 2542 2588
f 2542 2601 2588
f 2585 2597 2598
f 2578 2597 2585
f 2578 2599 2597
f 2452 2585 2598
f 2591 2600 2599
f 2578 2591 2599
f 2591 2593 2600
f 2593 2611 2600
f 2472 2545 2580
f 2602 2607 2604
f 2601 2603 2602
f 2562 2603 2601
f 2589 2601 2602
f 2589 2602 2604
f 2602 2609 2607
f 2602 2603 2609
f 2594 2604 2606
f 2604 2607 2606
f 2594 2606 2605
f 2605 2606 2608
f 2606 2607 2610
f 2606 2610 2608
f 2593 2605 2611
f 2605 2608 2612
f 2605 2612 2611
f 2608 2613 2612
f 2614 2616 2617
f 2500 2617 2616
f 2614 2618 2615
f 2614 2617 2618
f 2615 2618 2621
f 2618 2628 2622
f 2617 2628 2618
f 2560 2615 2619
f 2615 2621 2619
f 2619 2621 2620
f 2544 2619 2620
f 2544 2620 2638
f 2620 2623 2638
f 2618 2622 2621
f 2620 2621 2624
f 2621 2622 2624
f 2620 2624 2623
f 2623 2624 2634
f 2494 2625 2551
f 2551 2625 2626
f 2614 2625 2616
f 2614 2626 2625
f 2560 2626 2615
f 2614 2615 2626
f 2500 2627 2617
f 2617 2627 2628
f 2627 2631 2628
f 2622 2628 2629
f 2628 2631 2629
f 2629 2630 2635
f 2627 2632 2631
f 2631 2632 2750
f 2629 2631 2630
f 2630 2631 2750
f 2633 2635 2636
f 2634 2636 2644
f 2622 2629 2633
f 2622 2633 2624
f 2629 2635 2633
f 2624 2633 2634
f 2633 2636 2634
f 2635 2637 2636
f 2630 2755 2635
f 2635 2755 2637
f 2636 2646 2644
f 2636 2637 2646
f 2637 2768 2646
f 2544 2638 2568
f 2568 2638 2639
f 2623 2640 2638
f 2638 2640 2639
f 2568 2639 2569
f 2639 2640 2643
f 2623 2641 2640
f 2640 2641 2642
f 2623 2634 2641
f 2640 2642 2643
f 2641 2645 2642
f 2641 2644 2645
f 2644 2647 2645
f 2645 2647 2649
f 2645 2649 2648
f 2634 2644 2641
f 2642 2645 2648
f 2644 2646 2647
f 2646 2769 2647
f 2647 2650 2649
f 2647 2769 2650
f 2651 2656 2704
f 2651 2704 2662
f 2652 2657 2653
f 2652 2653 2682
f 2653 2684 2682
f 2653 2657 2658
f 2485 2655 2657
f 2654 2656 2655
f 2655 2660 2657
f 2655 2656 2660
f 2485 2657 2652
f 2658 2661 2666
f 2653 2659 2684
f 2653 2658 2659
f 2659 2695 2684
f 2658 2666 2659
f 2657 2660 2658
f 2658 2660 2661
f 2651 2660 2656
f 2651 2661 2660
f 2651 2662 2663
f 2662 2665 2663
f 2663 2665 2664
f 2662 2715 2665
f 2664 2722 2720
f 2665 2715 2721
f 2665 2721 2722
f 2664 2665 2722
f 2661 2668 2666
f 2666 2668 2669
f 2659 2667 2695
f 2659 2666 2667
f 2667 2686 2695
f 2666 2669 2667
f 2651 2663 2661
f 2661 2663 2668
f 2663 2664 2668
f 2668 2670 2669
f 2669 2670 2726
f 2667 2669 2671
f 2667 2671 2686
f 2671 2730 2686
f 2669 2726 2671
f 2664 2670 2668
f 2664 2720 2670
f 2672 2683 2674
f 2672 2674 2676
f 2673 2674 2683
f 2675 2690 2680
f 2673 2675 2674
f 2673 2685 2675
f 2674 2675 2680
f 2501 2672 2676
f 2501 2676 2677
f 2676 2681 2677
f 2632 2677 2678
f 2677 2681 2678
f 2679 2691 2689
f 2676 2680 2681
f 2674 2680 2676
f 2680 2690 2691
f 2680 2691 2681
f 2678 2681 2679
f 2679 2681 2691
f 2506 2682 2683
f 2682 2684 2683
f 2506 2683 2672
f 2673 2683 2684
f 2673 2684 2695
f 2685 2695 2686
f 2673 2695 2685
f 2685 2688 2687
f 2685 2686 2688
f 2675 2687 2690
f 2675 2685 2687
f 2687 2694 2690
f 2686 2730 2688
f 2687 2732 2694
f 2687 2688 2732
f 2689 2691 2693
f 2689 2693 2692
f 2689 2692 2759
f 2690 2693 2691
f 2692 2693 2736
f 2690 2694 2693
f 2693 2694 2736
f 2654 2696 2698
f 2696 2697 2699
f 2654 2698 2656
f 2696 2699 2698
f 2697 2701 2699
f 2526 2707 2700
f 2525 2701 2697
f 2525 2700 2701
f 2525 2526 2700
f 2702 2709 2703
f 2698 2699 2703
f 2698 2703 2704
f 2656 2698 2704
f 2699 2701 2702
f 2699 2702 2703
f 2703 2710 2704
f 2700 2705 2701
f 2701 2705 2702
f 2700 2707 2706
f 2700 2706 2705
f 2702 2705 2711
f 2705 2706 2712
f 2526 2534 2707
f 2706 2707 2708
f 2706 2708 2718
f 2702 2711 2709
f 2709 2714 2710
f 2709 2711 2713
f 2662 2704 2710
f 2703 2709 2710
f 2662 2710 2715
f 2705 2712 2711
f 2706 2718 2712
f 2711 2712 2716
f 2712 2718 2717
f 2710 2714 2715
f 2709 2713 2714
f 2714 2739 2715
f 2715 2739 2721
f 2713 2740 2714
f 2714 2740 2739
f 2711 2716 2713
f 2712 2717 2716
f 2713 2716 2741
f 2713 2741 2740
f 2716 2742 2741
f 2716 2717 2742
f 2717 2748 2742
f 2717 2718 2719
f 2717 2719 2748
f 2727 2734 2730
f 2720 2722 2723
f 2721 2724 2722
f 2720 2723 2729
f 2722 2724 2723
f 2670 2720 2725
f 2670 2725 2726
f 2720 2729 2725
f 2725 2728 2726
f 2671 2726 2727
f 2671 2727 2730
f 2726 2728 2727
f 2688 2730 2731
f 2688 2731 2732
f 2730 2734 2731
f 2694 2732 2733
f 2731 2735 2732
f 2732 2735 2733
f 2736 2738 2737
f 2692 2736 2737
f 2692 2737 2761
f 2694 2733 2736
f 2733 2738 2736
f 2721 2739 2743
f 2739 2740 2744
f 2739 2744 2743
f 2740 2745 2744
f 2721 2743 2724
f 2740 2741 2745
f 2741 2742 2746
f 2742 2748 2747
f 2741 2746 2745
f 2742 2747 2746
f 2747 2748 2749
f 2678 2752 2750
f 2750 2752 2751
f 2630 2750 2751
f 2630 2751 2755
f 2632 2678 2750
f 2678 2679 2752
f 2679 2753 2752
f 2679 2689 2753
f 2752 2753 2754
f 2751 2752 2754
f 2751 2754 2757
f 2754 2760 2763
f 2753 2760 2754
f 2637 2755 2756
f 2751 2757 2755
f 2755 2757 2756
f 2637 2756 2768
f 2756 2771 2768
f 2756 2757 2758
f 2757 2763 2758
f 2754 2763 2757
f 2756 2758 2771
f 2758 2775 2771
f 2689 2759 2753
f 2753 2759 2760
f 2760 2762 2764
f 2759 2762 2760
f 2692 2761 2759
f 2759 2761 2762
f 2762 2766 2764
f 2761 2782 2762
f 2762 2782 2766
f 2760 2764 2763
f 2758 2763 2765
f 2763 2764 2765
f 2764 2767 2765
f 2758 2765 2775
f 2765 2777 2775
f 2764 2766 2767
f 2766 2784 2767
f 2765 2767 2777
f 2767 2778 2777
f 2767 2784 2778
f 2768 2770 2769
f 2646 2768 2769
f 2768 2771 2770
f 2650 2769 2773
f 2769 2770 2773
f 2770 2771 2772
f 2771 2775 2772
f 2770 2772 2774
f 2770 2774 2773
f 2772 2780 2774
f 2772 2775 2776
f 2775 2777 2776
f 2772 2776 2780
f 2776 2781 2780
f 2776 2777 2779
f 2777 2778 2779
f 2776 2779 2781
f 2779 2788 2781
f 2761 2783 2782
f 2737 2783 2761
f 2766 2782 2785
f 2766 2785 2784
f 2778 2784 2787
f 2778 2786 2779
f 2778 2787 2786
f 2779 2786 2788
f 2786 2789 2788
f 2727 2801 2734
f 2723 2797 2729
f 2723 2724 2792
f 2725 2729 2797
f 2725 2798 2728
f 2727 2728 2796
f 2731 2734 2801
f 2731 2802 2735
f 2733 2735 2802
f 2737 2738 2809
f 2737 2809 2783
f 2733 2807 2738
f 2724 2743 2810
f 2743 2744 2810
f 2744 2745 2812
f 2745 2746 2812
f 2746 2747 2813
f 2747 2749 2814
f 2782 2783 2891
f 2782 2891 2785
f 2784 2785 2893
f 2784 2893 2787
f 2786 2787 2894
f 2786 2895 2789
f 2749 2790 2930
f 2565 3163 2566
f 2565 2567 3163
f 2569 3167 2574
f 2567 2572 3162
f 2572 2575 3169
f 2574 3169 2575
f 2607 2609 3198
f 2603 3200 2609
f 2566 3200 2603
f 2607 3199 2610
f 2608 2610 3204
f 2608 3208 2613
f 2569 2639 3167
f 2639 2643 3236
f 2642 3236 2643
f 2642 2648 3242
f 2648 2649 3243
f 2649 2650 3243
f 2650 2773 3244
f 2773 2774 3367
f 2774 2780 3374
f 2780 2781 3374
f 2781 2788 3399
f 2788 2789 3400
f 2789 2896 3400
f 2456 2598 3878
f 2455 2456 3878
f 2476 3885 2477
f 2477 3886 2478
f 2478 3886 2479
f 2455 3877 2476
f 2479 3912 2520
f 2520 3912 2521
f 2521 3914 2522
f 2522 3927 2535
f 2533 2535 3927
f 2533 3926 2534
f 2597 3971 2598
f 2597 2599 3973
f 2599 2600 3974
f 2600 2611 3974
f 2611 2612 3997
f 2612 2613 3998
f 2534 4083 2707
f 2707 4083 2708
f 2708 4084 2718
f 2718 4097 2719
f 2719 4097 2748
f 2748 4152 2749
f 2749 4153 2790
f 2723 2791 2797
f 2723 2792 2791
f 2724 2810 2792
f 2725 2797 2798
f 2728 2798 2796
f 2727 2796 2799
f 2727 2799 2801
f 2731 2801 2803
f 2731 2803 2802
f 2733 2802 2805
f 2738 2807 2809
f 2733 2805 2807
f 2744 2812 2811
f 2744 2811 2810
f 2746 2813 2812
f 2747 2814 2813
f 2749 2819 2814
f 2783 2890 2891
f 2783 2809 2890
f 2785 2891 2892
f 2785 2892 2893
f 2787 2893 2894
f 2786 2894 2895
f 2789 2895 2896
f 2749 2930 2819
f 2799 2804 2801
f 2791 2793 2797
f 2791 2792 2795
f 2791 2795 2793
f 2792 2794 2795
f 2793 2798 2797
f 2796 2798 2800
f 2793 2825 2798
f 2798 2825 2800
f 2796 2800 2799
f 2799 2800 2827
f 2799 2827 2804
f 2801 2804 2803
f 2803 2804 2842
f 2803 2842 2806
f 2802 2803 2806
f 2802 2806 2805
f 2805 2806 2847
f 2807 2808 2809
f 2808 2846 2809
f 2809 2846 2898
f 2805 2808 2807
f 2805 2847 2808
f 2810 2811 2815
f 2811 2812 2816
f 2794 2810 2815
f 2811 2816 2815
f 2792 2810 2794
f 2812 2813 2817
f 2813 2814 2818
f 2812 2817 2816
f 2813 2818 2817
f 2814 2820 2818
f 2814 2819 2820
f 2793 2795 2821
f 2794 2822 2795
f 2794 2868 2822
f 2795 2822 2821
f 2821 2822 2823
f 2822 2868 2824
f 2822 2824 2823
f 2823 2824 2831
f 2800 2825 2826
f 2825 2830 2826
f 2800 2826 2827
f 2826 2829 2827
f 2804 2827 2843
f 2827 2829 2843
f 2793 2821 2825
f 2821 2830 2825
f 2826 2830 2828
f 2828 2830 2834
f 2829 2852 2843
f 2826 2828 2829
f 2829 2833 2852
f 2828 2833 2829
f 2821 2823 2830
f 2823 2834 2830
f 2823 2831 2834
f 2824 2879 2831
f 2831 2879 2838
f 2828 2834 2832
f 2833 2863 2852
f 2828 2832 2833
f 2833 2836 2863
f 2832 2836 2833
f 2831 2835 2834
f 2832 2834 2835
f 2832 2835 2841
f 2831 2838 2835
f 2836 2865 2863
f 2832 2841 2836
f 2836 2841 2837
f 2836 2837 2865
f 2835 2840 2841
f 2835 2838 2840
f 2840 2937 2841
f 2838 2839 2840
f 2837 2841 2937
f 2804 2843 2842
f 2806 2845 2847
f 2806 2842 2845
f 2842 2844 2845
f 2842 2843 2844
f 2843 2852 2844
f 2844 2852 2853
f 2845 2850 2847
f 2845 2854 2850
f 2844 2854 2845
f 2808 2848 2846
f 2808 2847 2848
f 2847 2850 2848
f 2846 2848 2849
f 2848 2851 2849
f 2846 2849 2900
f 2848 2850 2851
f 2850 2854 2858
f 2844 2853 2854
f 2853 2855 2854
f 2854 2855 2858
f 2853 2864 2855
f 2855 2864 2856
f 2855 2856 2860
f 2849 2851 2857
f 2850 2858 2851
f 2851 2858 2859
f 2858 2860 2859
f 2855 2860 2858
f 2851 2859 2857
f 2857 2859 2861
f 2859 2860 2862
f 2856 2942 2860
f 2860 2942 2862
f 2859 2862 2861
f 2861 2862 3031
f 2852 2863 2853
f 2853 2863 2864
f 2863 2865 2864
f 2864 2865 2946
f 2856 2864 2946
f 2794 2815 2868
f 2815 2867 2868
f 2815 2816 2867
f 2816 2866 2867
f 2867 2872 2868
f 2866 2871 2867
f 2816 2817 2866
f 2817 2818 2869
f 2817 2869 2866
f 2818 2820 2870
f 2818 2870 2869
f 2866 2869 2873
f 2869 2870 2874
f 2867 2871 2872
f 2866 2873 2871
f 2871 2873 2877
f 2824 2868 2872
f 2824 2872 2879
f 2871 2878 2872
f 2869 2874 2873
f 2870 2876 2874
f 2873 2874 2880
f 2874 2876 2881
f 2820 2875 2870
f 2870 2875 2876
f 2871 2877 2878
f 2872 2878 2879
f 2878 2882 2879
f 2878 2883 2882
f 2838 2879 2882
f 2877 2883 2878
f 2877 2887 2883
f 2873 2880 2877
f 2874 2881 2880
f 2877 2880 2887
f 2880 2886 2887
f 2880 2881 2886
f 2881 2889 2886
f 2838 2882 2839
f 2882 2883 2884
f 2883 2887 2885
f 2839 2882 2884
f 2883 2885 2884
f 2886 2889 2967
f 2886 2966 2887
f 2885 2887 2966
f 2886 2967 2966
f 2876 2888 2881
f 2881 2888 2889
f 2889 2976 2967
f 2890 2898 2891
f 2809 2898 2890
f 2891 2902 2892
f 2892 2902 2893
f 2893 2916 2894
f 2894 2916 2895
f 2895 2916 2918
f 2895 2897 2896
f 2895 2918 2897
f 2846 2900 2898
f 2898 2900 2899
f 2891 2898 2899
f 2891 2899 2902
f 2899 2904 2902
f 2849 2907 2900
f 2900 2907 2901
f 2899 2901 2904
f 2899 2900 2901
f 2893 2902 2903
f 2902 2904 2903
f 2893 2903 2916
f 2903 2917 2916
f 2903 2906 2917
f 2903 2904 2906
f 2904 2905 2906
f 2901 2905 2904
f 2905 2913 2906
f 2906 2919 2917
f 2906 2913 2919
f 2849 2857 2907
f 2907 2908 2909
f 2857 2908 2907
f 2857 2861 2908
f 2901 2909 2905
f 2901 2907 2909
f 2908 2911 2909
f 2909 2911 2912
f 2861 2910 2908
f 2908 2910 2911
f 2910 3030 2911
f 2911 3030 2914
f 2861 3031 2910
f 2905 2912 2913
f 2905 2909 2912
f 2912 2915 2913
f 2913 2923 2919
f 2913 2915 2923
f 2911 2914 2912
f 2912 2914 2915
f 2914 3037 2915
f 2915 2925 2923
f 2915 3037 2925
f 2916 2917 2918
f 2917 2920 2918
f 2897 2918 2921
f 2918 2920 2921
f 2917 2919 2920
f 2919 2924 2920
f 2920 2922 2921
f 2920 2924 2922
f 2919 2923 2924
f 2923 2926 2924
f 2922 2924 2928
f 2924 2926 2928
f 2926 2929 2928
f 2923 2925 2926
f 2925 2927 2926
f 2925 3054 2927
f 2926 2927 2929
f 2927 3058 2929
f 2819 2931 2820
f 2819 2930 2931
f 2820 2931 2875
f 2875 2933 2876
f 2875 2931 2932
f 2875 2932 2933
f 2876 2933 2934
f 2876 2934 2888
f 2888 2935 2889
f 2889 3142 2976
f 2888 2934 2935
f 2889 2935 3142
f 2837 2938 2947
f 2839 2970 2936
f 2840 2936 2937
f 2839 2936 2840
f 2936 2970 2940
f 2837 2937 2938
f 2937 2939 2938
f 2936 2939 2937
f 2936 2940 2939
f 2938 2939 2951
f 2939 2940 2941
f 2940 2979 2941
f 2939 2941 2951
f 2941 2979 2992
f 2856 2948 2942
f 2942 2948 2944
f 2942 2944 2943
f 2862 2943 3031
f 2862 2942 2943
f 2943 3033 3031
f 2943 2944 2945
f 2943 2945 3033
f 2944 2961 2945
f 2865 2947 2946
f 2837 2947 2865
f 2946 2947 2950
f 2938 2949 2947
f 2856 2946 2948
f 2946 2950 2948
f 2947 2949 2950
f 2948 2950 2952
f 2950 2953 2952
f 2949 2953 2950
f 2949 2955 2953
f 2938 2951 2949
f 2949 2951 2955
f 2944 2948 2952
f 2944 2952 2961
f 2945 2961 3042
f 2953 2955 2954
f 2953 2954 2960
f 2951 2956 2955
f 2941 2956 2951
f 2941 2992 2956
f 2955 2956 2958
f 2956 2992 2957
f 2954 2955 2958
f 2956 2957 2958
f 2954 2958 2965
f 2957 2959 2958
f 2958 2959 2965
f 2957 3002 2959
f 2952 2953 2960
f 2952 2960 2961
f 2960 2963 2961
f 2954 2962 2960
f 2960 2962 2963
f 2961 2963 3042
f 2954 2965 2962
f 2963 3052 3042
f 2963 2964 3052
f 2962 2964 2963
f 2962 2997 2964
f 2962 2965 2997
f 2884 2885 2971
f 2885 2968 2971
f 2885 2966 2968
f 2966 2967 2969
f 2966 2969 2968
f 2967 2977 2969
f 2968 2969 2974
f 2969 2977 2975
f 2839 2884 2970
f 2884 2971 2970
f 2970 2971 2972
f 2940 2970 2972
f 2968 2973 2971
f 2971 2973 2972
f 2972 2973 2980
f 2940 2972 2979
f 2972 2980 2979
f 2968 2974 2973
f 2969 2975 2974
f 2973 2974 2983
f 2974 2975 2984
f 2967 2976 2977
f 2975 2977 2978
f 2973 2983 2980
f 2979 2980 2981
f 2980 2983 2982
f 2979 2981 2992
f 2980 2982 2981
f 2974 2984 2983
f 2975 2989 2984
f 2983 2984 2985
f 2984 2989 2986
f 2984 2986 2985
f 2982 2983 2985
f 2981 2982 2994
f 2982 2987 2994
f 2982 2985 2987
f 2985 2988 2987
f 2985 2986 2988
f 2986 2991 2988
f 2987 2988 3005
f 2988 2991 3006
f 2975 2978 2989
f 2986 2989 2990
f 2986 2990 2991
f 2981 2993 2992
f 2981 2994 2993
f 2957 2992 2993
f 2957 2993 3002
f 2993 2994 3000
f 2993 3000 3002
f 2987 3001 2994
f 2994 3001 3000
f 2987 3005 3001
f 2988 3006 3005
f 2959 3002 2996
f 2964 2997 3069
f 2959 2995 2965
f 2965 2995 2997
f 2959 2996 2995
f 2995 2996 2999
f 2996 3011 2999
f 2995 2998 2997
f 2997 2998 3069
f 2995 2999 2998
f 2998 2999 3073
f 2999 3015 3073
f 2991 3019 3006
f 3000 3001 3004
f 3000 3003 3002
f 2996 3002 3003
f 3000 3004 3003
f 3001 3008 3004
f 3003 3004 3012
f 3001 3005 3008
f 3005 3006 3007
f 3005 3007 3008
f 3006 3020 3007
f 3007 3020 3010
f 3007 3009 3008
f 3004 3008 3016
f 3004 3016 3012
f 3008 3009 3016
f 3007 3010 3009
f 3009 3010 3018
f 3010 3022 3018
f 2996 3003 3011
f 3003 3012 3011
f 3011 3012 3014
f 3012 3016 3013
f 3012 3013 3014
f 2999 3011 3015
f 3011 3014 3015
f 3014 3104 3015
f 3013 3023 3014
f 3009 3017 3016
f 3009 3018 3017
f 3013 3016 3017
f 3018 3022 3024
f 3017 3018 3026
f 3013 3017 3025
f 3006 3019 3020
f 3010 3020 3021
f 3010 3021 3022
f 3022 3028 3024
f 3013 3025 3023
f 3014 3023 3104
f 3018 3024 3026
f 3017 3026 3025
f 3023 3025 3108
f 3025 3026 3109
f 3024 3027 3026
f 3026 3027 3109
f 3024 3028 3029
f 3024 3029 3027
f 3027 3029 3125
f 3030 3034 3036
f 2910 3031 3032
f 3031 3033 3032
f 2910 3032 3030
f 3030 3032 3034
f 3032 3033 3035
f 2945 3041 3033
f 3033 3041 3035
f 3032 3035 3034
f 3034 3035 3046
f 2914 3030 3036
f 2914 3036 3037
f 3036 3038 3037
f 2925 3037 3054
f 3037 3038 3054
f 3038 3056 3054
f 3036 3039 3038
f 3038 3040 3056
f 3034 3039 3036
f 3034 3046 3039
f 3039 3046 3048
f 3038 3039 3040
f 3039 3048 3040
f 2945 3042 3041
f 3041 3042 3044
f 3035 3043 3046
f 3035 3041 3043
f 3041 3044 3043
f 3043 3044 3045
f 3043 3045 3047
f 3046 3047 3048
f 3043 3047 3046
f 3047 3051 3048
f 3040 3048 3049
f 3048 3051 3049
f 3045 3050 3047
f 3047 3050 3051
f 3045 3077 3050
f 3049 3051 3064
f 3050 3067 3051
f 3051 3067 3064
f 3042 3052 3044
f 3044 3052 3053
f 2964 3068 3052
f 3052 3068 3053
f 3044 3053 3045
f 3045 3053 3077
f 2927 3054 3055
f 3054 3056 3055
f 2927 3055 3058
f 3055 3059 3058
f 3055 3056 3057
f 3056 3061 3057
f 3055 3057 3059
f 3057 3060 3059
f 3040 3061 3056
f 3057 3063 3060
f 3040 3049 3061
f 3049 3062 3061
f 3061 3062 3063
f 3057 3061 3063
f 3062 3066 3063
f 3049 3064 3062
f 3062 3064 3065
f 3064 3067 3090
f 3064 3090 3065
f 3062 3065 3066
f 3065 3090 3091
f 2964 3069 3068
f 3068 3069 3070
f 3053 3068 3071
f 3053 3071 3077
f 3068 3070 3071
f 3070 3080 3071
f 2998 3072 3069
f 3069 3072 3070
f 3070 3075 3080
f 2998 3073 3072
f 3072 3073 3076
f 3015 3074 3073
f 3073 3074 3076
f 3070 3072 3075
f 3072 3076 3075
f 3075 3076 3086
f 3050 3077 3079
f 3077 3078 3079
f 3071 3078 3077
f 3071 3080 3078
f 3050 3079 3067
f 3067 3079 3092
f 3078 3081 3079
f 3079 3081 3092
f 3078 3080 3082
f 3080 3083 3082
f 3078 3082 3081
f 3081 3082 3095
f 3082 3083 3084
f 3082 3084 3095
f 3075 3083 3080
f 3075 3086 3083
f 3083 3088 3084
f 3074 3085 3076
f 3076 3085 3086
f 3083 3086 3088
f 3085 3087 3086
f 3086 3087 3088
f 3084 3088 3098
f 3088 3089 3098
f 3087 3089 3088
f 3067 3092 3090
f 3090 3093 3091
f 3090 3092 3093
f 3081 3094 3092
f 3092 3094 3093
f 3093 3094 3097
f 3081 3095 3094
f 3094 3095 3096
f 3084 3099 3095
f 3095 3099 3096
f 3094 3096 3097
f 3096 3099 3102
f 3084 3098 3099
f 3098 3101 3099
f 3089 3100 3098
f 3089 3129 3100
f 3098 3100 3101
f 3099 3101 3102
f 3100 3103 3101
f 3100 3131 3103
f 3015 3104 3074
f 3074 3104 3106
f 3104 3105 3106
f 3023 3105 3104
f 3023 3108 3105
f 3105 3108 3111
f 3074 3106 3085
f 3085 3106 3115
f 3106 3107 3115
f 3105 3107 3106
f 3105 3111 3107
f 3025 3109 3108
f 3108 3109 3112
f 3108 3112 3111
f 3027 3110 3109
f 3109 3110 3112
f 3107 3111 3119
f 3111 3112 3113
f 3111 3113 3119
f 3110 3114 3112
f 3112 3114 3113
f 3085 3115 3087
f 3087 3115 3117
f 3115 3116 3117
f 3107 3116 3115
f 3087 3117 3089
f 3089 3117 3129
f 3107 3119 3116
f 3116 3119 3122
f 3117 3118 3129
f 3116 3118 3117
f 3116 3122 3118
f 3118 3122 3132
f 3113 3120 3119
f 3119 3120 3122
f 3113 3121 3120
f 3113 3114 3121
f 3120 3121 3123
f 3120 3124 3122
f 3122 3124 3132
f 3120 3123 3124
f 3123 3133 3124
f 3027 3125 3110
f 3110 3125 3126
f 3110 3126 3114
f 3114 3126 3127
f 3114 3127 3121
f 3121 3127 3128
f 3121 3128 3123
f 3123 3128 3139
f 3100 3129 3131
f 3129 3130 3131
f 3118 3130 3129
f 3118 3132 3130
f 3130 3132 3135
f 3130 3137 3131
f 3130 3135 3137
f 3124 3134 3132
f 3132 3134 3135
f 3124 3133 3134
f 3133 3136 3134
f 3134 3138 3135
f 3134 3136 3138
f 3123 3139 3133
f 3133 3140 3136
f 3133 3139 3140
f 3136 3140 3141
f 2976 3143 2977
f 2977 3143 2978
f 2976 3142 3143
f 2978 3143 3144
f 2978 3145 2989
f 2989 3145 2990
f 2990 3147 2991
f 2978 3144 3145
f 2990 3145 3146
f 2990 3146 3147
f 2991 3147 3148
f 2991 3148 3019
f 3019 3149 3020
f 3020 3150 3021
f 3021 3151 3022
f 3022 3152 3028
f 3019 3148 3149
f 3020 3149 3150
f 3021 3150 3151
f 3022 3151 3152
f 3028 3153 3029
f 3028 3152 3153
f 3029 3153 3154
f 3029 3154 3125
f 3125 3155 3126
f 3126 3156 3127
f 3127 3157 3128
f 3128 3158 3139
f 3125 3154 3155
f 3126 3155 3156
f 3127 3156 3157
f 3128 3157 3158
f 3139 3159 3140
f 3140 3160 3141
f 3139 3158 3159
f 3140 3159 3160
f 2896 2897 3508
f 2897 2921 3508
f 2921 2922 3515
f 2922 2928 3522
f 2928 2929 3522
f 2929 3058 3652
f 3058 3059 3652
f 3059 3060 3654
f 3060 3063 3654
f 3063 3066 3659
f 3065 3663 3066
f 3065 3091 3663
f 3091 3093 3689
f 3093 3097 3691
f 3096 3691 3097
f 3096 3102 3697
f 3101 3699 3102
f 3101 3103 3699
f 3103 3131 3698
f 3131 3137 3728
f 3135 3731 3137
f 3135 3138 3731
f 3136 3732 3138
f 3136 3141 3736
f 3141 3160 3858
f 2566 3161 3200
f 2566 3163 3161
f 2567 3162 3163
f 2572 3170 3162
f 2572 3169 3170
f 2574 3173 3169
f 2574 3167 3173
f 2607 3198 3203
f 2609 3200 3198
f 2607 3203 3199
f 2610 3199 3204
f 2608 3204 3208
f 2639 3237 3167
f 2639 3236 3237
f 2642 3239 3236
f 2642 3242 3239
f 2648 3243 3242
f 2650 3244 3243
f 2773 3367 3244
f 2774 3368 3367
f 2774 3374 3368
f 2781 3375 3374
f 2781 3399 3375
f 2788 3400 3399
f 3161 3164 3200
f 3161 3163 3164
f 3162 3165 3163
f 3163 3166 3164
f 3164 3175 3201
f 3164 3166 3175
f 3163 3165 3166
f 3165 3184 3166
f 3167 3168 3173
f 3168 3180 3174
f 3162 3170 3165
f 3169 3172 3170
f 3165 3170 3171
f 3165 3171 3184
f 3170 3172 3171
f 3171 3172 3181
f 3169 3173 3172
f 3172 3173 3174
f 3172 3174 3181
f 3168 3174 3173
f 3175 3176 3177
f 3166 3184 3176
f 3166 3176 3175
f 3176 3185 3178
f 3176 3178 3177
f 3177 3178 3179
f 3178 3190 3179
f 3179 3190 3191
f 3171 3182 3184
f 3182 3185 3184
f 3171 3181 3182
f 3181 3187 3182
f 3182 3183 3185
f 3182 3187 3183
f 3176 3184 3185
f 3178 3185 3189
f 3183 3189 3185
f 3174 3186 3181
f 3181 3186 3187
f 3174 3180 3186
f 3180 3250 3186
f 3187 3188 3194
f 3183 3187 3194
f 3186 3188 3187
f 3186 3250 3188
f 3183 3195 3189
f 3178 3189 3190
f 3189 3192 3190
f 3189 3195 3192
f 3190 3193 3191
f 3191 3193 3285
f 3192 3274 3193
f 3190 3192 3193
f 3183 3194 3195
f 3194 3197 3195
f 3188 3260 3194
f 3194 3260 3197
f 3195 3197 3196
f 3196 3197 3308
f 3192 3195 3196
f 3192 3196 3274
f 3198 3202 3203
f 3198 3200 3202
f 3202 3205 3203
f 3200 3201 3202
f 3164 3201 3200
f 3201 3212 3202
f 3202 3212 3205
f 3199 3203 3206
f 3199 3206 3204
f 3203 3205 3206
f 3205 3214 3206
f 3204 3206 3207
f 3206 3214 3207
f 3204 3209 3208
f 3204 3207 3209
f 3207 3210 3209
f 3207 3215 3210
f 3201 3211 3212
f 3205 3212 3216
f 3212 3213 3216
f 3211 3213 3212
f 3213 3219 3216
f 3213 3224 3219
f 3205 3216 3214
f 3214 3216 3217
f 3207 3214 3215
f 3214 3217 3215
f 3215 3217 3218
f 3216 3219 3217
f 3217 3219 3221
f 3217 3221 3218
f 3218 3221 3222
f 3175 3211 3201
f 3175 3177 3211
f 3177 3220 3211
f 3211 3220 3213
f 3177 3179 3220
f 3213 3220 3224
f 3219 3224 3228
f 3219 3228 3221
f 3221 3228 3223
f 3221 3223 3222
f 3222 3223 3230
f 3179 3225 3220
f 3220 3225 3224
f 3224 3226 3228
f 3224 3225 3226
f 3179 3191 3225
f 3226 3229 3228
f 3225 3227 3226
f 3191 3227 3225
f 3226 3227 3278
f 3226 3278 3229
f 3223 3228 3229
f 3223 3229 3231
f 3229 3280 3231
f 3223 3231 3230
f 3230 3231 3279
f 3210 3215 3232
f 3215 3218 3232
f 3218 3233 3232
f 3218 3222 3233
f 3222 3234 3233
f 3222 3230 3234
f 3230 3235 3234
f 3230 3279 3235
f 3191 3285 3227
f 3167 3237 3168
f 3236 3240 3237
f 3168 3237 3238
f 3168 3238 3180
f 3238 3240 3251
f 3237 3240 3238
f 3236 3239 3240
f 3239 3245 3241
f 3239 3241 3240
f 3240 3241 3251
f 3241 3262 3251
f 3242 3243 3245
f 3243 3247 3245
f 3241 3245 3246
f 3245 3247 3246
f 3239 3242 3245
f 3241 3246 3262
f 3243 3244 3247
f 3244 3369 3247
f 3246 3247 3248
f 3247 3369 3248
f 3180 3238 3249
f 3180 3249 3250
f 3238 3251 3249
f 3188 3250 3255
f 3249 3253 3250
f 3250 3253 3255
f 3249 3251 3252
f 3251 3262 3252
f 3249 3252 3253
f 3253 3254 3257
f 3252 3254 3253
f 3253 3257 3255
f 3255 3257 3256
f 3256 3257 3259
f 3254 3267 3257
f 3257 3267 3259
f 3256 3259 3258
f 3258 3259 3321
f 3188 3255 3260
f 3255 3256 3260
f 3197 3260 3261
f 3197 3261 3308
f 3256 3261 3260
f 3256 3258 3261
f 3246 3264 3262
f 3263 3264 3266
f 3252 3262 3263
f 3262 3264 3263
f 3252 3263 3254
f 3254 3263 3268
f 3263 3266 3268
f 3246 3248 3264
f 3248 3265 3264
f 3248 3371 3265
f 3264 3265 3266
f 3265 3382 3266
f 3266 3382 3270
f 3254 3268 3267
f 3267 3268 3271
f 3259 3267 3269
f 3259 3269 3321
f 3267 3271 3269
f 3266 3270 3268
f 3268 3270 3271
f 3270 3386 3271
f 3269 3271 3272
f 3271 3386 3272
f 3193 3273 3285
f 3193 3274 3273
f 3196 3308 3275
f 3196 3275 3274
f 3273 3274 3277
f 3274 3275 3277
f 3273 3276 3288
f 3273 3277 3276
f 3275 3311 3277
f 3277 3311 3314
f 3276 3277 3314
f 3276 3314 3297
f 3227 3286 3278
f 3278 3287 3280
f 3229 3278 3280
f 3231 3280 3281
f 3280 3290 3281
f 3231 3281 3279
f 3279 3281 3282
f 3281 3291 3282
f 3235 3279 3283
f 3279 3282 3283
f 3282 3284 3283
f 3227 3285 3286
f 3278 3286 3287
f 3285 3288 3286
f 3273 3288 3285
f 3286 3289 3287
f 3286 3288 3289
f 3288 3295 3289
f 3287 3289 3292
f 3280 3287 3290
f 3287 3292 3290
f 3290 3293 3291
f 3281 3290 3291
f 3282 3291 3304
f 3290 3292 3293
f 3276 3295 3288
f 3289 3296 3292
f 3291 3294 3304
f 3292 3300 3293
f 3291 3293 3294
f 3293 3301 3294
f 3289 3295 3296
f 3295 3298 3296
f 3296 3299 3300
f 3276 3297 3295
f 3295 3297 3298
f 3296 3298 3299
f 3292 3296 3300
f 3293 3300 3301
f 3300 3302 3301
f 3294 3301 3306
f 3301 3303 3306
f 3299 3302 3300
f 3301 3302 3303
f 3282 3304 3284
f 3294 3305 3304
f 3294 3306 3305
f 3303 3307 3306
f 3303 3351 3307
f 3258 3321 3312
f 3275 3308 3310
f 3261 3309 3308
f 3258 3309 3261
f 3308 3309 3310
f 3310 3317 3311
f 3275 3310 3311
f 3258 3312 3309
f 3309 3312 3313
f 3309 3313 3310
f 3310 3313 3317
f 3312 3325 3313
f 3313 3325 3318
f 3311 3315 3314
f 3297 3314 3316
f 3311 3317 3315
f 3314 3315 3316
f 3315 3319 3316
f 3313 3318 3317
f 3317 3318 3320
f 3315 3317 3320
f 3315 3320 3319
f 3316 3319 3340
f 3319 3320 3328
f 3319 3332 3340
f 3319 3328 3332
f 3312 3321 3322
f 3269 3323 3321
f 3321 3323 3322
f 3269 3272 3323
f 3272 3407 3323
f 3323 3407 3324
f 3322 3323 3324
f 3322 3324 3329
f 3324 3413 3329
f 3312 3322 3325
f 3322 3329 3325
f 3318 3325 3326
f 3318 3327 3320
f 3318 3326 3327
f 3325 3329 3326
f 3326 3331 3327
f 3320 3327 3328
f 3327 3335 3328
f 3326 3329 3330
f 3329 3413 3330
f 3326 3330 3331
f 3327 3331 3335
f 3330 3417 3331
f 3331 3417 3431
f 3332 3346 3340
f 3328 3333 3332
f 3332 3334 3346
f 3328 3335 3333
f 3332 3333 3334
f 3331 3431 3335
f 3333 3335 3336
f 3333 3337 3334
f 3333 3336 3337
f 3335 3431 3336
f 3334 3337 3358
f 3336 3434 3337
f 3337 3434 3435
f 3337 3435 3358
f 3297 3339 3298
f 3297 3316 3339
f 3298 3339 3338
f 3298 3338 3299
f 3299 3338 3341
f 3316 3340 3339
f 3338 3339 3344
f 3339 3340 3344
f 3299 3341 3302
f 3302 3342 3303
f 3338 3345 3341
f 3338 3344 3345
f 3302 3341 3342
f 3303 3342 3351
f 3341 3348 3342
f 3341 3345 3348
f 3342 3343 3351
f 3342 3348 3343
f 3340 3346 3344
f 3344 3347 3345
f 3344 3346 3347
f 3345 3347 3349
f 3347 3354 3349
f 3345 3349 3348
f 3348 3349 3350
f 3343 3348 3350
f 3343 3350 3353
f 3349 3356 3350
f 3350 3357 3353
f 3343 3352 3351
f 3343 3353 3352
f 3353 3357 3364
f 3346 3355 3347
f 3334 3355 3346
f 3347 3355 3354
f 3334 3358 3355
f 3354 3355 3359
f 3354 3359 3360
f 3349 3354 3356
f 3350 3356 3357
f 3354 3360 3356
f 3356 3361 3357
f 3355 3358 3359
f 3358 3452 3359
f 3358 3435 3452
f 3356 3360 3361
f 3357 3361 3365
f 3359 3453 3360
f 3359 3452 3453
f 3360 3362 3361
f 3361 3363 3365
f 3360 3453 3362
f 3361 3362 3363
f 3357 3365 3364
f 3363 3366 3365
f 3244 3367 3369
f 3367 3370 3369
f 3369 3370 3371
f 3248 3369 3371
f 3370 3373 3371
f 3367 3368 3370
f 3368 3372 3370
f 3368 3374 3372
f 3370 3372 3373
f 3372 3377 3373
f 3372 3374 3376
f 3374 3375 3376
f 3372 3376 3377
f 3376 3379 3377
f 3375 3378 3376
f 3375 3399 3378
f 3376 3378 3379
f 3378 3380 3379
f 3265 3371 3381
f 3371 3373 3381
f 3265 3381 3382
f 3381 3384 3382
f 3382 3384 3385
f 3373 3383 3381
f 3373 3377 3383
f 3381 3383 3384
f 3383 3391 3384
f 3384 3391 3387
f 3270 3382 3385
f 3270 3385 3386
f 3385 3388 3386
f 3386 3388 3408
f 3272 3386 3408
f 3384 3387 3385
f 3385 3387 3388
f 3387 3391 3395
f 3387 3395 3389
f 3388 3410 3408
f 3388 3389 3410
f 3387 3389 3388
f 3389 3420 3410
f 3377 3390 3383
f 3377 3379 3390
f 3383 3390 3391
f 3391 3392 3395
f 3390 3392 3391
f 3390 3393 3392
f 3379 3393 3390
f 3379 3380 3393
f 3380 3403 3393
f 3392 3393 3394
f 3393 3403 3394
f 3392 3397 3395
f 3395 3397 3396
f 3389 3395 3396
f 3389 3396 3420
f 3392 3394 3397
f 3394 3405 3397
f 3397 3405 3398
f 3396 3397 3398
f 3396 3398 3423
f 3378 3399 3401
f 3399 3400 3401
f 3378 3401 3380
f 3380 3401 3402
f 3380 3402 3403
f 3394 3403 3404
f 3394 3404 3405
f 3398 3405 3406
f 3398 3406 3476
f 3272 3408 3407
f 3407 3408 3411
f 3324 3407 3409
f 3324 3409 3413
f 3407 3411 3409
f 3410 3420 3421
f 3408 3410 3411
f 3410 3421 3411
f 3409 3411 3412
f 3409 3412 3414
f 3411 3421 3412
f 3412 3421 3422
f 3409 3414 3413
f 3413 3414 3418
f 3414 3416 3418
f 3412 3422 3415
f 3412 3415 3414
f 3414 3415 3416
f 3415 3427 3416
f 3330 3413 3418
f 3330 3418 3417
f 3417 3418 3419
f 3416 3419 3418
f 3416 3430 3419
f 3396 3423 3420
f 3420 3424 3421
f 3420 3423 3424
f 3421 3424 3422
f 3423 3477 3424
f 3422 3424 3425
f 3424 3477 3425
f 3415 3422 3426
f 3415 3426 3427
f 3422 3425 3426
f 3416 3427 3430
f 3427 3428 3430
f 3426 3429 3427
f 3427 3429 3428
f 3425 3479 3426
f 3426 3479 3429
f 3428 3429 3481
f 3417 3432 3431
f 3431 3432 3433
f 3417 3419 3432
f 3432 3438 3433
f 3336 3431 3433
f 3336 3433 3434
f 3434 3436 3435
f 3433 3439 3434
f 3434 3439 3436
f 3419 3437 3432
f 3432 3437 3438
f 3419 3430 3437
f 3437 3443 3438
f 3438 3443 3440
f 3433 3438 3439
f 3438 3440 3439
f 3436 3439 3441
f 3439 3440 3441
f 3436 3441 3458
f 3441 3448 3458
f 3430 3442 3437
f 3437 3442 3443
f 3428 3442 3430
f 3442 3446 3443
f 3440 3443 3444
f 3443 3446 3444
f 3440 3449 3441
f 3440 3444 3449
f 3444 3450 3449
f 3428 3445 3442
f 3428 3481 3445
f 3442 3445 3446
f 3445 3485 3446
f 3444 3446 3447
f 3446 3485 3447
f 3444 3447 3450
f 3447 3490 3450
f 3441 3449 3448
f 3448 3449 3451
f 3449 3450 3451
f 3448 3451 3469
f 3450 3490 3491
f 3450 3491 3451
f 3451 3492 3469
f 3451 3491 3492
f 3435 3454 3452
f 3452 3455 3453
f 3435 3436 3454
f 3452 3454 3455
f 3453 3455 3456
f 3362 3453 3456
f 3362 3456 3457
f 3362 3457 3363
f 3363 3457 3463
f 3436 3458 3454
f 3454 3459 3455
f 3454 3458 3459
f 3455 3460 3456
f 3455 3459 3460
f 3458 3465 3459
f 3459 3466 3460
f 3456 3461 3457
f 3456 3460 3461
f 3457 3462 3463
f 3457 3461 3462
f 3460 3467 3461
f 3461 3468 3462
f 3363 3463 3366
f 3462 3464 3463
f 3462 3474 3464
f 3448 3465 3458
f 3459 3465 3466
f 3448 3469 3465
f 3460 3466 3467
f 3465 3470 3466
f 3466 3471 3467
f 3461 3467 3468
f 3462 3468 3474
f 3467 3472 3468
f 3468 3473 3474
f 3465 3469 3470
f 3466 3470 3471
f 3469 3495 3470
f 3469 3492 3495
f 3470 3496 3471
f 3470 3495 3496
f 3467 3471 3472
f 3468 3472 3473
f 3471 3497 3472
f 3471 3496 3497
f 3472 3497 3498
f 3472 3498 3473
f 3473 3498 3504
f 3473 3475 3474
f 3473 3504 3475
f 3398 3476 3423
f 3423 3476 3477
f 3476 3478 3477
f 3425 3477 3480
f 3477 3478 3480
f 3425 3480 3479
f 3479 3480 3483
f 3479 3483 3482
f 3429 3479 3482
f 3429 3482 3481
f 3481 3482 3484
f 3481 3484 3486
f 3445 3481 3486
f 3445 3486 3485
f 3485 3486 3488
f 3447 3485 3487
f 3447 3487 3490
f 3485 3488 3487
f 3487 3489 3490
f 3490 3493 3491
f 3491 3494 3492
f 3489 3493 3490
f 3491 3493 3494
f 3492 3494 3499
f 3492 3499 3495
f 3495 3500 3496
f 3495 3499 3500
f 3496 3500 3501
f 3496 3501 3497
f 3497 3502 3498
f 3498 3503 3504
f 3497 3501 3502
f 3498 3502 3503
f 3503 3505 3504
f 3400 3507 3401
f 3401 3509 3402
f 3402 3509 3403
f 3403 3512 3404
f 3404 3511 3405
f 3405 3513 3406
f 3406 3513 3476
f 3476 3547 3478
f 3478 3552 3480
f 3480 3552 3483
f 3482 3483 3554
f 3482 3551 3484
f 3484 3551 3486
f 3486 3556 3488
f 3487 3488 3560
f 3487 3560 3489
f 3489 3557 3493
f 3493 3562 3494
f 3494 3566 3499
f 3499 3567 3500
f 3500 3568 3501
f 3501 3568 3502
f 3502 3569 3503
f 3503 3575 3505
f 3505 3575 3506
f 2613 3208 4593
f 3208 3209 4594
f 3209 3210 4595
f 3210 3232 4595
f 3232 3233 4606
f 3233 3234 4607
f 3234 3235 4609
f 3235 3283 4609
f 3283 3284 4705
f 3284 3304 4712
f 3304 3305 4713
f 3305 3306 4713
f 3306 3307 4715
f 3307 3351 4743
f 3351 3352 4744
f 3352 3353 4744
f 3353 3364 4756
f 3364 3365 4756
f 3365 3366 4757
f 3366 3463 4839
f 3463 3464 4840
f 3464 3474 4840
f 3474 3475 4852
f 3475 3504 4853
f 3504 3505 4909
f 3505 3506 4909
f 2896 3507 3400
f 2896 3508 3507
f 2921 3515 3508
f 2922 3516 3515
f 2922 3522 3516
f 2929 3523 3522
f 2929 3652 3523
f 3059 3653 3652
f 3059 3654 3653
f 3063 3660 3654
f 3063 3659 3660
f 3066 3663 3659
f 3091 3689 3663
f 3093 3692 3689
f 3093 3691 3692
f 3096 3694 3691
f 3096 3697 3694
f 3102 3699 3697
f 3103 3698 3699
f 3131 3728 3698
f 3137 3726 3728
f 3137 3731 3726
f 3138 3727 3731
f 3138 3732 3727
f 3136 3736 3732
f 3141 3858 3736
f 3401 3507 3510
f 3401 3510 3509
f 3403 3509 3512
f 3404 3512 3511
f 3405 3511 3514
f 3405 3514 3513
f 3476 3513 3548
f 3476 3548 3547
f 3478 3547 3552
f 3483 3552 3550
f 3483 3550 3554
f 3482 3554 3551
f 3486 3551 3558
f 3486 3558 3556
f 3488 3556 3560
f 3489 3560 3557
f 3493 3557 3561
f 3493 3561 3562
f 3494 3562 3566
f 3499 3566 3567
f 3500 3567 3568
f 3502 3568 3569
f 3503 3569 3570
f 3503 3570 3575
f 3575 3646 3506
f 3507 3508 3510
f 3508 3517 3510
f 3509 3510 3518
f 3510 3517 3518
f 3509 3518 3512
f 3511 3512 3530
f 3511 3530 3514
f 3513 3514 3535
f 3513 3535 3548
f 3508 3515 3517
f 3515 3520 3517
f 3517 3519 3518
f 3517 3520 3519
f 3515 3516 3520
f 3516 3524 3520
f 3519 3520 3521
f 3520 3524 3521
f 3516 3522 3524
f 3522 3523 3526
f 3522 3526 3524
f 3521 3524 3525
f 3524 3526 3525
f 3523 3527 3526
f 3523 3652 3527
f 3525 3526 3528
f 3526 3527 3528
f 3527 3656 3528
f 3512 3518 3529
f 3518 3519 3529
f 3519 3531 3529
f 3512 3529 3530
f 3529 3532 3530
f 3519 3521 3531
f 3521 3538 3531
f 3529 3531 3532
f 3531 3533 3532
f 3531 3538 3533
f 3532 3533 3536
f 3514 3530 3534
f 3514 3534 3535
f 3530 3532 3534
f 3534 3537 3535
f 3535 3537 3577
f 3532 3536 3534
f 3534 3536 3537
f 3536 3543 3537
f 3537 3543 3580
f 3521 3525 3538
f 3525 3540 3538
f 3533 3538 3539
f 3533 3539 3542
f 3538 3540 3539
f 3525 3528 3540
f 3528 3665 3540
f 3539 3540 3541
f 3539 3541 3545
f 3540 3665 3541
f 3533 3542 3536
f 3536 3542 3543
f 3539 3545 3542
f 3542 3545 3544
f 3542 3544 3543
f 3543 3588 3580
f 3543 3544 3588
f 3544 3591 3588
f 3541 3670 3545
f 3545 3670 3546
f 3544 3545 3546
f 3544 3546 3591
f 3546 3671 3591
f 3535 3577 3548
f 3548 3577 3549
f 3547 3548 3549
f 3547 3549 3552
f 3549 3578 3552
f 3550 3552 3553
f 3550 3553 3554
f 3552 3578 3553
f 3551 3554 3555
f 3553 3583 3554
f 3554 3583 3555
f 3551 3555 3558
f 3556 3558 3559
f 3555 3601 3558
f 3558 3601 3559
f 3556 3559 3560
f 3557 3560 3563
f 3559 3602 3560
f 3560 3602 3563
f 3557 3563 3561
f 3561 3564 3562
f 3561 3563 3564
f 3562 3564 3565
f 3562 3565 3566
f 3566 3571 3567
f 3567 3572 3568
f 3565 3571 3566
f 3567 3571 3572
f 3568 3573 3569
f 3569 3574 3570
f 3568 3572 3573
f 3569 3573 3574
f 3570 3574 3576
f 3570 3576 3575
f 3549 3577 3579
f 3549 3579 3578
f 3578 3579 3582
f 3537 3580 3577
f 3577 3580 3579
f 3579 3580 3581
f 3579 3581 3582
f 3553 3578 3584
f 3553 3584 3583
f 3555 3583 3585
f 3578 3582 3584
f 3582 3594 3584
f 3584 3594 3586
f 3583 3584 3586
f 3583 3586 3585
f 3586 3596 3587
f 3585 3586 3587
f 3580 3588 3581
f 3581 3588 3589
f 3588 3591 3589
f 3581 3589 3590
f 3581 3590 3582
f 3589 3593 3590
f 3590 3593 3595
f 3589 3591 3592
f 3591 3671 3592
f 3589 3592 3593
f 3592 3765 3593
f 3593 3765 3597
f 3582 3590 3594
f 3590 3595 3594
f 3586 3594 3596
f 3594 3595 3596
f 3595 3599 3596
f 3593 3597 3595
f 3595 3597 3599
f 3587 3596 3598
f 3596 3599 3598
f 3597 3770 3599
f 3598 3599 3600
f 3599 3770 3600
f 3559 3601 3603
f 3555 3585 3601
f 3585 3604 3601
f 3601 3604 3603
f 3559 3603 3602
f 3602 3603 3606
f 3563 3602 3607
f 3602 3606 3607
f 3585 3587 3604
f 3603 3604 3605
f 3587 3611 3604
f 3604 3611 3605
f 3603 3605 3606
f 3605 3613 3606
f 3606 3609 3607
f 3606 3613 3609
f 3609 3613 3621
f 3563 3607 3564
f 3564 3607 3608
f 3564 3608 3565
f 3565 3608 3622
f 3607 3609 3608
f 3608 3610 3622
f 3608 3609 3610
f 3609 3621 3610
f 3587 3598 3611
f 3605 3611 3612
f 3598 3615 3611
f 3611 3615 3612
f 3605 3612 3613
f 3613 3614 3621
f 3612 3614 3613
f 3612 3617 3614
f 3614 3618 3621
f 3598 3600 3615
f 3612 3615 3617
f 3600 3616 3615
f 3615 3616 3617
f 3616 3788 3617
f 3614 3617 3619
f 3614 3619 3618
f 3617 3788 3619
f 3618 3619 3620
f 3610 3621 3633
f 3618 3633 3621
f 3565 3622 3571
f 3571 3622 3623
f 3571 3623 3572
f 3572 3623 3624
f 3622 3627 3623
f 3623 3628 3624
f 3572 3624 3573
f 3573 3625 3574
f 3573 3624 3625
f 3574 3626 3576
f 3574 3625 3626
f 3624 3629 3625
f 3625 3630 3626
f 3610 3627 3622
f 3610 3633 3627
f 3627 3634 3628
f 3623 3627 3628
f 3624 3628 3629
f 3628 3635 3629
f 3625 3629 3630
f 3626 3630 3632
f 3629 3636 3630
f 3630 3637 3632
f 3576 3626 3631
f 3626 3632 3631
f 3627 3633 3634
f 3618 3638 3633
f 3633 3638 3634
f 3634 3638 3639
f 3634 3639 3635
f 3635 3639 3642
f 3628 3634 3635
f 3629 3635 3636
f 3630 3636 3637
f 3635 3642 3636
f 3636 3642 3643
f 3636 3643 3637
f 3637 3643 3645
f 3618 3620 3638
f 3638 3640 3639
f 3639 3641 3642
f 3620 3640 3638
f 3639 3640 3641
f 3642 3803 3643
f 3641 3803 3642
f 3643 3803 3804
f 3643 3804 3645
f 3632 3637 3644
f 3637 3645 3644
f 3645 3804 3808
f 3575 3576 3647
f 3575 3647 3646
f 3576 3631 3647
f 3631 3632 3649
f 3632 3644 3649
f 3631 3648 3647
f 3631 3649 3648
f 3644 3645 3650
f 3645 3808 3651
f 3644 3650 3649
f 3808 3866 3651
f 3645 3651 3650
f 3527 3652 3655
f 3652 3653 3655
f 3527 3655 3656
f 3655 3658 3656
f 3653 3654 3657
f 3653 3657 3655
f 3655 3657 3658
f 3657 3661 3658
f 3654 3660 3657
f 3658 3661 3668
f 3657 3660 3661
f 3659 3662 3660
f 3661 3677 3668
f 3660 3662 3661
f 3661 3662 3677
f 3659 3663 3662
f 3663 3689 3690
f 3662 3664 3677
f 3662 3663 3664
f 3663 3690 3664
f 3664 3690 3703
f 3528 3656 3665
f 3656 3666 3665
f 3656 3658 3666
f 3541 3665 3667
f 3541 3667 3670
f 3665 3666 3667
f 3658 3668 3666
f 3666 3669 3667
f 3666 3668 3669
f 3668 3676 3669
f 3667 3669 3673
f 3669 3676 3678
f 3669 3678 3673
f 3667 3673 3670
f 3546 3670 3672
f 3670 3673 3672
f 3546 3672 3671
f 3671 3672 3675
f 3672 3673 3674
f 3673 3678 3674
f 3672 3674 3675
f 3674 3683 3675
f 3675 3683 3766
f 3668 3677 3676
f 3676 3677 3680
f 3676 3679 3678
f 3676 3680 3679
f 3678 3679 3682
f 3664 3680 3677
f 3664 3703 3680
f 3680 3703 3681
f 3679 3680 3681
f 3679 3681 3685
f 3681 3705 3685
f 3674 3678 3682
f 3674 3682 3683
f 3679 3685 3682
f 3682 3686 3683
f 3682 3685 3686
f 3683 3684 3766
f 3683 3686 3684
f 3685 3687 3686
f 3685 3705 3687
f 3686 3687 3688
f 3684 3686 3688
f 3687 3714 3688
f 3688 3714 3778
f 3689 3692 3690
f 3690 3693 3703
f 3691 3695 3692
f 3690 3692 3693
f 3692 3695 3693
f 3693 3695 3707
f 3691 3694 3695
f 3694 3697 3700
f 3694 3696 3695
f 3695 3696 3707
f 3694 3700 3696
f 3696 3700 3710
f 3697 3699 3700
f 3698 3702 3699
f 3699 3701 3700
f 3700 3701 3710
f 3699 3702 3701
f 3701 3702 3722
f 3702 3729 3722
f 3698 3728 3702
f 3693 3704 3703
f 3681 3703 3704
f 3693 3707 3704
f 3704 3707 3706
f 3681 3704 3705
f 3704 3706 3705
f 3705 3706 3712
f 3706 3709 3712
f 3696 3708 3707
f 3706 3707 3708
f 3696 3710 3708
f 3708 3710 3711
f 3706 3708 3709
f 3708 3711 3709
f 3710 3721 3711
f 3709 3711 3716
f 3711 3723 3716
f 3687 3705 3712
f 3687 3712 3714
f 3709 3713 3712
f 3712 3713 3714
f 3714 3715 3778
f 3713 3715 3714
f 3713 3718 3715
f 3715 3718 3824
f 3709 3716 3713
f 3713 3716 3718
f 3716 3717 3718
f 3716 3723 3717
f 3718 3719 3824
f 3717 3719 3718
f 3717 3720 3719
f 3719 3720 3828
f 3701 3721 3710
f 3701 3722 3721
f 3721 3722 3724
f 3711 3721 3723
f 3721 3724 3723
f 3723 3724 3725
f 3717 3723 3725
f 3717 3725 3720
f 3726 3730 3728
f 3726 3731 3730
f 3702 3728 3729
f 3728 3730 3729
f 3729 3730 3741
f 3730 3733 3741
f 3730 3731 3733
f 3727 3734 3731
f 3727 3732 3734
f 3731 3734 3733
f 3733 3734 3744
f 3732 3735 3734
f 3734 3735 3744
f 3732 3736 3737
f 3732 3737 3735
f 3735 3737 3738
f 3735 3738 3745
f 3720 3751 3828
f 3722 3729 3740
f 3722 3740 3724
f 3724 3740 3739
f 3739 3740 3742
f 3724 3739 3725
f 3739 3742 3750
f 3729 3741 3740
f 3733 3743 3741
f 3740 3741 3742
f 3741 3743 3742
f 3742 3743 3746
f 3742 3746 3750
f 3733 3744 3743
f 3743 3744 3747
f 3735 3745 3744
f 3744 3745 3747
f 3743 3747 3746
f 3746 3747 3757
f 3747 3748 3757
f 3748 3758 3757
f 3745 3748 3747
f 3720 3725 3749
f 3725 3739 3749
f 3739 3750 3749
f 3749 3750 3752
f 3750 3753 3752
f 3720 3749 3751
f 3749 3752 3751
f 3751 3752 3851
f 3752 3754 3851
f 3752 3753 3754
f 3753 3759 3754
f 3754 3759 3756
f 3754 3756 3852
f 3755 3756 3759
f 3755 3854 3756
f 3746 3753 3750
f 3746 3757 3753
f 3753 3757 3759
f 3757 3758 3759
f 3755 3759 3758
f 3738 3760 3745
f 3745 3760 3748
f 3748 3761 3758
f 3748 3760 3761
f 3755 3762 3854
f 3758 3761 3763
f 3755 3758 3763
f 3755 3763 3762
f 3592 3671 3764
f 3592 3764 3765
f 3671 3675 3764
f 3764 3767 3765
f 3765 3767 3769
f 3675 3766 3764
f 3764 3766 3767
f 3766 3775 3767
f 3597 3765 3769
f 3767 3768 3769
f 3767 3775 3768
f 3597 3769 3770
f 3769 3772 3770
f 3600 3770 3771
f 3600 3771 3616
f 3770 3772 3771
f 3771 3773 3789
f 3768 3772 3769
f 3768 3781 3772
f 3772 3781 3773
f 3773 3781 3783
f 3771 3772 3773
f 3773 3774 3789
f 3773 3783 3774
f 3684 3775 3766
f 3684 3777 3775
f 3768 3775 3776
f 3768 3776 3781
f 3775 3777 3776
f 3776 3777 3779
f 3776 3779 3782
f 3684 3688 3777
f 3688 3778 3777
f 3777 3778 3779
f 3778 3823 3779
f 3779 3780 3782
f 3779 3823 3780
f 3776 3782 3781
f 3781 3782 3783
f 3782 3785 3783
f 3774 3783 3784
f 3774 3784 3793
f 3784 3794 3793
f 3783 3785 3784
f 3784 3787 3794
f 3780 3785 3782
f 3785 3786 3787
f 3780 3786 3785
f 3786 3836 3787
f 3784 3785 3787
f 3616 3771 3789
f 3616 3789 3788
f 3788 3789 3791
f 3788 3791 3790
f 3790 3791 3792
f 3619 3788 3790
f 3619 3790 3620
f 3620 3790 3797
f 3790 3792 3797
f 3774 3791 3789
f 3791 3793 3792
f 3774 3793 3791
f 3792 3793 3810
f 3793 3794 3810
f 3787 3795 3794
f 3794 3795 3812
f 3795 3796 3812
f 3787 3836 3795
f 3795 3839 3796
f 3795 3836 3839
f 3796 3839 3840
f 3796 3840 3818
f 3818 3840 3842
f 3819 3842 3843
f 3620 3797 3640
f 3640 3797 3798
f 3797 3799 3798
f 3792 3810 3799
f 3799 3810 3811
f 3792 3799 3797
f 3798 3800 3805
f 3798 3799 3800
f 3799 3811 3800
f 3800 3801 3805
f 3801 3802 3806
f 3800 3815 3801
f 3801 3816 3802
f 3640 3798 3641
f 3641 3798 3805
f 3641 3805 3803
f 3803 3806 3804
f 3803 3805 3806
f 3804 3806 3809
f 3801 3806 3805
f 3802 3809 3806
f 3804 3809 3808
f 3802 3807 3809
f 3810 3812 3811
f 3811 3813 3815
f 3794 3812 3810
f 3811 3812 3813
f 3800 3811 3815
f 3813 3814 3815
f 3801 3815 3816
f 3802 3816 3820
f 3814 3816 3815
f 3816 3817 3820
f 3814 3817 3816
f 3796 3813 3812
f 3796 3818 3813
f 3814 3818 3819
f 3813 3818 3814
f 3814 3819 3817
f 3817 3819 3822
f 3818 3842 3819
f 3819 3843 3822
f 3802 3820 3807
f 3817 3821 3820
f 3817 3822 3821
f 3715 3823 3778
f 3823 3824 3825
f 3715 3824 3823
f 3824 3827 3825
f 3780 3823 3825
f 3780 3825 3786
f 3786 3825 3826
f 3825 3827 3826
f 3826 3827 3830
f 3719 3827 3824
f 3719 3828 3827
f 3786 3826 3836
f 3826 3830 3837
f 3828 3829 3830
f 3827 3828 3830
f 3751 3829 3828
f 3829 3851 3832
f 3829 3831 3830
f 3830 3831 3837
f 3831 3832 3833
f 3829 3832 3831
f 3832 3852 3834
f 3833 3834 3845
f 3832 3834 3833
f 3834 3835 3845
f 3834 3853 3835
f 3835 3855 3850
f 3826 3837 3836
f 3836 3837 3839
f 3831 3838 3837
f 3837 3838 3839
f 3838 3841 3840
f 3838 3840 3839
f 3833 3841 3838
f 3841 3845 3844
f 3840 3841 3842
f 3842 3844 3843
f 3841 3844 3842
f 3843 3844 3848
f 3844 3846 3848
f 3831 3833 3838
f 3833 3845 3841
f 3835 3846 3845
f 3844 3845 3846
f 3835 3850 3846
f 3850 3855 3857
f 3843 3848 3847
f 3846 3850 3849
f 3846 3849 3848
f 3751 3851 3829
f 3832 3851 3852
f 3754 3852 3851
f 3756 3853 3852
f 3834 3852 3853
f 3756 3854 3853
f 3853 3854 3855
f 3835 3853 3855
f 3855 3856 3857
f 3854 3856 3855
f 3762 3856 3854
f 3822 3843 3847
f 3736 3859 3737
f 3737 3860 3738
f 3736 3858 3859
f 3737 3859 3860
f 3738 3861 3760
f 3760 3862 3761
f 3761 3864 3763
f 3762 3763 3863
f 3738 3860 3861
f 3760 3861 3862
f 3762 3863 3875
f 3761 3862 3864
f 3763 3864 3863
f 3808 3809 3867
f 3807 3867 3809
f 3808 3867 3866
f 3807 3865 3867
f 3807 3820 3868
f 3820 3821 3868
f 3821 3822 3869
f 3822 3847 3870
f 3807 3868 3865
f 3821 3869 3868
f 3822 3870 3869
f 3850 3857 3874
f 3847 3848 3872
f 3848 3849 3872
f 3849 3850 3874
f 3857 3876 3874
f 3847 3872 3871
f 3849 3874 3873
f 3849 3873 3872
f 3762 3875 3856
f 3856 3876 3857
f 3856 3875 3876
f 3847 3871 3870
f 2479 3887 3912
f 2455 3878 3877
f 2477 3885 3886
f 2476 3884 3885
f 2479 3886 3887
f 2476 3877 3884
f 2521 3912 3913
f 2521 3913 3914
f 2522 3914 3927
f 2533 3927 3925
f 2533 3925 3926
f 2598 3971 3972
f 2597 3973 3971
f 2598 3972 3878
f 2599 3974 3973
f 2611 3996 3974
f 2611 3997 3996
f 2612 3998 3997
f 2534 3926 4083
f 2708 4083 4084
f 2718 4084 4096
f 2718 4096 4097
f 2748 4097 4152
f 2749 4152 4153
f 4153 4222 2790
f 2613 4593 3998
f 3887 3891 3912
f 3878 3972 3880
f 3878 3880 3879
f 3877 3878 3879
f 3879 3881 3899
f 3879 3880 3881
f 3880 3978 3881
f 3881 3882 3900
f 3881 3978 3882
f 3882 3980 3883
f 3882 3883 3902
f 3883 3983 3905
f 3885 3888 3886
f 3884 3888 3885
f 3886 3891 3887
f 3877 3879 3884
f 3884 3899 3888
f 3888 3889 3890
f 3888 3899 3889
f 3889 3901 3893
f 3896 3901 3903
f 3886 3888 3890
f 3886 3890 3891
f 3890 3893 3892
f 3890 3892 3891
f 3892 3893 3894
f 3889 3893 3890
f 3893 3901 3896
f 3894 3896 3895
f 3893 3896 3894
f 3895 3896 3897
f 3896 3903 3897
f 3895 3897 3898
f 3897 3908 3898
f 3879 3899 3884
f 3881 3900 3899
f 3889 3899 3900
f 3900 3902 3901
f 3889 3900 3901
f 3882 3902 3900
f 3902 3905 3903
f 3901 3902 3903
f 3897 3903 3904
f 3903 3905 3904
f 3883 3905 3902
f 3905 3983 3906
f 3904 3906 3907
f 3904 3905 3906
f 3897 3904 3908
f 3898 3908 3948
f 3906 4015 3907
f 3907 4015 3910
f 3904 3907 3908
f 3907 3909 3908
f 3908 3909 3948
f 3909 3954 3948
f 3909 3911 3954
f 3907 3910 3909
f 3910 4019 3911
f 3909 3910 3911
f 3911 4019 3956
f 3912 3917 3913
f 3913 3917 3914
f 3914 3932 3927
f 3891 3915 3912
f 3892 3916 3915
f 3912 3915 3917
f 3915 3920 3917
f 3916 3921 3920
f 3915 3916 3920
f 3916 3938 3921
f 3921 3938 3922
f 3917 3920 3918
f 3914 3917 3918
f 3918 3920 3919
f 3914 3918 3932
f 3918 3919 3933
f 3919 3920 3921
f 3919 3923 3934
f 3921 3922 3923
f 3922 3940 3924
f 3919 3921 3923
f 3922 3924 3923
f 3925 3927 3932
f 3925 3930 3926
f 3925 3932 3928
f 3928 3933 3929
f 3925 3928 3930
f 3928 3929 3931
f 3928 3931 3930
f 3929 4087 3931
f 3929 3936 4087
f 3936 4088 4087
f 3918 3933 3932
f 3919 3934 3933
f 3928 3932 3933
f 3929 3933 3934
f 3923 3935 3934
f 3934 3935 3936
f 3929 3934 3936
f 3935 3942 3937
f 3923 3924 3935
f 3924 3942 3935
f 3935 3937 3936
f 3936 3937 4088
f 3937 4108 4088
f 3891 3892 3915
f 3892 3894 3916
f 3894 3938 3916
f 3894 3895 3938
f 3895 3898 3939
f 3895 3939 3938
f 3898 3947 3939
f 3922 3938 3939
f 3922 3939 3940
f 3939 3947 3940
f 3924 3940 3941
f 3924 3941 3942
f 3941 3960 3943
f 3941 3943 3942
f 3943 3960 3945
f 3937 3942 3944
f 3937 3944 4108
f 3944 4109 4108
f 3944 3946 4109
f 3942 3943 3944
f 3943 3946 3944
f 3943 3945 3946
f 3945 4112 3946
f 3945 3963 4112
f 3947 3949 3950
f 3898 3948 3947
f 3948 3954 3949
f 3947 3948 3949
f 3949 3954 3952
f 3940 3947 3950
f 3949 3951 3950
f 3940 3950 3941
f 3941 3950 3960
f 3950 3951 3960
f 3949 3952 3951
f 3951 3952 3953
f 3952 3958 3953
f 3911 3955 3954
f 3952 3954 3955
f 3911 3956 3955
f 3955 3956 3957
f 3956 4046 3957
f 3957 4046 4050
f 3952 3955 3958
f 3955 3957 3958
f 3957 3959 3958
f 3953 3958 3966
f 3958 3959 3966
f 3957 4050 3959
f 3959 4050 3968
f 3951 3961 3960
f 3945 3960 3961
f 3961 3962 3963
f 3951 3953 3961
f 3953 3962 3961
f 3953 3966 3962
f 3962 3966 3965
f 3945 3961 3963
f 3962 3964 3963
f 3963 4128 4112
f 3963 3964 4128
f 3962 3965 3964
f 3964 3965 4131
f 3959 3967 3966
f 3965 3966 3967
f 3965 3969 4131
f 3959 3968 3967
f 3967 3968 3970
f 3968 4059 3970
f 3965 3967 3969
f 3967 3970 3969
f 3970 4059 4063
f 3969 3970 4136
f 3970 4063 4136
f 3971 3979 3972
f 3971 3976 3979
f 3971 3973 3976
f 3880 3972 3979
f 3973 3974 3986
f 3973 3986 3976
f 3974 3989 3986
f 3974 3996 3989
f 3975 3979 3976
f 3975 3976 3977
f 3975 3977 3981
f 3977 3988 3981
f 3981 3988 3984
f 3880 3979 3978
f 3975 3978 3979
f 3882 3978 3980
f 3975 3980 3978
f 3975 3981 3980
f 3980 3981 3982
f 3883 3980 3982
f 3883 3982 3983
f 3982 3985 3983
f 3983 3985 4014
f 3981 3984 3982
f 3982 3984 3985
f 3984 3995 3985
f 3985 3995 4009
f 3985 4009 4014
f 3986 3989 3987
f 3976 3986 3977
f 3977 3986 3987
f 3977 3987 3988
f 3987 3991 3988
f 3987 3989 3990
f 3989 3999 3990
f 3987 3990 3991
f 3990 4001 3991
f 3984 3988 3992
f 3988 3991 3992
f 3991 3993 3992
f 3992 3993 3994
f 3991 4001 3993
f 3993 4005 3994
f 3984 3992 3995
f 3995 4010 4009
f 3992 3994 3995
f 3994 4010 3995
f 3994 4012 4010
f 3994 4005 4012
f 3906 3983 4014
f 3989 3996 3999
f 3996 3997 3999
f 3997 4002 3999
f 3997 3998 4002
f 3990 3999 4000
f 3999 4002 4000
f 3990 4000 4001
f 4000 4003 4001
f 4000 4002 4007
f 4000 4007 4003
f 4001 4003 4004
f 3993 4001 4004
f 3993 4004 4005
f 4004 4006 4005
f 4005 4006 4032
f 4003 4008 4004
f 4004 4008 4006
f 4009 4017 4014
f 4009 4011 4017
f 4009 4010 4011
f 4010 4013 4011
f 4011 4013 4023
f 4010 4012 4013
f 4012 4033 4013
f 4013 4033 4024
f 3906 4014 4015
f 4014 4017 4015
f 4015 4017 4016
f 3910 4015 4016
f 4011 4018 4017
f 4016 4017 4018
f 4016 4018 4021
f 4018 4025 4021
f 3910 4016 4019
f 4016 4021 4019
f 4019 4021 4020
f 3956 4019 4020
f 4020 4021 4022
f 4021 4025 4022
f 4020 4022 4047
f 4022 4029 4047
f 4011 4023 4018
f 4018 4023 4025
f 4013 4024 4023
f 4023 4026 4025
f 4025 4026 4028
f 4023 4024 4026
f 4024 4038 4026
f 4026 4027 4028
f 4026 4038 4027
f 4022 4025 4028
f 4022 4028 4029
f 4028 4030 4029
f 4029 4030 4053
f 4027 4030 4028
f 4027 4041 4030
f 4030 4031 4053
f 4030 4041 4031
f 4006 4036 4032
f 4005 4032 4012
f 4012 4032 4033
f 4032 4035 4033
f 4024 4033 4034
f 4033 4035 4034
f 4032 4036 4035
f 4034 4035 4037
f 4024 4034 4038
f 4034 4040 4038
f 4027 4038 4039
f 4038 4040 4039
f 4034 4037 4040
f 4039 4040 4043
f 4027 4039 4041
f 4039 4042 4041
f 4041 4042 4044
f 4039 4043 4042
f 4031 4041 4044
f 4042 4045 4044
f 3956 4020 4046
f 4020 4047 4046
f 4046 4048 4050
f 4046 4047 4048
f 4029 4049 4047
f 4047 4049 4048
f 4048 4051 4050
f 3968 4050 4051
f 4048 4049 4052
f 4048 4052 4051
f 4049 4055 4052
f 4051 4052 4060
f 4052 4056 4060
f 4029 4053 4049
f 4049 4053 4055
f 4053 4054 4055
f 4031 4054 4053
f 4031 4070 4054
f 4054 4070 4057
f 4052 4055 4056
f 4054 4058 4055
f 4055 4058 4056
f 4054 4057 4058
f 4057 4066 4058
f 3968 4051 4059
f 4051 4060 4059
f 4059 4060 4062
f 4056 4061 4060
f 4060 4061 4062
f 4059 4062 4063
f 4062 4182 4063
f 4061 4064 4062
f 4062 4064 4182
f 4061 4067 4064
f 4056 4065 4061
f 4056 4058 4065
f 4061 4065 4067
f 4058 4066 4065
f 4065 4066 4068
f 4065 4068 4067
f 4066 4076 4068
f 4067 4068 4069
f 4064 4067 4187
f 4067 4069 4187
f 4068 4076 4078
f 4068 4078 4069
f 4069 4078 4200
f 4031 4044 4070
f 4044 4071 4070
f 4070 4071 4072
f 4057 4070 4072
f 4044 4045 4071
f 4071 4075 4072
f 4057 4072 4073
f 4072 4074 4073
f 4057 4073 4066
f 4072 4075 4074
f 4073 4074 4077
f 4066 4073 4076
f 4074 4080 4077
f 4073 4077 4076
f 4076 4077 4079
f 4077 4081 4079
f 4077 4080 4081
f 4076 4079 4078
f 4078 4079 4201
f 4079 4081 4082
f 4079 4082 4201
f 3926 3930 4083
f 4083 4091 4084
f 4084 4091 4096
f 3930 4085 4083
f 3930 3931 4085
f 3931 4087 4086
f 3931 4086 4085
f 4087 4088 4089
f 4088 4108 4090
f 4086 4087 4089
f 4088 4090 4089
f 4090 4108 4110
f 4083 4085 4091
f 4085 4092 4091
f 4085 4086 4092
f 4086 4093 4092
f 4091 4092 4098
f 4092 4093 4099
f 4093 4094 4100
f 4086 4089 4093
f 4089 4094 4093
f 4089 4090 4094
f 4090 4095 4094
f 4090 4110 4095
f 4094 4095 4101
f 4096 4102 4097
f 4097 4102 4152
f 4091 4098 4096
f 4092 4099 4098
f 4096 4098 4102
f 4098 4099 4103
f 4093 4100 4099
f 4099 4100 4104
f 4100 4101 4105
f 4094 4101 4100
f 4095 4118 4101
f 4101 4118 4106
f 4098 4103 4102
f 4099 4104 4103
f 4102 4103 4154
f 4102 4154 4152
f 4103 4104 4155
f 4103 4155 4154
f 4104 4156 4155
f 4100 4105 4104
f 4101 4106 4105
f 4104 4105 4156
f 4105 4157 4156
f 4105 4106 4157
f 4106 4163 4157
f 4095 4110 4107
f 4095 4107 4118
f 4108 4109 4110
f 3946 4111 4109
f 4109 4114 4110
f 4109 4111 4114
f 3946 4112 4111
f 4111 4112 4113
f 4112 4128 4113
f 4111 4113 4116
f 4113 4128 4130
f 4107 4110 4114
f 4111 4116 4114
f 4114 4116 4115
f 4107 4114 4115
f 4115 4116 4123
f 4113 4117 4116
f 4113 4130 4117
f 4116 4117 4123
f 4117 4130 4141
f 4107 4119 4118
f 4118 4119 4120
f 4106 4118 4120
f 4119 4121 4120
f 4106 4120 4163
f 4120 4164 4163
f 4120 4121 4164
f 4121 4165 4164
f 4107 4115 4119
f 4115 4122 4119
f 4119 4122 4121
f 4115 4123 4122
f 4122 4123 4125
f 4117 4124 4123
f 4117 4141 4124
f 4123 4124 4125
f 4124 4141 4143
f 4121 4122 4126
f 4121 4126 4165
f 4122 4125 4126
f 4125 4169 4126
f 4124 4127 4125
f 4124 4143 4127
f 4127 4143 4173
f 4125 4127 4169
f 3964 4129 4128
f 4128 4129 4130
f 3964 4131 4129
f 4129 4132 4130
f 4130 4132 4141
f 4129 4131 4133
f 4131 4135 4133
f 4129 4133 4132
f 4132 4133 4134
f 4132 4134 4142
f 4133 4138 4134
f 4134 4138 4146
f 3969 4135 4131
f 3969 4136 4135
f 4135 4136 4139
f 4063 4137 4136
f 4136 4137 4139
f 4133 4135 4138
f 4135 4139 4138
f 4138 4147 4146
f 4138 4139 4147
f 4137 4140 4139
f 4139 4140 4147
f 4140 4148 4147
f 4141 4142 4143
f 4132 4142 4141
f 4142 4145 4143
f 4142 4144 4145
f 4134 4144 4142
f 4134 4146 4144
f 4144 4146 4150
f 4143 4145 4173
f 4144 4175 4145
f 4144 4150 4175
f 4146 4147 4149
f 4147 4148 4149
f 4148 4151 4149
f 4148 4191 4151
f 4146 4149 4150
f 4149 4179 4150
f 4149 4151 4179
f 4152 4158 4153
f 4152 4154 4158
f 4154 4155 4159
f 4155 4156 4160
f 4154 4159 4158
f 4155 4160 4159
f 4156 4157 4161
f 4157 4163 4162
f 4156 4161 4160
f 4157 4162 4161
f 4162 4163 4166
f 4163 4164 4166
f 4164 4165 4167
f 4164 4167 4166
f 4165 4171 4167
f 4126 4168 4165
f 4126 4169 4168
f 4165 4168 4171
f 4168 4169 4172
f 4127 4170 4169
f 4127 4173 4170
f 4169 4170 4172
f 4170 4173 4177
f 4145 4174 4173
f 4145 4175 4174
f 4173 4174 4177
f 4150 4176 4175
f 4174 4175 4178
f 4175 4176 4178
f 4150 4179 4176
f 4176 4179 4181
f 4179 4180 4181
f 4151 4180 4179
f 4151 4193 4180
f 4063 4182 4137
f 4137 4182 4184
f 4182 4183 4184
f 4064 4183 4182
f 4064 4187 4183
f 4137 4184 4140
f 4140 4184 4185
f 4140 4185 4148
f 4184 4186 4185
f 4183 4186 4184
f 4183 4189 4186
f 4185 4186 4192
f 4186 4195 4192
f 4069 4188 4187
f 4183 4187 4189
f 4187 4188 4189
f 4069 4200 4188
f 4188 4200 4203
f 4188 4190 4189
f 4186 4189 4195
f 4189 4190 4195
f 4188 4203 4190
f 4190 4203 4207
f 4148 4185 4191
f 4185 4192 4191
f 4191 4192 4194
f 4192 4196 4194
f 4151 4191 4193
f 4191 4194 4193
f 4194 4196 4198
f 4193 4194 4214
f 4194 4198 4214
f 4192 4195 4196
f 4190 4197 4195
f 4195 4197 4196
f 4196 4197 4199
f 4190 4207 4197
f 4197 4207 4209
f 4196 4199 4198
f 4198 4199 4216
f 4197 4209 4199
f 4199 4209 4210
f 4199 4210 4216
f 4078 4201 4200
f 4200 4201 4202
f 4200 4202 4203
f 4082 4205 4201
f 4201 4205 4202
f 4202 4204 4203
f 4203 4204 4207
f 4202 4206 4204
f 4202 4205 4206
f 4204 4206 4212
f 4204 4208 4207
f 4207 4208 4209
f 4204 4212 4208
f 4208 4212 4213
f 4208 4211 4209
f 4209 4211 4210
f 4208 4213 4211
f 4211 4213 4220
f 4180 4193 4215
f 4193 4214 4215
f 4198 4217 4214
f 4198 4216 4217
f 4210 4219 4216
f 4210 4211 4218
f 4210 4218 4219
f 4211 4220 4218
f 4218 4220 4221
f 4153 4229 4222
f 4153 4158 4229
f 4158 4159 4232
f 4159 4160 4233
f 4160 4161 4233
f 4161 4162 4234
f 4162 4166 4240
f 4166 4167 4240
f 4167 4171 4245
f 4168 4245 4171
f 4168 4172 4246
f 4170 4248 4172
f 4170 4177 4248
f 4174 4250 4177
f 4174 4178 4251
f 4176 4254 4178
f 4176 4181 4254
f 4180 4256 4181
f 4180 4215 4328
f 4214 4328 4215
f 4214 4217 4330
f 4216 4330 4217
f 4216 4219 4332
f 4218 4332 4219
f 4218 4221 4334
f 3998 4593 4002
f 4002 4596 4007
f 4003 4007 4599
f 4003 4599 4008
f 4006 4008 4603
f 4006 4603 4036
f 4035 4036 4631
f 4035 4633 4037
f 4037 4638 4040
f 4040 4638 4043
f 4042 4043 4641
f 4042 4641 4045
f 4045 4669 4071
f 4071 4669 4075
f 4074 4075 4671
f 4074 4671 4080
f 4080 4675 4081
f 4081 4675 4082
f 4082 4799 4205
f 4205 4800 4206
f 4206 4800 4212
f 4212 4806 4213
f 4213 4831 4220
f 4220 4831 4221
f 4221 4832 4334
f 4158 4231 4229
f 4158 4232 4231
f 4159 4233 4232
f 4161 4234 4233
f 4162 4235 4234
f 4162 4240 4235
f 4167 4241 4240
f 4167 4245 4241
f 4168 4247 4245
f 4168 4246 4247
f 4172 4248 4246
f 4177 4250 4248
f 4174 4252 4250
f 4174 4251 4252
f 4178 4254 4251
f 4181 4256 4254
f 4180 4258 4256
f 4180 4328 4258
f 4214 4329 4328
f 4214 4330 4329
f 4216 4331 4330
f 4216 4332 4331
f 4218 4333 4332
f 4218 4334 4333
f 4229 4223 4222
f 4229 4224 4223
f 4229 4230 4224
f 4259 4225 4224
f 4259 4226 4225
f 4230 4259 4224
f 4259 4260 4226
f 4260 4270 4226
f 4270 4227 4226
f 4270 4228 4227
f 4387 4368 4228
f 4270 4271 4228
f 4271 4387 4228
f 4229 4231 4230
f 4231 4232 4236
f 4232 4233 4237
f 4230 4231 4236
f 4232 4237 4236
f 4233 4238 4237
f 4233 4234 4238
f 4234 4235 4239
f 4234 4239 4238
f 4235 4242 4239
f 4235 4240 4242
f 4240 4241 4243
f 4241 4245 4244
f 4240 4243 4242
f 4241 4244 4243
f 4244 4245 4247
f 4246 4249 4247
f 4244 4247 4287
f 4247 4249 4287
f 4246 4248 4249
f 4248 4289 4249
f 4248 4253 4289
f 4248 4250 4253
f 4250 4252 4253
f 4252 4305 4253
f 4252 4255 4305
f 4251 4255 4252
f 4251 4254 4255
f 4254 4309 4255
f 4254 4256 4257
f 4254 4257 4309
f 4256 4258 4257
f 4257 4258 4311
f 4258 4336 4311
f 4230 4261 4259
f 4259 4261 4260
f 4230 4236 4261
f 4236 4262 4261
f 4236 4237 4262
f 4237 4238 4263
f 4237 4263 4262
f 4261 4262 4266
f 4262 4263 4267
f 4238 4239 4264
f 4238 4264 4263
f 4239 4242 4265
f 4239 4265 4264
f 4263 4264 4268
f 4264 4265 4269
f 4260 4261 4266
f 4262 4267 4266
f 4260 4266 4272
f 4266 4267 4273
f 4263 4268 4267
f 4264 4269 4268
f 4267 4268 4274
f 4265 4286 4269
f 4268 4269 4275
f 4269 4286 4276
f 4260 4272 4270
f 4270 4272 4271
f 4271 4390 4387
f 4266 4273 4272
f 4267 4274 4273
f 4272 4273 4277
f 4271 4272 4277
f 4273 4274 4278
f 4273 4278 4277
f 4268 4275 4274
f 4269 4276 4275
f 4274 4275 4279
f 4274 4279 4278
f 4275 4276 4280
f 4275 4280 4279
f 4276 4298 4280
f 4271 4277 4390
f 4277 4391 4390
f 4277 4278 4391
f 4278 4281 4391
f 4278 4279 4281
f 4279 4280 4282
f 4280 4298 4299
f 4279 4282 4281
f 4280 4299 4282
f 4242 4243 4283
f 4242 4283 4265
f 4243 4284 4283
f 4243 4244 4284
f 4265 4283 4286
f 4283 4284 4285
f 4283 4285 4286
f 4285 4293 4286
f 4244 4287 4284
f 4284 4287 4290
f 4249 4288 4287
f 4287 4288 4290
f 4249 4289 4288
f 4288 4289 4292
f 4253 4306 4289
f 4289 4306 4292
f 4284 4290 4285
f 4285 4290 4294
f 4285 4294 4293
f 4288 4291 4290
f 4290 4291 4294
f 4288 4292 4291
f 4292 4306 4304
f 4291 4292 4297
f 4292 4304 4297
f 4276 4286 4293
f 4276 4293 4298
f 4293 4294 4295
f 4293 4295 4298
f 4294 4296 4295
f 4295 4296 4301
f 4291 4296 4294
f 4291 4297 4296
f 4297 4304 4315
f 4296 4297 4302
f 4297 4315 4302
f 4295 4300 4298
f 4295 4301 4300
f 4298 4300 4299
f 4300 4301 4417
f 4301 4303 4417
f 4296 4302 4301
f 4302 4315 4317
f 4301 4302 4303
f 4302 4317 4303
f 4253 4305 4306
f 4255 4308 4305
f 4255 4309 4308
f 4305 4307 4306
f 4305 4308 4307
f 4304 4306 4307
f 4304 4307 4318
f 4308 4309 4312
f 4307 4308 4319
f 4308 4312 4319
f 4257 4310 4309
f 4309 4310 4312
f 4257 4311 4310
f 4310 4313 4312
f 4310 4311 4314
f 4310 4314 4313
f 4311 4338 4314
f 4304 4318 4315
f 4315 4318 4316
f 4315 4316 4317
f 4316 4423 4317
f 4316 4321 4423
f 4307 4319 4318
f 4318 4319 4320
f 4319 4322 4320
f 4312 4322 4319
f 4316 4318 4320
f 4316 4320 4321
f 4320 4325 4321
f 4312 4313 4322
f 4313 4323 4322
f 4320 4322 4325
f 4322 4323 4325
f 4313 4324 4323
f 4323 4324 4326
f 4313 4314 4324
f 4323 4327 4325
f 4321 4325 4429
f 4325 4327 4429
f 4323 4326 4327
f 4326 4481 4327
f 4258 4328 4336
f 4328 4329 4336
f 4329 4330 4340
f 4330 4331 4340
f 4331 4332 4354
f 4332 4333 4354
f 4333 4356 4354
f 4333 4334 4335
f 4333 4335 4356
f 4311 4336 4338
f 4336 4337 4338
f 4329 4337 4336
f 4329 4340 4337
f 4337 4340 4342
f 4314 4338 4345
f 4338 4339 4345
f 4337 4339 4338
f 4337 4342 4339
f 4331 4341 4340
f 4340 4341 4342
f 4331 4354 4341
f 4341 4354 4355
f 4341 4355 4344
f 4341 4344 4342
f 4342 4344 4343
f 4339 4342 4343
f 4343 4344 4351
f 4344 4355 4357
f 4344 4357 4351
f 4314 4345 4324
f 4345 4347 4346
f 4324 4345 4346
f 4324 4346 4326
f 4339 4347 4345
f 4339 4343 4347
f 4346 4347 4349
f 4347 4350 4349
f 4326 4348 4481
f 4326 4346 4348
f 4346 4349 4348
f 4348 4349 4483
f 4349 4352 4483
f 4343 4350 4347
f 4343 4351 4350
f 4350 4351 4353
f 4351 4357 4361
f 4351 4361 4353
f 4349 4350 4352
f 4350 4353 4352
f 4352 4353 4488
f 4353 4361 4363
f 4353 4363 4488
f 4354 4356 4355
f 4355 4356 4358
f 4335 4359 4356
f 4356 4359 4358
f 4355 4358 4357
f 4357 4358 4362
f 4358 4359 4360
f 4358 4360 4362
f 4357 4362 4361
f 4361 4362 4364
f 4360 4366 4362
f 4362 4366 4364
f 4364 4366 4367
f 4361 4364 4363
f 4363 4365 4505
f 4363 4364 4365
f 4364 4367 4365
f 4365 4367 4509
f 4388 4369 4368
f 4389 4370 4369
f 4387 4388 4368
f 4388 4389 4369
f 4389 4371 4370
f 4401 4372 4371
f 4402 4373 4372
f 4389 4400 4371
f 4400 4401 4371
f 4401 4402 4372
f 4402 4446 4373
f 4446 4374 4373
f 4446 4375 4374
f 4448 4376 4375
f 4448 4377 4376
f 4469 4378 4377
f 4446 4447 4375
f 4447 4448 4375
f 4448 4449 4377
f 4449 4469 4377
f 4470 4379 4378
f 4469 4470 4378
f 4470 4518 4379
f 4518 4380 4379
f 4519 4381 4380
f 4520 4382 4381
f 4521 4383 4382
f 4543 4384 4383
f 4518 4519 4380
f 4519 4520 4381
f 4520 4521 4382
f 4521 4543 4383
f 4544 4385 4384
f 4545 4386 4385
f 4543 4544 4384
f 4544 4545 4385
f 4387 4390 4388
f 4388 4396 4389
f 4390 4391 4392
f 4281 4393 4391
f 4388 4390 4392
f 4391 4393 4392
f 4281 4282 4394
f 4281 4394 4393
f 4388 4392 4396
f 4392 4393 4397
f 4282 4299 4395
f 4282 4395 4394
f 4394 4395 4398
f 4392 4397 4396
f 4393 4399 4397
f 4396 4397 4403
f 4397 4399 4404
f 4393 4394 4399
f 4394 4398 4399
f 4395 4419 4398
f 4398 4406 4399
f 4398 4419 4407
f 4398 4407 4406
f 4389 4396 4400
f 4400 4410 4401
f 4401 4410 4402
f 4396 4403 4400
f 4397 4404 4403
f 4400 4403 4410
f 4403 4405 4410
f 4403 4404 4405
f 4404 4408 4405
f 4399 4406 4404
f 4404 4406 4408
f 4406 4407 4409
f 4406 4409 4408
f 4407 4413 4409
f 4405 4411 4410
f 4402 4410 4411
f 4405 4408 4412
f 4405 4412 4411
f 4402 4411 4450
f 4411 4412 4451
f 4408 4409 4415
f 4408 4415 4412
f 4411 4451 4450
f 4412 4454 4451
f 4409 4413 4414
f 4409 4414 4415
f 4413 4437 4414
f 4412 4415 4454
f 4415 4455 4454
f 4414 4455 4415
f 4414 4437 4456
f 4414 4456 4455
f 4299 4416 4395
f 4299 4300 4416
f 4300 4417 4416
f 4395 4416 4419
f 4303 4418 4417
f 4416 4417 4420
f 4416 4420 4419
f 4417 4418 4420
f 4303 4422 4418
f 4419 4420 4421
f 4418 4425 4420
f 4407 4419 4421
f 4420 4425 4421
f 4407 4421 4413
f 4303 4317 4422
f 4317 4423 4422
f 4418 4422 4426
f 4422 4423 4427
f 4321 4424 4423
f 4423 4424 4427
f 4418 4426 4425
f 4425 4426 4433
f 4422 4427 4426
f 4424 4428 4427
f 4426 4427 4435
f 4426 4435 4433
f 4427 4428 4435
f 4424 4431 4428
f 4428 4431 4441
f 4321 4429 4424
f 4424 4429 4431
f 4429 4430 4431
f 4327 4430 4429
f 4327 4481 4430
f 4430 4481 4484
f 4430 4432 4431
f 4430 4484 4432
f 4431 4432 4441
f 4421 4425 4434
f 4413 4421 4434
f 4425 4433 4434
f 4413 4434 4437
f 4433 4438 4434
f 4433 4436 4438
f 4433 4435 4436
f 4435 4440 4436
f 4434 4438 4437
f 4437 4438 4439
f 4436 4442 4438
f 4437 4439 4456
f 4438 4442 4439
f 4428 4440 4435
f 4428 4441 4440
f 4436 4440 4443
f 4440 4444 4443
f 4440 4441 4444
f 4441 4495 4444
f 4442 4443 4478
f 4436 4443 4442
f 4443 4444 4445
f 4444 4495 4492
f 4444 4492 4445
f 4443 4445 4478
f 4432 4495 4441
f 4402 4450 4446
f 4446 4450 4447
f 4447 4459 4448
f 4448 4459 4449
f 4449 4471 4469
f 4450 4451 4452
f 4451 4454 4453
f 4447 4450 4452
f 4447 4452 4459
f 4451 4453 4452
f 4452 4453 4460
f 4453 4457 4461
f 4454 4455 4457
f 4455 4456 4458
f 4456 4477 4458
f 4453 4454 4457
f 4455 4458 4457
f 4457 4458 4464
f 4452 4460 4459
f 4459 4460 4462
f 4453 4461 4460
f 4449 4459 4462
f 4457 4464 4461
f 4458 4477 4465
f 4460 4461 4463
f 4449 4462 4471
f 4462 4463 4472
f 4460 4463 4462
f 4461 4466 4463
f 4463 4466 4473
f 4461 4464 4466
f 4458 4465 4464
f 4464 4465 4467
f 4464 4467 4466
f 4465 4480 4468
f 4465 4468 4467
f 4466 4467 4475
f 4467 4468 4526
f 4469 4471 4470
f 4470 4471 4474
f 4470 4474 4518
f 4462 4472 4471
f 4471 4472 4474
f 4472 4522 4474
f 4463 4473 4472
f 4472 4473 4522
f 4473 4475 4524
f 4466 4475 4473
f 4467 4526 4475
f 4439 4477 4456
f 4439 4476 4477
f 4439 4442 4476
f 4442 4478 4476
f 4476 4480 4477
f 4465 4477 4480
f 4476 4478 4479
f 4476 4479 4480
f 4478 4557 4479
f 4445 4557 4478
f 4479 4560 4480
f 4468 4480 4560
f 4348 4482 4481
f 4481 4482 4484
f 4348 4483 4482
f 4482 4483 4485
f 4483 4487 4485
f 4482 4486 4484
f 4432 4484 4494
f 4484 4486 4494
f 4482 4485 4486
f 4485 4499 4486
f 4352 4487 4483
f 4352 4488 4487
f 4487 4488 4489
f 4363 4505 4488
f 4488 4505 4489
f 4489 4505 4507
f 4485 4487 4490
f 4485 4490 4499
f 4490 4501 4499
f 4489 4491 4490
f 4490 4491 4501
f 4487 4489 4490
f 4489 4507 4491
f 4492 4495 4497
f 4492 4497 4493
f 4445 4492 4556
f 4492 4493 4556
f 4493 4497 4498
f 4493 4498 4565
f 4432 4494 4495
f 4494 4497 4495
f 4486 4496 4494
f 4486 4499 4496
f 4494 4496 4497
f 4496 4498 4497
f 4496 4500 4498
f 4499 4501 4500
f 4496 4499 4500
f 4500 4501 4504
f 4491 4502 4501
f 4501 4502 4504
f 4498 4500 4503
f 4500 4504 4503
f 4498 4503 4565
f 4502 4515 4504
f 4503 4504 4573
f 4504 4515 4573
f 4365 4506 4505
f 4505 4506 4507
f 4365 4509 4506
f 4506 4509 4510
f 4491 4507 4512
f 4508 4511 4514
f 4506 4508 4507
f 4507 4508 4512
f 4506 4510 4508
f 4508 4510 4511
f 4491 4512 4502
f 4502 4512 4513
f 4512 4514 4513
f 4508 4514 4512
f 4513 4514 4517
f 4513 4516 4515
f 4502 4513 4515
f 4515 4585 4573
f 4515 4516 4585
f 4513 4517 4516
f 4516 4586 4585
f 4468 4562 4526
f 4474 4523 4518
f 4518 4523 4519
f 4519 4523 4531
f 4519 4531 4520
f 4520 4531 4535
f 4520 4535 4521
f 4521 4535 4538
f 4521 4538 4543
f 4474 4522 4523
f 4522 4530 4523
f 4473 4524 4522
f 4522 4524 4530
f 4524 4525 4530
f 4475 4527 4524
f 4475 4526 4527
f 4526 4562 4528
f 4526 4528 4527
f 4524 4527 4525
f 4528 4562 4574
f 4527 4528 4529
f 4525 4527 4529
f 4528 4533 4529
f 4528 4574 4533
f 4523 4530 4531
f 4530 4532 4531
f 4525 4532 4530
f 4525 4534 4532
f 4525 4529 4534
f 4529 4533 4540
f 4533 4574 4576
f 4533 4542 4540
f 4533 4576 4542
f 4542 4576 4578
f 4542 4578 4552
f 4531 4532 4535
f 4532 4536 4535
f 4532 4534 4536
f 4534 4537 4536
f 4535 4536 4538
f 4536 4539 4538
f 4538 4539 4546
f 4536 4537 4539
f 4537 4548 4539
f 4529 4540 4534
f 4534 4540 4537
f 4540 4542 4541
f 4537 4540 4541
f 4537 4541 4548
f 4541 4542 4552
f 4538 4546 4543
f 4543 4546 4544
f 4544 4546 4549
f 4544 4549 4545
f 4539 4547 4546
f 4546 4547 4549
f 4539 4548 4547
f 4547 4548 4550
f 4547 4554 4549
f 4547 4550 4554
f 4541 4551 4548
f 4541 4552 4551
f 4552 4589 4553
f 4551 4552 4553
f 4548 4551 4550
f 4551 4553 4555
f 4550 4551 4555
f 4479 4557 4561
f 4557 4558 4561
f 4445 4556 4557
f 4556 4558 4557
f 4493 4559 4556
f 4493 4565 4559
f 4556 4559 4558
f 4558 4559 4570
f 4560 4561 4563
f 4479 4561 4560
f 4468 4560 4562
f 4560 4563 4562
f 4558 4564 4561
f 4561 4564 4563
f 4563 4564 4575
f 4558 4570 4564
f 4503 4567 4565
f 4565 4567 4566
f 4559 4566 4570
f 4559 4565 4566
f 4503 4573 4567
f 4567 4573 4579
f 4566 4567 4572
f 4567 4579 4572
f 4564 4570 4568
f 4564 4568 4575
f 4568 4569 4577
f 4566 4571 4570
f 4568 4570 4571
f 4566 4572 4571
f 4571 4572 4582
f 4568 4571 4569
f 4569 4571 4582
f 4562 4563 4574
f 4563 4575 4574
f 4574 4575 4576
f 4575 4577 4576
f 4568 4577 4575
f 4577 4587 4578
f 4569 4587 4577
f 4576 4577 4578
f 4579 4585 4580
f 4572 4579 4581
f 4579 4580 4581
f 4580 4584 4581
f 4572 4581 4582
f 4581 4583 4582
f 4569 4582 4588
f 4582 4583 4588
f 4581 4584 4583
f 4583 4591 4588
f 4573 4585 4579
f 4580 4585 4586
f 4569 4588 4587
f 4587 4588 4590
f 4578 4587 4589
f 4552 4578 4589
f 4587 4590 4589
f 4588 4591 4590
f 4589 4590 4592
f 4553 4589 4592
f 4334 4946 4335
f 4335 4946 4359
f 4359 4954 4360
f 4360 4954 4366
f 4366 4961 4367
f 4367 4961 4509
f 4545 5140 4386
f 4509 5104 4510
f 4510 5105 4511
f 4511 5105 4514
f 4514 5110 4517
f 4516 4517 5110
f 4516 5184 4586
f 4545 4549 5140
f 4549 4554 5143
f 4550 5143 4554
f 4553 5144 4555
f 4550 4555 5144
f 4580 4586 5179
f 4580 5179 4584
f 4583 4584 5181
f 4583 5181 4591
f 4590 4591 5188
f 4590 5188 4592
f 4553 4592 5187
f 3208 4594 4593
f 3209 4595 4594
f 3232 4606 4595
f 3233 4607 4606
f 3234 4608 4607
f 3234 4609 4608
f 3283 4705 4609
f 3284 4706 4705
f 3284 4712 4706
f 3304 4713 4712
f 3306 4714 4713
f 3306 4715 4714
f 3307 4743 4715
f 3351 4744 4743
f 3353 4745 4744
f 3353 4756 4745
f 3365 4757 4756
f 3366 4758 4757
f 3366 4839 4758
f 3463 4840 4839
f 3474 4852 4840
f 3475 4853 4852
f 3504 4908 4853
f 3504 4909 4908
f 4909 3506 4938
f 4002 4593 4598
f 4002 4598 4596
f 4007 4596 4599
f 4008 4599 4597
f 4008 4597 4603
f 4036 4603 4631
f 4035 4631 4633
f 4037 4633 4632
f 4037 4632 4638
f 4043 4638 4637
f 4043 4637 4641
f 4045 4641 4643
f 4045 4643 4669
f 4075 4669 4668
f 4075 4668 4671
f 4080 4671 4674
f 4080 4674 4675
f 4082 4675 4676
f 4082 4676 4799
f 4205 4799 4800
f 4212 4800 4806
f 4213 4806 4807
f 4213 4807 4831
f 4221 4831 4832
f 4593 4594 4598
f 4594 4595 4601
f 4594 4601 4598
f 4595 4611 4601
f 4596 4598 4600
f 4596 4600 4599
f 4598 4601 4600
f 4600 4601 4610
f 4599 4600 4602
f 4600 4610 4602
f 4597 4599 4604
f 4597 4604 4603
f 4599 4602 4604
f 4602 4616 4604
f 4604 4616 4605
f 4603 4604 4605
f 4603 4605 4634
f 4595 4606 4611
f 4606 4613 4611
f 4606 4607 4613
f 4607 4620 4613
f 4607 4608 4620
f 4608 4624 4620
f 4608 4609 4624
f 4609 4707 4624
f 4601 4611 4610
f 4610 4611 4614
f 4602 4610 4612
f 4610 4614 4612
f 4611 4613 4614
f 4613 4620 4621
f 4613 4621 4614
f 4612 4614 4615
f 4614 4621 4615
f 4602 4612 4616
f 4612 4618 4616
f 4616 4618 4617
f 4605 4616 4617
f 4612 4615 4618
f 4615 4627 4618
f 4605 4617 4645
f 4617 4647 4645
f 4618 4627 4619
f 4617 4618 4619
f 4617 4619 4647
f 4619 4649 4647
f 4620 4622 4621
f 4620 4624 4622
f 4615 4621 4623
f 4621 4622 4623
f 4615 4623 4627
f 4622 4624 4625
f 4624 4707 4625
f 4622 4626 4623
f 4622 4625 4626
f 4625 4709 4626
f 4623 4629 4627
f 4627 4629 4628
f 4619 4627 4628
f 4619 4628 4649
f 4628 4660 4649
f 4623 4626 4629
f 4626 4711 4629
f 4629 4711 4630
f 4628 4629 4630
f 4628 4630 4660
f 4630 4719 4660
f 4603 4634 4631
f 4631 4634 4633
f 4632 4633 4635
f 4633 4634 4636
f 4605 4645 4634
f 4634 4645 4636
f 4633 4636 4635
f 4635 4636 4650
f 4632 4635 4638
f 4637 4638 4640
f 4635 4639 4638
f 4635 4650 4639
f 4638 4639 4640
f 4639 4653 4640
f 4637 4640 4641
f 4640 4642 4641
f 4640 4653 4642
f 4641 4642 4644
f 4641 4644 4643
f 4642 4667 4644
f 4645 4647 4646
f 4636 4645 4646
f 4636 4646 4650
f 4646 4647 4648
f 4647 4649 4648
f 4646 4648 4651
f 4648 4649 4658
f 4649 4660 4658
f 4646 4651 4650
f 4648 4659 4651
f 4651 4659 4654
f 4639 4650 4652
f 4650 4651 4652
f 4639 4652 4653
f 4652 4656 4653
f 4651 4654 4652
f 4652 4654 4656
f 4642 4653 4655
f 4653 4656 4655
f 4642 4655 4667
f 4655 4684 4667
f 4654 4663 4656
f 4656 4663 4657
f 4655 4656 4657
f 4655 4657 4684
f 4648 4658 4659
f 4658 4662 4659
f 4659 4662 4664
f 4658 4660 4661
f 4660 4719 4661
f 4658 4661 4662
f 4661 4736 4662
f 4654 4659 4664
f 4662 4665 4664
f 4662 4736 4665
f 4654 4664 4663
f 4663 4664 4666
f 4657 4663 4681
f 4663 4666 4681
f 4664 4665 4666
f 4665 4770 4666
f 4643 4644 4669
f 4668 4669 4672
f 4644 4670 4669
f 4644 4667 4670
f 4669 4670 4672
f 4670 4685 4672
f 4668 4672 4671
f 4671 4673 4677
f 4671 4672 4673
f 4672 4685 4673
f 4673 4685 4694
f 4671 4677 4674
f 4673 4694 4678
f 4674 4677 4675
f 4675 4677 4679
f 4673 4678 4677
f 4677 4678 4679
f 4675 4679 4676
f 4676 4679 4801
f 4678 4680 4679
f 4679 4680 4801
f 4657 4681 4689
f 4681 4690 4689
f 4666 4682 4681
f 4666 4770 4682
f 4681 4682 4690
f 4682 4692 4690
f 4667 4683 4670
f 4667 4684 4683
f 4670 4683 4685
f 4657 4689 4684
f 4683 4684 4687
f 4684 4689 4687
f 4683 4686 4685
f 4685 4686 4694
f 4683 4687 4686
f 4687 4691 4688
f 4686 4687 4688
f 4687 4689 4691
f 4689 4690 4691
f 4690 4693 4691
f 4691 4693 4699
f 4688 4691 4699
f 4690 4692 4693
f 4692 4789 4693
f 4686 4695 4694
f 4694 4695 4696
f 4686 4688 4695
f 4688 4700 4695
f 4695 4700 4698
f 4678 4694 4696
f 4695 4698 4696
f 4678 4696 4680
f 4680 4696 4697
f 4680 4697 4803
f 4696 4698 4697
f 4697 4698 4814
f 4698 4704 4814
f 4688 4699 4700
f 4699 4702 4700
f 4693 4701 4699
f 4693 4789 4701
f 4699 4701 4702
f 4700 4702 4704
f 4702 4818 4704
f 4701 4703 4702
f 4702 4703 4818
f 4698 4700 4704
f 4609 4705 4707
f 4705 4710 4707
f 4705 4706 4710
f 4625 4707 4708
f 4707 4710 4708
f 4625 4708 4709
f 4626 4709 4711
f 4708 4717 4709
f 4708 4710 4716
f 4630 4711 4720
f 4709 4721 4711
f 4706 4712 4710
f 4712 4713 4724
f 4713 4714 4724
f 4714 4715 4728
f 4709 4717 4721
f 4708 4716 4717
f 4710 4712 4716
f 4717 4718 4721
f 4716 4725 4717
f 4717 4725 4718
f 4711 4721 4720
f 4630 4720 4719
f 4719 4720 4723
f 4719 4723 4735
f 4720 4721 4722
f 4718 4722 4721
f 4720 4722 4723
f 4722 4731 4723
f 4723 4731 4738
f 4712 4724 4716
f 4716 4724 4725
f 4724 4727 4725
f 4718 4725 4726
f 4718 4730 4722
f 4718 4726 4730
f 4725 4727 4726
f 4714 4727 4724
f 4714 4728 4727
f 4726 4727 4729
f 4727 4728 4729
f 4726 4729 4733
f 4722 4730 4731
f 4726 4733 4730
f 4730 4734 4731
f 4731 4732 4738
f 4731 4734 4732
f 4730 4733 4734
f 4715 4743 4728
f 4661 4719 4735
f 4661 4735 4736
f 4735 4739 4736
f 4665 4736 4737
f 4736 4739 4737
f 4723 4738 4735
f 4735 4738 4739
f 4738 4775 4739
f 4737 4739 4769
f 4739 4775 4769
f 4665 4737 4770
f 4732 4775 4738
f 4728 4746 4729
f 4729 4747 4733
f 4733 4740 4734
f 4733 4747 4740
f 4732 4734 4741
f 4734 4740 4741
f 4732 4741 4777
f 4741 4742 4777
f 4740 4753 4741
f 4741 4753 4742
f 4743 4744 4748
f 4744 4745 4748
f 4745 4756 4759
f 4728 4743 4746
f 4729 4746 4747
f 4743 4748 4746
f 4746 4748 4749
f 4746 4749 4747
f 4747 4749 4752
f 4740 4747 4752
f 4740 4752 4753
f 4749 4751 4752
f 4748 4750 4749
f 4745 4750 4748
f 4749 4750 4751
f 4745 4759 4750
f 4750 4760 4751
f 4752 4754 4753
f 4742 4753 4755
f 4751 4754 4752
f 4753 4754 4755
f 4751 4761 4754
f 4756 4757 4759
f 4757 4758 4767
f 4750 4759 4760
f 4751 4760 4761
f 4759 4765 4760
f 4760 4766 4761
f 4754 4762 4755
f 4755 4762 4794
f 4754 4761 4762
f 4761 4763 4762
f 4761 4766 4763
f 4762 4764 4794
f 4762 4763 4764
f 4763 4844 4764
f 4764 4844 4889
f 4757 4765 4759
f 4760 4765 4766
f 4757 4767 4765
f 4765 4768 4766
f 4765 4767 4768
f 4766 4768 4843
f 4763 4766 4843
f 4763 4843 4844
f 4737 4769 4772
f 4737 4772 4770
f 4770 4772 4771
f 4682 4770 4771
f 4682 4771 4692
f 4769 4780 4772
f 4692 4771 4773
f 4771 4772 4774
f 4772 4780 4774
f 4771 4774 4773
f 4773 4774 4782
f 4774 4781 4782
f 4732 4777 4775
f 4769 4775 4776
f 4775 4777 4776
f 4769 4776 4780
f 4776 4777 4778
f 4776 4779 4780
f 4742 4778 4777
f 4776 4778 4779
f 4742 4793 4778
f 4778 4793 4783
f 4778 4783 4779
f 4774 4780 4781
f 4779 4781 4780
f 4692 4773 4789
f 4773 4782 4790
f 4782 4786 4790
f 4779 4783 4785
f 4783 4796 4785
f 4779 4785 4781
f 4781 4785 4784
f 4781 4784 4782
f 4782 4784 4786
f 4784 4785 4787
f 4784 4788 4786
f 4786 4788 4872
f 4785 4796 4787
f 4784 4787 4788
f 4787 4891 4863
f 4787 4863 4788
f 4773 4790 4789
f 4701 4789 4791
f 4789 4790 4791
f 4701 4791 4703
f 4791 4792 4866
f 4703 4791 4866
f 4790 4792 4791
f 4786 4792 4790
f 4786 4872 4792
f 4742 4755 4793
f 4783 4793 4795
f 4755 4794 4793
f 4793 4794 4795
f 4783 4795 4796
f 4794 4798 4795
f 4795 4798 4797
f 4795 4797 4796
f 4796 4797 4891
f 4764 4798 4794
f 4798 4889 4888
f 4797 4798 4888
f 4764 4889 4798
f 4787 4796 4891
f 4676 4801 4799
f 4799 4801 4802
f 4680 4803 4801
f 4801 4803 4802
f 4802 4803 4805
f 4799 4802 4800
f 4800 4802 4804
f 4800 4804 4806
f 4802 4805 4804
f 4804 4805 4809
f 4804 4808 4806
f 4806 4808 4807
f 4804 4809 4808
f 4808 4809 4811
f 4807 4808 4810
f 4807 4810 4831
f 4808 4811 4810
f 4810 4811 4812
f 4697 4813 4803
f 4803 4813 4805
f 4697 4814 4813
f 4813 4814 4816
f 4814 4817 4816
f 4805 4813 4815
f 4805 4815 4809
f 4813 4816 4815
f 4816 4819 4823
f 4815 4816 4823
f 4703 4867 4818
f 4704 4817 4814
f 4704 4818 4817
f 4817 4818 4820
f 4818 4867 4820
f 4816 4817 4819
f 4817 4820 4819
f 4819 4821 4827
f 4819 4827 4823
f 4820 4867 4871
f 4820 4871 4821
f 4819 4820 4821
f 4821 4871 4879
f 4809 4815 4822
f 4809 4822 4811
f 4815 4823 4822
f 4823 4827 4824
f 4822 4823 4824
f 4822 4824 4825
f 4811 4822 4825
f 4811 4825 4812
f 4812 4825 4835
f 4824 4826 4825
f 4825 4826 4835
f 4827 4828 4829
f 4824 4827 4829
f 4821 4828 4827
f 4821 4879 4828
f 4824 4829 4826
f 4826 4829 4837
f 4829 4830 4837
f 4828 4830 4829
f 4828 4882 4830
f 4810 4833 4831
f 4831 4833 4832
f 4810 4812 4833
f 4812 4834 4833
f 4812 4835 4834
f 4826 4836 4835
f 4826 4837 4836
f 4830 4919 4838
f 4830 4838 4837
f 4758 4839 4767
f 4839 4840 4847
f 4840 4852 4847
f 4767 4842 4768
f 4768 4841 4843
f 4768 4842 4841
f 4767 4839 4842
f 4843 4845 4844
f 4844 4846 4889
f 4841 4845 4843
f 4844 4845 4846
f 4846 4890 4889
f 4839 4847 4842
f 4842 4847 4848
f 4841 4842 4848
f 4841 4848 4851
f 4847 4854 4848
f 4848 4855 4851
f 4841 4851 4845
f 4845 4851 4850
f 4846 4849 4890
f 4845 4850 4846
f 4846 4850 4849
f 4849 4850 4856
f 4850 4851 4857
f 4852 4853 4858
f 4853 4908 4858
f 4847 4852 4854
f 4848 4854 4855
f 4852 4858 4854
f 4854 4859 4855
f 4850 4857 4856
f 4849 4856 4904
f 4856 4860 4904
f 4851 4855 4857
f 4855 4862 4857
f 4856 4857 4861
f 4854 4858 4859
f 4855 4859 4862
f 4858 4910 4859
f 4858 4908 4910
f 4859 4911 4862
f 4859 4910 4911
f 4862 4911 4912
f 4857 4862 4861
f 4856 4861 4860
f 4861 4862 4912
f 4861 4912 4913
f 4860 4861 4913
f 4860 4913 4934
f 4788 4864 4872
f 4788 4863 4864
f 4863 4865 4864
f 4864 4865 4875
f 4865 4876 4875
f 4703 4866 4867
f 4866 4869 4867
f 4792 4868 4866
f 4792 4872 4868
f 4866 4868 4869
f 4867 4869 4871
f 4869 4877 4871
f 4868 4873 4870
f 4868 4870 4869
f 4869 4870 4877
f 4870 4878 4877
f 4871 4877 4879
f 4868 4872 4873
f 4864 4873 4872
f 4864 4875 4873
f 4870 4873 4874
f 4873 4875 4874
f 4874 4875 4884
f 4870 4874 4878
f 4877 4878 4880
f 4828 4879 4882
f 4877 4880 4879
f 4879 4880 4882
f 4878 4881 4880
f 4880 4881 4920
f 4880 4920 4882
f 4874 4884 4883
f 4874 4883 4878
f 4878 4883 4881
f 4875 4876 4884
f 4876 4885 4884
f 4884 4885 4886
f 4883 4884 4886
f 4883 4886 4922
f 4881 4883 4922
f 4885 4924 4886
f 4797 4887 4891
f 4888 4889 4890
f 4797 4888 4887
f 4888 4890 4893
f 4887 4888 4893
f 4863 4891 4892
f 4887 4892 4891
f 4887 4896 4892
f 4863 4892 4865
f 4890 4897 4893
f 4887 4893 4896
f 4893 4894 4896
f 4893 4897 4894
f 4892 4896 4895
f 4865 4892 4895
f 4895 4896 4900
f 4865 4895 4876
f 4894 4900 4896
f 4849 4897 4890
f 4849 4904 4897
f 4894 4897 4905
f 4894 4905 4898
f 4898 4905 4907
f 4895 4900 4899
f 4876 4895 4899
f 4899 4900 4902
f 4876 4899 4885
f 4894 4898 4900
f 4898 4902 4900
f 4898 4907 4903
f 4903 4907 4935
f 4885 4899 4901
f 4885 4901 4924
f 4899 4902 4901
f 4901 4902 4928
f 4898 4903 4902
f 4902 4903 4928
f 4897 4904 4905
f 4904 4906 4905
f 4860 4906 4904
f 4905 4906 4907
f 4906 4933 4907
f 4860 4934 4906
f 4906 4934 4933
f 4907 4933 4935
f 4908 4909 4914
f 4908 4914 4910
f 4910 4915 4911
f 4911 4916 4912
f 4910 4914 4915
f 4911 4915 4916
f 4918 4936 4934
f 4912 4917 4913
f 4913 4918 4934
f 4912 4916 4917
f 4913 4917 4918
f 4881 4923 4920
f 4920 4923 4921
f 4830 4882 4919
f 4882 4920 4919
f 4919 4920 4921
f 4881 4922 4923
f 4922 4926 4923
f 4922 4925 4926
f 4886 4925 4922
f 4886 4924 4925
f 4924 4927 4925
f 4901 4929 4924
f 4901 4928 4929
f 4928 4932 4929
f 4903 4930 4928
f 4903 4935 4930
f 4928 4930 4932
f 4930 4935 4931
f 4933 4934 4936
f 4933 4937 4935
f 4933 4936 4937
f 4931 4935 4937
f 4924 4929 4927
f 4909 4938 4939
f 4832 4833 4948
f 4833 4834 4948
f 4834 4835 4950
f 4835 4836 4950
f 4836 4837 4952
f 4838 4919 4951
f 4837 4838 4951
f 4909 4987 4914
f 4914 4987 4915
f 4915 4988 4916
f 4916 4989 4917
f 4917 4991 4918
f 4918 4991 4936
f 4921 4923 5001
f 4919 4921 4997
f 4923 4926 4999
f 4925 4999 4926
f 4925 4927 5000
f 4929 4932 5007
f 4930 5006 4932
f 4930 4931 5009
f 4936 5010 4937
f 4931 4937 5011
f 4927 4929 5000
f 4334 4832 4945
f 4334 4945 4946
f 4359 4946 4953
f 4359 4953 4954
f 4366 4954 4960
f 4366 4960 4961
f 4509 4961 5103
f 5140 5084 4386
f 4509 5103 5104
f 4510 5104 5105
f 4514 5105 5111
f 4514 5111 5110
f 4516 5110 5114
f 4516 5114 5184
f 4549 5145 5140
f 4549 5143 5145
f 4550 5146 5143
f 4553 5187 5150
f 4553 5150 5144
f 4550 5144 5146
f 4584 5179 5178
f 4584 5178 5181
f 4591 5181 5186
f 4586 5184 5179
f 4591 5186 5188
f 4592 5188 5187
f 4909 4939 4985
f 4832 4948 4945
f 4834 4947 4948
f 4834 4950 4947
f 4836 4949 4950
f 4836 4952 4949
f 4837 4951 4952
f 4909 4985 4987
f 4915 4987 4988
f 4916 4988 4989
f 4917 4990 4991
f 4917 4989 4990
f 4921 5001 4996
f 4919 4997 4951
f 4921 4996 4997
f 4923 4999 5001
f 4925 5003 4999
f 4925 5000 5003
f 4929 5007 5000
f 4932 5006 5007
f 4930 5009 5006
f 4931 5005 5009
f 4936 4991 5010
f 4937 5010 5011
f 4931 5011 5005
f 4985 4939 4940
f 4985 4940 4986
f 4986 4940 4941
f 5015 4941 4942
f 5016 4942 4943
f 4986 4941 5015
f 5015 4942 5016
f 5026 4943 4944
f 5027 4944 5092
f 5016 4943 5026
f 5027 5092 5219
f 5026 4944 5027
f 4945 4948 4946
f 4946 4948 4955
f 4947 4956 4948
f 4948 4956 4955
f 4947 4950 4956
f 4949 4968 4950
f 4949 4952 4968
f 4951 4997 4973
f 4951 4973 4952
f 4946 4955 4953
f 4953 4955 4958
f 4955 4956 4957
f 4955 4957 4958
f 4953 4958 4954
f 4954 4958 4962
f 4957 4959 4958
f 4958 4959 4962
f 4954 4962 4960
f 4960 4964 4961
f 4960 4962 4964
f 4959 4963 4962
f 4962 4963 4964
f 4961 4964 4965
f 4961 4965 5103
f 4963 4966 4964
f 4965 4966 5107
f 4964 4966 4965
f 4950 4967 4956
f 4956 4967 4957
f 4957 4967 4969
f 4950 4968 4967
f 4967 4968 4970
f 4957 4969 4959
f 4959 4969 4976
f 4967 4970 4969
f 4969 4970 4971
f 4969 4971 4976
f 4970 4974 4971
f 4952 4972 4968
f 4952 4973 4972
f 4968 4972 4970
f 4972 4973 4975
f 4973 5042 4975
f 4972 4975 4974
f 4970 4972 4974
f 4974 4975 4981
f 4975 5045 4981
f 4959 4976 4963
f 4963 4976 4978
f 4971 4980 4977
f 4971 4977 4976
f 4976 4977 4978
f 4963 4978 4966
f 4966 4978 5116
f 4977 4979 4978
f 4977 4983 4979
f 4978 4979 5116
f 4974 4981 4980
f 4971 4974 4980
f 4977 4980 4983
f 4980 4982 4983
f 4980 4981 4982
f 4981 5045 5055
f 4981 5055 4982
f 4982 5055 5056
f 4984 5056 5121
f 4979 4983 5123
f 4983 4984 5123
f 4982 4984 4983
f 4982 5056 4984
f 4985 4986 4987
f 4987 4992 4988
f 4988 4993 4989
f 4986 4992 4987
f 4988 4992 4993
f 4989 4993 4994
f 4991 5013 5010
f 4989 4994 4990
f 4990 4995 4991
f 4990 4994 4995
f 4991 4995 5013
f 4996 5001 4998
f 4998 5001 5040
f 4973 4997 5042
f 4997 4998 5042
f 4996 4998 4997
f 4999 5002 5001
f 4999 5003 5002
f 5001 5002 5040
f 5000 5004 5003
f 5002 5003 5046
f 5003 5004 5046
f 5006 5008 5007
f 5004 5007 5063
f 5007 5008 5063
f 5006 5009 5008
f 5005 5014 5009
f 5008 5009 5064
f 5009 5014 5064
f 5010 5012 5011
f 5005 5011 5014
f 5010 5013 5012
f 5011 5012 5014
f 5000 5007 5004
f 4986 5015 5017
f 5015 5016 5017
f 4986 5017 4992
f 4992 5017 5018
f 4992 5018 4993
f 4993 5021 4994
f 4993 5018 5021
f 5017 5022 5018
f 5018 5023 5021
f 4994 5020 4995
f 4994 5021 5020
f 4995 5019 5013
f 4995 5020 5019
f 5020 5021 5025
f 5019 5020 5024
f 5016 5022 5017
f 5018 5022 5023
f 5016 5028 5022
f 5022 5029 5023
f 5019 5024 5072
f 5024 5025 5031
f 5024 5030 5072
f 5021 5023 5025
f 5020 5025 5024
f 5023 5032 5025
f 5016 5026 5028
f 5026 5027 5028
f 5027 5219 5227
f 5022 5028 5029
f 5023 5029 5032
f 5028 5034 5029
f 5027 5034 5028
f 5029 5033 5032
f 5029 5034 5033
f 5024 5031 5030
f 5031 5032 5035
f 5032 5033 5035
f 5030 5036 5078
f 5030 5031 5036
f 5031 5035 5036
f 5025 5032 5031
f 5034 5227 5228
f 5033 5034 5228
f 5033 5228 5037
f 5027 5227 5034
f 5033 5037 5035
f 5035 5038 5036
f 5036 5080 5078
f 5035 5037 5038
f 5036 5038 5080
f 4998 5040 5041
f 5040 5044 5041
f 4998 5041 5042
f 5041 5044 5043
f 4975 5042 5045
f 5041 5045 5042
f 5041 5043 5045
f 5002 5046 5047
f 5002 5047 5040
f 5004 5048 5046
f 5040 5047 5044
f 5047 5049 5059
f 5044 5047 5059
f 5046 5048 5049
f 5046 5049 5047
f 5039 5061 5049
f 5039 5049 5048
f 5039 5050 5061
f 5050 5051 5061
f 5051 5247 5062
f 5050 5052 5051
f 5051 5052 5247
f 5043 5053 5055
f 5053 5056 5055
f 5043 5054 5053
f 5043 5044 5054
f 5054 5060 5058
f 5053 5054 5058
f 5043 5055 5045
f 5053 5057 5056
f 5056 5057 5121
f 5053 5058 5057
f 5057 5058 5252
f 5058 5062 5252
f 5054 5059 5060
f 5049 5061 5059
f 5059 5061 5060
f 5044 5059 5054
f 5051 5060 5061
f 5058 5060 5062
f 5051 5062 5060
f 5014 5070 5064
f 5064 5070 5066
f 5008 5065 5063
f 5004 5063 5048
f 5048 5063 5067
f 5063 5065 5067
f 5008 5064 5065
f 5064 5066 5065
f 5066 5070 5071
f 5066 5071 5073
f 5071 5083 5073
f 5065 5068 5067
f 5039 5048 5067
f 5067 5068 5075
f 5039 5067 5075
f 5065 5066 5068
f 5066 5073 5068
f 5012 5069 5070
f 5012 5013 5069
f 5013 5019 5069
f 5012 5070 5014
f 5019 5072 5069
f 5069 5071 5070
f 5069 5072 5071
f 5071 5072 5083
f 5073 5083 5074
f 5074 5083 5078
f 5073 5074 5076
f 5074 5077 5076
f 5068 5076 5075
f 5039 5075 5050
f 5075 5076 5081
f 5050 5075 5081
f 5068 5073 5076
f 5077 5268 5082
f 5074 5078 5079
f 5074 5079 5077
f 5078 5080 5079
f 5077 5079 5268
f 5076 5077 5081
f 5050 5081 5052
f 5052 5081 5082
f 5077 5082 5081
f 5030 5083 5072
f 5030 5078 5083
f 5141 5085 5084
f 5142 5086 5085
f 5140 5141 5084
f 5141 5142 5085
f 5153 5087 5086
f 5154 5088 5087
f 5156 5090 5088
f 5155 5089 5090
f 5142 5153 5086
f 5153 5154 5087
f 5155 5297 5089
f 5154 5156 5088
f 5155 5090 5156
f 5219 5092 5093
f 5220 5093 5091
f 5219 5093 5220
f 5218 5220 5091
f 5218 5091 5094
f 5231 5094 5095
f 5232 5095 5096
f 5218 5094 5231
f 5231 5095 5232
f 5232 5096 5233
f 5233 5096 5274
f 5298 5100 5102
f 5274 5097 5098
f 5275 5098 5099
f 5276 5099 5100
f 5277 5100 5298
f 5274 5098 5275
f 5276 5100 5277
f 5275 5099 5276
f 5297 5101 5089
f 5298 5102 5101
f 5297 5298 5101
f 5274 5096 5097
f 4965 5106 5103
f 5103 5106 5104
f 4965 5107 5106
f 5106 5107 5109
f 5105 5108 5111
f 5109 5119 5112
f 5104 5108 5105
f 5104 5106 5108
f 5106 5109 5108
f 5108 5109 5112
f 5108 5112 5111
f 5110 5111 5113
f 5112 5119 5130
f 5111 5112 5113
f 5112 5130 5113
f 5110 5113 5114
f 5114 5185 5184
f 5113 5115 5114
f 5113 5130 5115
f 5114 5115 5185
f 5115 5209 5185
f 4966 5116 5107
f 5107 5116 5117
f 5107 5117 5109
f 4979 5118 5116
f 4979 5123 5118
f 5116 5118 5117
f 5117 5120 5119
f 5119 5120 5129
f 5118 5124 5120
f 5120 5131 5129
f 5120 5124 5131
f 5109 5117 5119
f 5117 5118 5120
f 4984 5122 5123
f 5122 5124 5123
f 4984 5121 5122
f 5121 5126 5122
f 5118 5123 5124
f 5122 5125 5124
f 5124 5125 5131
f 5122 5126 5125
f 5125 5126 5136
f 5126 5253 5136
f 5127 5138 5139
f 5127 5193 5138
f 5127 5139 5128
f 5128 5139 5137
f 5127 5128 5202
f 5128 5259 5202
f 5119 5129 5130
f 5129 5133 5130
f 5129 5131 5132
f 5129 5132 5133
f 5131 5135 5132
f 5115 5130 5133
f 5115 5133 5209
f 5133 5134 5209
f 5132 5134 5133
f 5132 5138 5134
f 5134 5138 5193
f 5125 5136 5135
f 5125 5135 5131
f 5132 5135 5138
f 5135 5136 5139
f 5135 5139 5138
f 5136 5253 5137
f 5136 5137 5139
f 5140 5145 5141
f 5141 5148 5142
f 5141 5145 5148
f 5142 5148 5160
f 5143 5147 5145
f 5143 5146 5147
f 5145 5147 5148
f 5147 5159 5148
f 5146 5149 5147
f 5147 5149 5159
f 5144 5150 5151
f 5144 5151 5146
f 5149 5151 5164
f 5151 5152 5164
f 5150 5191 5152
f 5150 5152 5151
f 5146 5151 5149
f 5173 5208 5281
f 5142 5160 5153
f 5153 5160 5162
f 5154 5162 5175
f 5153 5162 5154
f 5155 5168 5301
f 5154 5175 5156
f 5156 5175 5168
f 5155 5156 5168
f 5152 5211 5165
f 5165 5211 5213
f 5157 5172 5166
f 5157 5166 5165
f 5157 5165 5213
f 5157 5213 5214
f 5148 5159 5160
f 5159 5163 5160
f 5149 5158 5159
f 5158 5163 5159
f 5162 5176 5175
f 5162 5163 5176
f 5158 5161 5163
f 5161 5176 5163
f 5160 5163 5162
f 5149 5164 5158
f 5164 5165 5166
f 5158 5164 5166
f 5152 5165 5164
f 5158 5166 5161
f 5161 5166 5172
f 5168 5177 5169
f 5168 5169 5301
f 5167 5170 5177
f 5169 5177 5170
f 5169 5170 5300
f 5171 5214 5208
f 5171 5174 5172
f 5167 5172 5174
f 5157 5171 5172
f 5157 5214 5171
f 5170 5174 5303
f 5173 5303 5174
f 5171 5208 5173
f 5171 5173 5174
f 5167 5174 5170
f 5175 5176 5177
f 5168 5175 5177
f 5161 5167 5176
f 5167 5177 5176
f 5161 5172 5167
f 5178 5179 5182
f 5179 5185 5180
f 5179 5180 5182
f 5180 5198 5182
f 5178 5182 5181
f 5181 5189 5186
f 5181 5182 5183
f 5182 5198 5183
f 5181 5183 5189
f 5183 5195 5189
f 5179 5184 5185
f 5180 5185 5209
f 5186 5189 5188
f 5187 5188 5191
f 5188 5189 5190
f 5189 5195 5190
f 5188 5190 5191
f 5190 5211 5191
f 5152 5191 5211
f 5150 5187 5191
f 5180 5209 5192
f 5134 5192 5209
f 5180 5192 5198
f 5192 5194 5198
f 5134 5193 5192
f 5192 5193 5194
f 5194 5200 5199
f 5193 5200 5194
f 5195 5196 5210
f 5196 5199 5205
f 5196 5205 5212
f 5183 5198 5197
f 5194 5197 5198
f 5183 5197 5195
f 5195 5197 5196
f 5194 5199 5197
f 5196 5197 5199
f 5201 5203 5207
f 5203 5305 5207
f 5127 5200 5193
f 5127 5202 5200
f 5199 5200 5201
f 5200 5202 5201
f 5202 5259 5203
f 5201 5202 5203
f 5201 5207 5205
f 5204 5205 5207
f 5204 5212 5205
f 5204 5207 5206
f 5206 5207 5305
f 5204 5206 5208
f 5206 5281 5208
f 5199 5201 5205
f 5190 5210 5211
f 5190 5195 5210
f 5210 5213 5211
f 5210 5212 5213
f 5212 5214 5213
f 5196 5212 5210
f 5204 5214 5212
f 5204 5208 5214
f 5242 5287 5288
f 5243 5288 5293
f 5215 5216 5267
f 5215 5240 5216
f 5216 5240 5217
f 5217 5293 5294
f 5217 5243 5293
f 5216 5217 5294
f 5216 5290 5267
f 5216 5294 5290
f 5219 5220 5227
f 5218 5223 5220
f 5038 5222 5080
f 5038 5221 5222
f 5221 5225 5222
f 5223 5224 5229
f 5224 5226 5230
f 5223 5235 5224
f 5224 5236 5226
f 5225 5238 5271
f 5225 5237 5238
f 5221 5230 5226
f 5221 5226 5225
f 5222 5225 5271
f 5225 5226 5237
f 5227 5229 5228
f 5037 5228 5230
f 5220 5229 5227
f 5228 5229 5230
f 5037 5221 5038
f 5037 5230 5221
f 5220 5223 5229
f 5224 5230 5229
f 5218 5231 5223
f 5231 5232 5241
f 5232 5233 5241
f 5234 5239 5236
f 5223 5231 5235
f 5224 5235 5236
f 5231 5241 5235
f 5234 5235 5241
f 5234 5236 5235
f 5236 5239 5237
f 5237 5240 5238
f 5237 5239 5240
f 5215 5238 5240
f 5226 5236 5237
f 5234 5241 5242
f 5233 5242 5241
f 5234 5242 5243
f 5234 5243 5239
f 5233 5287 5242
f 5242 5288 5243
f 5217 5240 5239
f 5217 5239 5243
f 5244 5254 5245
f 5244 5255 5254
f 5062 5247 5245
f 5245 5247 5249
f 5052 5082 5246
f 5052 5246 5247
f 5246 5269 5250
f 5246 5249 5247
f 5248 5250 5269
f 5248 5261 5250
f 5244 5245 5249
f 5249 5250 5263
f 5250 5261 5263
f 5244 5249 5263
f 5246 5250 5249
f 5057 5252 5251
f 5057 5251 5121
f 5121 5251 5126
f 5251 5252 5254
f 5245 5254 5252
f 5126 5251 5253
f 5251 5254 5253
f 5253 5254 5255
f 5062 5245 5252
f 5137 5255 5258
f 5244 5256 5255
f 5244 5263 5256
f 5256 5260 5258
f 5256 5264 5260
f 5255 5256 5258
f 5257 5304 5260
f 5258 5260 5259
f 5128 5137 5258
f 5128 5258 5259
f 5259 5260 5304
f 5257 5260 5264
f 5261 5265 5264
f 5248 5273 5262
f 5215 5262 5273
f 5248 5262 5261
f 5215 5267 5262
f 5261 5262 5265
f 5256 5263 5264
f 5261 5264 5263
f 5265 5267 5266
f 5257 5264 5265
f 5266 5267 5290
f 5257 5265 5266
f 5262 5267 5265
f 5137 5253 5255
f 5082 5268 5269
f 5268 5270 5272
f 5270 5271 5272
f 5268 5272 5269
f 5079 5080 5270
f 5079 5270 5268
f 5080 5222 5270
f 5222 5271 5270
f 5082 5269 5246
f 5271 5273 5272
f 5248 5269 5272
f 5248 5272 5273
f 5238 5273 5271
f 5215 5273 5238
f 5277 5298 5302
f 5274 5275 5287
f 5276 5277 5295
f 5275 5276 5295
f 5284 5307 5292
f 5280 5300 5285
f 5278 5296 5280
f 5279 5299 5280
f 5277 5302 5279
f 5278 5280 5285
f 5279 5280 5296
f 5281 5284 5282
f 5281 5308 5284
f 5282 5285 5303
f 5173 5281 5282
f 5278 5285 5283
f 5282 5284 5283
f 5283 5284 5292
f 5282 5283 5285
f 5278 5291 5286
f 5286 5289 5296
f 5287 5289 5288
f 5286 5293 5288
f 5275 5289 5287
f 5275 5295 5289
f 5286 5288 5289
f 5290 5292 5307
f 5290 5294 5292
f 5283 5292 5291
f 5286 5291 5293
f 5291 5292 5294
f 5291 5294 5293
f 5279 5296 5295
f 5289 5295 5296
f 5278 5286 5296
f 5277 5279 5295
f 5278 5283 5291
f 5297 5302 5298
f 5297 5301 5302
f 5155 5301 5297
f 5169 5299 5301
f 5299 5302 5301
f 5169 5300 5299
f 5170 5303 5300
f 5280 5299 5300
f 5279 5302 5299
f 5173 5282 5303
f 5285 5300 5303
f 5233 5274 5287
f 5304 5306 5305
f 5305 5306 5308
f 5203 5304 5305
f 5266 5307 5306
f 5257 5306 5304
f 5257 5266 5306
f 5306 5307 5308
f 5284 5308 5307
f 5203 5259 5304
f 5206 5305 5308
f 5206 5308 5281
f 5266 5290 5307
f 2790 3858 2930
f 2930 3858 2931
f 2931 3858 2932
f 2932 3858 2933
f 2934 2933 3858
f 2934 3858 2935
f 3142 2935 3858
f 3143 3142 3858
f 3143 3858 3144
f 3144 3858 3145
f 3145 3858 3146
f 3147 3146 3858
f 3148 3147 3858
f 3148 3858 3149
f 3150 3149 3858
f 3150 3858 3151
f 3152 3151 3858
f 3153 3152 3858
f 3154 3153 3858
f 3154 3858 3155
f 3156 3155 3858
f 3156 3858 3157
f 3158 3157 3858
f 3159 3158 3858
f 3159 3858 3160
f 4938 3506 2790
f 2790 3506 3858
f 3506 3646 3858
f 3647 3858 3646
f 3872 3873 3858
f 3859 3858 3874
f 3859 3863 3860
f 3861 3864 3862
f 3861 3860 3864
f 3859 3876 3875
f 3874 3858 3873
f 3859 3874 3876
f 3859 3875 3863
f 3864 3860 3863
f 3647 3648 3858
f 3649 3858 3648
f 3650 3651 3858
f 3649 3650 3858
f 3651 3866 3858
f 3867 3858 3866
f 3867 3865 3858
f 3868 3858 3865
f 3868 3869 3858
f 3869 3870 3858
f 3871 3858 3870
f 3872 3858 3871
f 2790 4222 4938
f 4223 4386 4222
f 4224 4386 4223
f 4225 4386 4224
f 4225 4226 4386
f 4226 4227 4386
f 4227 4228 4386
f 4228 4368 4386
f 4368 4369 4386
f 4370 4386 4369
f 4371 4386 4370
f 4371 4372 4386
f 4372 4373 4386
f 4373 4374 4386
f 4374 4375 4386
f 4375 4376 4386
f 4376 4377 4386
f 4377 4378 4384
f 4378 4379 4383
f 4379 4380 4383
f 4380 4381 4382
f 4378 4383 4384
f 4380 4382 4383
f 4377 4384 4385
f 4386 4377 4385
f 4222 4386 4938
f 4938 4386 4939
f 4939 4386 4940
f 5084 5085 4386
f 5085 5086 4386
f 5086 5087 4386
f 5087 5088 4386
f 5090 4386 5088
f 5096 5095 4386
f 5098 4386 5099
f 5096 4386 5097
f 5097 4386 5098
f 5102 4386 5101
f 5100 4386 5102
f 5089 4386 5090
f 5089 5101 4386
f 5100 5099 4386
f 4940 4386 4941
f 4941 4386 4942
f 4942 4386 4943
f 4944 4943 4386
f 5092 4944 4386
f 5093 4386 5091
f 5092 4386 5093
f 5091 4386 5094
f 5094 4386 5095
f 5313 5317 5316
f 5313 5318 5314
f 5313 5314 5320
f 5313 5316 5318
f 5313 5319 5317
f 5309 5310 5321
f 5310 5311 5323
f 5309 5321 5312
f 5312 5324 5315
f 5311 5313 5323
f 5309 5339 5310
f 5309 5312 5339
f 5310 5339 5311
f 5311 5339 5313
f 5312 5315 5339
f 5313 5339 5319
f 5315 5327 5333
f 5313 5320 5357
f 5310 5322 5321
f 5310 5323 5322
f 5312 5321 5324
f 5315 5324 5327
f 5313 5325 5323
f 5324 5330 5327
f 5324 5326 5330
f 5324 5332 5326
f 5327 5328 5329
f 5327 5329 5331
f 5327 5330 5328
f 5327 5331 5346
f 5313 5370 5325
f 5321 5322 5375
f 5322 5323 5375
f 5321 5375 5324
f 5323 5325 5375
f 5324 5375 5332
f 5315 5333 5339
f 5339 5334 5319
f 5339 5335 5334
f 5339 5336 5335
f 5333 5338 5339
f 5339 5340 5341
f 5339 5341 5343
f 5339 5337 5336
f 5339 5342 5337
f 5339 5344 5342
f 5333 5350 5338
f 5338 5350 5339
f 5339 5352 5340
f 5340 5353 5341
f 5341 5353 5343
f 5339 5381 5344
f 5339 5343 5388
f 5327 5345 5333
f 5327 5346 5345
f 5333 5345 5350
f 5339 5350 5351
f 5339 5351 5352
f 5340 5352 5353
f 5343 5353 5355
f 5345 5346 5347
f 5345 5347 5348
f 5345 5348 5350
f 5350 5348 5351
f 5351 5354 5352
f 5351 5348 5349
f 5351 5349 5354
f 5352 5354 5356
f 5352 5356 5353
f 5343 5355 5400
f 5353 5356 5393
f 5353 5393 5355
f 5313 5357 5358
f 5313 5358 5370
f 5358 5357 5360
f 5360 5359 5361
f 5360 5357 5359
f 5361 5359 5364
f 5361 5364 5365
f 5361 5365 5362
f 5362 5365 5363
f 5363 5365 5366
f 5368 5366 5367
f 5363 5366 5368
f 5358 5360 5372
f 5360 5361 5372
f 5361 5362 5374
f 5362 5363 5375
f 5363 5368 5375
f 5368 5367 5382
f 5325 5370 5375
f 5375 5369 5332
f 5358 5372 5370
f 5361 5373 5372
f 5361 5374 5373
f 5362 5375 5374
f 5368 5380 5375
f 5375 5371 5369
f 5375 5376 5371
f 5370 5372 5375
f 5372 5373 5375
f 5373 5374 5375
f 5375 5377 5376
f 5375 5378 5377
f 5375 5379 5378
f 5368 5398 5380
f 5375 5394 5379
f 5375 5380 5398
f 5339 5389 5381
f 5339 5388 5390
f 5339 5392 5389
f 5339 5391 5392
f 5339 5390 5391
f 5343 5400 5388
f 5368 5382 5386
f 5368 5386 5398
f 5386 5385 5383
f 5386 5383 5387
f 5386 5382 5384
f 5386 5384 5385
f 5389 5387 5381
f 5386 5387 5389
f 5388 5402 5390
f 5386 5389 5401
f 5389 5392 5401
f 5390 5402 5391
f 5391 5404 5392
f 5355 5393 5400
f 5375 5396 5394
f 5375 5398 5401
f 5375 5400 5396
f 5375 5403 5402
f 5375 5401 5404
f 5375 5404 5403
f 5375 5402 5400
f 5388 5400 5402
f 5386 5401 5398
f 5392 5404 5401
f 5391 5402 5403
f 5391 5403 5404
f 5400 5395 5397
f 5400 5393 5399
f 5400 5399 5395
f 5400 5397 5396
f 5316 5317 5329
f 5318 5316 5328
f 5318 5330 5314
f 5319 5331 5317
f 5314 5326 5320
f 5332 5357 5320
f 5316 5329 5328
f 5318 5328 5330
f 5314 5330 5326
f 5317 5331 5329
f 5320 5326 5332
f 5346 5331 5319
f 5319 5334 5346
f 5347 5334 5335
f 5348 5335 5336
f 5336 5337 5349
f 5354 5337 5342
f 5356 5342 5344
f 5334 5347 5346
f 5335 5348 5347
f 5336 5349 5348
f 5354 5349 5337
f 5354 5342 5356
f 5393 5356 5344
f 5369 5359 5357
f 5359 5371 5364
f 5365 5364 5376
f 5377 5366 5365
f 5367 5366 5378
f 5367 5379 5382
f 5357 5332 5369
f 5371 5359 5369
f 5371 5376 5364
f 5377 5365 5376
f 5366 5377 5378
f 5367 5378 5379
f 5344 5381 5393
f 5381 5387 5399
f 5382 5394 5384
f 5387 5383 5395
f 5385 5397 5383
f 5384 5396 5385
f 5379 5394 5382
f 5381 5399 5393
f 5384 5394 5396
f 5387 5395 5399
f 5383 5397 5395
f 5385 5396 5397
f 5410 5412 5411
f 5405 5413 5406
f 5405 5408 5413
f 5406 5415 5407
f 5408 5409 5417
f 5409 5410 5417
f 5405 5406 5425
f 5405 5425 5408
f 5408 5425 5409
f 5409 5425 5410
f 5406 5407 5425
f 5410 5425 5412
f 5407 5415 5423
f 5410 5411 5443
f 5410 5437 5418
f 5408 5416 5413
f 5406 5413 5414
f 5406 5414 5415
f 5408 5417 5416
f 5410 5418 5417
f 5413 5416 5419
f 5413 5419 5414
f 5414 5419 5415
f 5416 5417 5419
f 5417 5418 5419
f 5415 5419 5420
f 5415 5420 5431
f 5418 5445 5419
f 5452 5429 5420
f 5407 5423 5425
f 5425 5421 5412
f 5423 5424 5425
f 5425 5426 5427
f 5425 5427 5428
f 5425 5422 5421
f 5423 5432 5424
f 5424 5432 5425
f 5425 5434 5426
f 5426 5435 5427
f 5427 5435 5428
f 5453 5412 5421
f 5425 5428 5455
f 5425 5458 5422
f 5415 5431 5423
f 5431 5420 5429
f 5431 5429 5430
f 5423 5431 5432
f 5425 5432 5433
f 5425 5433 5434
f 5426 5434 5435
f 5428 5435 5436
f 5428 5436 5463
f 5431 5430 5465
f 5431 5465 5432
f 5432 5465 5433
f 5433 5465 5434
f 5434 5465 5435
f 5435 5465 5436
f 5410 5443 5437
f 5412 5453 5444
f 5437 5443 5438
f 5438 5443 5439
f 5439 5443 5440
f 5440 5443 5441
f 5441 5443 5442
f 5437 5438 5446
f 5438 5439 5446
f 5439 5440 5448
f 5440 5441 5449
f 5441 5442 5449
f 5442 5443 5444
f 5442 5444 5458
f 5418 5437 5445
f 5445 5451 5419
f 5437 5446 5445
f 5439 5447 5446
f 5439 5448 5447
f 5440 5449 5448
f 5442 5450 5449
f 5445 5452 5451
f 5442 5466 5450
f 5445 5465 5452
f 5445 5446 5465
f 5446 5447 5465
f 5447 5448 5465
f 5448 5449 5465
f 5449 5450 5465
f 5425 5455 5456
f 5425 5456 5457
f 5458 5454 5422
f 5425 5459 5458
f 5425 5457 5460
f 5425 5460 5459
f 5428 5463 5455
f 5458 5444 5453
f 5458 5453 5454
f 5442 5458 5466
f 5455 5464 5456
f 5456 5465 5457
f 5458 5459 5467
f 5459 5460 5467
f 5457 5465 5460
f 5429 5452 5461
f 5465 5430 5462
f 5436 5465 5463
f 5465 5461 5452
f 5450 5466 5465
f 5455 5463 5464
f 5456 5464 5465
f 5458 5467 5466
f 5460 5465 5468
f 5460 5468 5467
f 5465 5462 5461
f 5463 5465 5464
f 5465 5466 5467
f 5465 5467 5468
f 5411 5412 5420
f 5419 5443 5411
f 5420 5419 5411
f 5452 5420 5412
f 5412 5444 5452
f 5444 5443 5451
f 5443 5419 5451
f 5451 5452 5444
f 5421 5422 5430
f 5453 5421 5429
f 5421 5430 5429
f 5430 5422 5462
f 5462 5422 5454
f 5461 5454 5453
f 5429 5461 5453
f 5461 5462 5454
f 5469 5470 5471
f 5469 5471 5472
f 5469 5472 5473
f 5469 5473 5474
f 5469 5474 5475
f 5469 5475 5476
f 5469 5476 5477
f 5481 5522 5480
f 5482 5496 5481
f 5483 5495 5482
f 5488 5489 5486
f 5486 5491 5487
f 5487 5492 5485
f 5484 5494 5483
f 5485 5493 5484
f 5489 5490 5486
f 5491 5486 5490
f 5487 5491 5492
f 5485 5492 5493
f 5494 5484 5493
f 5483 5494 5495
f 5496 5482 5495
f 5481 5496 5522
f 5469 5477 5557
f 5557 5477 5478
f 5557 5478 5479
f 5557 5479 5480
f 5469 5625 5520
f 5469 5762 5470
f 5469 5503 5510
f 5469 5504 5503
f 5469 5505 5504
f 5469 5520 5505
f 5469 5502 5500
f 5469 5497 5498
f 5469 5509 5508
f 5469 5508 5497
f 5469 5498 5499
f 5469 5499 5502
f 5469 5510 5509
f 5469 5500 5762
f 5488 5781 5489
f 5505 5520 5506
f 5506 5521 5507
f 5507 5521 5511
f 5511 5521 5512
f 5512 5521 5513
f 5513 5521 5514
f 5514 5521 5515
f 5515 5521 5516
f 5516 5521 5517
f 5517 5521 5518
f 5506 5520 5521
f 5518 5521 5760
f 5760 5521 5654
f 5557 5480 5522
f 5533 5529 5528
f 5533 5530 5529
f 5557 5522 5523
f 5557 5523 5524
f 5557 5532 5527
f 5557 5527 5531
f 5557 5524 5525
f 5557 5525 5526
f 5557 5526 5532
f 5557 5531 5530
f 5533 5557 5530
f 5533 5534 5557
f 5534 5535 5557
f 5535 5536 5557
f 5536 5537 5557
f 5537 5538 5557
f 5538 5539 5557
f 5539 5540 5557
f 5540 5541 5557
f 5541 5542 5557
f 5542 5543 5557
f 5543 5544 5557
f 5544 5545 5557
f 5545 5546 5557
f 5546 5547 5557
f 5547 5548 5557
f 5548 5549 5557
f 5549 5550 5557
f 5550 5551 5557
f 5551 5552 5557
f 5552 5553 5557
f 5553 5554 5557
f 5554 5555 5557
f 5555 5556 5557
f 5557 5574 5580
f 5557 5589 5574
f 5557 5584 5583
f 5557 5583 5588
f 5557 5580 5584
f 5557 5588 5602
f 5469 5557 5691
f 5557 5564 5566
f 5557 5566 5567
f 5557 5567 5569
f 5557 5565 5564
f 5557 5568 5565
f 5557 5572 5568
f 5557 5569 5691
f 5557 5573 5572
f 5557 5602 5573
f 5533 5528 5849
f 5533 5855 5534
f 5534 5860 5535
f 5535 5861 5536
f 5536 5862 5537
f 5537 5863 5538
f 5538 5864 5539
f 5539 5865 5540
f 5540 5866 5541
f 5541 5867 5542
f 5542 5868 5543
f 5543 5869 5544
f 5544 5870 5545
f 5545 5871 5546
f 5546 5872 5547
f 5547 5873 5548
f 5548 5874 5549
f 5549 5875 5550
f 5550 5876 5551
f 5551 5877 5552
f 5552 5878 5553
f 5553 5879 5554
f 5554 5880 5555
f 5555 5881 5556
f 5556 5882 5557
f 5557 5882 5589
f 5588 5603 5602
f 5588 5604 5603
f 5588 5605 5604
f 5588 5718 5605
f 5469 5630 5625
f 5469 5629 5630
f 5469 5628 5629
f 5469 5631 5627
f 5469 5627 5628
f 5469 5626 5631
f 5469 5632 5626
f 5469 5633 5632
f 5469 5634 5633
f 5469 5635 5634
f 5469 5636 5635
f 5469 5637 5636
f 5469 5638 5637
f 5469 5650 5638
f 5469 5651 5650
f 5469 5652 5651
f 5469 5671 5652
f 5469 5672 5671
f 5469 5673 5672
f 5469 5674 5673
f 5469 5675 5674
f 5469 5676 5675
f 5469 5677 5676
f 5469 5678 5677
f 5469 5679 5678
f 5469 5680 5679
f 5469 5681 5680
f 5469 5682 5681
f 5469 5683 5682
f 5469 5684 5683
f 5638 5650 5639
f 5639 5649 5640
f 5640 5648 5641
f 5641 5646 5642
f 5642 5647 5643
f 5644 5643 5645
f 5640 5649 5648
f 5639 5650 5649
f 5641 5648 5646
f 5645 5643 5647
f 5642 5646 5647
f 5625 5653 5520
f 5625 5630 5910
f 5625 5905 5653
f 5645 5925 5644
f 5469 5695 5696
f 5469 5691 5692
f 5469 5693 5694
f 5469 5692 5693
f 5469 5694 5697
f 5469 5697 5695
f 5469 5685 5684
f 5469 5686 5685
f 5469 5687 5686
f 5469 5688 5687
f 5469 5690 5688
f 5469 5700 5689
f 5469 5702 5700
f 5469 5698 5701
f 5469 5701 5702
f 5469 5699 5698
f 5469 5705 5699
f 5469 5689 5690
f 5469 5706 5705
f 5469 5704 5706
f 5469 5696 5703
f 5469 5703 5704
f 5691 5569 5661
f 5691 5661 5662
f 5691 5662 5663
f 5691 5663 5664
f 5691 5664 5665
f 5691 5665 5666
f 5691 5666 5669
f 5691 5669 5727
f 5691 5727 5728
f 5691 5728 5731
f 5691 5731 5734
f 5605 5718 5711
f 5713 5711 5718
f 5712 5713 5718
f 5670 5718 5669
f 5712 5718 5714
f 5670 5714 5718
f 5669 5718 5720
f 5669 5720 5727
f 5682 5996 5681
f 5682 5683 5996
f 5683 5684 5997
f 5691 5734 5956
f 5684 5685 5998
f 5685 5686 5999
f 5686 5687 6000
f 5687 5688 6001
f 5688 5690 6002
f 5689 5700 6003
f 5689 6004 5690
f 5691 6006 5692
f 5692 6007 5693
f 5693 6008 5694
f 5694 6011 5697
f 5695 6010 5696
f 5695 5697 6009
f 5698 5699 6012
f 5699 5705 6013
f 5700 5702 6014
f 5701 6016 5702
f 5698 6015 5701
f 5704 6020 5706
f 5703 6018 5704
f 5705 5706 6019
f 5696 6017 5703
f 5762 5763 5470
f 5762 5500 5501
f 5762 5501 5735
f 5762 5735 5736
f 5762 5736 5737
f 5762 5737 5738
f 5762 5738 5739
f 5762 5739 5740
f 5762 5740 5741
f 5762 5741 5742
f 5762 5742 5743
f 5762 5743 5744
f 5762 5745 5753
f 5762 5753 5754
f 5762 5744 5746
f 5762 5746 5747
f 5762 5747 5748
f 5762 5748 5749
f 5762 5749 5750
f 5762 5750 5745
f 5782 5489 5781
f 5518 5760 5519
f 5519 5760 5758
f 5758 5760 5759
f 5759 5760 5751
f 5752 5760 5757
f 5751 5760 5752
f 5757 5760 5756
f 5756 5760 5755
f 5755 5761 5754
f 5755 5760 5761
f 5762 5754 5761
f 5776 5786 5777
f 5775 5787 5776
f 5781 5779 5782
f 5780 5783 5779
f 5778 5784 5780
f 5777 5785 5778
f 5782 5779 5783
f 5780 5784 5783
f 5778 5785 5784
f 5777 5786 5785
f 5776 5787 5786
f 5762 5761 5905
f 5762 5905 5763
f 5905 5764 5763
f 5905 5765 5764
f 5905 5766 5765
f 5905 5767 5766
f 5905 5768 5767
f 5905 5769 5768
f 5905 5770 5769
f 5905 5771 5770
f 5905 5772 5771
f 5905 5773 5772
f 5905 5774 5773
f 5905 5775 5774
f 5905 5787 5775
f 5905 5788 5787
f 5905 5789 5788
f 5905 5843 5789
f 5905 5844 5843
f 5905 5845 5844
f 5905 5846 5845
f 5905 5847 5846
f 5905 5853 5847
f 5905 5848 5853
f 5905 5851 5852
f 5905 5852 5848
f 5905 5850 5851
f 5905 5849 5850
f 5854 5849 5905
f 5854 5905 5855
f 5855 5905 5860
f 5533 5849 5854
f 5533 5854 5855
f 5534 5855 5860
f 5535 5860 5861
f 5536 5861 5862
f 5537 5862 5863
f 5538 5863 5864
f 5539 5864 5865
f 5540 5865 5866
f 5541 5866 5867
f 5542 5867 5868
f 5543 5868 5869
f 5544 5869 5870
f 5545 5870 5871
f 5546 5871 5872
f 5547 5872 5873
f 5548 5873 5874
f 5549 5874 5875
f 5550 5875 5876
f 5551 5876 5877
f 5552 5877 5878
f 5553 5878 5879
f 5554 5879 5880
f 5555 5880 5881
f 5556 5881 5882
f 5882 5797 5589
f 5811 5808 5858
f 5811 5818 5812
f 5808 5859 5858
f 5812 5820 5814
f 5814 5820 5819
f 5814 5819 5842
f 5811 5858 5818
f 5812 5818 5820
f 5842 5943 5814
f 5882 5798 5797
f 5882 5808 5798
f 5882 5859 5808
f 5882 5886 5859
f 5882 5887 5886
f 5882 5888 5887
f 5882 5891 5888
f 5882 5892 5891
f 5882 5901 5892
f 5860 5905 5861
f 5861 5905 5862
f 5862 5905 5863
f 5863 5905 5864
f 5864 5905 5865
f 5865 5905 5866
f 5866 5905 5867
f 5867 5905 5868
f 5868 5905 5869
f 5869 5905 5870
f 5870 5905 5871
f 5871 5905 5872
f 5872 5905 5873
f 5873 5905 5874
f 5874 5905 5875
f 5875 5905 5876
f 5876 5905 5877
f 5877 5905 5878
f 5878 5905 5879
f 5879 5905 5880
f 5880 5905 5881
f 5881 5905 5882
f 5882 6005 5901
f 5654 5903 5760
f 5905 5654 5653
f 5905 5903 5654
f 5905 5761 5904
f 5905 5904 5903
f 5625 5910 5905
f 5925 5924 5644
f 5905 5910 5909
f 5905 5909 5908
f 5905 5911 5906
f 5905 5908 5907
f 5905 5907 5911
f 5905 5906 5912
f 5905 5912 5913
f 5917 5985 5916
f 5918 5932 5917
f 5919 5931 5918
f 5920 5930 5919
f 5921 5929 5920
f 5922 5928 5921
f 5923 5926 5922
f 5924 5925 5923
f 5905 5913 6005
f 5921 5928 5929
f 5925 5927 5923
f 5922 5926 5928
f 5926 5923 5927
f 5919 5930 5931
f 5917 5932 5985
f 5932 5918 5931
f 5930 5920 5929
f 6005 5913 5914
f 6005 5914 5915
f 6005 5915 5916
f 5814 5943 5944
f 5814 5944 5938
f 5938 5944 5947
f 5938 5947 5940
f 5940 5948 5959
f 5940 5947 5948
f 5959 5948 5969
f 5969 5970 5959
f 5996 5995 5681
f 5683 5997 5996
f 5684 5998 5997
f 5691 5956 6005
f 5970 5960 5959
f 5685 5999 5998
f 5686 6000 5999
f 5687 6001 6000
f 5688 6002 6001
f 5690 6004 6002
f 5700 6014 6003
f 5689 6003 6004
f 5691 6005 6006
f 5692 6006 6007
f 5693 6007 6008
f 5694 6008 6011
f 5695 6009 6010
f 5697 6011 6009
f 5705 6019 6013
f 5699 6013 6012
f 5702 6016 6014
f 5701 6015 6016
f 5698 6012 6015
f 5703 6017 6018
f 5704 6018 6020
f 5706 6020 6019
f 5696 6010 6017
f 5882 5905 6005
f 6005 5981 5901
f 6005 5982 5981
f 6005 5916 5985
f 6005 5985 5986
f 6005 5986 5987
f 5996 5993 5994
f 5996 5994 5995
f 6005 5987 5988
f 6005 5988 5989
f 6005 5989 5990
f 6005 5990 5991
f 6005 5991 5992
f 6005 5992 5993
f 6005 5960 5970
f 6005 5956 5957
f 6005 5957 5960
f 6005 5970 5977
f 6005 5978 5976
f 6005 5984 5982
f 6005 5976 5984
f 6005 5977 5978
f 5996 6005 5993
f 5996 5997 6005
f 5997 5998 6005
f 5998 5999 6005
f 5999 6000 6005
f 6000 6001 6005
f 6005 6007 6006
f 6005 6008 6007
f 6005 6020 6018
f 6005 6019 6020
f 6005 6011 6008
f 6005 6009 6011
f 6005 6010 6009
f 6005 6018 6017
f 6005 6017 6010
f 6001 6002 6005
f 6002 6004 6005
f 6003 6005 6004
f 6003 6014 6005
f 6005 6014 6016
f 6005 6016 6015
f 6005 6015 6012
f 6005 6012 6013
f 6005 6013 6019
f 5470 5764 5471
f 5472 5471 5764
f 5473 5472 5765
f 5474 5473 5766
f 5475 5474 5767
f 5476 5475 5768
f 5477 5476 5769
f 5478 5477 5770
f 5479 5478 5771
f 5480 5479 5772
f 5481 5480 5773
f 5484 5483 5776
f 5482 5481 5774
f 5483 5482 5775
f 5485 5484 5777
f 5487 5485 5778
f 5488 5486 5781
f 5486 5487 5780
f 5763 5764 5470
f 5472 5764 5765
f 5473 5765 5766
f 5474 5766 5767
f 5475 5767 5768
f 5476 5768 5769
f 5477 5769 5770
f 5478 5770 5771
f 5479 5771 5772
f 5480 5772 5773
f 5481 5773 5774
f 5482 5774 5775
f 5483 5775 5776
f 5484 5776 5777
f 5485 5777 5778
f 5781 5486 5779
f 5486 5780 5779
f 5487 5778 5780
f 5489 5783 5490
f 5491 5490 5783
f 5492 5491 5784
f 5493 5492 5785
f 5494 5493 5786
f 5495 5494 5787
f 5496 5495 5788
f 5522 5496 5789
f 5523 5522 5843
f 5524 5523 5844
f 5525 5524 5845
f 5526 5525 5846
f 5532 5526 5847
f 5527 5532 5853
f 5531 5527 5848
f 5528 5529 5849
f 5529 5530 5851
f 5530 5531 5852
f 5782 5783 5489
f 5491 5783 5784
f 5492 5784 5785
f 5493 5785 5786
f 5494 5786 5787
f 5495 5787 5788
f 5496 5788 5789
f 5522 5789 5843
f 5523 5843 5844
f 5524 5844 5845
f 5525 5845 5846
f 5526 5846 5847
f 5532 5847 5853
f 5527 5853 5848
f 5530 5852 5851
f 5849 5529 5850
f 5529 5851 5850
f 5531 5848 5852
f 5628 5627 5907
f 5629 5628 5908
f 5630 5629 5910
f 5627 5631 5911
f 5631 5626 5906
f 5626 5632 5912
f 5632 5633 5913
f 5633 5634 5914
f 5634 5635 5915
f 5635 5636 5916
f 5636 5637 5917
f 5637 5638 5918
f 5638 5639 5919
f 5639 5640 5920
f 5640 5641 5921
f 5641 5642 5922
f 5642 5643 5923
f 5644 5923 5643
f 5627 5911 5907
f 5629 5908 5909
f 5910 5629 5909
f 5628 5907 5908
f 5631 5906 5911
f 5626 5912 5906
f 5632 5913 5912
f 5633 5914 5913
f 5634 5915 5914
f 5635 5916 5915
f 5636 5917 5916
f 5637 5918 5917
f 5638 5919 5918
f 5639 5920 5919
f 5640 5921 5920
f 5641 5922 5921
f 5642 5923 5922
f 5644 5924 5923
f 5647 5646 5926
f 5645 5647 5925
f 5646 5648 5928
f 5648 5649 5929
f 5650 5651 5931
f 5651 5652 5932
f 5649 5650 5930
f 5652 5671 5985
f 5671 5672 5986
f 5672 5673 5987
f 5673 5674 5988
f 5674 5675 5989
f 5675 5676 5990
f 5676 5677 5991
f 5677 5678 5992
f 5678 5679 5993
f 5679 5680 5994
f 5681 5994 5680
f 5646 5928 5926
f 5647 5926 5927
f 5925 5647 5927
f 5648 5929 5928
f 5649 5930 5929
f 5650 5931 5930
f 5651 5932 5931
f 5652 5985 5932
f 5671 5986 5985
f 5672 5987 5986
f 5673 5988 5987
f 5674 5989 5988
f 5675 5990 5989
f 5676 5991 5990
f 5677 5992 5991
f 5678 5993 5992
f 5679 5994 5993
f 5681 5995 5994
f 5576 5586 5578
f 5576 5575 5582
f 5577 5578 5585
f 5577 5597 5590
f 5575 5579 5581
f 5576 5582 5586
f 5582 5575 5581
f 5578 5586 5585
f 5577 5585 5597
f 5579 5587 5581
f 5590 5613 5606
f 5590 5606 5607
f 5590 5607 5608
f 5590 5608 5609
f 5590 5609 5610
f 5590 5799 5596
f 5590 5593 5592
f 5590 5596 5593
f 5590 5592 5591
f 5590 5591 5611
f 5590 5611 5612
f 5590 5612 5613
f 5590 5597 5805
f 5576 5578 5724
f 5577 5724 5578
f 5577 5590 5724
f 5576 5724 5575
f 5575 5724 5579
f 5579 5715 5587
f 5590 5610 5623
f 5610 5614 5623
f 5614 5615 5624
f 5615 5616 5624
f 5616 5617 5624
f 5617 5618 5624
f 5618 5619 5624
f 5619 5620 5624
f 5620 5621 5624
f 5621 5622 5624
f 5622 5837 5624
f 5590 5623 5724
f 5614 5624 5623
f 5722 5837 5838
f 5722 5830 5831
f 5722 5834 5833
f 5722 5836 5835
f 5722 5831 5836
f 5722 5835 5834
f 5722 5838 5830
f 5624 5837 5722
f 5579 5724 5715
f 5587 5715 5717
f 5715 5724 5716
f 5715 5716 5717
f 5716 5719 5717
f 5623 5721 5724
f 5722 5802 5724
f 5724 5839 5933
f 5721 5722 5724
f 5716 5724 5723
f 5724 5732 5725
f 5716 5723 5719
f 5723 5724 5726
f 5724 5725 5729
f 5725 5732 5730
f 5723 5726 5719
f 5726 5724 5729
f 5725 5730 5729
f 5732 5733 5730
f 5724 5949 5732
f 5732 5949 5733
f 5590 5805 5799
f 5596 5799 5594
f 5595 5594 5799
f 5595 5799 5790
f 5790 5799 5791
f 5791 5799 5792
f 5799 5793 5792
f 5799 5794 5793
f 5799 5795 5794
f 5799 5796 5795
f 5799 5821 5796
f 5799 5822 5821
f 5799 5823 5822
f 5799 5825 5823
f 5799 5826 5825
f 5799 5827 5826
f 5799 5828 5827
f 5799 5829 5828
f 5799 5824 5829
f 5799 5806 5800
f 5800 5807 5801
f 5801 5809 5802
f 5802 5810 5803
f 5803 5813 5804
f 5799 5805 5806
f 5800 5806 5807
f 5801 5807 5809
f 5802 5809 5810
f 5803 5810 5813
f 5799 5832 5824
f 5722 5832 5799
f 5722 5799 5800
f 5722 5800 5801
f 5722 5801 5802
f 5804 5840 5839
f 5722 5833 5832
f 5724 5802 5803
f 5724 5804 5839
f 5724 5803 5804
f 5804 5935 5840
f 5804 5813 5937
f 5840 5935 5934
f 5933 5934 5935
f 5724 5933 5935
f 5724 5935 5936
f 5804 5937 5935
f 5935 5939 5936
f 5935 5937 5939
f 5724 5936 5952
f 5724 5952 5950
f 5724 5951 5949
f 5724 5950 5951
f 5733 5949 5953
f 5951 5953 5949
f 5951 5950 5955
f 5936 5958 5952
f 5952 5954 5950
f 5951 5955 5953
f 5950 5954 5955
f 5952 5958 5954
f 5936 5939 5958
f 5585 5589 5597
f 5585 5574 5589
f 5582 5584 5586
f 5586 5584 5580
f 5581 5583 5584
f 5582 5581 5584
f 5585 5586 5574
f 5586 5580 5574
f 5581 5587 5583
f 5587 5588 5583
f 5597 5589 5805
f 5587 5718 5588
f 5587 5717 5718
f 5717 5719 5718
f 5719 5720 5718
f 5719 5726 5720
f 5726 5727 5720
f 5726 5728 5727
f 5726 5729 5728
f 5729 5730 5728
f 5730 5731 5728
f 5730 5733 5731
f 5733 5734 5731
f 5733 5956 5734
f 5805 5589 5797
f 5805 5797 5798
f 5805 5798 5806
f 5806 5808 5807
f 5806 5798 5808
f 5807 5808 5809
f 5809 5808 5811
f 5809 5811 5812
f 5809 5812 5810
f 5810 5812 5814
f 5810 5814 5813
f 5813 5814 5937
f 5937 5814 5938
f 5937 5940 5939
f 5937 5938 5940
f 5733 5953 5956
f 5955 5956 5953
f 5955 5957 5956
f 5954 5960 5957
f 5955 5954 5957
f 5939 5959 5958
f 5958 5959 5954
f 5939 5940 5959
f 5954 5959 5960
f 5558 5564 5559
f 5559 5565 5562
f 5558 5560 5566
f 5560 5561 5567
f 5561 5563 5569
f 5558 5559 5657
f 5560 5657 5561
f 5558 5657 5560
f 5559 5562 5657
f 5561 5657 5563
f 5559 5564 5565
f 5562 5565 5568
f 5560 5567 5566
f 5558 5566 5564
f 5561 5569 5567
f 5563 5661 5569
f 5562 5568 5570
f 5562 5570 5657
f 5570 5571 5657
f 5570 5572 5571
f 5571 5598 5657
f 5598 5599 5657
f 5599 5600 5657
f 5600 5601 5657
f 5570 5568 5572
f 5571 5572 5573
f 5571 5573 5598
f 5598 5602 5599
f 5599 5603 5600
f 5600 5604 5601
f 5601 5605 5707
f 5598 5573 5602
f 5599 5602 5603
f 5600 5603 5604
f 5601 5604 5605
f 5563 5657 5655
f 5563 5655 5661
f 5655 5657 5656
f 5657 5659 5658
f 5657 5660 5659
f 5655 5656 5662
f 5656 5657 5663
f 5657 5658 5664
f 5658 5659 5665
f 5659 5660 5666
f 5655 5662 5661
f 5656 5663 5662
f 5657 5664 5663
f 5658 5665 5664
f 5659 5666 5665
f 5657 5667 5660
f 5657 5668 5667
f 5601 5707 5657
f 5657 5707 5709
f 5657 5709 5708
f 5657 5708 5710
f 5657 5710 5668
f 5660 5667 5669
f 5667 5668 5670
f 5660 5669 5666
f 5667 5670 5669
f 5707 5711 5709
f 5710 5708 5712
f 5709 5713 5708
f 5668 5710 5714
f 5707 5605 5711
f 5709 5711 5713
f 5710 5712 5714
f 5708 5713 5712
f 5668 5714 5670
f 5815 5856 5817
f 5817 5856 5816
f 5856 5841 5816
f 5817 5816 5819
f 5815 5817 5820
f 5815 5820 5818
f 5817 5819 5820
f 5816 5841 5842
f 5816 5842 5819
f 5856 5941 5841
f 5841 5943 5842
f 5857 5856 5858
f 5815 5818 5856
f 5857 5883 5856
f 5856 5818 5858
f 5857 5858 5859
f 5857 5859 5883
f 5856 5883 5884
f 5856 5884 5885
f 5883 5859 5886
f 5856 5885 5889
f 5856 5889 5890
f 5856 5890 5900
f 5883 5886 5884
f 5884 5887 5885
f 5885 5888 5889
f 5884 5886 5887
f 5885 5887 5888
f 5889 5888 5891
f 5889 5891 5890
f 5890 5891 5892
f 5856 5899 5897
f 5856 5897 5898
f 5856 5900 5899
f 5856 5898 5965
f 5856 5965 5966
f 5898 5902 5965
f 5902 5971 5965
f 5900 5902 5899
f 5890 5892 5900
f 5900 5892 5901
f 5900 5979 5902
f 5900 5901 5979
f 5856 5942 5941
f 5856 5945 5942
f 5841 5941 5943
f 5856 5946 5945
f 5941 5942 5944
f 5941 5944 5943
f 5942 5945 5947
f 5945 5946 5948
f 5942 5947 5944
f 5945 5948 5947
f 5856 5966 5968
f 5856 5967 5946
f 5856 5968 5967
f 5946 5967 5969
f 5967 5968 5970
f 5946 5969 5948
f 5967 5970 5969
f 5966 5972 5968
f 5968 5972 5974
f 5968 5974 5977
f 5968 5977 5970
f 5902 5979 5971
f 5971 5980 5972
f 5971 5979 5980
f 5979 5901 5981
f 5972 5975 5974
f 5972 5973 5975
f 5972 5983 5973
f 5972 5980 5983
f 5983 5984 5973
f 5974 5975 5978
f 5975 5973 5976
f 5973 5984 5976
f 5974 5978 5977
f 5975 5976 5978
f 5979 5981 5980
f 5980 5981 5982
f 5980 5982 5983
f 5983 5982 5984
f 5893 5895 5894
f 5893 5897 5895
f 5893 5894 5898
f 5894 5895 5896
f 5894 5896 5902
f 5895 5899 5896
f 5893 5898 5897
f 5897 5899 5895
f 5894 5902 5898
f 5899 5902 5896
f 5961 5962 5966
f 5961 5963 5962
f 5962 5963 5964
f 5961 5965 5963
f 5962 5964 5972
f 5963 5971 5964
f 5961 5966 5965
f 5965 5971 5963
f 5962 5972 5966
f 5971 5972 5964
f 5839 5761 5760
f 5840 5904 5761
f 5839 5760 5933
f 5839 5840 5761
f 5933 5760 5903
f 5934 5903 5904
f 5933 5903 5934
f 5840 5934 5904
f 5623 5521 5520
f 5624 5654 5521
f 5623 5520 5721
f 5623 5624 5521
f 5721 5520 5653
f 5722 5653 5654
f 5721 5653 5722
f 5624 5722 5654
f 5592 5499 5498
f 5591 5498 5497
f 5596 5500 5502
f 5594 5501 5500
f 5595 5735 5501
f 5593 5502 5499
f 5606 5510 5503
f 5607 5503 5504
f 5608 5504 5505
f 5609 5505 5506
f 5610 5506 5507
f 5614 5507 5511
f 5612 5508 5509
f 5611 5497 5508
f 5613 5509 5510
f 5615 5511 5512
f 5616 5512 5513
f 5617 5513 5514
f 5618 5514 5515
f 5619 5515 5516
f 5620 5516 5517
f 5621 5517 5518
f 5622 5518 5519
f 5837 5519 5758
f 5591 5497 5611
f 5592 5593 5499
f 5592 5498 5591
f 5596 5594 5500
f 5595 5501 5594
f 5595 5790 5735
f 5593 5596 5502
f 5613 5510 5606
f 5606 5503 5607
f 5607 5504 5608
f 5608 5505 5609
f 5609 5506 5610
f 5610 5507 5614
f 5611 5508 5612
f 5612 5509 5613
f 5614 5511 5615
f 5615 5512 5616
f 5616 5513 5617
f 5617 5514 5618
f 5618 5515 5619
f 5619 5516 5620
f 5620 5517 5621
f 5621 5518 5622
f 5622 5519 5837
f 5790 5736 5735
f 5791 5737 5736
f 5792 5738 5737
f 5793 5739 5738
f 5794 5740 5739
f 5795 5741 5740
f 5796 5742 5741
f 5821 5743 5742
f 5822 5744 5743
f 5824 5753 5745
f 5823 5746 5744
f 5825 5747 5746
f 5826 5748 5747
f 5827 5749 5748
f 5828 5750 5749
f 5829 5745 5750
f 5830 5759 5751
f 5831 5751 5752
f 5836 5752 5757
f 5832 5754 5753
f 5833 5755 5754
f 5835 5757 5756
f 5834 5756 5755
f 5838 5758 5759
f 5790 5791 5736
f 5791 5792 5737
f 5792 5793 5738
f 5793 5794 5739
f 5794 5795 5740
f 5795 5796 5741
f 5796 5821 5742
f 5821 5822 5743
f 5822 5823 5744
f 5823 5825 5746
f 5825 5826 5747
f 5826 5827 5748
f 5827 5828 5749
f 5828 5829 5750
f 5829 5824 5745
f 5838 5759 5830
f 5830 5751 5831
f 5831 5752 5836
f 5832 5833 5754
f 5824 5832 5753
f 5833 5834 5755
f 5836 5757 5835
f 5834 5835 5756
f 5837 5758 5838

