# https://github.com/mikedh/trimesh
v 0.05292862 -0.00719965 -0.00200000
v 0.05288041 -0.00676493 -0.00446199
v 0.05284663 -0.00551427 -0.00662702
v 0.05283135 -0.00359850 -0.00823397
v 0.05283640 -0.00124871 -0.00908900
v 0.05286120 0.00125170 -0.00908900
v 0.05290273 0.00360114 -0.00823397
v 0.05295599 0.00551623 -0.00662702
v 0.05301457 0.00676598 -0.00446199
v 0.05307138 0.00719965 -0.00200000
v 0.05311958 0.00676493 0.00046199
v 0.05315337 0.00551427 0.00262702
v 0.05316865 0.00359850 0.00423397
v 0.05316360 0.00124871 0.00508900
v 0.05313880 -0.00125170 0.00508900
v 0.05309727 -0.00360114 0.00423397
v 0.05304401 -0.00551623 0.00262702
v 0.05298544 -0.00676598 0.00046199
v 0.05479930 -0.00708951 -0.00204010
v 0.05476470 -0.00666269 -0.00445840
v 0.05474959 -0.00543456 -0.00658514
v 0.05475577 -0.00355324 -0.00816380
v 0.05478252 -0.00124566 -0.00900397
v 0.05482660 0.00120987 -0.00900432
v 0.05488269 0.00351717 -0.00816479
v 0.05494404 0.00539794 -0.00658666
v 0.05500323 0.00662533 -0.00446026
v 0.05505313 0.00705131 -0.00204208
v 0.05508773 0.00662450 0.00037622
v 0.05510285 0.00539636 0.00250296
v 0.05509666 0.00351505 0.00408162
v 0.05506991 0.00120746 0.00492179
v 0.05502583 -0.00124807 0.00492214
v 0.05496974 -0.00355536 0.00408262
v 0.05490839 -0.00543613 0.00250448
v 0.05484920 -0.00666353 0.00037809
v 0.05665154 -0.00700811 -0.00206560
v 0.05663820 -0.00658951 -0.00443989
v 0.05665260 -0.00538450 -0.00652804
v 0.05669298 -0.00353842 -0.00807820
v 0.05675448 -0.00127393 -0.00890340
v 0.05682968 0.00113585 -0.00890409
v 0.05690950 0.00340024 -0.00808020
v 0.05698433 0.00524614 -0.00653110
v 0.05704513 0.00645090 -0.00444364
v 0.05708458 0.00686922 -0.00206959
v 0.05709790 0.00645062 0.00030470
v 0.05708351 0.00524561 0.00239286
v 0.05704313 0.00339953 0.00394302
v 0.05698163 0.00113504 0.00476821
v 0.05690644 -0.00127473 0.00476891
v 0.05682661 -0.00353913 0.00394502
v 0.05675178 -0.00538503 0.00239592
v 0.05669098 -0.00658979 0.00030845
v 0.05855435 -0.00694723 -0.00208202
v 0.05855328 -0.00653688 -0.00441187
v 0.05858442 -0.00535504 -0.00646099
v 0.05864401 -0.00354427 -0.00798223
v 0.05872487 -0.00132297 -0.00879210
v 0.05881723 0.00104094 -0.00879291
v 0.05890997 0.00326233 -0.00798458
v 0.05899189 0.00507328 -0.00646460
v 0.05905312 0.00625535 -0.00441629
v 0.05908627 0.00666598 -0.00208673
v 0.05908734 0.00625563 0.00024312
v 0.05905620 0.00507379 0.00229224
v 0.05899661 0.00326302 0.00381348
v 0.05891576 0.00104172 0.00462335
v 0.05882339 -0.00132219 0.00462416
v 0.05873065 -0.00354358 0.00381583
v 0.05864873 -0.00535453 0.00229585
v 0.05858750 -0.00653660 0.00024754
v 0.06050836 -0.00668562 -0.00209396
v 0.06051113 -0.00629607 -0.00430659
v 0.06054605 -0.00517392 -0.00625263
v 0.06060893 -0.00345452 -0.00769735
v 0.06069217 -0.00134526 -0.00846650
v 0.06078573 0.00089945 -0.00846732
v 0.06087834 0.00300888 -0.00769969
v 0.06095882 0.00472858 -0.00625621
v 0.06101746 0.00585115 -0.00431098
v 0.06104719 0.00624118 -0.00209863
v 0.06104443 0.00585162 0.00011400
v 0.06100950 0.00472947 0.00206004
v 0.06094663 0.00301008 0.00350476
v 0.06086339 0.00090082 0.00427391
v 0.06076982 -0.00134390 0.00427472
v 0.06067722 -0.00345332 0.00350710
v 0.06059674 -0.00517303 0.00206362
v 0.06053809 -0.00629559 0.00011839
v 0.06249687 -0.00640432 -0.00210613
v 0.06249591 -0.00603653 -0.00419429
v 0.06252382 -0.00497729 -0.00603083
v 0.06257723 -0.00335436 -0.00739425
v 0.06264970 -0.00136349 -0.00812010
v 0.06273248 0.00075519 -0.00812083
v 0.06281560 0.00274614 -0.00739634
v 0.06288902 0.00436922 -0.00603403
v 0.06294391 0.00542866 -0.00419821
v 0.06297361 0.00579668 -0.00211031
v 0.06297457 0.00542889 -0.00002215
v 0.06294666 0.00436965 0.00181440
v 0.06289326 0.00274672 0.00317782
v 0.06282078 0.00075585 0.00390367
v 0.06273800 -0.00136283 0.00390439
v 0.06265488 -0.00335378 0.00317991
v 0.06258146 -0.00497686 0.00181760
v 0.06252658 -0.00603630 -0.00001822
v 0.06450839 -0.00611455 -0.00212354
v 0.06449737 -0.00576823 -0.00408750
v 0.06450928 -0.00477141 -0.00581476
v 0.06454269 -0.00324432 -0.00709698
v 0.06459355 -0.00137114 -0.00777950
v 0.06465576 0.00062218 -0.00778001
v 0.06472179 0.00249523 -0.00709844
v 0.06478368 0.00402209 -0.00581700
v 0.06483398 0.00501859 -0.00409025
v 0.06486660 0.00536455 -0.00212646
v 0.06487763 0.00501823 -0.00016250
v 0.06486572 0.00402141 0.00156476
v 0.06483231 0.00249432 0.00284698
v 0.06478144 0.00062114 0.00352950
v 0.06471924 -0.00137218 0.00353001
v 0.06465321 -0.00324523 0.00284844
v 0.06459132 -0.00477209 0.00156700
v 0.06454102 -0.00576859 -0.00015975
v 0.06653274 -0.00580604 -0.00215138
v 0.06650642 -0.00548101 -0.00399171
v 0.06649492 -0.00454619 -0.00561008
v 0.06649964 -0.00311434 -0.00681130
v 0.06652000 -0.00135816 -0.00745048
v 0.06655355 0.00051054 -0.00745052
v 0.06659623 0.00226635 -0.00681142
v 0.06664292 0.00369751 -0.00561027
v 0.06668796 0.00463139 -0.00399194
v 0.06672594 0.00495535 -0.00215163
v 0.06675226 0.00463032 -0.00031130
v 0.06676376 0.00369550 0.00130707
v 0.06675904 0.00226365 0.00250829
v 0.06673869 0.00050746 0.00314747
v 0.06670514 -0.00136123 0.00314751
v 0.06666245 -0.00311705 0.00250841
v 0.06661576 -0.00454820 0.00130726
v 0.06657071 -0.00548208 -0.00031107
v 0.06856004 -0.00546818 -0.00219499
v 0.06851422 -0.00516443 -0.00391246
v 0.06847338 -0.00429139 -0.00542249
v 0.06844245 -0.00295434 -0.00654294
v 0.06842516 -0.00131457 -0.00713868
v 0.06842361 0.00043016 -0.00713785
v 0.06843796 0.00206939 -0.00654055
v 0.06846650 0.00340542 -0.00541882
v 0.06850578 0.00427710 -0.00390796
v 0.06855106 0.00457929 -0.00219020
v 0.06859689 0.00427554 -0.00047273
v 0.06863773 0.00340250 0.00103730
v 0.06866866 0.00206545 0.00215776
v 0.06868595 0.00042568 0.00275350
v 0.06868751 -0.00131905 0.00275267
v 0.06867315 -0.00295828 0.00215536
v 0.06864461 -0.00429431 0.00103363
v 0.06860533 -0.00516599 -0.00047723
v 0.07058059 -0.00509001 -0.00225979
v 0.07051206 -0.00480778 -0.00385533
v 0.07043736 -0.00399655 -0.00525762
v 0.07036550 -0.00275416 -0.00629753
v 0.07030516 -0.00123046 -0.00684962
v 0.07026360 0.00039077 -0.00684731
v 0.07024585 0.00191398 -0.00629087
v 0.07025404 0.00315545 -0.00524742
v 0.07028718 0.00396545 -0.00384281
v 0.07034128 0.00424626 -0.00224646
v 0.07040981 0.00396403 -0.00065092
v 0.07048451 0.00315280 0.00075137
v 0.07055637 0.00191041 0.00179128
v 0.07061671 0.00038671 0.00234337
v 0.07065827 -0.00123452 0.00234106
v 0.07067603 -0.00275773 0.00178462
v 0.07066784 -0.00399920 0.00074117
v 0.07063470 -0.00480920 -0.00066344
v 0.07258465 -0.00466031 -0.00235126
v 0.07249120 -0.00440011 -0.00382589
v 0.07237954 -0.00365107 -0.00512106
v 0.07226316 -0.00250354 -0.00608055
v 0.07215606 -0.00109593 -0.00658862
v 0.07207119 0.00040199 -0.00658401
v 0.07201878 0.00180954 -0.00606725
v 0.07200515 0.00295696 -0.00510069
v 0.07203193 0.00370584 -0.00380091
v 0.07209590 0.00396586 -0.00232467
v 0.07218935 0.00370567 -0.00085003
v 0.07230101 0.00295663 0.00044514
v 0.07241740 0.00180910 0.00140462
v 0.07252449 0.00040148 0.00191270
v 0.07260936 -0.00109644 0.00190808
v 0.07266177 -0.00250399 0.00139133
v 0.07267541 -0.00365140 0.00042477
v 0.07264863 -0.00440029 -0.00087502
v 0.07457823 -0.00433716 -0.00247584
v 0.07445358 -0.00408964 -0.00388865
v 0.07429695 -0.00337418 -0.00512817
v 0.07412723 -0.00227709 -0.00604490
v 0.07396487 -0.00093068 -0.00652827
v 0.07382948 0.00050265 -0.00651997
v 0.07373737 0.00185001 -0.00602102
v 0.07369966 0.00294889 -0.00509159
v 0.07372089 0.00366676 -0.00384377
v 0.07379851 0.00391702 -0.00242809
v 0.07392316 0.00366950 -0.00101529
v 0.07407978 0.00295404 0.00022423
v 0.07424951 0.00185695 0.00114096
v 0.07441186 0.00051054 0.00162433
v 0.07454726 -0.00092278 0.00161604
v 0.07463937 -0.00227014 0.00111708
v 0.07467708 -0.00336903 0.00018765
v 0.07465585 -0.00408690 -0.00106016
v 0.07652774 -0.00402861 -0.00263683
v 0.07636878 -0.00378966 -0.00401847
v 0.07616533 -0.00309362 -0.00522902
v 0.07594194 -0.00202444 -0.00612247
v 0.07572555 -0.00071109 -0.00659106
v 0.07554226 0.00068803 -0.00657827
v 0.07541419 0.00200416 -0.00608564
v 0.07535677 0.00307857 -0.00517259
v 0.07537694 0.00378165 -0.00394925
v 0.07547225 0.00402861 -0.00256317
v 0.07563122 0.00378966 -0.00118153
v 0.07583468 0.00309362 0.00002902
v 0.07605807 0.00202444 0.00092247
v 0.07627445 0.00071109 0.00139106
v 0.07645774 -0.00068803 0.00137827
v 0.07658581 -0.00200416 0.00088564
v 0.07664323 -0.00307857 -0.00002741
v 0.07662307 -0.00378165 -0.00125075
v 0.07840052 -0.00366925 -0.00283086
v 0.07821286 -0.00343939 -0.00418139
v 0.07797390 -0.00276278 -0.00536337
v 0.07771248 -0.00172105 -0.00623425
v 0.07746013 -0.00043983 -0.00668898
v 0.07724727 0.00092633 -0.00667272
v 0.07709958 0.00221267 -0.00618742
v 0.07703488 0.00326402 -0.00529163
v 0.07706098 0.00395358 -0.00409338
v 0.07717472 0.00419819 -0.00273720
v 0.07736237 0.00396832 -0.00138667
v 0.07760133 0.00329172 -0.00020468
v 0.07786275 0.00224998 0.00066620
v 0.07811511 0.00096877 0.00112093
v 0.07832796 -0.00039740 0.00110467
v 0.07847565 -0.00168373 0.00061937
v 0.07854035 -0.00273509 -0.00027643
v 0.07851426 -0.00342465 -0.00147468
v 0.08023696 -0.00328086 -0.00305519
v 0.08002654 -0.00305994 -0.00437476
v 0.07976044 -0.00240237 -0.00552852
v 0.07947074 -0.00138748 -0.00637731
v 0.07919239 -0.00013767 -0.00681873
v 0.07895895 0.00119631 -0.00679957
v 0.07879860 0.00245356 -0.00632212
v 0.07873066 0.00348245 -0.00544397
v 0.07876333 0.00415887 -0.00427104
v 0.07889267 0.00440123 -0.00294481
v 0.07910308 0.00418031 -0.00162524
v 0.07936919 0.00352274 -0.00047148
v 0.07965889 0.00250785 0.00037731
v 0.07993724 0.00125804 0.00081873
v 0.08017068 -0.00007594 0.00079957
v 0.08033103 -0.00133319 0.00032212
v 0.08039898 -0.00236208 -0.00055603
v 0.08036630 -0.00303850 -0.00172896
v 0.08206483 -0.00285539 -0.00330922
v 0.08183490 -0.00264336 -0.00459790
v 0.08154385 -0.00200509 -0.00572325
v 0.08122677 -0.00101755 -0.00654954
v 0.08092193 0.00020015 -0.00697710
v 0.08066607 0.00150112 -0.00695436
v 0.08049007 0.00272847 -0.00648406
v 0.08041515 0.00373414 -0.00562294
v 0.08045035 0.00439684 -0.00447485
v 0.08059143 0.00463664 -0.00317828
v 0.08082135 0.00442461 -0.00188960
v 0.08111241 0.00378634 -0.00076425
v 0.08142947 0.00279880 0.00006204
v 0.08173432 0.00158110 0.00048960
v 0.08199017 0.00028013 0.00046686
v 0.08216618 -0.00094722 -0.00000344
v 0.08224110 -0.00195289 -0.00086456
v 0.08220590 -0.00261559 -0.00201265
v 0.08388315 -0.00240159 -0.00358906
v 0.08363587 -0.00219770 -0.00485137
v 0.08332082 -0.00157686 -0.00595202
v 0.08297601 -0.00061393 -0.00675827
v 0.08264303 0.00057492 -0.00717286
v 0.08236204 0.00184632 -0.00714579
v 0.08216693 0.00304691 -0.00668032
v 0.08208124 0.00403189 -0.00583260
v 0.08211529 0.00468244 -0.00470487
v 0.08226500 0.00492011 -0.00343316
v 0.08251228 0.00471622 -0.00217085
v 0.08282732 0.00409538 -0.00107020
v 0.08317214 0.00313245 -0.00026395
v 0.08350512 0.00194359 0.00015064
v 0.08378611 0.00067219 0.00012356
v 0.08398122 -0.00052840 -0.00034190
v 0.08406691 -0.00151337 -0.00118962
v 0.08403285 -0.00216392 -0.00231735
v 0.08570244 -0.00196882 -0.00389203
v 0.08543563 -0.00176940 -0.00515107
v 0.08509205 -0.00115519 -0.00624690
v 0.08471315 -0.00020027 -0.00704735
v 0.08434463 0.00098017 -0.00745587
v 0.08403093 0.00224377 -0.00742318
v 0.08380990 0.00343811 -0.00695324
v 0.08370819 0.00441913 -0.00610271
v 0.08373807 0.00506852 -0.00497420
v 0.08389594 0.00530794 -0.00370380
v 0.08416276 0.00510852 -0.00244476
v 0.08450633 0.00449431 -0.00134893
v 0.08488523 0.00353939 -0.00054848
v 0.08525375 0.00235895 -0.00013996
v 0.08556744 0.00109535 -0.00017265
v 0.08578848 -0.00009899 -0.00064260
v 0.08589019 -0.00108001 -0.00149312
v 0.08586030 -0.00172939 -0.00262164
v 0.08750626 -0.00148570 -0.00421287
v 0.08722182 -0.00129084 -0.00546876
v 0.08685031 -0.00068398 -0.00655956
v 0.08643654 0.00026169 -0.00735370
v 0.08603043 0.00143210 -0.00775539
v 0.08568095 0.00268609 -0.00771619
v 0.08543027 0.00387240 -0.00724083
v 0.08530861 0.00484794 -0.00638663
v 0.08533065 0.00549506 -0.00525663
v 0.08549373 0.00573570 -0.00398713
v 0.08577818 0.00554084 -0.00273124
v 0.08614969 0.00493398 -0.00164044
v 0.08656346 0.00398831 -0.00084630
v 0.08696957 0.00281790 -0.00044461
v 0.08731905 0.00156391 -0.00048381
v 0.08756973 0.00037760 -0.00095917
v 0.08769139 -0.00059794 -0.00181337
v 0.08766935 -0.00124506 -0.00294337
v 0.08929137 -0.00094779 -0.00454744
v 0.08899114 -0.00075754 -0.00580036
v 0.08859223 -0.00015881 -0.00688597
v 0.08814276 0.00077617 -0.00767332
v 0.08769694 0.00193464 -0.00806746
v 0.08730854 0.00317686 -0.00802083
v 0.08702442 0.00435301 -0.00753908
v 0.08687883 0.00532123 -0.00668029
v 0.08688935 0.00596473 -0.00554806
v 0.08705469 0.00620589 -0.00427895
v 0.08735493 0.00601564 -0.00302603
v 0.08775383 0.00541691 -0.00194042
v 0.08820330 0.00448193 -0.00115307
v 0.08864912 0.00332346 -0.00075893
v 0.08903752 0.00208124 -0.00080556
v 0.08932165 0.00090509 -0.00128731
v 0.08946723 -0.00006313 -0.00214610
v 0.08945672 -0.00070662 -0.00327833
v 0.09105442 -0.00035047 -0.00489153
v 0.09074023 -0.00016482 -0.00614172
v 0.09031443 0.00042488 -0.00722203
v 0.08982836 0.00134752 -0.00800217
v 0.08934066 0.00249181 -0.00838804
v 0.08891015 0.00371973 -0.00833310
v 0.08858876 0.00488318 -0.00784398
v 0.08841524 0.00584182 -0.00697966
v 0.08841053 0.00648003 -0.00584441
v 0.08857521 0.00672084 -0.00457514
v 0.08888939 0.00653519 -0.00332495
v 0.08931520 0.00594549 -0.00224464
v 0.08980127 0.00502285 -0.00146449
v 0.09028897 0.00387856 -0.00107862
v 0.09071948 0.00265064 -0.00113356
v 0.09104087 0.00148719 -0.00162269
v 0.09121439 0.00052855 -0.00248700
v 0.09121910 -0.00010966 -0.00362226
v 0.09279197 0.00031101 -0.00524086
v 0.09246565 0.00049212 -0.00648860
v 0.09201344 0.00107183 -0.00756358
v 0.09148988 0.00198023 -0.00833614
v 0.09095811 0.00310773 -0.00871309
v 0.09048228 0.00431836 -0.00864898
v 0.09011978 0.00546609 -0.00815153
v 0.08991433 0.00641249 -0.00728075
v 0.08989071 0.00704340 -0.00614165
v 0.09005178 0.00728274 -0.00487164
v 0.09037809 0.00710163 -0.00362390
v 0.09083030 0.00652192 -0.00254892
v 0.09135387 0.00561352 -0.00177636
v 0.09188563 0.00448602 -0.00139941
v 0.09236147 0.00327539 -0.00146352
v 0.09272397 0.00212766 -0.00196097
v 0.09292942 0.00118126 -0.00283175
v 0.09295303 0.00055035 -0.00397085
v 0.09450041 0.00104153 -0.00559104
v 0.09416378 0.00121827 -0.00683667
v 0.09368566 0.00178692 -0.00790633
v 0.09312373 0.00267891 -0.00867102
v 0.09254576 0.00378663 -0.00903849
v 0.09202146 0.00497650 -0.00896442
v 0.09161407 0.00610497 -0.00845775
v 0.09137273 0.00703596 -0.00757960
v 0.09132653 0.00765716 -0.00643587
v 0.09148107 0.00789366 -0.00516452
v 0.09181770 0.00771692 -0.00391889
v 0.09229582 0.00714826 -0.00284922
v 0.09285775 0.00625628 -0.00208454
v 0.09343572 0.00514855 -0.00171707
v 0.09396002 0.00395869 -0.00179113
v 0.09436741 0.00283021 -0.00229780
v 0.09460875 0.00189922 -0.00317596
v 0.09465495 0.00127802 -0.00431969
v 0.09617586 0.00184606 -0.00593757
v 0.09583075 0.00201871 -0.00718145
v 0.09532730 0.00257516 -0.00824589
v 0.09472622 0.00344831 -0.00900250
v 0.09410002 0.00453283 -0.00936003
v 0.09352423 0.00569792 -0.00927536
v 0.09306829 0.00680306 -0.00875869
v 0.09278721 0.00771493 -0.00787234
v 0.09271487 0.00832357 -0.00672322
v 0.09286001 0.00855556 -0.00544993
v 0.09320512 0.00838291 -0.00420605
v 0.09370858 0.00782646 -0.00314161
v 0.09430966 0.00695331 -0.00238500
v 0.09493586 0.00586879 -0.00202746
v 0.09551165 0.00470370 -0.00211214
v 0.09596758 0.00359856 -0.00262881
v 0.09624867 0.00268669 -0.00351516
v 0.09632101 0.00207805 -0.00466428
v 0.09780703 0.00272563 -0.00627511
v 0.09745066 0.00289228 -0.00751663
v 0.09691932 0.00343376 -0.00857522
v 0.09627710 0.00428477 -0.00932321
v 0.09560145 0.00534266 -0.00967036
v 0.09497388 0.00647984 -0.00957482
v 0.09447007 0.00755914 -0.00904810
v 0.09415080 0.00845038 -0.00815373
v 0.09405456 0.00904607 -0.00699960
v 0.09419297 0.00927437 -0.00572489
v 0.09454934 0.00910772 -0.00448337
v 0.09508068 0.00856624 -0.00342478
v 0.09572290 0.00771523 -0.00267679
v 0.09639855 0.00665734 -0.00232964
v 0.09702612 0.00552016 -0.00242518
v 0.09752993 0.00444086 -0.00295190
v 0.09784921 0.00354962 -0.00384627
v 0.09794544 0.00295393 -0.00500040
v 0.09938739 0.00367481 -0.00661531
v 0.09901326 0.00383109 -0.00785295
v 0.09844986 0.00435359 -0.00890448
v 0.09776517 0.00517931 -0.00964308
v 0.09704176 0.00620865 -0.00997966
v 0.09636688 0.00731745 -0.00987362
v 0.09582194 0.00837198 -0.00933775
v 0.09547266 0.00924504 -0.00843669
v 0.09536117 0.00983133 -0.00727912
v 0.09550092 0.01006014 -0.00600465
v 0.09587505 0.00990387 -0.00476702
v 0.09643845 0.00938136 -0.00371548
v 0.09712314 0.00855564 -0.00297688
v 0.09784655 0.00752631 -0.00264031
v 0.09852143 0.00641750 -0.00274635
v 0.09906638 0.00536298 -0.00328221
v 0.09941565 0.00448991 -0.00418327
v 0.09952714 0.00390362 -0.00534085
v 0.10092484 0.00468932 -0.00697123
v 0.10053194 0.00483354 -0.00820451
v 0.09993722 0.00533566 -0.00924870
v 0.09921244 0.00613514 -0.00997785
v 0.09844500 0.00713553 -0.01030403
v 0.09772746 0.00821618 -0.01018788
v 0.09714639 0.00924675 -0.00964343
v 0.09677186 0.01010292 -0.00873633
v 0.09664904 0.01068145 -0.00757599
v 0.09679275 0.01091253 -0.00630238
v 0.09718566 0.01076832 -0.00506910
v 0.09778037 0.01026619 -0.00402491
v 0.09850515 0.00946671 -0.00329576
v 0.09927259 0.00846632 -0.00296958
v 0.09999013 0.00738567 -0.00308573
v 0.10057120 0.00635510 -0.00363019
v 0.10094573 0.00549893 -0.00453729
v 0.10106856 0.00492041 -0.00569762
v 0.10242333 0.00576814 -0.00733893
v 0.10201502 0.00590152 -0.00856841
v 0.10139287 0.00638411 -0.00960580
v 0.10063194 0.00715773 -0.01032597
v 0.09982399 0.00812905 -0.01064206
v 0.09906649 0.00918092 -0.01051594
v 0.09845079 0.01018646 -0.00996283
v 0.09805116 0.01102441 -0.00904943
v 0.09791581 0.01159368 -0.00788592
v 0.09806104 0.01182561 -0.00661263
v 0.09846936 0.01169223 -0.00538315
v 0.09909151 0.01120964 -0.00434576
v 0.09985244 0.01043602 -0.00362559
v 0.10066038 0.00946470 -0.00330950
v 0.10141788 0.00841284 -0.00343562
v 0.10203359 0.00740729 -0.00398873
v 0.10243321 0.00656934 -0.00490213
v 0.10256857 0.00600007 -0.00606564
v 0.10388193 0.00690764 -0.00771345
v 0.10346129 0.00703156 -0.00893977
v 0.10281526 0.00749566 -0.00997099
v 0.10202175 0.00824394 -0.01068272
v 0.10117649 0.00918617 -0.01098913
v 0.10038141 0.01020868 -0.01085326
v 0.09973242 0.01118816 -0.01029149
v 0.09930780 0.01200646 -0.00937158
v 0.09915875 0.01256488 -0.00820449
v 0.09930326 0.01279607 -0.00693099
v 0.09972390 0.01267214 -0.00570467
v 0.10036993 0.01220805 -0.00467346
v 0.10116343 0.01145976 -0.00396172
v 0.10200870 0.01051754 -0.00365531
v 0.10280377 0.00949502 -0.00379119
v 0.10345276 0.00851555 -0.00435296
v 0.10387739 0.00769725 -0.00527286
v 0.10402644 0.00713883 -0.00643995
v 0.10529965 0.00810429 -0.00808992
v 0.10486952 0.00822031 -0.00931371
v 0.10420284 0.00866707 -0.01033942
v 0.10338001 0.00939067 -0.01104334
v 0.10250029 0.01030385 -0.01134055
v 0.10166977 0.01129646 -0.01119522
v 0.10098863 0.01224877 -0.01062486
v 0.10053904 0.01304592 -0.00969828
v 0.10037521 0.01359177 -0.00852724
v 0.10051690 0.01382048 -0.00725297
v 0.10094703 0.01370446 -0.00602917
v 0.10161372 0.01325770 -0.00500346
v 0.10243654 0.01253409 -0.00429954
v 0.10331626 0.01162092 -0.00400233
v 0.10414678 0.01062831 -0.00414766
v 0.10482791 0.00967600 -0.00471802
v 0.10527751 0.00887884 -0.00564460
v 0.10544134 0.00833299 -0.00681565
v 0.10667548 0.00935468 -0.00846345
v 0.10623847 0.00946448 -0.00968538
v 0.10555409 0.00989519 -0.01070629
v 0.10470487 0.01059484 -0.01140304
v 0.10379325 0.01147905 -0.01169160
v 0.10292918 0.01244117 -0.01153716
v 0.10221689 0.01336516 -0.01095834
v 0.10174228 0.01413957 -0.01002497
v 0.10156260 0.01467099 -0.00884962
v 0.10169952 0.01489532 -0.00757405
v 0.10213653 0.01478552 -0.00635212
v 0.10282091 0.01435481 -0.00533121
v 0.10367013 0.01365516 -0.00463446
v 0.10458175 0.01277095 -0.00434590
v 0.10544582 0.01180883 -0.00450034
v 0.10615811 0.01088484 -0.00507916
v 0.10663272 0.01011043 -0.00601253
v 0.10681240 0.00957901 -0.00718788
v 0.10800833 0.01065547 -0.00882921
v 0.10756686 0.01076088 -0.01004992
v 0.10686746 0.01117691 -0.01106674
v 0.10599452 0.01185339 -0.01175701
v 0.10505330 0.01270872 -0.01203750
v 0.10415734 0.01363974 -0.01187435
v 0.10341471 0.01453415 -0.01128726
v 0.10291497 0.01528407 -0.01034703
v 0.10271841 0.01579905 -0.00916708
v 0.10284873 0.01601698 -0.00788971
v 0.10329021 0.01591157 -0.00666900
v 0.10398960 0.01549554 -0.00565219
v 0.10486255 0.01481906 -0.00496191
v 0.10580377 0.01396373 -0.00468143
v 0.10669972 0.01303272 -0.00484457
v 0.10744235 0.01213831 -0.00543166
v 0.10794209 0.01138838 -0.00637189
v 0.10813865 0.01087340 -0.00755185
v 0.10929705 0.01200342 -0.00918237
v 0.10885334 0.01210638 -0.01040247
v 0.10814141 0.01250922 -0.01141590
v 0.10724714 0.01316335 -0.01210040
v 0.10627840 0.01398986 -0.01237343
v 0.10535201 0.01488907 -0.01220205
v 0.10457972 0.01575252 -0.01160693
v 0.10405468 0.01647607 -0.01065985
v 0.10384022 0.01697244 -0.00947504
v 0.10396221 0.01718177 -0.00819541
v 0.10440592 0.01707880 -0.00697530
v 0.10511784 0.01667596 -0.00596188
v 0.10601211 0.01602184 -0.00527737
v 0.10698087 0.01519533 -0.00500435
v 0.10790725 0.01429611 -0.00517573
v 0.10867954 0.01343266 -0.00577085
v 0.10920458 0.01270912 -0.00671793
v 0.10941903 0.01221274 -0.00790274
v 0.11054043 0.01339532 -0.00951806
v 0.11009656 0.01349794 -0.01073814
v 0.10937438 0.01388915 -0.01174886
v 0.10846099 0.01452177 -0.01242831
v 0.10746655 0.01531949 -0.01269454
v 0.10651101 0.01618610 -0.01251543
v 0.10570963 0.01701707 -0.01191259
v 0.10515905 0.01771218 -0.01095874
v 0.10492569 0.01818758 -0.00976891
v 0.10503770 0.01838593 -0.00848663
v 0.10548156 0.01828331 -0.00726655
v 0.10620374 0.01789210 -0.00625583
v 0.10711714 0.01725948 -0.00557638
v 0.10811158 0.01646176 -0.00531015
v 0.10906711 0.01559515 -0.00548926
v 0.10986850 0.01476418 -0.00609209
v 0.11041908 0.01406907 -0.00704595
v 0.11065243 0.01359368 -0.00823577
v 0.11173717 0.01482805 -0.00983142
v 0.11129511 0.01493256 -0.01105200
v 0.11056478 0.01531380 -0.01206067
v 0.10963427 0.01592578 -0.01273578
v 0.10861580 0.01669469 -0.01299590
v 0.10763223 0.01752778 -0.01280965
v 0.10680219 0.01832458 -0.01219950
v 0.10622579 0.01898897 -0.01123904
v 0.10597255 0.01944083 -0.01004412
v 0.10607301 0.01962565 -0.00875886
v 0.10651507 0.01952114 -0.00753828
v 0.10724541 0.01913991 -0.00652961
v 0.10817592 0.01852793 -0.00585450
v 0.10919438 0.01775902 -0.00559438
v 0.11017795 0.01692592 -0.00578063
v 0.11100800 0.01612912 -0.00639078
v 0.11158440 0.01546473 -0.00735124
v 0.11183764 0.01501287 -0.00854616
v 0.11288593 0.01629852 -0.01011755
v 0.11244752 0.01640733 -0.01133906
v 0.11171099 0.01678034 -0.01234631
v 0.11076520 0.01737257 -0.01301779
v 0.10972422 0.01811258 -0.01327253
v 0.10871360 0.01891111 -0.01307979
v 0.10785525 0.01967186 -0.01246283
v 0.10725269 0.02030305 -0.01149605
v 0.10697860 0.02072857 -0.01029607
v 0.10706604 0.02089708 -0.00900762
v 0.10750446 0.02078827 -0.00778611
v 0.10824098 0.02041526 -0.00677887
v 0.10918677 0.01982303 -0.00610738
v 0.11022775 0.01908302 -0.00585264
v 0.11123836 0.01828449 -0.00604538
v 0.11209671 0.01752375 -0.00666235
v 0.11269928 0.01689255 -0.00762912
v 0.11297337 0.01646703 -0.00882910
v 0.11398841 0.01780814 -0.01037241
v 0.11355390 0.01792189 -0.01159487
v 0.11281136 0.01828630 -0.01260084
v 0.11185033 0.01885740 -0.01326899
v 0.11078674 0.01956631 -0.01351873
v 0.10974888 0.02032754 -0.01331993
v 0.10886192 0.02104926 -0.01269658
v 0.10823284 0.02164442 -0.01172386
v 0.10793752 0.02204124 -0.01051909
v 0.10801159 0.02219186 -0.00922759
v 0.10844610 0.02207810 -0.00800513
v 0.10918865 0.02171370 -0.00699916
v 0.11014967 0.02114260 -0.00633101
v 0.11121326 0.02043368 -0.00608127
v 0.11225112 0.01967246 -0.00628007
v 0.11313808 0.01895074 -0.00690342
v 0.11376715 0.01835558 -0.00787614
v 0.11406247 0.01795876 -0.00908091
v 0.11504953 0.01937459 -0.01059904
v 0.11461695 0.01949082 -0.01182195
v 0.11386660 0.01984339 -0.01282635
v 0.11288898 0.02038976 -0.01349109
v 0.11180201 0.02106404 -0.01373600
v 0.11073679 0.02178490 -0.01353153
v 0.10982180 0.02246540 -0.01290235
v 0.10916740 0.02302345 -0.01192435
v 0.10885254 0.02339175 -0.01071548
v 0.10891517 0.02352587 -0.00942156
v 0.10934775 0.02340964 -0.00819865
v 0.11009809 0.02305708 -0.00719425
v 0.11107571 0.02251070 -0.00652951
v 0.11216269 0.02183642 -0.00628460
v 0.11322791 0.02111556 -0.00648907
v 0.11414289 0.02043507 -0.00711825
v 0.11479729 0.01987701 -0.00809625
v 0.11511216 0.01950872 -0.00930512
v 0.11606807 0.02100324 -0.01080337
v 0.11563584 0.02111975 -0.01202638
v 0.11487704 0.02145857 -0.01302915
v 0.11388318 0.02197885 -0.01369075
v 0.11277415 0.02261782 -0.01393137
v 0.11168370 0.02329843 -0.01372198
v 0.11074336 0.02393857 -0.01308785
v 0.11006655 0.02446104 -0.01210545
v 0.10973490 0.02480282 -0.01089329
v 0.10978842 0.02492268 -0.00959756
v 0.11022064 0.02480618 -0.00837455
v 0.11097944 0.02446735 -0.00737177
v 0.11197329 0.02394708 -0.00671018
v 0.11308233 0.02330810 -0.00646956
v 0.11417278 0.02262750 -0.00667895
v 0.11511312 0.02198736 -0.00731308
v 0.11578993 0.02146489 -0.00829547
v 0.11612158 0.02112311 -0.00950764
v 0.11704007 0.02268242 -0.01098658
v 0.11660771 0.02279845 -0.01220959
v 0.11584103 0.02312349 -0.01321094
v 0.11483251 0.02361832 -0.01386986
v 0.11370379 0.02422327 -0.01410687
v 0.11259101 0.02486536 -0.01389338
v 0.11162838 0.02546715 -0.01325515
v 0.11093202 0.02595606 -0.01226916
v 0.11058591 0.02627312 -0.01105432
v 0.11063181 0.02638008 -0.00975717
v 0.11106417 0.02626405 -0.00853416
v 0.11183084 0.02593901 -0.00753281
v 0.11283936 0.02544418 -0.00687389
v 0.11396808 0.02483923 -0.00663688
v 0.11508086 0.02419714 -0.00685037
v 0.11604349 0.02359535 -0.00748860
v 0.11673985 0.02310644 -0.00847459
v 0.11708596 0.02278938 -0.00968943
v 0.11796510 0.02440585 -0.01115054
v 0.11753219 0.02452065 -0.01237347
v 0.11675812 0.02483176 -0.01337355
v 0.11573625 0.02530164 -0.01403018
v 0.11458986 0.02587363 -0.01426413
v 0.11345718 0.02647872 -0.01404720
v 0.11247486 0.02704394 -0.01340556
v 0.11176136 0.02750112 -0.01241659
v 0.11140276 0.02779511 -0.01119957
v 0.11144231 0.02789045 -0.00990131
v 0.11187521 0.02777564 -0.00867838
v 0.11264928 0.02746454 -0.00767830
v 0.11367115 0.02699465 -0.00702168
v 0.11481755 0.02642267 -0.00678772
v 0.11595023 0.02581758 -0.00700465
v 0.11693255 0.02525235 -0.00764629
v 0.11764605 0.02479518 -0.00863526
v 0.11800464 0.02450119 -0.00985228
v 0.11884253 0.02616730 -0.01129701
v 0.11840869 0.02628010 -0.01251980
v 0.11762762 0.02657704 -0.01351875
v 0.11659352 0.02702229 -0.01417338
v 0.11543112 0.02756216 -0.01440472
v 0.11428063 0.02813152 -0.01418488
v 0.11328080 0.02866170 -0.01354037
v 0.11255223 0.02908877 -0.01254893
v 0.11218281 0.02936119 -0.01133014
v 0.11221708 0.02944613 -0.01003100
v 0.11265092 0.02933332 -0.00880821
v 0.11343198 0.02903639 -0.00780926
v 0.11446609 0.02859114 -0.00715463
v 0.11562848 0.02805127 -0.00692329
v 0.11677898 0.02748191 -0.00714313
v 0.11777881 0.02695172 -0.00778764
v 0.11850737 0.02652466 -0.00877908
v 0.11887679 0.02625223 -0.00999787
v 0.11967149 0.02796056 -0.01142767
v 0.11923642 0.02807056 -0.01265028
v 0.11844867 0.02835297 -0.01364820
v 0.11740328 0.02877374 -0.01430108
v 0.11622632 0.02928209 -0.01453017
v 0.11505976 0.02981674 -0.01430784
v 0.11404429 0.03031318 -0.01366091
v 0.11330240 0.03071153 -0.01266740
v 0.11292358 0.03096376 -0.01144714
v 0.11295351 0.03103944 -0.01014733
v 0.11338858 0.03092944 -0.00892472
v 0.11417633 0.03064702 -0.00792680
v 0.11522172 0.03022626 -0.00727392
v 0.11639868 0.02971791 -0.00704483
v 0.11756524 0.02918326 -0.00726716
v 0.11858071 0.02868683 -0.00791409
v 0.11932260 0.02828847 -0.00890760
v 0.11970142 0.02803624 -0.01012786
v 0.12045100 0.02977943 -0.01154417
v 0.12001440 0.02988580 -0.01276655
v 0.11922026 0.03015321 -0.01376353
v 0.11816436 0.03054943 -0.01441486
v 0.11697406 0.03102666 -0.01464199
v 0.11579293 0.03152733 -0.01441751
v 0.11476342 0.03199106 -0.01376850
v 0.11400972 0.03236192 -0.01277324
v 0.11362273 0.03259518 -0.01155178
v 0.11364911 0.03266270 -0.01025143
v 0.11408571 0.03255633 -0.00902905
v 0.11487985 0.03228892 -0.00803207
v 0.11593575 0.03189270 -0.00738074
v 0.11712606 0.03141547 -0.00715361
v 0.11830719 0.03091480 -0.00737810
v 0.11933669 0.03045107 -0.00802710
v 0.12009040 0.03008020 -0.00902236
v 0.12047739 0.02984695 -0.01024383
v 0.12117993 0.03161773 -0.01164808
v 0.12074156 0.03171958 -0.01287021
v 0.11994125 0.03197139 -0.01386632
v 0.11887552 0.03234281 -0.01451627
v 0.11767292 0.03278902 -0.01474165
v 0.11647850 0.03325621 -0.01451528
v 0.11543633 0.03368804 -0.01386448
v 0.11467210 0.03403241 -0.01286773
v 0.11427800 0.03424779 -0.01164526
v 0.11430155 0.03430820 -0.01034451
v 0.11473992 0.03420635 -0.00912238
v 0.11554024 0.03395453 -0.00812627
v 0.11660596 0.03358312 -0.00747633
v 0.11780856 0.03313691 -0.00725095
v 0.11900298 0.03266971 -0.00747731
v 0.12004515 0.03223789 -0.00812811
v 0.12080938 0.03189352 -0.00912486
v 0.12120348 0.03167814 -0.01034734
v 0.12185704 0.03346930 -0.01174098
v 0.12141667 0.03356568 -0.01296283
v 0.12061038 0.03380113 -0.01395812
v 0.11953541 0.03414727 -0.01460679
v 0.11832142 0.03456233 -0.01483061
v 0.11711483 0.03499626 -0.01460257
v 0.11606119 0.03539672 -0.01395019
v 0.11528756 0.03571540 -0.01295215
v 0.11488727 0.03591388 -0.01172883
v 0.11490859 0.03596820 -0.01042777
v 0.11534895 0.03587182 -0.00920592
v 0.11615524 0.03563637 -0.00821063
v 0.11723021 0.03529023 -0.00756196
v 0.11844420 0.03487517 -0.00733814
v 0.11965079 0.03444124 -0.00756618
v 0.12070444 0.03404078 -0.00821856
v 0.12147807 0.03372210 -0.00921660
v 0.12187836 0.03352362 -0.01043992
v 0.12248098 0.03532801 -0.01182438
v 0.12203842 0.03541790 -0.01304594
v 0.12122632 0.03563607 -0.01404045
v 0.12014262 0.03595621 -0.01468794
v 0.11891802 0.03633970 -0.01491032
v 0.11770026 0.03674030 -0.01468077
v 0.11663617 0.03710968 -0.01402698
v 0.11585414 0.03740329 -0.01302780
v 0.11544847 0.03758571 -0.01180375
v 0.11546809 0.03763495 -0.01050247
v 0.11591065 0.03754507 -0.00928091
v 0.11672276 0.03732689 -0.00828641
v 0.11780646 0.03700675 -0.00763892
v 0.11903105 0.03662326 -0.00741653
v 0.12024882 0.03622266 -0.00764608
v 0.12131290 0.03585329 -0.00829987
v 0.12209494 0.03555968 -0.00929905
v 0.12250061 0.03537725 -0.01052310
v 0.12305316 0.03719664 -0.01189867
v 0.12261346 0.03729507 -0.01312060
v 0.12179993 0.03750798 -0.01411508
v 0.12071071 0.03780970 -0.01476216
v 0.11947717 0.03816382 -0.01498379
v 0.11824809 0.03852764 -0.01475325
v 0.11717173 0.03885727 -0.01409833
v 0.11637789 0.03911296 -0.01309803
v 0.11596234 0.03926387 -0.01187300
v 0.11597519 0.03929178 -0.01057100
v 0.11641490 0.03919335 -0.00934907
v 0.11722843 0.03898044 -0.00835459
v 0.11831765 0.03867873 -0.00770751
v 0.11955119 0.03832461 -0.00748588
v 0.12078027 0.03796079 -0.00771643
v 0.12185663 0.03763115 -0.00837135
v 0.12265047 0.03737547 -0.00937165
v 0.12306602 0.03722456 -0.01059667
v 0.12357002 0.03906417 -0.01191360
v 0.12313356 0.03917333 -0.01313579
v 0.12231914 0.03938221 -0.01413039
v 0.12122500 0.03966560 -0.01477746
v 0.11998311 0.03998932 -0.01499895
v 0.11874326 0.04031434 -0.01476813
v 0.11765499 0.04060143 -0.01411286
v 0.11684956 0.04081599 -0.01311216
v 0.11642412 0.04093213 -0.01188674
v 0.11642998 0.04093583 -0.01058440
v 0.11686645 0.04082667 -0.00936222
v 0.11768086 0.04061779 -0.00836761
v 0.11877500 0.04033440 -0.00772054
v 0.12001689 0.04001068 -0.00749905
v 0.12125674 0.03968567 -0.00772987
v 0.12234502 0.03939857 -0.00838514
v 0.12315045 0.03918401 -0.00938584
v 0.12357588 0.03906788 -0.01061126
v 0.12403011 0.04093345 -0.01191388
v 0.12359165 0.04103463 -0.01313604
v 0.12277234 0.04122370 -0.01413059
v 0.12167101 0.04147786 -0.01477758
v 0.12042046 0.04176644 -0.01499897
v 0.11917156 0.04205465 -0.01476806
v 0.11807493 0.04230772 -0.01411270
v 0.11726284 0.04249512 -0.01311193
v 0.11683324 0.04259426 -0.01188647
v 0.11683796 0.04259317 -0.01058412
v 0.11727640 0.04249199 -0.00936196
v 0.11809571 0.04230292 -0.00836741
v 0.11919705 0.04204877 -0.00772042
v 0.12044759 0.04176018 -0.00749903
v 0.12169649 0.04147197 -0.00772994
v 0.12279312 0.04121890 -0.00838530
v 0.12360521 0.04103150 -0.00938607
v 0.12403481 0.04093236 -0.01061153
v 0.12443773 0.04282424 -0.01191415
v 0.12399648 0.04291286 -0.01313627
v 0.12317204 0.04307844 -0.01413077
v 0.12206383 0.04330101 -0.01477767
v 0.12080553 0.04355372 -0.01499897
v 0.11954892 0.04380609 -0.01476797
v 0.11844555 0.04402769 -0.01411253
v 0.11762850 0.04419179 -0.01311170
v 0.11719633 0.04427858 -0.01188620
v 0.11720116 0.04427761 -0.01058385
v 0.11764241 0.04418899 -0.00936173
v 0.11846685 0.04402341 -0.00836723
v 0.11957506 0.04380085 -0.00772033
v 0.12083335 0.04354813 -0.00749903
v 0.12208997 0.04329576 -0.00773003
v 0.12319335 0.04307416 -0.00838547
v 0.12401039 0.04291007 -0.00938630
v 0.12444256 0.04282327 -0.01061180
v 0.12479335 0.04473389 -0.01191440
v 0.12434972 0.04481018 -0.01313649
v 0.12352091 0.04495271 -0.01413093
v 0.12240689 0.04514430 -0.01477776
v 0.12114201 0.04536182 -0.01499897
v 0.11987887 0.04557905 -0.01476788
v 0.11876979 0.04576978 -0.01411236
v 0.11794855 0.04591102 -0.01311148
v 0.11751421 0.04598571 -0.01188595
v 0.11751915 0.04598486 -0.01058360
v 0.11796278 0.04590857 -0.00936151
v 0.11879159 0.04576604 -0.00836707
v 0.11990561 0.04557445 -0.00772024
v 0.12117048 0.04535693 -0.00749903
v 0.12243363 0.04513970 -0.00773012
v 0.12354272 0.04494897 -0.00838564
v 0.12436395 0.04480773 -0.00938652
v 0.12479830 0.04473304 -0.01061205
v 0.12509723 0.04665924 -0.01191464
v 0.12465160 0.04672340 -0.01313670
v 0.12381914 0.04684326 -0.01413109
v 0.12270026 0.04700437 -0.01477784
v 0.12142991 0.04718728 -0.01499897
v 0.12016131 0.04736994 -0.01476780
v 0.11904748 0.04753031 -0.01411220
v 0.11822276 0.04764906 -0.01311127
v 0.11778662 0.04771186 -0.01188571
v 0.11779166 0.04771113 -0.01058336
v 0.11823729 0.04764697 -0.00936130
v 0.11906975 0.04752710 -0.00836692
v 0.12018863 0.04736600 -0.00772016
v 0.12145898 0.04718309 -0.00749903
v 0.12272758 0.04700043 -0.00773020
v 0.12384141 0.04684006 -0.00838580
v 0.12466613 0.04672131 -0.00938673
v 0.12510227 0.04665851 -0.01061229
v 0.12534957 0.04859716 -0.01191487
v 0.12490230 0.04864935 -0.01313691
v 0.12406687 0.04874684 -0.01413124
v 0.12294402 0.04887786 -0.01477792
v 0.12166920 0.04902661 -0.01499897
v 0.12039617 0.04917516 -0.01476772
v 0.11927848 0.04930558 -0.01411205
v 0.11845093 0.04940215 -0.01311106
v 0.11801334 0.04945321 -0.01188548
v 0.11801849 0.04945261 -0.01058313
v 0.11846576 0.04940042 -0.00936109
v 0.11930119 0.04930293 -0.00836676
v 0.12042403 0.04917191 -0.00772008
v 0.12169885 0.04902316 -0.00749903
v 0.12297188 0.04887461 -0.00773028
v 0.12408957 0.04874419 -0.00838595
v 0.12491712 0.04864762 -0.00938694
v 0.12535471 0.04859656 -0.01061252
v 0.12555054 0.05054451 -0.01191510
v 0.12510197 0.05058485 -0.01313711
v 0.12426419 0.05066017 -0.01413138
v 0.12313823 0.05076142 -0.01477800
v 0.12185991 0.05087636 -0.01499897
v 0.12058341 0.05099113 -0.01476764
v 0.11946269 0.05109191 -0.01411190
v 0.11863293 0.05116651 -0.01311086
v 0.11819422 0.05120596 -0.01188525
v 0.11819946 0.05120549 -0.01058290
v 0.11864802 0.05116516 -0.00936089
v 0.11948581 0.05108983 -0.00836662
v 0.12061177 0.05098858 -0.00772000
v 0.12189009 0.05087364 -0.00749903
v 0.12316659 0.05075886 -0.00773036
v 0.12428731 0.05065810 -0.00838610
v 0.12511706 0.05058349 -0.00938714
v 0.12555578 0.05054404 -0.01061275
v 0.12570027 0.05249815 -0.01191532
v 0.12525073 0.05252670 -0.01313730
v 0.12441119 0.05258003 -0.01413153
v 0.12328292 0.05265168 -0.01477808
v 0.12200201 0.05273303 -0.01499897
v 0.12072296 0.05281427 -0.01476756
v 0.11960002 0.05288559 -0.01411176
v 0.11876865 0.05293839 -0.01311067
v 0.11832912 0.05296631 -0.01188503
v 0.11833446 0.05296597 -0.01058268
v 0.11878400 0.05293742 -0.00936070
v 0.11962353 0.05288410 -0.00836647
v 0.12075180 0.05281244 -0.00771992
v 0.12203271 0.05273109 -0.00749903
v 0.12331177 0.05264985 -0.00773044
v 0.12443470 0.05257853 -0.00838624
v 0.12526608 0.05252573 -0.00938733
v 0.12570560 0.05249782 -0.01061297
v 0.12579884 0.05445495 -0.01191554
v 0.12534863 0.05447175 -0.01313750
v 0.12450793 0.05450313 -0.01413167
v 0.12337814 0.05454530 -0.01477815
v 0.12209552 0.05459318 -0.01499897
v 0.12081479 0.05464098 -0.01476748
v 0.11969041 0.05468294 -0.01411161
v 0.11885801 0.05471402 -0.01311047
v 0.11841798 0.05473044 -0.01188481
v 0.11842339 0.05473024 -0.01058246
v 0.11887360 0.05471343 -0.00936050
v 0.11971430 0.05468205 -0.00836633
v 0.12084409 0.05463988 -0.00771985
v 0.12212671 0.05459201 -0.00749903
v 0.12340743 0.05454421 -0.00773052
v 0.12453181 0.05450224 -0.00838639
v 0.12536421 0.05447117 -0.00938753
v 0.12580425 0.05445475 -0.01061319
v 0.12584627 0.05641177 -0.01191576
v 0.12539570 0.05641682 -0.01313769
v 0.12455441 0.05642625 -0.01413181
v 0.12342387 0.05643892 -0.01477823
v 0.12214042 0.05645330 -0.01499897
v 0.12085889 0.05646767 -0.01476740
v 0.11973385 0.05648027 -0.01411147
v 0.11890098 0.05648961 -0.01311028
v 0.11846074 0.05649455 -0.01188459
v 0.11846624 0.05649448 -0.01058224
v 0.11891680 0.05648943 -0.00936031
v 0.11975809 0.05648000 -0.00836619
v 0.12088864 0.05646733 -0.00771977
v 0.12217207 0.05645295 -0.00749903
v 0.12345360 0.05643858 -0.00773060
v 0.12457865 0.05642597 -0.00838653
v 0.12541153 0.05641664 -0.00938772
v 0.12585177 0.05641171 -0.01061341
v 0.12584257 0.05836548 -0.01191598
v 0.12539196 0.05835873 -0.01313788
v 0.12455065 0.05834612 -0.01413196
v 0.12342012 0.05832918 -0.01477830
v 0.12213673 0.05830995 -0.01499897
v 0.12085528 0.05829074 -0.01476733
v 0.11973032 0.05827388 -0.01411132
v 0.11889755 0.05826140 -0.01311008
v 0.11845741 0.05825481 -0.01188437
v 0.11846299 0.05825489 -0.01058202
v 0.11891360 0.05826164 -0.00936012
v 0.11975491 0.05827425 -0.00836604
v 0.12088544 0.05829119 -0.00771970
v 0.12216882 0.05831043 -0.00749903
v 0.12345028 0.05832963 -0.00773067
v 0.12457523 0.05834649 -0.00838668
v 0.12540801 0.05835897 -0.00938792
v 0.12584814 0.05836556 -0.01061363
v 0.12578771 0.06031296 -0.01191621
v 0.12533735 0.06029432 -0.01313808
v 0.12449660 0.06025950 -0.01413210
v 0.12336688 0.06021273 -0.01477838
v 0.12208443 0.06015963 -0.01499896
v 0.12080394 0.06010661 -0.01476725
v 0.11967987 0.06006007 -0.01411118
v 0.11884778 0.06002561 -0.01310988
v 0.11840804 0.06000740 -0.01188414
v 0.11841369 0.06000764 -0.01058179
v 0.11886404 0.06002629 -0.00935992
v 0.11970479 0.06006110 -0.00836590
v 0.12083451 0.06010788 -0.00771962
v 0.12211696 0.06016098 -0.00749904
v 0.12339745 0.06021399 -0.00773075
v 0.12452152 0.06026053 -0.00838682
v 0.12535360 0.06029499 -0.00938812
v 0.12579335 0.06031319 -0.01061386
v 0.12568142 0.06225332 -0.01191645
v 0.12523165 0.06222237 -0.01313829
v 0.12439211 0.06216460 -0.01413226
v 0.12326404 0.06208698 -0.01477847
v 0.12198351 0.06199887 -0.01499896
v 0.12070497 0.06191089 -0.01476716
v 0.11958263 0.06183366 -0.01411102
v 0.11875185 0.06177649 -0.01310967
v 0.11831286 0.06174628 -0.01188390
v 0.11831858 0.06174668 -0.01058155
v 0.11876834 0.06177763 -0.00935971
v 0.11960789 0.06183540 -0.00836574
v 0.12073595 0.06191302 -0.00771953
v 0.12201648 0.06200114 -0.00749904
v 0.12329503 0.06208911 -0.00773084
v 0.12441737 0.06216634 -0.00838698
v 0.12524815 0.06222351 -0.00938833
v 0.12568714 0.06225372 -0.01061410
v 0.12552026 0.06419684 -0.01191671
v 0.12507148 0.06415319 -0.01313852
v 0.12423383 0.06407174 -0.01413243
v 0.12310835 0.06396230 -0.01477855
v 0.12183081 0.06383807 -0.01499896
v 0.12055527 0.06371404 -0.01476707
v 0.11943560 0.06360517 -0.01411085
v 0.11860684 0.06352457 -0.01310944
v 0.11816896 0.06348199 -0.01188364
v 0.11817475 0.06348256 -0.01058129
v 0.11862355 0.06352621 -0.00935948
v 0.11946119 0.06360766 -0.00836557
v 0.12058667 0.06371710 -0.00771945
v 0.12186422 0.06384132 -0.00749904
v 0.12313975 0.06396536 -0.00773093
v 0.12425943 0.06407423 -0.00838715
v 0.12508819 0.06415482 -0.00938856
v 0.12552607 0.06419740 -0.01061436
v 0.12530258 0.06614877 -0.01191696
v 0.12485509 0.06609268 -0.01313874
v 0.12401997 0.06598800 -0.01413259
v 0.12289792 0.06584734 -0.01477864
v 0.12162430 0.06568769 -0.01499896
v 0.12035272 0.06552830 -0.01476698
v 0.11923654 0.06538839 -0.01411068
v 0.11841041 0.06528483 -0.01310922
v 0.11797395 0.06523012 -0.01188339
v 0.11797982 0.06523085 -0.01058105
v 0.11842731 0.06528695 -0.00935926
v 0.11926244 0.06539164 -0.00836541
v 0.12038449 0.06553228 -0.00771936
v 0.12165811 0.06569193 -0.00749904
v 0.12292969 0.06585133 -0.00773102
v 0.12404586 0.06599125 -0.00838732
v 0.12487200 0.06609480 -0.00938878
v 0.12530845 0.06614951 -0.01061461
v 0.12503061 0.06810336 -0.01191719
v 0.12458469 0.06803533 -0.01313894
v 0.12375259 0.06790839 -0.01413274
v 0.12263466 0.06773785 -0.01477872
v 0.12136573 0.06754427 -0.01499896
v 0.12009887 0.06735101 -0.01476690
v 0.11898687 0.06718136 -0.01411053
v 0.11816385 0.06705581 -0.01310902
v 0.11772910 0.06698949 -0.01188316
v 0.11773502 0.06699040 -0.01058081
v 0.11818093 0.06705842 -0.00935906
v 0.11901303 0.06718536 -0.00836526
v 0.12013096 0.06735590 -0.00771928
v 0.12139989 0.06754948 -0.00749904
v 0.12266675 0.06774274 -0.00773110
v 0.12377875 0.06791238 -0.00838747
v 0.12460177 0.06803793 -0.00938898
v 0.12503654 0.06810426 -0.01061484
v 0.12470629 0.07005759 -0.01191740
v 0.12426221 0.06997810 -0.01313913
v 0.12343360 0.06982977 -0.01413288
v 0.12232039 0.06963050 -0.01477879
v 0.12105685 0.06940433 -0.01499896
v 0.11979540 0.06917852 -0.01476683
v 0.11868817 0.06898032 -0.01411039
v 0.11786871 0.06883363 -0.01310883
v 0.11743588 0.06875616 -0.01188295
v 0.11744186 0.06875722 -0.01058060
v 0.11788593 0.06883672 -0.00935887
v 0.11871455 0.06898504 -0.00836512
v 0.11982776 0.06918431 -0.00771921
v 0.12109129 0.06941049 -0.00749904
v 0.12235275 0.06963629 -0.00773117
v 0.12345998 0.06983449 -0.00838761
v 0.12427943 0.06998118 -0.00938917
v 0.12471227 0.07005866 -0.01061505
v 0.12433157 0.07200847 -0.01191760
v 0.12388954 0.07191791 -0.01313930
v 0.12306483 0.07174896 -0.01413301
v 0.12195690 0.07152200 -0.01477886
v 0.12069939 0.07126439 -0.01499896
v 0.11944397 0.07100721 -0.01476676
v 0.11834206 0.07078148 -0.01411026
v 0.11752657 0.07061441 -0.01310865
v 0.11709586 0.07052618 -0.01188275
v 0.11710188 0.07052741 -0.01058040
v 0.11754391 0.07061797 -0.00935870
v 0.11836862 0.07078692 -0.00836499
v 0.11947655 0.07101388 -0.00771914
v 0.12073406 0.07127149 -0.00749904
v 0.12198948 0.07152867 -0.00773124
v 0.12309139 0.07175440 -0.00838774
v 0.12390688 0.07192147 -0.00938935
v 0.12433759 0.07200970 -0.01061525
v 0.12390830 0.07395294 -0.01191779
v 0.12346853 0.07385168 -0.01313947
v 0.12264811 0.07366278 -0.01413313
v 0.12154598 0.07340901 -0.01477893
v 0.12029507 0.07312099 -0.01499896
v 0.11904626 0.07283344 -0.01476669
v 0.11795018 0.07258107 -0.01411013
v 0.11713903 0.07239430 -0.01310849
v 0.11671066 0.07229567 -0.01188256
v 0.11671671 0.07229706 -0.01058021
v 0.11715647 0.07239831 -0.00935853
v 0.11797689 0.07258722 -0.00836487
v 0.11907902 0.07284099 -0.00771907
v 0.12032993 0.07312901 -0.00749904
v 0.12157874 0.07341655 -0.00773131
v 0.12267482 0.07366893 -0.00838787
v 0.12348597 0.07385570 -0.00938951
v 0.12391435 0.07395434 -0.01061544
v 0.12343828 0.07588797 -0.01191797
v 0.12300099 0.07577631 -0.01313963
v 0.12218522 0.07556802 -0.01413325
v 0.12108937 0.07528821 -0.01477899
v 0.11984562 0.07497065 -0.01499896
v 0.11860399 0.07465362 -0.01476662
v 0.11751422 0.07437536 -0.01411002
v 0.11670777 0.07416945 -0.01310833
v 0.11628190 0.07406071 -0.01188237
v 0.11628799 0.07406227 -0.01058003
v 0.11672529 0.07417392 -0.00935837
v 0.11754105 0.07438222 -0.00836475
v 0.11863690 0.07466201 -0.00771901
v 0.11988065 0.07497959 -0.00749904
v 0.12112229 0.07529662 -0.00773138
v 0.12221204 0.07557487 -0.00838798
v 0.12301850 0.07578078 -0.00938967
v 0.12344436 0.07588952 -0.01061563
v 0.12292331 0.07781047 -0.01191815
v 0.12248867 0.07768867 -0.01313978
v 0.12167792 0.07746147 -0.01413336
v 0.12058884 0.07715627 -0.01477905
v 0.11935280 0.07680989 -0.01499896
v 0.11811887 0.07646410 -0.01476656
v 0.11703590 0.07616062 -0.01410990
v 0.11623449 0.07593603 -0.01310817
v 0.11581133 0.07581745 -0.01188220
v 0.11581743 0.07581916 -0.01057985
v 0.11625206 0.07594096 -0.00935822
v 0.11706282 0.07616816 -0.00836464
v 0.11815190 0.07647336 -0.00771895
v 0.11938795 0.07681974 -0.00749904
v 0.12062187 0.07716553 -0.00773144
v 0.12170485 0.07746901 -0.00838810
v 0.12250625 0.07769360 -0.00938983
v 0.12292942 0.07781218 -0.01061580
v 0.12236512 0.07971736 -0.01191832
v 0.12193333 0.07958563 -0.01313993
v 0.12112795 0.07933991 -0.01413347
v 0.12004612 0.07900985 -0.01477911
v 0.11881831 0.07863525 -0.01499895
v 0.11759264 0.07826130 -0.01476650
v 0.11651693 0.07793310 -0.01410979
v 0.11572092 0.07769025 -0.01310802
v 0.11530063 0.07756202 -0.01188203
v 0.11530675 0.07756389 -0.01057968
v 0.11573854 0.07769562 -0.00935807
v 0.11654393 0.07794134 -0.00836452
v 0.11762576 0.07827140 -0.00771889
v 0.11885356 0.07864600 -0.00749905
v 0.12007923 0.07901995 -0.00773150
v 0.12115495 0.07934815 -0.00838821
v 0.12195095 0.07959101 -0.00938998
v 0.12237124 0.07971923 -0.01061597
v 0.12176540 0.08160555 -0.01191848
v 0.12133666 0.08146404 -0.01314008
v 0.12053701 0.08120011 -0.01413358
v 0.11946291 0.08084559 -0.01477916
v 0.11824392 0.08044325 -0.01499895
v 0.11702705 0.08004160 -0.01476644
v 0.11595909 0.07968911 -0.01410968
v 0.11516883 0.07942828 -0.01310787
v 0.11475161 0.07929057 -0.01188186
v 0.11475774 0.07929260 -0.01057952
v 0.11518649 0.07943410 -0.00935792
v 0.11598613 0.07969804 -0.00836442
v 0.11706024 0.08005255 -0.00771884
v 0.11827923 0.08045490 -0.00749905
v 0.11949610 0.08085654 -0.00773156
v 0.12056407 0.08120903 -0.00838832
v 0.12135432 0.08146987 -0.00939013
v 0.12177154 0.08160758 -0.01061614
v 0.12112583 0.08347193 -0.01191865
v 0.12070034 0.08332077 -0.01314022
v 0.11990681 0.08303884 -0.01413369
v 0.11884096 0.08266016 -0.01477922
v 0.11763134 0.08223041 -0.01499895
v 0.11642385 0.08180141 -0.01476639
v 0.11536414 0.08142492 -0.01410957
v 0.11458002 0.08114634 -0.01310773
v 0.11416606 0.08099926 -0.01188170
v 0.11417220 0.08100145 -0.01057935
v 0.11459769 0.08115262 -0.00935778
v 0.11539122 0.08143454 -0.00836431
v 0.11645707 0.08181322 -0.00771878
v 0.11766670 0.08224297 -0.00749905
v 0.11887418 0.08267197 -0.00773161
v 0.11993390 0.08304846 -0.00838843
v 0.12071802 0.08332705 -0.00939027
v 0.12113197 0.08347411 -0.01061630
v 0.12044062 0.08533262 -0.01191891
v 0.12001947 0.08516949 -0.01314045
v 0.11923413 0.08486532 -0.01413386
v 0.11817931 0.08445677 -0.01477931
v 0.11698226 0.08399313 -0.01499895
v 0.11578735 0.08353031 -0.01476630
v 0.11473870 0.08312415 -0.01410940
v 0.11396279 0.08282363 -0.01310750
v 0.11355322 0.08266500 -0.01188144
v 0.11355938 0.08266739 -0.01057909
v 0.11398053 0.08283050 -0.00935755
v 0.11476588 0.08313468 -0.00836414
v 0.11582068 0.08354323 -0.00771869
v 0.11701774 0.08400687 -0.00749905
v 0.11821266 0.08446968 -0.00773170
v 0.11926130 0.08487584 -0.00838860
v 0.12003721 0.08517636 -0.00939050
v 0.12044678 0.08533500 -0.01061656
v 0.11968185 0.08719668 -0.01191936
v 0.11926693 0.08701790 -0.01314085
v 0.11849338 0.08668460 -0.01413415
v 0.11745446 0.08623696 -0.01477946
v 0.11627551 0.08572898 -0.01499895
v 0.11509871 0.08522193 -0.01476614
v 0.11406602 0.08477697 -0.01410910
v 0.11330198 0.08444776 -0.01310710
v 0.11289874 0.08427402 -0.01188099
v 0.11290496 0.08427671 -0.01057864
v 0.11331987 0.08445548 -0.00935715
v 0.11409343 0.08478878 -0.00836385
v 0.11513234 0.08523642 -0.00771854
v 0.11631130 0.08574440 -0.00749905
v 0.11748809 0.08625145 -0.00773186
v 0.11852079 0.08669641 -0.00838889
v 0.11928483 0.08702561 -0.00939090
v 0.11968806 0.08719935 -0.01061701
v 0.11884477 0.08903580 -0.01191982
v 0.11843676 0.08884144 -0.01314125
v 0.11767621 0.08847914 -0.01413445
v 0.11665485 0.08799259 -0.01477962
v 0.11549588 0.08744049 -0.01499895
v 0.11433908 0.08688943 -0.01476597
v 0.11332397 0.08640587 -0.01410880
v 0.11257300 0.08604813 -0.01310669
v 0.11217675 0.08585937 -0.01188052
v 0.11218300 0.08586235 -0.01057818
v 0.11259101 0.08605671 -0.00935675
v 0.11335157 0.08641901 -0.00836355
v 0.11437292 0.08690555 -0.00771838
v 0.11553190 0.08745766 -0.00749905
v 0.11668871 0.08800872 -0.00773203
v 0.11770381 0.08849228 -0.00838920
v 0.11845478 0.08885002 -0.00939131
v 0.11885103 0.08903878 -0.01061748
v 0.11795081 0.09083197 -0.01192015
v 0.11754906 0.09062473 -0.01314154
v 0.11680029 0.09023850 -0.01413466
v 0.11579479 0.08971985 -0.01477973
v 0.11465385 0.08913133 -0.01499895
v 0.11351509 0.08854393 -0.01476586
v 0.11251584 0.08802851 -0.01410859
v 0.11177666 0.08764722 -0.01310641
v 0.11138668 0.08744606 -0.01188020
v 0.11139294 0.08744929 -0.01057785
v 0.11179469 0.08765652 -0.00935646
v 0.11254346 0.08804275 -0.00836334
v 0.11354896 0.08856141 -0.00771827
v 0.11468990 0.08914992 -0.00749906
v 0.11582866 0.08973732 -0.00773214
v 0.11682791 0.09025274 -0.00838941
v 0.11756709 0.09063403 -0.00939159
v 0.11795708 0.09083519 -0.01061780
v 0.11701218 0.09258975 -0.01192036
v 0.11661582 0.09237225 -0.01314173
v 0.11587715 0.09196688 -0.01413480
v 0.11488527 0.09142257 -0.01477981
v 0.11375981 0.09080495 -0.01499894
v 0.11263651 0.09018853 -0.01476578
v 0.11165087 0.08964764 -0.01410845
v 0.11092176 0.08924752 -0.01310622
v 0.11053713 0.08903645 -0.01187998
v 0.11054337 0.08903988 -0.01057764
v 0.11093973 0.08925739 -0.00935627
v 0.11167840 0.08966275 -0.00836320
v 0.11267029 0.09020706 -0.00771819
v 0.11379575 0.09082468 -0.00749906
v 0.11491904 0.09144111 -0.00773222
v 0.11590469 0.09198199 -0.00838955
v 0.11663380 0.09238210 -0.00939178
v 0.11701842 0.09259318 -0.01061802
v 0.11604061 0.09431375 -0.01192049
v 0.11564860 0.09408841 -0.01314184
v 0.11491808 0.09366849 -0.01413488
v 0.11393715 0.09310462 -0.01477985
v 0.11282413 0.09246483 -0.01499894
v 0.11171327 0.09182628 -0.01476574
v 0.11073855 0.09126599 -0.01410836
v 0.11001754 0.09085154 -0.01310611
v 0.10963720 0.09063291 -0.01187985
v 0.10964341 0.09063648 -0.01057751
v 0.11003543 0.09086182 -0.00935616
v 0.11076595 0.09128174 -0.00836312
v 0.11174688 0.09184561 -0.00771815
v 0.11285990 0.09248540 -0.00749906
v 0.11397076 0.09312395 -0.00773226
v 0.11494548 0.09368424 -0.00838964
v 0.11566649 0.09409869 -0.00939189
v 0.11604682 0.09431732 -0.01061815
v 0.11504744 0.09600839 -0.01192055
v 0.11465862 0.09577756 -0.01314189
v 0.11393405 0.09534740 -0.01413493
v 0.11296113 0.09476981 -0.01477987
v 0.11185721 0.09411444 -0.01499894
v 0.11075543 0.09346034 -0.01476572
v 0.10978869 0.09288641 -0.01410832
v 0.10907359 0.09246188 -0.01310605
v 0.10869638 0.09223794 -0.01187979
v 0.10870256 0.09224161 -0.01057745
v 0.10909139 0.09247244 -0.00935611
v 0.10981596 0.09290260 -0.00836307
v 0.11078887 0.09348019 -0.00771813
v 0.11189280 0.09413557 -0.00749906
v 0.11299457 0.09478966 -0.00773228
v 0.11396131 0.09536359 -0.00838968
v 0.11467641 0.09578812 -0.00939195
v 0.11505362 0.09601206 -0.01061821
v 0.11404368 0.09767788 -0.01192057
v 0.11365680 0.09744379 -0.01314191
v 0.11293586 0.09700757 -0.01413494
v 0.11196781 0.09642182 -0.01477988
v 0.11086943 0.09575722 -0.01499894
v 0.10977318 0.09509390 -0.01476571
v 0.10881129 0.09451188 -0.01410830
v 0.10809979 0.09408136 -0.01310603
v 0.10772447 0.09385428 -0.01187977
v 0.10773063 0.09385800 -0.01057743
v 0.10811751 0.09409209 -0.00935609
v 0.10883845 0.09452832 -0.00836306
v 0.10980649 0.09511406 -0.00771812
v 0.11090488 0.09577867 -0.00749906
v 0.11200113 0.09644198 -0.00773229
v 0.11296301 0.09702399 -0.00838969
v 0.11367452 0.09745451 -0.00939197
v 0.11404983 0.09768160 -0.01061823
v 0.11304007 0.09932615 -0.01192058
v 0.11265384 0.09909097 -0.01314192
v 0.11193413 0.09865274 -0.01413494
v 0.11096772 0.09806430 -0.01477988
v 0.10987119 0.09739663 -0.01499894
v 0.10877680 0.09673026 -0.01476571
v 0.10781654 0.09614556 -0.01410830
v 0.10710624 0.09571306 -0.01310603
v 0.10673156 0.09548493 -0.01187976
v 0.10673771 0.09548867 -0.01057742
v 0.10712393 0.09572384 -0.00935608
v 0.10784365 0.09616207 -0.00836306
v 0.10881006 0.09675051 -0.00771812
v 0.10990658 0.09741818 -0.00749906
v 0.11100098 0.09808455 -0.00773229
v 0.11196124 0.09866925 -0.00838970
v 0.11267154 0.09910175 -0.00939197
v 0.11304621 0.09932989 -0.01061823
v 0.11204714 0.10095681 -0.01192058
v 0.11166026 0.10072272 -0.01314192
v 0.11093932 0.10028650 -0.01413494
v 0.10997128 0.09970076 -0.01477988
v 0.10887290 0.09903615 -0.01499894
v 0.10777665 0.09837283 -0.01476571
v 0.10681476 0.09779081 -0.01410830
v 0.10610326 0.09736030 -0.01310602
v 0.10572795 0.09713321 -0.01187976
v 0.10573410 0.09713694 -0.01057742
v 0.10612099 0.09737103 -0.00935608
v 0.10684193 0.09780725 -0.00836306
v 0.10780997 0.09839299 -0.00771812
v 0.10890836 0.09905760 -0.00749906
v 0.11000460 0.09972092 -0.00773229
v 0.11096649 0.10030293 -0.00838970
v 0.11167800 0.10073345 -0.00939198
v 0.11205330 0.10096054 -0.01061824
v 0.11107521 0.10257320 -0.01192060
v 0.11068637 0.10234236 -0.01314194
v 0.10996179 0.10191219 -0.01413496
v 0.10898887 0.10133459 -0.01477989
v 0.10788494 0.10067923 -0.01499894
v 0.10678317 0.10002513 -0.01476570
v 0.10581643 0.09945121 -0.01410829
v 0.10510135 0.09902668 -0.01310600
v 0.10472415 0.09880275 -0.01187974
v 0.10473035 0.09880643 -0.01057740
v 0.10511918 0.09903727 -0.00935606
v 0.10584377 0.09946743 -0.00836304
v 0.10681669 0.10004503 -0.00771811
v 0.10792062 0.10070041 -0.00749906
v 0.10902239 0.10135450 -0.00773230
v 0.10998912 0.10192842 -0.00838971
v 0.11070421 0.10235295 -0.00939200
v 0.11108141 0.10257688 -0.01061826
v 0.11013433 0.10417832 -0.01192067
v 0.10974227 0.10395295 -0.01314200
v 0.10901170 0.10353300 -0.01413500
v 0.10803075 0.10296912 -0.01477991
v 0.10691772 0.10232933 -0.01499894
v 0.10580687 0.10169078 -0.01476568
v 0.10483218 0.10113051 -0.01410824
v 0.10411121 0.10071608 -0.01310595
v 0.10373092 0.10049748 -0.01187968
v 0.10373720 0.10050108 -0.01057733
v 0.10412925 0.10072645 -0.00935601
v 0.10485982 0.10114639 -0.00836300
v 0.10584078 0.10171027 -0.00771809
v 0.10695381 0.10235007 -0.00749906
v 0.10806466 0.10298862 -0.00773233
v 0.10903935 0.10354889 -0.00838976
v 0.10976031 0.10396332 -0.00939205
v 0.11014060 0.10418192 -0.01061833
v 0.10921402 0.10581146 -0.01192069
v 0.10882006 0.10558942 -0.01314201
v 0.10808596 0.10517567 -0.01413502
v 0.10710026 0.10462011 -0.01477992
v 0.10598185 0.10398977 -0.01499894
v 0.10486563 0.10336065 -0.01476567
v 0.10388623 0.10280865 -0.01410823
v 0.10316179 0.10240036 -0.01310593
v 0.10277967 0.10218499 -0.01187965
v 0.10278597 0.10218854 -0.01057731
v 0.10317994 0.10241058 -0.00935598
v 0.10391404 0.10282433 -0.00836298
v 0.10489974 0.10337988 -0.00771808
v 0.10601815 0.10401023 -0.00749906
v 0.10713437 0.10463934 -0.00773233
v 0.10811377 0.10519134 -0.00838977
v 0.10883822 0.10559965 -0.00939207
v 0.10922033 0.10581502 -0.01061835
v 0.05300000 0.00000000 -0.00200000
v 0.10600000 0.10400000 -0.01124900
f 1 2 20
f 1 20 19
f 2 3 21
f 2 21 20
f 3 4 22
f 3 22 21
f 4 5 23
f 4 23 22
f 5 6 24
f 5 24 23
f 6 7 25
f 6 25 24
f 7 8 26
f 7 26 25
f 8 9 27
f 8 27 26
f 9 10 28
f 9 28 27
f 10 11 29
f 10 29 28
f 11 12 30
f 11 30 29
f 12 13 31
f 12 31 30
f 13 14 32
f 13 32 31
f 14 15 33
f 14 33 32
f 15 16 34
f 15 34 33
f 16 17 35
f 16 35 34
f 17 18 36
f 17 36 35
f 18 1 19
f 18 19 36
f 19 20 38
f 19 38 37
f 20 21 39
f 20 39 38
f 21 22 40
f 21 40 39
f 22 23 41
f 22 41 40
f 23 24 42
f 23 42 41
f 24 25 43
f 24 43 42
f 25 26 44
f 25 44 43
f 26 27 45
f 26 45 44
f 27 28 46
f 27 46 45
f 28 29 47
f 28 47 46
f 29 30 48
f 29 48 47
f 30 31 49
f 30 49 48
f 31 32 50
f 31 50 49
f 32 33 51
f 32 51 50
f 33 34 52
f 33 52 51
f 34 35 53
f 34 53 52
f 35 36 54
f 35 54 53
f 36 19 37
f 36 37 54
f 37 38 56
f 37 56 55
f 38 39 57
f 38 57 56
f 39 40 58
f 39 58 57
f 40 41 59
f 40 59 58
f 41 42 60
f 41 60 59
f 42 43 61
f 42 61 60
f 43 44 62
f 43 62 61
f 44 45 63
f 44 63 62
f 45 46 64
f 45 64 63
f 46 47 65
f 46 65 64
f 47 48 66
f 47 66 65
f 48 49 67
f 48 67 66
f 49 50 68
f 49 68 67
f 50 51 69
f 50 69 68
f 51 52 70
f 51 70 69
f 52 53 71
f 52 71 70
f 53 54 72
f 53 72 71
f 54 37 55
f 54 55 72
f 55 56 74
f 55 74 73
f 56 57 75
f 56 75 74
f 57 58 76
f 57 76 75
f 58 59 77
f 58 77 76
f 59 60 78
f 59 78 77
f 60 61 79
f 60 79 78
f 61 62 80
f 61 80 79
f 62 63 81
f 62 81 80
f 63 64 82
f 63 82 81
f 64 65 83
f 64 83 82
f 65 66 84
f 65 84 83
f 66 67 85
f 66 85 84
f 67 68 86
f 67 86 85
f 68 69 87
f 68 87 86
f 69 70 88
f 69 88 87
f 70 71 89
f 70 89 88
f 71 72 90
f 71 90 89
f 72 55 73
f 72 73 90
f 73 74 92
f 73 92 91
f 74 75 93
f 74 93 92
f 75 76 94
f 75 94 93
f 76 77 95
f 76 95 94
f 77 78 96
f 77 96 95
f 78 79 97
f 78 97 96
f 79 80 98
f 79 98 97
f 80 81 99
f 80 99 98
f 81 82 100
f 81 100 99
f 82 83 101
f 82 101 100
f 83 84 102
f 83 102 101
f 84 85 103
f 84 103 102
f 85 86 104
f 85 104 103
f 86 87 105
f 86 105 104
f 87 88 106
f 87 106 105
f 88 89 107
f 88 107 106
f 89 90 108
f 89 108 107
f 90 73 91
f 90 91 108
f 91 92 110
f 91 110 109
f 92 93 111
f 92 111 110
f 93 94 112
f 93 112 111
f 94 95 113
f 94 113 112
f 95 96 114
f 95 114 113
f 96 97 115
f 96 115 114
f 97 98 116
f 97 116 115
f 98 99 117
f 98 117 116
f 99 100 118
f 99 118 117
f 100 101 119
f 100 119 118
f 101 102 120
f 101 120 119
f 102 103 121
f 102 121 120
f 103 104 122
f 103 122 121
f 104 105 123
f 104 123 122
f 105 106 124
f 105 124 123
f 106 107 125
f 106 125 124
f 107 108 126
f 107 126 125
f 108 91 109
f 108 109 126
f 109 110 128
f 109 128 127
f 110 111 129
f 110 129 128
f 111 112 130
f 111 130 129
f 112 113 131
f 112 131 130
f 113 114 132
f 113 132 131
f 114 115 133
f 114 133 132
f 115 116 134
f 115 134 133
f 116 117 135
f 116 135 134
f 117 118 136
f 117 136 135
f 118 119 137
f 118 137 136
f 119 120 138
f 119 138 137
f 120 121 139
f 120 139 138
f 121 122 140
f 121 140 139
f 122 123 141
f 122 141 140
f 123 124 142
f 123 142 141
f 124 125 143
f 124 143 142
f 125 126 144
f 125 144 143
f 126 109 127
f 126 127 144
f 127 128 146
f 127 146 145
f 128 129 147
f 128 147 146
f 129 130 148
f 129 148 147
f 130 131 149
f 130 149 148
f 131 132 150
f 131 150 149
f 132 133 151
f 132 151 150
f 133 134 152
f 133 152 151
f 134 135 153
f 134 153 152
f 135 136 154
f 135 154 153
f 136 137 155
f 136 155 154
f 137 138 156
f 137 156 155
f 138 139 157
f 138 157 156
f 139 140 158
f 139 158 157
f 140 141 159
f 140 159 158
f 141 142 160
f 141 160 159
f 142 143 161
f 142 161 160
f 143 144 162
f 143 162 161
f 144 127 145
f 144 145 162
f 145 146 164
f 145 164 163
f 146 147 165
f 146 165 164
f 147 148 166
f 147 166 165
f 148 149 167
f 148 167 166
f 149 150 168
f 149 168 167
f 150 151 169
f 150 169 168
f 151 152 170
f 151 170 169
f 152 153 171
f 152 171 170
f 153 154 172
f 153 172 171
f 154 155 173
f 154 173 172
f 155 156 174
f 155 174 173
f 156 157 175
f 156 175 174
f 157 158 176
f 157 176 175
f 158 159 177
f 158 177 176
f 159 160 178
f 159 178 177
f 160 161 179
f 160 179 178
f 161 162 180
f 161 180 179
f 162 145 163
f 162 163 180
f 163 164 182
f 163 182 181
f 164 165 183
f 164 183 182
f 165 166 184
f 165 184 183
f 166 167 185
f 166 185 184
f 167 168 186
f 167 186 185
f 168 169 187
f 168 187 186
f 169 170 188
f 169 188 187
f 170 171 189
f 170 189 188
f 171 172 190
f 171 190 189
f 172 173 191
f 172 191 190
f 173 174 192
f 173 192 191
f 174 175 193
f 174 193 192
f 175 176 194
f 175 194 193
f 176 177 195
f 176 195 194
f 177 178 196
f 177 196 195
f 178 179 197
f 178 197 196
f 179 180 198
f 179 198 197
f 180 163 181
f 180 181 198
f 181 182 200
f 181 200 199
f 182 183 201
f 182 201 200
f 183 184 202
f 183 202 201
f 184 185 203
f 184 203 202
f 185 186 204
f 185 204 203
f 186 187 205
f 186 205 204
f 187 188 206
f 187 206 205
f 188 189 207
f 188 207 206
f 189 190 208
f 189 208 207
f 190 191 209
f 190 209 208
f 191 192 210
f 191 210 209
f 192 193 211
f 192 211 210
f 193 194 212
f 193 212 211
f 194 195 213
f 194 213 212
f 195 196 214
f 195 214 213
f 196 197 215
f 196 215 214
f 197 198 216
f 197 216 215
f 198 181 199
f 198 199 216
f 199 200 218
f 199 218 217
f 200 201 219
f 200 219 218
f 201 202 220
f 201 220 219
f 202 203 221
f 202 221 220
f 203 204 222
f 203 222 221
f 204 205 223
f 204 223 222
f 205 206 224
f 205 224 223
f 206 207 225
f 206 225 224
f 207 208 226
f 207 226 225
f 208 209 227
f 208 227 226
f 209 210 228
f 209 228 227
f 210 211 229
f 210 229 228
f 211 212 230
f 211 230 229
f 212 213 231
f 212 231 230
f 213 214 232
f 213 232 231
f 214 215 233
f 214 233 232
f 215 216 234
f 215 234 233
f 216 199 217
f 216 217 234
f 217 218 236
f 217 236 235
f 218 219 237
f 218 237 236
f 219 220 238
f 219 238 237
f 220 221 239
f 220 239 238
f 221 222 240
f 221 240 239
f 222 223 241
f 222 241 240
f 223 224 242
f 223 242 241
f 224 225 243
f 224 243 242
f 225 226 244
f 225 244 243
f 226 227 245
f 226 245 244
f 227 228 246
f 227 246 245
f 228 229 247
f 228 247 246
f 229 230 248
f 229 248 247
f 230 231 249
f 230 249 248
f 231 232 250
f 231 250 249
f 232 233 251
f 232 251 250
f 233 234 252
f 233 252 251
f 234 217 235
f 234 235 252
f 235 236 254
f 235 254 253
f 236 237 255
f 236 255 254
f 237 238 256
f 237 256 255
f 238 239 257
f 238 257 256
f 239 240 258
f 239 258 257
f 240 241 259
f 240 259 258
f 241 242 260
f 241 260 259
f 242 243 261
f 242 261 260
f 243 244 262
f 243 262 261
f 244 245 263
f 244 263 262
f 245 246 264
f 245 264 263
f 246 247 265
f 246 265 264
f 247 248 266
f 247 266 265
f 248 249 267
f 248 267 266
f 249 250 268
f 249 268 267
f 250 251 269
f 250 269 268
f 251 252 270
f 251 270 269
f 252 235 253
f 252 253 270
f 253 254 272
f 253 272 271
f 254 255 273
f 254 273 272
f 255 256 274
f 255 274 273
f 256 257 275
f 256 275 274
f 257 258 276
f 257 276 275
f 258 259 277
f 258 277 276
f 259 260 278
f 259 278 277
f 260 261 279
f 260 279 278
f 261 262 280
f 261 280 279
f 262 263 281
f 262 281 280
f 263 264 282
f 263 282 281
f 264 265 283
f 264 283 282
f 265 266 284
f 265 284 283
f 266 267 285
f 266 285 284
f 267 268 286
f 267 286 285
f 268 269 287
f 268 287 286
f 269 270 288
f 269 288 287
f 270 253 271
f 270 271 288
f 271 272 290
f 271 290 289
f 272 273 291
f 272 291 290
f 273 274 292
f 273 292 291
f 274 275 293
f 274 293 292
f 275 276 294
f 275 294 293
f 276 277 295
f 276 295 294
f 277 278 296
f 277 296 295
f 278 279 297
f 278 297 296
f 279 280 298
f 279 298 297
f 280 281 299
f 280 299 298
f 281 282 300
f 281 300 299
f 282 283 301
f 282 301 300
f 283 284 302
f 283 302 301
f 284 285 303
f 284 303 302
f 285 286 304
f 285 304 303
f 286 287 305
f 286 305 304
f 287 288 306
f 287 306 305
f 288 271 289
f 288 289 306
f 289 290 308
f 289 308 307
f 290 291 309
f 290 309 308
f 291 292 310
f 291 310 309
f 292 293 311
f 292 311 310
f 293 294 312
f 293 312 311
f 294 295 313
f 294 313 312
f 295 296 314
f 295 314 313
f 296 297 315
f 296 315 314
f 297 298 316
f 297 316 315
f 298 299 317
f 298 317 316
f 299 300 318
f 299 318 317
f 300 301 319
f 300 319 318
f 301 302 320
f 301 320 319
f 302 303 321
f 302 321 320
f 303 304 322
f 303 322 321
f 304 305 323
f 304 323 322
f 305 306 324
f 305 324 323
f 306 289 307
f 306 307 324
f 307 308 326
f 307 326 325
f 308 309 327
f 308 327 326
f 309 310 328
f 309 328 327
f 310 311 329
f 310 329 328
f 311 312 330
f 311 330 329
f 312 313 331
f 312 331 330
f 313 314 332
f 313 332 331
f 314 315 333
f 314 333 332
f 315 316 334
f 315 334 333
f 316 317 335
f 316 335 334
f 317 318 336
f 317 336 335
f 318 319 337
f 318 337 336
f 319 320 338
f 319 338 337
f 320 321 339
f 320 339 338
f 321 322 340
f 321 340 339
f 322 323 341
f 322 341 340
f 323 324 342
f 323 342 341
f 324 307 325
f 324 325 342
f 325 326 344
f 325 344 343
f 326 327 345
f 326 345 344
f 327 328 346
f 327 346 345
f 328 329 347
f 328 347 346
f 329 330 348
f 329 348 347
f 330 331 349
f 330 349 348
f 331 332 350
f 331 350 349
f 332 333 351
f 332 351 350
f 333 334 352
f 333 352 351
f 334 335 353
f 334 353 352
f 335 336 354
f 335 354 353
f 336 337 355
f 336 355 354
f 337 338 356
f 337 356 355
f 338 339 357
f 338 357 356
f 339 340 358
f 339 358 357
f 340 341 359
f 340 359 358
f 341 342 360
f 341 360 359
f 342 325 343
f 342 343 360
f 343 344 362
f 343 362 361
f 344 345 363
f 344 363 362
f 345 346 364
f 345 364 363
f 346 347 365
f 346 365 364
f 347 348 366
f 347 366 365
f 348 349 367
f 348 367 366
f 349 350 368
f 349 368 367
f 350 351 369
f 350 369 368
f 351 352 370
f 351 370 369
f 352 353 371
f 352 371 370
f 353 354 372
f 353 372 371
f 354 355 373
f 354 373 372
f 355 356 374
f 355 374 373
f 356 357 375
f 356 375 374
f 357 358 376
f 357 376 375
f 358 359 377
f 358 377 376
f 359 360 378
f 359 378 377
f 360 343 361
f 360 361 378
f 361 362 380
f 361 380 379
f 362 363 381
f 362 381 380
f 363 364 382
f 363 382 381
f 364 365 383
f 364 383 382
f 365 366 384
f 365 384 383
f 366 367 385
f 366 385 384
f 367 368 386
f 367 386 385
f 368 369 387
f 368 387 386
f 369 370 388
f 369 388 387
f 370 371 389
f 370 389 388
f 371 372 390
f 371 390 389
f 372 373 391
f 372 391 390
f 373 374 392
f 373 392 391
f 374 375 393
f 374 393 392
f 375 376 394
f 375 394 393
f 376 377 395
f 376 395 394
f 377 378 396
f 377 396 395
f 378 361 379
f 378 379 396
f 379 380 398
f 379 398 397
f 380 381 399
f 380 399 398
f 381 382 400
f 381 400 399
f 382 383 401
f 382 401 400
f 383 384 402
f 383 402 401
f 384 385 403
f 384 403 402
f 385 386 404
f 385 404 403
f 386 387 405
f 386 405 404
f 387 388 406
f 387 406 405
f 388 389 407
f 388 407 406
f 389 390 408
f 389 408 407
f 390 391 409
f 390 409 408
f 391 392 410
f 391 410 409
f 392 393 411
f 392 411 410
f 393 394 412
f 393 412 411
f 394 395 413
f 394 413 412
f 395 396 414
f 395 414 413
f 396 379 397
f 396 397 414
f 397 398 416
f 397 416 415
f 398 399 417
f 398 417 416
f 399 400 418
f 399 418 417
f 400 401 419
f 400 419 418
f 401 402 420
f 401 420 419
f 402 403 421
f 402 421 420
f 403 404 422
f 403 422 421
f 404 405 423
f 404 423 422
f 405 406 424
f 405 424 423
f 406 407 425
f 406 425 424
f 407 408 426
f 407 426 425
f 408 409 427
f 408 427 426
f 409 410 428
f 409 428 427
f 410 411 429
f 410 429 428
f 411 412 430
f 411 430 429
f 412 413 431
f 412 431 430
f 413 414 432
f 413 432 431
f 414 397 415
f 414 415 432
f 415 416 434
f 415 434 433
f 416 417 435
f 416 435 434
f 417 418 436
f 417 436 435
f 418 419 437
f 418 437 436
f 419 420 438
f 419 438 437
f 420 421 439
f 420 439 438
f 421 422 440
f 421 440 439
f 422 423 441
f 422 441 440
f 423 424 442
f 423 442 441
f 424 425 443
f 424 443 442
f 425 426 444
f 425 444 443
f 426 427 445
f 426 445 444
f 427 428 446
f 427 446 445
f 428 429 447
f 428 447 446
f 429 430 448
f 429 448 447
f 430 431 449
f 430 449 448
f 431 432 450
f 431 450 449
f 432 415 433
f 432 433 450
f 433 434 452
f 433 452 451
f 434 435 453
f 434 453 452
f 435 436 454
f 435 454 453
f 436 437 455
f 436 455 454
f 437 438 456
f 437 456 455
f 438 439 457
f 438 457 456
f 439 440 458
f 439 458 457
f 440 441 459
f 440 459 458
f 441 442 460
f 441 460 459
f 442 443 461
f 442 461 460
f 443 444 462
f 443 462 461
f 444 445 463
f 444 463 462
f 445 446 464
f 445 464 463
f 446 447 465
f 446 465 464
f 447 448 466
f 447 466 465
f 448 449 467
f 448 467 466
f 449 450 468
f 449 468 467
f 450 433 451
f 450 451 468
f 451 452 470
f 451 470 469
f 452 453 471
f 452 471 470
f 453 454 472
f 453 472 471
f 454 455 473
f 454 473 472
f 455 456 474
f 455 474 473
f 456 457 475
f 456 475 474
f 457 458 476
f 457 476 475
f 458 459 477
f 458 477 476
f 459 460 478
f 459 478 477
f 460 461 479
f 460 479 478
f 461 462 480
f 461 480 479
f 462 463 481
f 462 481 480
f 463 464 482
f 463 482 481
f 464 465 483
f 464 483 482
f 465 466 484
f 465 484 483
f 466 467 485
f 466 485 484
f 467 468 486
f 467 486 485
f 468 451 469
f 468 469 486
f 469 470 488
f 469 488 487
f 470 471 489
f 470 489 488
f 471 472 490
f 471 490 489
f 472 473 491
f 472 491 490
f 473 474 492
f 473 492 491
f 474 475 493
f 474 493 492
f 475 476 494
f 475 494 493
f 476 477 495
f 476 495 494
f 477 478 496
f 477 496 495
f 478 479 497
f 478 497 496
f 479 480 498
f 479 498 497
f 480 481 499
f 480 499 498
f 481 482 500
f 481 500 499
f 482 483 501
f 482 501 500
f 483 484 502
f 483 502 501
f 484 485 503
f 484 503 502
f 485 486 504
f 485 504 503
f 486 469 487
f 486 487 504
f 487 488 506
f 487 506 505
f 488 489 507
f 488 507 506
f 489 490 508
f 489 508 507
f 490 491 509
f 490 509 508
f 491 492 510
f 491 510 509
f 492 493 511
f 492 511 510
f 493 494 512
f 493 512 511
f 494 495 513
f 494 513 512
f 495 496 514
f 495 514 513
f 496 497 515
f 496 515 514
f 497 498 516
f 497 516 515
f 498 499 517
f 498 517 516
f 499 500 518
f 499 518 517
f 500 501 519
f 500 519 518
f 501 502 520
f 501 520 519
f 502 503 521
f 502 521 520
f 503 504 522
f 503 522 521
f 504 487 505
f 504 505 522
f 505 506 524
f 505 524 523
f 506 507 525
f 506 525 524
f 507 508 526
f 507 526 525
f 508 509 527
f 508 527 526
f 509 510 528
f 509 528 527
f 510 511 529
f 510 529 528
f 511 512 530
f 511 530 529
f 512 513 531
f 512 531 530
f 513 514 532
f 513 532 531
f 514 515 533
f 514 533 532
f 515 516 534
f 515 534 533
f 516 517 535
f 516 535 534
f 517 518 536
f 517 536 535
f 518 519 537
f 518 537 536
f 519 520 538
f 519 538 537
f 520 521 539
f 520 539 538
f 521 522 540
f 521 540 539
f 522 505 523
f 522 523 540
f 523 524 542
f 523 542 541
f 524 525 543
f 524 543 542
f 525 526 544
f 525 544 543
f 526 527 545
f 526 545 544
f 527 528 546
f 527 546 545
f 528 529 547
f 528 547 546
f 529 530 548
f 529 548 547
f 530 531 549
f 530 549 548
f 531 532 550
f 531 550 549
f 532 533 551
f 532 551 550
f 533 534 552
f 533 552 551
f 534 535 553
f 534 553 552
f 535 536 554
f 535 554 553
f 536 537 555
f 536 555 554
f 537 538 556
f 537 556 555
f 538 539 557
f 538 557 556
f 539 540 558
f 539 558 557
f 540 523 541
f 540 541 558
f 541 542 560
f 541 560 559
f 542 543 561
f 542 561 560
f 543 544 562
f 543 562 561
f 544 545 563
f 544 563 562
f 545 546 564
f 545 564 563
f 546 547 565
f 546 565 564
f 547 548 566
f 547 566 565
f 548 549 567
f 548 567 566
f 549 550 568
f 549 568 567
f 550 551 569
f 550 569 568
f 551 552 570
f 551 570 569
f 552 553 571
f 552 571 570
f 553 554 572
f 553 572 571
f 554 555 573
f 554 573 572
f 555 556 574
f 555 574 573
f 556 557 575
f 556 575 574
f 557 558 576
f 557 576 575
f 558 541 559
f 558 559 576
f 559 560 578
f 559 578 577
f 560 561 579
f 560 579 578
f 561 562 580
f 561 580 579
f 562 563 581
f 562 581 580
f 563 564 582
f 563 582 581
f 564 565 583
f 564 583 582
f 565 566 584
f 565 584 583
f 566 567 585
f 566 585 584
f 567 568 586
f 567 586 585
f 568 569 587
f 568 587 586
f 569 570 588
f 569 588 587
f 570 571 589
f 570 589 588
f 571 572 590
f 571 590 589
f 572 573 591
f 572 591 590
f 573 574 592
f 573 592 591
f 574 575 593
f 574 593 592
f 575 576 594
f 575 594 593
f 576 559 577
f 576 577 594
f 577 578 596
f 577 596 595
f 578 579 597
f 578 597 596
f 579 580 598
f 579 598 597
f 580 581 599
f 580 599 598
f 581 582 600
f 581 600 599
f 582 583 601
f 582 601 600
f 583 584 602
f 583 602 601
f 584 585 603
f 584 603 602
f 585 586 604
f 585 604 603
f 586 587 605
f 586 605 604
f 587 588 606
f 587 606 605
f 588 589 607
f 588 607 606
f 589 590 608
f 589 608 607
f 590 591 609
f 590 609 608
f 591 592 610
f 591 610 609
f 592 593 611
f 592 611 610
f 593 594 612
f 593 612 611
f 594 577 595
f 594 595 612
f 595 596 614
f 595 614 613
f 596 597 615
f 596 615 614
f 597 598 616
f 597 616 615
f 598 599 617
f 598 617 616
f 599 600 618
f 599 618 617
f 600 601 619
f 600 619 618
f 601 602 620
f 601 620 619
f 602 603 621
f 602 621 620
f 603 604 622
f 603 622 621
f 604 605 623
f 604 623 622
f 605 606 624
f 605 624 623
f 606 607 625
f 606 625 624
f 607 608 626
f 607 626 625
f 608 609 627
f 608 627 626
f 609 610 628
f 609 628 627
f 610 611 629
f 610 629 628
f 611 612 630
f 611 630 629
f 612 595 613
f 612 613 630
f 613 614 632
f 613 632 631
f 614 615 633
f 614 633 632
f 615 616 634
f 615 634 633
f 616 617 635
f 616 635 634
f 617 618 636
f 617 636 635
f 618 619 637
f 618 637 636
f 619 620 638
f 619 638 637
f 620 621 639
f 620 639 638
f 621 622 640
f 621 640 639
f 622 623 641
f 622 641 640
f 623 624 642
f 623 642 641
f 624 625 643
f 624 643 642
f 625 626 644
f 625 644 643
f 626 627 645
f 626 645 644
f 627 628 646
f 627 646 645
f 628 629 647
f 628 647 646
f 629 630 648
f 629 648 647
f 630 613 631
f 630 631 648
f 631 632 650
f 631 650 649
f 632 633 651
f 632 651 650
f 633 634 652
f 633 652 651
f 634 635 653
f 634 653 652
f 635 636 654
f 635 654 653
f 636 637 655
f 636 655 654
f 637 638 656
f 637 656 655
f 638 639 657
f 638 657 656
f 639 640 658
f 639 658 657
f 640 641 659
f 640 659 658
f 641 642 660
f 641 660 659
f 642 643 661
f 642 661 660
f 643 644 662
f 643 662 661
f 644 645 663
f 644 663 662
f 645 646 664
f 645 664 663
f 646 647 665
f 646 665 664
f 647 648 666
f 647 666 665
f 648 631 649
f 648 649 666
f 649 650 668
f 649 668 667
f 650 651 669
f 650 669 668
f 651 652 670
f 651 670 669
f 652 653 671
f 652 671 670
f 653 654 672
f 653 672 671
f 654 655 673
f 654 673 672
f 655 656 674
f 655 674 673
f 656 657 675
f 656 675 674
f 657 658 676
f 657 676 675
f 658 659 677
f 658 677 676
f 659 660 678
f 659 678 677
f 660 661 679
f 660 679 678
f 661 662 680
f 661 680 679
f 662 663 681
f 662 681 680
f 663 664 682
f 663 682 681
f 664 665 683
f 664 683 682
f 665 666 684
f 665 684 683
f 666 649 667
f 666 667 684
f 667 668 686
f 667 686 685
f 668 669 687
f 668 687 686
f 669 670 688
f 669 688 687
f 670 671 689
f 670 689 688
f 671 672 690
f 671 690 689
f 672 673 691
f 672 691 690
f 673 674 692
f 673 692 691
f 674 675 693
f 674 693 692
f 675 676 694
f 675 694 693
f 676 677 695
f 676 695 694
f 677 678 696
f 677 696 695
f 678 679 697
f 678 697 696
f 679 680 698
f 679 698 697
f 680 681 699
f 680 699 698
f 681 682 700
f 681 700 699
f 682 683 701
f 682 701 700
f 683 684 702
f 683 702 701
f 684 667 685
f 684 685 702
f 685 686 704
f 685 704 703
f 686 687 705
f 686 705 704
f 687 688 706
f 687 706 705
f 688 689 707
f 688 707 706
f 689 690 708
f 689 708 707
f 690 691 709
f 690 709 708
f 691 692 710
f 691 710 709
f 692 693 711
f 692 711 710
f 693 694 712
f 693 712 711
f 694 695 713
f 694 713 712
f 695 696 714
f 695 714 713
f 696 697 715
f 696 715 714
f 697 698 716
f 697 716 715
f 698 699 717
f 698 717 716
f 699 700 718
f 699 718 717
f 700 701 719
f 700 719 718
f 701 702 720
f 701 720 719
f 702 685 703
f 702 703 720
f 703 704 722
f 703 722 721
f 704 705 723
f 704 723 722
f 705 706 724
f 705 724 723
f 706 707 725
f 706 725 724
f 707 708 726
f 707 726 725
f 708 709 727
f 708 727 726
f 709 710 728
f 709 728 727
f 710 711 729
f 710 729 728
f 711 712 730
f 711 730 729
f 712 713 731
f 712 731 730
f 713 714 732
f 713 732 731
f 714 715 733
f 714 733 732
f 715 716 734
f 715 734 733
f 716 717 735
f 716 735 734
f 717 718 736
f 717 736 735
f 718 719 737
f 718 737 736
f 719 720 738
f 719 738 737
f 720 703 721
f 720 721 738
f 721 722 740
f 721 740 739
f 722 723 741
f 722 741 740
f 723 724 742
f 723 742 741
f 724 725 743
f 724 743 742
f 725 726 744
f 725 744 743
f 726 727 745
f 726 745 744
f 727 728 746
f 727 746 745
f 728 729 747
f 728 747 746
f 729 730 748
f 729 748 747
f 730 731 749
f 730 749 748
f 731 732 750
f 731 750 749
f 732 733 751
f 732 751 750
f 733 734 752
f 733 752 751
f 734 735 753
f 734 753 752
f 735 736 754
f 735 754 753
f 736 737 755
f 736 755 754
f 737 738 756
f 737 756 755
f 738 721 739
f 738 739 756
f 739 740 758
f 739 758 757
f 740 741 759
f 740 759 758
f 741 742 760
f 741 760 759
f 742 743 761
f 742 761 760
f 743 744 762
f 743 762 761
f 744 745 763
f 744 763 762
f 745 746 764
f 745 764 763
f 746 747 765
f 746 765 764
f 747 748 766
f 747 766 765
f 748 749 767
f 748 767 766
f 749 750 768
f 749 768 767
f 750 751 769
f 750 769 768
f 751 752 770
f 751 770 769
f 752 753 771
f 752 771 770
f 753 754 772
f 753 772 771
f 754 755 773
f 754 773 772
f 755 756 774
f 755 774 773
f 756 739 757
f 756 757 774
f 757 758 776
f 757 776 775
f 758 759 777
f 758 777 776
f 759 760 778
f 759 778 777
f 760 761 779
f 760 779 778
f 761 762 780
f 761 780 779
f 762 763 781
f 762 781 780
f 763 764 782
f 763 782 781
f 764 765 783
f 764 783 782
f 765 766 784
f 765 784 783
f 766 767 785
f 766 785 784
f 767 768 786
f 767 786 785
f 768 769 787
f 768 787 786
f 769 770 788
f 769 788 787
f 770 771 789
f 770 789 788
f 771 772 790
f 771 790 789
f 772 773 791
f 772 791 790
f 773 774 792
f 773 792 791
f 774 757 775
f 774 775 792
f 775 776 794
f 775 794 793
f 776 777 795
f 776 795 794
f 777 778 796
f 777 796 795
f 778 779 797
f 778 797 796
f 779 780 798
f 779 798 797
f 780 781 799
f 780 799 798
f 781 782 800
f 781 800 799
f 782 783 801
f 782 801 800
f 783 784 802
f 783 802 801
f 784 785 803
f 784 803 802
f 785 786 804
f 785 804 803
f 786 787 805
f 786 805 804
f 787 788 806
f 787 806 805
f 788 789 807
f 788 807 806
f 789 790 808
f 789 808 807
f 790 791 809
f 790 809 808
f 791 792 810
f 791 810 809
f 792 775 793
f 792 793 810
f 793 794 812
f 793 812 811
f 794 795 813
f 794 813 812
f 795 796 814
f 795 814 813
f 796 797 815
f 796 815 814
f 797 798 816
f 797 816 815
f 798 799 817
f 798 817 816
f 799 800 818
f 799 818 817
f 800 801 819
f 800 819 818
f 801 802 820
f 801 820 819
f 802 803 821
f 802 821 820
f 803 804 822
f 803 822 821
f 804 805 823
f 804 823 822
f 805 806 824
f 805 824 823
f 806 807 825
f 806 825 824
f 807 808 826
f 807 826 825
f 808 809 827
f 808 827 826
f 809 810 828
f 809 828 827
f 810 793 811
f 810 811 828
f 811 812 830
f 811 830 829
f 812 813 831
f 812 831 830
f 813 814 832
f 813 832 831
f 814 815 833
f 814 833 832
f 815 816 834
f 815 834 833
f 816 817 835
f 816 835 834
f 817 818 836
f 817 836 835
f 818 819 837
f 818 837 836
f 819 820 838
f 819 838 837
f 820 821 839
f 820 839 838
f 821 822 840
f 821 840 839
f 822 823 841
f 822 841 840
f 823 824 842
f 823 842 841
f 824 825 843
f 824 843 842
f 825 826 844
f 825 844 843
f 826 827 845
f 826 845 844
f 827 828 846
f 827 846 845
f 828 811 829
f 828 829 846
f 829 830 848
f 829 848 847
f 830 831 849
f 830 849 848
f 831 832 850
f 831 850 849
f 832 833 851
f 832 851 850
f 833 834 852
f 833 852 851
f 834 835 853
f 834 853 852
f 835 836 854
f 835 854 853
f 836 837 855
f 836 855 854
f 837 838 856
f 837 856 855
f 838 839 857
f 838 857 856
f 839 840 858
f 839 858 857
f 840 841 859
f 840 859 858
f 841 842 860
f 841 860 859
f 842 843 861
f 842 861 860
f 843 844 862
f 843 862 861
f 844 845 863
f 844 863 862
f 845 846 864
f 845 864 863
f 846 829 847
f 846 847 864
f 847 848 866
f 847 866 865
f 848 849 867
f 848 867 866
f 849 850 868
f 849 868 867
f 850 851 869
f 850 869 868
f 851 852 870
f 851 870 869
f 852 853 871
f 852 871 870
f 853 854 872
f 853 872 871
f 854 855 873
f 854 873 872
f 855 856 874
f 855 874 873
f 856 857 875
f 856 875 874
f 857 858 876
f 857 876 875
f 858 859 877
f 858 877 876
f 859 860 878
f 859 878 877
f 860 861 879
f 860 879 878
f 861 862 880
f 861 880 879
f 862 863 881
f 862 881 880
f 863 864 882
f 863 882 881
f 864 847 865
f 864 865 882
f 865 866 884
f 865 884 883
f 866 867 885
f 866 885 884
f 867 868 886
f 867 886 885
f 868 869 887
f 868 887 886
f 869 870 888
f 869 888 887
f 870 871 889
f 870 889 888
f 871 872 890
f 871 890 889
f 872 873 891
f 872 891 890
f 873 874 892
f 873 892 891
f 874 875 893
f 874 893 892
f 875 876 894
f 875 894 893
f 876 877 895
f 876 895 894
f 877 878 896
f 877 896 895
f 878 879 897
f 878 897 896
f 879 880 898
f 879 898 897
f 880 881 899
f 880 899 898
f 881 882 900
f 881 900 899
f 882 865 883
f 882 883 900
f 883 884 902
f 883 902 901
f 884 885 903
f 884 903 902
f 885 886 904
f 885 904 903
f 886 887 905
f 886 905 904
f 887 888 906
f 887 906 905
f 888 889 907
f 888 907 906
f 889 890 908
f 889 908 907
f 890 891 909
f 890 909 908
f 891 892 910
f 891 910 909
f 892 893 911
f 892 911 910
f 893 894 912
f 893 912 911
f 894 895 913
f 894 913 912
f 895 896 914
f 895 914 913
f 896 897 915
f 896 915 914
f 897 898 916
f 897 916 915
f 898 899 917
f 898 917 916
f 899 900 918
f 899 918 917
f 900 883 901
f 900 901 918
f 901 902 920
f 901 920 919
f 902 903 921
f 902 921 920
f 903 904 922
f 903 922 921
f 904 905 923
f 904 923 922
f 905 906 924
f 905 924 923
f 906 907 925
f 906 925 924
f 907 908 926
f 907 926 925
f 908 909 927
f 908 927 926
f 909 910 928
f 909 928 927
f 910 911 929
f 910 929 928
f 911 912 930
f 911 930 929
f 912 913 931
f 912 931 930
f 913 914 932
f 913 932 931
f 914 915 933
f 914 933 932
f 915 916 934
f 915 934 933
f 916 917 935
f 916 935 934
f 917 918 936
f 917 936 935
f 918 901 919
f 918 919 936
f 919 920 938
f 919 938 937
f 920 921 939
f 920 939 938
f 921 922 940
f 921 940 939
f 922 923 941
f 922 941 940
f 923 924 942
f 923 942 941
f 924 925 943
f 924 943 942
f 925 926 944
f 925 944 943
f 926 927 945
f 926 945 944
f 927 928 946
f 927 946 945
f 928 929 947
f 928 947 946
f 929 930 948
f 929 948 947
f 930 931 949
f 930 949 948
f 931 932 950
f 931 950 949
f 932 933 951
f 932 951 950
f 933 934 952
f 933 952 951
f 934 935 953
f 934 953 952
f 935 936 954
f 935 954 953
f 936 919 937
f 936 937 954
f 937 938 956
f 937 956 955
f 938 939 957
f 938 957 956
f 939 940 958
f 939 958 957
f 940 941 959
f 940 959 958
f 941 942 960
f 941 960 959
f 942 943 961
f 942 961 960
f 943 944 962
f 943 962 961
f 944 945 963
f 944 963 962
f 945 946 964
f 945 964 963
f 946 947 965
f 946 965 964
f 947 948 966
f 947 966 965
f 948 949 967
f 948 967 966
f 949 950 968
f 949 968 967
f 950 951 969
f 950 969 968
f 951 952 970
f 951 970 969
f 952 953 971
f 952 971 970
f 953 954 972
f 953 972 971
f 954 937 955
f 954 955 972
f 955 956 974
f 955 974 973
f 956 957 975
f 956 975 974
f 957 958 976
f 957 976 975
f 958 959 977
f 958 977 976
f 959 960 978
f 959 978 977
f 960 961 979
f 960 979 978
f 961 962 980
f 961 980 979
f 962 963 981
f 962 981 980
f 963 964 982
f 963 982 981
f 964 965 983
f 964 983 982
f 965 966 984
f 965 984 983
f 966 967 985
f 966 985 984
f 967 968 986
f 967 986 985
f 968 969 987
f 968 987 986
f 969 970 988
f 969 988 987
f 970 971 989
f 970 989 988
f 971 972 990
f 971 990 989
f 972 955 973
f 972 973 990
f 973 974 992
f 973 992 991
f 974 975 993
f 974 993 992
f 975 976 994
f 975 994 993
f 976 977 995
f 976 995 994
f 977 978 996
f 977 996 995
f 978 979 997
f 978 997 996
f 979 980 998
f 979 998 997
f 980 981 999
f 980 999 998
f 981 982 1000
f 981 1000 999
f 982 983 1001
f 982 1001 1000
f 983 984 1002
f 983 1002 1001
f 984 985 1003
f 984 1003 1002
f 985 986 1004
f 985 1004 1003
f 986 987 1005
f 986 1005 1004
f 987 988 1006
f 987 1006 1005
f 988 989 1007
f 988 1007 1006
f 989 990 1008
f 989 1008 1007
f 990 973 991
f 990 991 1008
f 991 992 1010
f 991 1010 1009
f 992 993 1011
f 992 1011 1010
f 993 994 1012
f 993 1012 1011
f 994 995 1013
f 994 1013 1012
f 995 996 1014
f 995 1014 1013
f 996 997 1015
f 996 1015 1014
f 997 998 1016
f 997 1016 1015
f 998 999 1017
f 998 1017 1016
f 999 1000 1018
f 999 1018 1017
f 1000 1001 1019
f 1000 1019 1018
f 1001 1002 1020
f 1001 1020 1019
f 1002 1003 1021
f 1002 1021 1020
f 1003 1004 1022
f 1003 1022 1021
f 1004 1005 1023
f 1004 1023 1022
f 1005 1006 1024
f 1005 1024 1023
f 1006 1007 1025
f 1006 1025 1024
f 1007 1008 1026
f 1007 1026 1025
f 1008 991 1009
f 1008 1009 1026
f 1009 1010 1028
f 1009 1028 1027
f 1010 1011 1029
f 1010 1029 1028
f 1011 1012 1030
f 1011 1030 1029
f 1012 1013 1031
f 1012 1031 1030
f 1013 1014 1032
f 1013 1032 1031
f 1014 1015 1033
f 1014 1033 1032
f 1015 1016 1034
f 1015 1034 1033
f 1016 1017 1035
f 1016 1035 1034
f 1017 1018 1036
f 1017 1036 1035
f 1018 1019 1037
f 1018 1037 1036
f 1019 1020 1038
f 1019 1038 1037
f 1020 1021 1039
f 1020 1039 1038
f 1021 1022 1040
f 1021 1040 1039
f 1022 1023 1041
f 1022 1041 1040
f 1023 1024 1042
f 1023 1042 1041
f 1024 1025 1043
f 1024 1043 1042
f 1025 1026 1044
f 1025 1044 1043
f 1026 1009 1027
f 1026 1027 1044
f 1027 1028 1046
f 1027 1046 1045
f 1028 1029 1047
f 1028 1047 1046
f 1029 1030 1048
f 1029 1048 1047
f 1030 1031 1049
f 1030 1049 1048
f 1031 1032 1050
f 1031 1050 1049
f 1032 1033 1051
f 1032 1051 1050
f 1033 1034 1052
f 1033 1052 1051
f 1034 1035 1053
f 1034 1053 1052
f 1035 1036 1054
f 1035 1054 1053
f 1036 1037 1055
f 1036 1055 1054
f 1037 1038 1056
f 1037 1056 1055
f 1038 1039 1057
f 1038 1057 1056
f 1039 1040 1058
f 1039 1058 1057
f 1040 1041 1059
f 1040 1059 1058
f 1041 1042 1060
f 1041 1060 1059
f 1042 1043 1061
f 1042 1061 1060
f 1043 1044 1062
f 1043 1062 1061
f 1044 1027 1045
f 1044 1045 1062
f 1045 1046 1064
f 1045 1064 1063
f 1046 1047 1065
f 1046 1065 1064
f 1047 1048 1066
f 1047 1066 1065
f 1048 1049 1067
f 1048 1067 1066
f 1049 1050 1068
f 1049 1068 1067
f 1050 1051 1069
f 1050 1069 1068
f 1051 1052 1070
f 1051 1070 1069
f 1052 1053 1071
f 1052 1071 1070
f 1053 1054 1072
f 1053 1072 1071
f 1054 1055 1073
f 1054 1073 1072
f 1055 1056 1074
f 1055 1074 1073
f 1056 1057 1075
f 1056 1075 1074
f 1057 1058 1076
f 1057 1076 1075
f 1058 1059 1077
f 1058 1077 1076
f 1059 1060 1078
f 1059 1078 1077
f 1060 1061 1079
f 1060 1079 1078
f 1061 1062 1080
f 1061 1080 1079
f 1062 1045 1063
f 1062 1063 1080
f 1063 1064 1082
f 1063 1082 1081
f 1064 1065 1083
f 1064 1083 1082
f 1065 1066 1084
f 1065 1084 1083
f 1066 1067 1085
f 1066 1085 1084
f 1067 1068 1086
f 1067 1086 1085
f 1068 1069 1087
f 1068 1087 1086
f 1069 1070 1088
f 1069 1088 1087
f 1070 1071 1089
f 1070 1089 1088
f 1071 1072 1090
f 1071 1090 1089
f 1072 1073 1091
f 1072 1091 1090
f 1073 1074 1092
f 1073 1092 1091
f 1074 1075 1093
f 1074 1093 1092
f 1075 1076 1094
f 1075 1094 1093
f 1076 1077 1095
f 1076 1095 1094
f 1077 1078 1096
f 1077 1096 1095
f 1078 1079 1097
f 1078 1097 1096
f 1079 1080 1098
f 1079 1098 1097
f 1080 1063 1081
f 1080 1081 1098
f 1081 1082 1100
f 1081 1100 1099
f 1082 1083 1101
f 1082 1101 1100
f 1083 1084 1102
f 1083 1102 1101
f 1084 1085 1103
f 1084 1103 1102
f 1085 1086 1104
f 1085 1104 1103
f 1086 1087 1105
f 1086 1105 1104
f 1087 1088 1106
f 1087 1106 1105
f 1088 1089 1107
f 1088 1107 1106
f 1089 1090 1108
f 1089 1108 1107
f 1090 1091 1109
f 1090 1109 1108
f 1091 1092 1110
f 1091 1110 1109
f 1092 1093 1111
f 1092 1111 1110
f 1093 1094 1112
f 1093 1112 1111
f 1094 1095 1113
f 1094 1113 1112
f 1095 1096 1114
f 1095 1114 1113
f 1096 1097 1115
f 1096 1115 1114
f 1097 1098 1116
f 1097 1116 1115
f 1098 1081 1099
f 1098 1099 1116
f 1099 1100 1118
f 1099 1118 1117
f 1100 1101 1119
f 1100 1119 1118
f 1101 1102 1120
f 1101 1120 1119
f 1102 1103 1121
f 1102 1121 1120
f 1103 1104 1122
f 1103 1122 1121
f 1104 1105 1123
f 1104 1123 1122
f 1105 1106 1124
f 1105 1124 1123
f 1106 1107 1125
f 1106 1125 1124
f 1107 1108 1126
f 1107 1126 1125
f 1108 1109 1127
f 1108 1127 1126
f 1109 1110 1128
f 1109 1128 1127
f 1110 1111 1129
f 1110 1129 1128
f 1111 1112 1130
f 1111 1130 1129
f 1112 1113 1131
f 1112 1131 1130
f 1113 1114 1132
f 1113 1132 1131
f 1114 1115 1133
f 1114 1133 1132
f 1115 1116 1134
f 1115 1134 1133
f 1116 1099 1117
f 1116 1117 1134
f 1117 1118 1136
f 1117 1136 1135
f 1118 1119 1137
f 1118 1137 1136
f 1119 1120 1138
f 1119 1138 1137
f 1120 1121 1139
f 1120 1139 1138
f 1121 1122 1140
f 1121 1140 1139
f 1122 1123 1141
f 1122 1141 1140
f 1123 1124 1142
f 1123 1142 1141
f 1124 1125 1143
f 1124 1143 1142
f 1125 1126 1144
f 1125 1144 1143
f 1126 1127 1145
f 1126 1145 1144
f 1127 1128 1146
f 1127 1146 1145
f 1128 1129 1147
f 1128 1147 1146
f 1129 1130 1148
f 1129 1148 1147
f 1130 1131 1149
f 1130 1149 1148
f 1131 1132 1150
f 1131 1150 1149
f 1132 1133 1151
f 1132 1151 1150
f 1133 1134 1152
f 1133 1152 1151
f 1134 1117 1135
f 1134 1135 1152
f 1135 1136 1154
f 1135 1154 1153
f 1136 1137 1155
f 1136 1155 1154
f 1137 1138 1156
f 1137 1156 1155
f 1138 1139 1157
f 1138 1157 1156
f 1139 1140 1158
f 1139 1158 1157
f 1140 1141 1159
f 1140 1159 1158
f 1141 1142 1160
f 1141 1160 1159
f 1142 1143 1161
f 1142 1161 1160
f 1143 1144 1162
f 1143 1162 1161
f 1144 1145 1163
f 1144 1163 1162
f 1145 1146 1164
f 1145 1164 1163
f 1146 1147 1165
f 1146 1165 1164
f 1147 1148 1166
f 1147 1166 1165
f 1148 1149 1167
f 1148 1167 1166
f 1149 1150 1168
f 1149 1168 1167
f 1150 1151 1169
f 1150 1169 1168
f 1151 1152 1170
f 1151 1170 1169
f 1152 1135 1153
f 1152 1153 1170
f 1153 1154 1172
f 1153 1172 1171
f 1154 1155 1173
f 1154 1173 1172
f 1155 1156 1174
f 1155 1174 1173
f 1156 1157 1175
f 1156 1175 1174
f 1157 1158 1176
f 1157 1176 1175
f 1158 1159 1177
f 1158 1177 1176
f 1159 1160 1178
f 1159 1178 1177
f 1160 1161 1179
f 1160 1179 1178
f 1161 1162 1180
f 1161 1180 1179
f 1162 1163 1181
f 1162 1181 1180
f 1163 1164 1182
f 1163 1182 1181
f 1164 1165 1183
f 1164 1183 1182
f 1165 1166 1184
f 1165 1184 1183
f 1166 1167 1185
f 1166 1185 1184
f 1167 1168 1186
f 1167 1186 1185
f 1168 1169 1187
f 1168 1187 1186
f 1169 1170 1188
f 1169 1188 1187
f 1170 1153 1171
f 1170 1171 1188
f 1171 1172 1190
f 1171 1190 1189
f 1172 1173 1191
f 1172 1191 1190
f 1173 1174 1192
f 1173 1192 1191
f 1174 1175 1193
f 1174 1193 1192
f 1175 1176 1194
f 1175 1194 1193
f 1176 1177 1195
f 1176 1195 1194
f 1177 1178 1196
f 1177 1196 1195
f 1178 1179 1197
f 1178 1197 1196
f 1179 1180 1198
f 1179 1198 1197
f 1180 1181 1199
f 1180 1199 1198
f 1181 1182 1200
f 1181 1200 1199
f 1182 1183 1201
f 1182 1201 1200
f 1183 1184 1202
f 1183 1202 1201
f 1184 1185 1203
f 1184 1203 1202
f 1185 1186 1204
f 1185 1204 1203
f 1186 1187 1205
f 1186 1205 1204
f 1187 1188 1206
f 1187 1206 1205
f 1188 1171 1189
f 1188 1189 1206
f 1189 1190 1208
f 1189 1208 1207
f 1190 1191 1209
f 1190 1209 1208
f 1191 1192 1210
f 1191 1210 1209
f 1192 1193 1211
f 1192 1211 1210
f 1193 1194 1212
f 1193 1212 1211
f 1194 1195 1213
f 1194 1213 1212
f 1195 1196 1214
f 1195 1214 1213
f 1196 1197 1215
f 1196 1215 1214
f 1197 1198 1216
f 1197 1216 1215
f 1198 1199 1217
f 1198 1217 1216
f 1199 1200 1218
f 1199 1218 1217
f 1200 1201 1219
f 1200 1219 1218
f 1201 1202 1220
f 1201 1220 1219
f 1202 1203 1221
f 1202 1221 1220
f 1203 1204 1222
f 1203 1222 1221
f 1204 1205 1223
f 1204 1223 1222
f 1205 1206 1224
f 1205 1224 1223
f 1206 1189 1207
f 1206 1207 1224
f 1207 1208 1226
f 1207 1226 1225
f 1208 1209 1227
f 1208 1227 1226
f 1209 1210 1228
f 1209 1228 1227
f 1210 1211 1229
f 1210 1229 1228
f 1211 1212 1230
f 1211 1230 1229
f 1212 1213 1231
f 1212 1231 1230
f 1213 1214 1232
f 1213 1232 1231
f 1214 1215 1233
f 1214 1233 1232
f 1215 1216 1234
f 1215 1234 1233
f 1216 1217 1235
f 1216 1235 1234
f 1217 1218 1236
f 1217 1236 1235
f 1218 1219 1237
f 1218 1237 1236
f 1219 1220 1238
f 1219 1238 1237
f 1220 1221 1239
f 1220 1239 1238
f 1221 1222 1240
f 1221 1240 1239
f 1222 1223 1241
f 1222 1241 1240
f 1223 1224 1242
f 1223 1242 1241
f 1224 1207 1225
f 1224 1225 1242
f 1225 1226 1244
f 1225 1244 1243
f 1226 1227 1245
f 1226 1245 1244
f 1227 1228 1246
f 1227 1246 1245
f 1228 1229 1247
f 1228 1247 1246
f 1229 1230 1248
f 1229 1248 1247
f 1230 1231 1249
f 1230 1249 1248
f 1231 1232 1250
f 1231 1250 1249
f 1232 1233 1251
f 1232 1251 1250
f 1233 1234 1252
f 1233 1252 1251
f 1234 1235 1253
f 1234 1253 1252
f 1235 1236 1254
f 1235 1254 1253
f 1236 1237 1255
f 1236 1255 1254
f 1237 1238 1256
f 1237 1256 1255
f 1238 1239 1257
f 1238 1257 1256
f 1239 1240 1258
f 1239 1258 1257
f 1240 1241 1259
f 1240 1259 1258
f 1241 1242 1260
f 1241 1260 1259
f 1242 1225 1243
f 1242 1243 1260
f 1243 1244 1262
f 1243 1262 1261
f 1244 1245 1263
f 1244 1263 1262
f 1245 1246 1264
f 1245 1264 1263
f 1246 1247 1265
f 1246 1265 1264
f 1247 1248 1266
f 1247 1266 1265
f 1248 1249 1267
f 1248 1267 1266
f 1249 1250 1268
f 1249 1268 1267
f 1250 1251 1269
f 1250 1269 1268
f 1251 1252 1270
f 1251 1270 1269
f 1252 1253 1271
f 1252 1271 1270
f 1253 1254 1272
f 1253 1272 1271
f 1254 1255 1273
f 1254 1273 1272
f 1255 1256 1274
f 1255 1274 1273
f 1256 1257 1275
f 1256 1275 1274
f 1257 1258 1276
f 1257 1276 1275
f 1258 1259 1277
f 1258 1277 1276
f 1259 1260 1278
f 1259 1278 1277
f 1260 1243 1261
f 1260 1261 1278
f 1261 1262 1280
f 1261 1280 1279
f 1262 1263 1281
f 1262 1281 1280
f 1263 1264 1282
f 1263 1282 1281
f 1264 1265 1283
f 1264 1283 1282
f 1265 1266 1284
f 1265 1284 1283
f 1266 1267 1285
f 1266 1285 1284
f 1267 1268 1286
f 1267 1286 1285
f 1268 1269 1287
f 1268 1287 1286
f 1269 1270 1288
f 1269 1288 1287
f 1270 1271 1289
f 1270 1289 1288
f 1271 1272 1290
f 1271 1290 1289
f 1272 1273 1291
f 1272 1291 1290
f 1273 1274 1292
f 1273 1292 1291
f 1274 1275 1293
f 1274 1293 1292
f 1275 1276 1294
f 1275 1294 1293
f 1276 1277 1295
f 1276 1295 1294
f 1277 1278 1296
f 1277 1296 1295
f 1278 1261 1279
f 1278 1279 1296
f 1279 1280 1298
f 1279 1298 1297
f 1280 1281 1299
f 1280 1299 1298
f 1281 1282 1300
f 1281 1300 1299
f 1282 1283 1301
f 1282 1301 1300
f 1283 1284 1302
f 1283 1302 1301
f 1284 1285 1303
f 1284 1303 1302
f 1285 1286 1304
f 1285 1304 1303
f 1286 1287 1305
f 1286 1305 1304
f 1287 1288 1306
f 1287 1306 1305
f 1288 1289 1307
f 1288 1307 1306
f 1289 1290 1308
f 1289 1308 1307
f 1290 1291 1309
f 1290 1309 1308
f 1291 1292 1310
f 1291 1310 1309
f 1292 1293 1311
f 1292 1311 1310
f 1293 1294 1312
f 1293 1312 1311
f 1294 1295 1313
f 1294 1313 1312
f 1295 1296 1314
f 1295 1314 1313
f 1296 1279 1297
f 1296 1297 1314
f 1297 1298 1316
f 1297 1316 1315
f 1298 1299 1317
f 1298 1317 1316
f 1299 1300 1318
f 1299 1318 1317
f 1300 1301 1319
f 1300 1319 1318
f 1301 1302 1320
f 1301 1320 1319
f 1302 1303 1321
f 1302 1321 1320
f 1303 1304 1322
f 1303 1322 1321
f 1304 1305 1323
f 1304 1323 1322
f 1305 1306 1324
f 1305 1324 1323
f 1306 1307 1325
f 1306 1325 1324
f 1307 1308 1326
f 1307 1326 1325
f 1308 1309 1327
f 1308 1327 1326
f 1309 1310 1328
f 1309 1328 1327
f 1310 1311 1329
f 1310 1329 1328
f 1311 1312 1330
f 1311 1330 1329
f 1312 1313 1331
f 1312 1331 1330
f 1313 1314 1332
f 1313 1332 1331
f 1314 1297 1315
f 1314 1315 1332
f 1315 1316 1334
f 1315 1334 1333
f 1316 1317 1335
f 1316 1335 1334
f 1317 1318 1336
f 1317 1336 1335
f 1318 1319 1337
f 1318 1337 1336
f 1319 1320 1338
f 1319 1338 1337
f 1320 1321 1339
f 1320 1339 1338
f 1321 1322 1340
f 1321 1340 1339
f 1322 1323 1341
f 1322 1341 1340
f 1323 1324 1342
f 1323 1342 1341
f 1324 1325 1343
f 1324 1343 1342
f 1325 1326 1344
f 1325 1344 1343
f 1326 1327 1345
f 1326 1345 1344
f 1327 1328 1346
f 1327 1346 1345
f 1328 1329 1347
f 1328 1347 1346
f 1329 1330 1348
f 1329 1348 1347
f 1330 1331 1349
f 1330 1349 1348
f 1331 1332 1350
f 1331 1350 1349
f 1332 1315 1333
f 1332 1333 1350
f 1333 1334 1352
f 1333 1352 1351
f 1334 1335 1353
f 1334 1353 1352
f 1335 1336 1354
f 1335 1354 1353
f 1336 1337 1355
f 1336 1355 1354
f 1337 1338 1356
f 1337 1356 1355
f 1338 1339 1357
f 1338 1357 1356
f 1339 1340 1358
f 1339 1358 1357
f 1340 1341 1359
f 1340 1359 1358
f 1341 1342 1360
f 1341 1360 1359
f 1342 1343 1361
f 1342 1361 1360
f 1343 1344 1362
f 1343 1362 1361
f 1344 1345 1363
f 1344 1363 1362
f 1345 1346 1364
f 1345 1364 1363
f 1346 1347 1365
f 1346 1365 1364
f 1347 1348 1366
f 1347 1366 1365
f 1348 1349 1367
f 1348 1367 1366
f 1349 1350 1368
f 1349 1368 1367
f 1350 1333 1351
f 1350 1351 1368
f 1351 1352 1370
f 1351 1370 1369
f 1352 1353 1371
f 1352 1371 1370
f 1353 1354 1372
f 1353 1372 1371
f 1354 1355 1373
f 1354 1373 1372
f 1355 1356 1374
f 1355 1374 1373
f 1356 1357 1375
f 1356 1375 1374
f 1357 1358 1376
f 1357 1376 1375
f 1358 1359 1377
f 1358 1377 1376
f 1359 1360 1378
f 1359 1378 1377
f 1360 1361 1379
f 1360 1379 1378
f 1361 1362 1380
f 1361 1380 1379
f 1362 1363 1381
f 1362 1381 1380
f 1363 1364 1382
f 1363 1382 1381
f 1364 1365 1383
f 1364 1383 1382
f 1365 1366 1384
f 1365 1384 1383
f 1366 1367 1385
f 1366 1385 1384
f 1367 1368 1386
f 1367 1386 1385
f 1368 1351 1369
f 1368 1369 1386
f 1369 1370 1388
f 1369 1388 1387
f 1370 1371 1389
f 1370 1389 1388
f 1371 1372 1390
f 1371 1390 1389
f 1372 1373 1391
f 1372 1391 1390
f 1373 1374 1392
f 1373 1392 1391
f 1374 1375 1393
f 1374 1393 1392
f 1375 1376 1394
f 1375 1394 1393
f 1376 1377 1395
f 1376 1395 1394
f 1377 1378 1396
f 1377 1396 1395
f 1378 1379 1397
f 1378 1397 1396
f 1379 1380 1398
f 1379 1398 1397
f 1380 1381 1399
f 1380 1399 1398
f 1381 1382 1400
f 1381 1400 1399
f 1382 1383 1401
f 1382 1401 1400
f 1383 1384 1402
f 1383 1402 1401
f 1384 1385 1403
f 1384 1403 1402
f 1385 1386 1404
f 1385 1404 1403
f 1386 1369 1387
f 1386 1387 1404
f 1387 1388 1406
f 1387 1406 1405
f 1388 1389 1407
f 1388 1407 1406
f 1389 1390 1408
f 1389 1408 1407
f 1390 1391 1409
f 1390 1409 1408
f 1391 1392 1410
f 1391 1410 1409
f 1392 1393 1411
f 1392 1411 1410
f 1393 1394 1412
f 1393 1412 1411
f 1394 1395 1413
f 1394 1413 1412
f 1395 1396 1414
f 1395 1414 1413
f 1396 1397 1415
f 1396 1415 1414
f 1397 1398 1416
f 1397 1416 1415
f 1398 1399 1417
f 1398 1417 1416
f 1399 1400 1418
f 1399 1418 1417
f 1400 1401 1419
f 1400 1419 1418
f 1401 1402 1420
f 1401 1420 1419
f 1402 1403 1421
f 1402 1421 1420
f 1403 1404 1422
f 1403 1422 1421
f 1404 1387 1405
f 1404 1405 1422
f 1405 1406 1424
f 1405 1424 1423
f 1406 1407 1425
f 1406 1425 1424
f 1407 1408 1426
f 1407 1426 1425
f 1408 1409 1427
f 1408 1427 1426
f 1409 1410 1428
f 1409 1428 1427
f 1410 1411 1429
f 1410 1429 1428
f 1411 1412 1430
f 1411 1430 1429
f 1412 1413 1431
f 1412 1431 1430
f 1413 1414 1432
f 1413 1432 1431
f 1414 1415 1433
f 1414 1433 1432
f 1415 1416 1434
f 1415 1434 1433
f 1416 1417 1435
f 1416 1435 1434
f 1417 1418 1436
f 1417 1436 1435
f 1418 1419 1437
f 1418 1437 1436
f 1419 1420 1438
f 1419 1438 1437
f 1420 1421 1439
f 1420 1439 1438
f 1421 1422 1440
f 1421 1440 1439
f 1422 1405 1423
f 1422 1423 1440
f 1423 1424 1442
f 1423 1442 1441
f 1424 1425 1443
f 1424 1443 1442
f 1425 1426 1444
f 1425 1444 1443
f 1426 1427 1445
f 1426 1445 1444
f 1427 1428 1446
f 1427 1446 1445
f 1428 1429 1447
f 1428 1447 1446
f 1429 1430 1448
f 1429 1448 1447
f 1430 1431 1449
f 1430 1449 1448
f 1431 1432 1450
f 1431 1450 1449
f 1432 1433 1451
f 1432 1451 1450
f 1433 1434 1452
f 1433 1452 1451
f 1434 1435 1453
f 1434 1453 1452
f 1435 1436 1454
f 1435 1454 1453
f 1436 1437 1455
f 1436 1455 1454
f 1437 1438 1456
f 1437 1456 1455
f 1438 1439 1457
f 1438 1457 1456
f 1439 1440 1458
f 1439 1458 1457
f 1440 1423 1441
f 1440 1441 1458
f 1441 1442 1460
f 1441 1460 1459
f 1442 1443 1461
f 1442 1461 1460
f 1443 1444 1462
f 1443 1462 1461
f 1444 1445 1463
f 1444 1463 1462
f 1445 1446 1464
f 1445 1464 1463
f 1446 1447 1465
f 1446 1465 1464
f 1447 1448 1466
f 1447 1466 1465
f 1448 1449 1467
f 1448 1467 1466
f 1449 1450 1468
f 1449 1468 1467
f 1450 1451 1469
f 1450 1469 1468
f 1451 1452 1470
f 1451 1470 1469
f 1452 1453 1471
f 1452 1471 1470
f 1453 1454 1472
f 1453 1472 1471
f 1454 1455 1473
f 1454 1473 1472
f 1455 1456 1474
f 1455 1474 1473
f 1456 1457 1475
f 1456 1475 1474
f 1457 1458 1476
f 1457 1476 1475
f 1458 1441 1459
f 1458 1459 1476
f 1459 1460 1478
f 1459 1478 1477
f 1460 1461 1479
f 1460 1479 1478
f 1461 1462 1480
f 1461 1480 1479
f 1462 1463 1481
f 1462 1481 1480
f 1463 1464 1482
f 1463 1482 1481
f 1464 1465 1483
f 1464 1483 1482
f 1465 1466 1484
f 1465 1484 1483
f 1466 1467 1485
f 1466 1485 1484
f 1467 1468 1486
f 1467 1486 1485
f 1468 1469 1487
f 1468 1487 1486
f 1469 1470 1488
f 1469 1488 1487
f 1470 1471 1489
f 1470 1489 1488
f 1471 1472 1490
f 1471 1490 1489
f 1472 1473 1491
f 1472 1491 1490
f 1473 1474 1492
f 1473 1492 1491
f 1474 1475 1493
f 1474 1493 1492
f 1475 1476 1494
f 1475 1494 1493
f 1476 1459 1477
f 1476 1477 1494
f 1477 1478 1496
f 1477 1496 1495
f 1478 1479 1497
f 1478 1497 1496
f 1479 1480 1498
f 1479 1498 1497
f 1480 1481 1499
f 1480 1499 1498
f 1481 1482 1500
f 1481 1500 1499
f 1482 1483 1501
f 1482 1501 1500
f 1483 1484 1502
f 1483 1502 1501
f 1484 1485 1503
f 1484 1503 1502
f 1485 1486 1504
f 1485 1504 1503
f 1486 1487 1505
f 1486 1505 1504
f 1487 1488 1506
f 1487 1506 1505
f 1488 1489 1507
f 1488 1507 1506
f 1489 1490 1508
f 1489 1508 1507
f 1490 1491 1509
f 1490 1509 1508
f 1491 1492 1510
f 1491 1510 1509
f 1492 1493 1511
f 1492 1511 1510
f 1493 1494 1512
f 1493 1512 1511
f 1494 1477 1495
f 1494 1495 1512
f 1495 1496 1514
f 1495 1514 1513
f 1496 1497 1515
f 1496 1515 1514
f 1497 1498 1516
f 1497 1516 1515
f 1498 1499 1517
f 1498 1517 1516
f 1499 1500 1518
f 1499 1518 1517
f 1500 1501 1519
f 1500 1519 1518
f 1501 1502 1520
f 1501 1520 1519
f 1502 1503 1521
f 1502 1521 1520
f 1503 1504 1522
f 1503 1522 1521
f 1504 1505 1523
f 1504 1523 1522
f 1505 1506 1524
f 1505 1524 1523
f 1506 1507 1525
f 1506 1525 1524
f 1507 1508 1526
f 1507 1526 1525
f 1508 1509 1527
f 1508 1527 1526
f 1509 1510 1528
f 1509 1528 1527
f 1510 1511 1529
f 1510 1529 1528
f 1511 1512 1530
f 1511 1530 1529
f 1512 1495 1513
f 1512 1513 1530
f 1531 2 1
f 1532 1513 1514
f 1531 3 2
f 1532 1514 1515
f 1531 4 3
f 1532 1515 1516
f 1531 5 4
f 1532 1516 1517
f 1531 6 5
f 1532 1517 1518
f 1531 7 6
f 1532 1518 1519
f 1531 8 7
f 1532 1519 1520
f 1531 9 8
f 1532 1520 1521
f 1531 10 9
f 1532 1521 1522
f 1531 11 10
f 1532 1522 1523
f 1531 12 11
f 1532 1523 1524
f 1531 13 12
f 1532 1524 1525
f 1531 14 13
f 1532 1525 1526
f 1531 15 14
f 1532 1526 1527
f 1531 16 15
f 1532 1527 1528
f 1531 17 16
f 1532 1528 1529
f 1531 18 17
f 1532 1529 1530
f 1531 1 18
f 1532 1530 1513

