# https://github.com/mikedh/trimesh
mtllib material.mtl

o one_leg_hole_detail.obj
usemtl material_0
v -0.056250000000 0.040937500000 -0.009375000000
v -0.056250000000 0.041012500000 -0.009941000000
v -0.054749000000 0.041011500000 -0.009229000000
v -0.054514000000 0.041114500000 -0.009771000000
v -0.053263000000 0.041231500000 -0.009082000000
v -0.052800000000 0.041413500000 -0.009600000000
v -0.051805000000 0.041596500000 -0.008936000000
v -0.051132000000 0.041904500000 -0.009430000000
v -0.050390000000 0.042103500000 -0.008789000000
v -0.049528000000 0.042579500000 -0.009259000000
v -0.049032000000 0.042745500000 -0.008643000000
v -0.048012000000 0.043432500000 -0.009089000000
v -0.047743000000 0.043518500000 -0.008496000000
v -0.046605000000 0.044454500000 -0.008918000000
v -0.046536000000 0.044413500000 -0.008350000000
v -0.045422000000 0.045422500000 -0.008203000000
v -0.045326000000 0.045632500000 -0.008748000000
v -0.044413000000 0.046535500000 -0.008057000000
v -0.044189000000 0.046948500000 -0.008577000000
v -0.043518000000 0.047742500000 -0.007910000000
v -0.043206000000 0.048384500000 -0.008407000000
v -0.042746000000 0.049031500000 -0.007764000000
v -0.042392000000 0.049921500000 -0.008236000000
v -0.042103000000 0.050390500000 -0.007617000000
v -0.041758000000 0.051541500000 -0.008066000000
v -0.041597000000 0.051805500000 -0.007471000000
v -0.041318000000 0.053224500000 -0.007896000000
v -0.041232000000 0.053262500000 -0.007324000000
v -0.041011000000 0.054749500000 -0.007178000000
v -0.041074000000 0.054946500000 -0.007725000000
v -0.040938000000 0.056250500000 -0.007031000000
v -0.041025000000 0.056684500000 -0.007555000000
v -0.041011000000 0.057750500000 -0.006885000000
v -0.041172000000 0.058418500000 -0.007384000000
v -0.041232000000 0.059237500000 -0.006738000000
v -0.041514000000 0.060123500000 -0.007214000000
v -0.041597000000 0.060694500000 -0.006592000000
v -0.042051000000 0.061778500000 -0.007043000000
v -0.042103000000 0.062109500000 -0.006445000000
v -0.042776000000 0.063358500000 -0.006873000000
v -0.042746000000 0.063468500000 -0.006299000000
v -0.043518000000 0.064757500000 -0.006152000000
v -0.043677000000 0.064847500000 -0.006702000000
v -0.044413000000 0.065964500000 -0.006006000000
v -0.044739000000 0.066224500000 -0.006532000000
v -0.045422000000 0.067077500000 -0.005859000000
v -0.045949000000 0.067474500000 -0.006361000000
v -0.046536000000 0.068086500000 -0.005713000000
v -0.047294000000 0.068577500000 -0.006191000000
v -0.047743000000 0.068981500000 -0.005566000000
v -0.048758000000 0.069516500000 -0.006021000000
v -0.049032000000 0.069754500000 -0.005420000000
v -0.050320000000 0.070280500000 -0.005850000000
v -0.050390000000 0.070396500000 -0.005273000000
v -0.051805000000 0.070903500000 -0.005127000000
v -0.051959000000 0.070864500000 -0.005680000000
v -0.053263000000 0.071268500000 -0.004980000000
v -0.053653000000 0.071259500000 -0.005509000000
v -0.054749000000 0.071488500000 -0.004834000000
v -0.055381000000 0.071460500000 -0.005339000000
v -0.056250000000 0.071562500000 -0.004687000000
v -0.057120000000 0.071462500000 -0.005168000000
v -0.057751000000 0.071488500000 -0.004541000000
v -0.058847000000 0.071261500000 -0.004998000000
v -0.059237000000 0.071268500000 -0.004395000000
v -0.060541000000 0.070864500000 -0.004827000000
v -0.060695000000 0.070903500000 -0.004248000000
v -0.062179000000 0.070279500000 -0.004657000000
v -0.062110000000 0.070396500000 -0.004102000000
v -0.063468000000 0.069754500000 -0.003955000000
v -0.063741000000 0.069514500000 -0.004486000000
v -0.064757000000 0.068981500000 -0.003809000000
v -0.065206000000 0.068576500000 -0.004316000000
v -0.065964000000 0.068086500000 -0.003662000000
v -0.066552000000 0.067475500000 -0.004146000000
v -0.067078000000 0.067077500000 -0.003516000000
v -0.067762000000 0.066225500000 -0.003975000000
v -0.068087000000 0.065964500000 -0.003369000000
v -0.068823000000 0.064847500000 -0.003805000000
v -0.068982000000 0.064757500000 -0.003223000000
v -0.069722000000 0.063357500000 -0.003634000000
v -0.069754000000 0.063468500000 -0.003076000000
v -0.070397000000 0.062109500000 -0.002930000000
v -0.070447000000 0.061777500000 -0.003464000000
v -0.070903000000 0.060694500000 -0.002783000000
v -0.070987000000 0.060123500000 -0.003293000000
v -0.071268000000 0.059237500000 -0.002637000000
v -0.071330000000 0.058418500000 -0.003123000000
v -0.071489000000 0.057750500000 -0.002490000000
v -0.071476000000 0.056685500000 -0.002952000000
v -0.071562000000 0.056250500000 -0.002344000000
v -0.071425000000 0.054946500000 -0.002782000000
v -0.071489000000 0.054749500000 -0.002197000000
v -0.071180000000 0.053224500000 -0.002611000000
v -0.071268000000 0.053262500000 -0.002051000000
v -0.070903000000 0.051805500000 -0.001904000000
v -0.070741000000 0.051541500000 -0.002441000000
v -0.070397000000 0.050390500000 -0.001758000000
v -0.070110000000 0.049920500000 -0.002271000000
v -0.069754000000 0.049031500000 -0.001611000000
v -0.069295000000 0.048383500000 -0.002100000000
v -0.068982000000 0.047742500000 -0.001465000000
v -0.068312000000 0.046949500000 -0.001930000000
v -0.068087000000 0.046535500000 -0.001318000000
v -0.067173000000 0.045634500000 -0.001759000000
v -0.067078000000 0.045422500000 -0.001172000000
v -0.065894000000 0.044455500000 -0.001589000000
v -0.065964000000 0.044413500000 -0.001025000000
v -0.064757000000 0.043518500000 -0.000879000000
v -0.064488000000 0.043431500000 -0.001418000000
v -0.063468000000 0.042745500000 -0.000732000000
v -0.062973000000 0.042577500000 -0.001248000000
v -0.062110000000 0.042103500000 -0.000586000000
v -0.061369000000 0.041903500000 -0.001077000000
v -0.060695000000 0.041596500000 -0.000439000000
v -0.059700000000 0.041414500000 -0.000907000000
v -0.059237000000 0.041231500000 -0.000293000000
v -0.057986000000 0.041116500000 -0.000736000000
v -0.057751000000 0.041011500000 -0.000146000000
v -0.056250000000 0.041013500000 -0.000566000000
v -0.056250000000 0.040937500000 -0.000000000000
v -0.054749000000 0.041011500000 0.000146000000
v -0.054513000000 0.041112500000 -0.000396000000
v -0.053263000000 0.041231500000 0.000293000000
v -0.052800000000 0.041411500000 -0.000225000000
v -0.051805000000 0.041596500000 0.000439000000
v -0.051132000000 0.041904500000 -0.000055000000
v -0.050390000000 0.042103500000 0.000586000000
v -0.049529000000 0.042581500000 0.000116000000
v -0.049032000000 0.042745500000 0.000732000000
v -0.048013000000 0.043434500000 0.000286000000
v -0.047743000000 0.043518500000 0.000879000000
v -0.046605000000 0.044454500000 0.000457000000
v -0.046536000000 0.044413500000 0.001025000000
v -0.045422000000 0.045422500000 0.001172000000
v -0.045324000000 0.045631500000 0.000627000000
v -0.044413000000 0.046535500000 0.001318000000
v -0.044188000000 0.046947500000 0.000798000000
v -0.043518000000 0.047742500000 0.001465000000
v -0.043207000000 0.048384500000 0.000968000000
v -0.042746000000 0.049031500000 0.001611000000
v -0.042394000000 0.049922500000 0.001139000000
v -0.042103000000 0.050390500000 0.001758000000
v -0.041760000000 0.051542500000 0.001309000000
v -0.041597000000 0.051805500000 0.001904000000
v -0.041316000000 0.053223500000 0.001479000000
v -0.041232000000 0.053262500000 0.002051000000
v -0.041011000000 0.054749500000 0.002197000000
v -0.041072000000 0.054945500000 0.001650000000
v -0.040938000000 0.056250500000 0.002344000000
v -0.041025000000 0.056684500000 0.001820000000
v -0.041011000000 0.057750500000 0.002490000000
v -0.041174000000 0.058417500000 0.001991000000
v -0.041232000000 0.059237500000 0.002637000000
v -0.041517000000 0.060123500000 0.002161000000
v -0.041597000000 0.060694500000 0.002783000000
v -0.042051000000 0.061778500000 0.002332000000
v -0.042103000000 0.062109500000 0.002930000000
v -0.042774000000 0.063360500000 0.002502000000
v -0.042746000000 0.063468500000 0.003076000000
v -0.043518000000 0.064757500000 0.003223000000
v -0.043675000000 0.064847500000 0.002673000000
v -0.044413000000 0.065964500000 0.003369000000
v -0.044739000000 0.066224500000 0.002843000000
v -0.045422000000 0.067077500000 0.003516000000
v -0.045951000000 0.067472500000 0.003014000000
v -0.046536000000 0.068086500000 0.003662000000
v -0.047295000000 0.068575500000 0.003184000000
v -0.047743000000 0.068981500000 0.003809000000
v -0.048757000000 0.069517500000 0.003354000000
v -0.049032000000 0.069754500000 0.003955000000
v -0.050319000000 0.070283500000 0.003525000000
v -0.050390000000 0.070396500000 0.004102000000
v -0.051805000000 0.070903500000 0.004248000000
v -0.051958000000 0.070864500000 0.003695000000
v -0.053263000000 0.071268500000 0.004395000000
v -0.053653000000 0.071258500000 0.003866000000
v -0.054749000000 0.071488500000 0.004541000000
v -0.055381000000 0.071458500000 0.004036000000
v -0.056250000000 0.071562500000 0.004688000000
v -0.057120000000 0.071461500000 0.004207000000
v -0.057751000000 0.071488500000 0.004834000000
v -0.058848000000 0.071263500000 0.004377000000
v -0.059237000000 0.071268500000 0.004980000000
v -0.060541000000 0.070866500000 0.004548000000
v -0.060695000000 0.070903500000 0.005127000000
v -0.062179000000 0.070279500000 0.004718000000
v -0.062110000000 0.070396500000 0.005273000000
v -0.063468000000 0.069754500000 0.005420000000
v -0.063740000000 0.069512500000 0.004889000000
v -0.064757000000 0.068981500000 0.005566000000
v -0.065205000000 0.068575500000 0.005059000000
v -0.065964000000 0.068086500000 0.005713000000
v -0.066553000000 0.067476500000 0.005229000000
v -0.067078000000 0.067077500000 0.005859000000
v -0.067764000000 0.066227500000 0.005400000000
v -0.068087000000 0.065964500000 0.006006000000
v -0.068823000000 0.064847500000 0.005570000000
v -0.068982000000 0.064757500000 0.006152000000
v -0.069721000000 0.063357500000 0.005741000000
v -0.069754000000 0.063468500000 0.006299000000
v -0.070397000000 0.062109500000 0.006445000000
v -0.070445000000 0.061776500000 0.005911000000
v -0.070903000000 0.060694500000 0.006592000000
v -0.070986000000 0.060123500000 0.006082000000
v -0.071268000000 0.059237500000 0.006738000000
v -0.071332000000 0.058418500000 0.006252000000
v -0.071489000000 0.057750500000 0.006885000000
v -0.071478000000 0.056685500000 0.006423000000
v -0.071562000000 0.056250500000 0.007031000000
v -0.071425000000 0.054946500000 0.006593000000
v -0.071489000000 0.054749500000 0.007178000000
v -0.071178000000 0.053224500000 0.006764000000
v -0.071268000000 0.053262500000 0.007324000000
v -0.070903000000 0.051805500000 0.007471000000
v -0.070739000000 0.051541500000 0.006934000000
v -0.070397000000 0.050390500000 0.007617000000
v -0.070110000000 0.049920500000 0.007104000000
v -0.069754000000 0.049031500000 0.007764000000
v -0.069297000000 0.048382500000 0.007275000000
v -0.068982000000 0.047742500000 0.007910000000
v -0.068313000000 0.046948500000 0.007445000000
v -0.068087000000 0.046535500000 0.008057000000
v -0.067173000000 0.045634500000 0.007616000000
v -0.067078000000 0.045422500000 0.008203000000
v -0.065892000000 0.044457500000 0.007786000000
v -0.065964000000 0.044413500000 0.008350000000
v -0.064757000000 0.043518500000 0.008496000000
v -0.064487000000 0.043432500000 0.007957000000
v -0.063468000000 0.042745500000 0.008643000000
v -0.062973000000 0.042576500000 0.008127000000
v -0.062110000000 0.042103500000 0.008789000000
v -0.061370000000 0.041900500000 0.008298000000
v -0.060695000000 0.041596500000 0.008936000000
v -0.059701000000 0.041410500000 0.008468000000
v -0.059237000000 0.041231500000 0.009082000000
v -0.057987000000 0.041113500000 0.008639000000
v -0.057751000000 0.041011500000 0.009229000000
v -0.056250000000 0.041012500000 0.008809000000
v -0.056250000000 0.040937500000 0.009375000000
v -0.056250000000 0.041230500000 -0.010469000000
v -0.054539000000 0.041330500000 -0.010298000000
v -0.052850000000 0.041626500000 -0.010128000000
v -0.051205000000 0.042110500000 -0.009957000000
v -0.049625000000 0.042775500000 -0.009787000000
v -0.048130000000 0.043615500000 -0.009616000000
v -0.046743000000 0.044623500000 -0.009446000000
v -0.045482000000 0.045784500000 -0.009276000000
v -0.044361000000 0.047082500000 -0.009105000000
v -0.043393000000 0.048497500000 -0.008935000000
v -0.042590000000 0.050012500000 -0.008764000000
v -0.041966000000 0.051608500000 -0.008594000000
v -0.041532000000 0.053267500000 -0.008423000000
v -0.041291000000 0.054964500000 -0.008253000000
v -0.041243000000 0.056678500000 -0.008082000000
v -0.041388000000 0.058387500000 -0.007912000000
v -0.041725000000 0.060068500000 -0.007741000000
v -0.042254000000 0.061698500000 -0.007571000000
v -0.042969000000 0.063257500000 -0.007401000000
v -0.043857000000 0.064724500000 -0.007230000000
v -0.044904000000 0.066081500000 -0.007060000000
v -0.046097000000 0.067313500000 -0.006889000000
v -0.047422000000 0.068400500000 -0.006719000000
v -0.048865000000 0.069326500000 -0.006548000000
v -0.050405000000 0.070080500000 -0.006378000000
v -0.052020000000 0.070654500000 -0.006207000000
v -0.053690000000 0.071044500000 -0.006037000000
v -0.055393000000 0.071243500000 -0.005866000000
v -0.057107000000 0.071244500000 -0.005696000000
v -0.058810000000 0.071046500000 -0.005526000000
v -0.060480000000 0.070655500000 -0.005355000000
v -0.062094000000 0.070079500000 -0.005185000000
v -0.063634000000 0.069324500000 -0.005014000000
v -0.065078000000 0.068400500000 -0.004844000000
v -0.066405000000 0.067314500000 -0.004673000000
v -0.067597000000 0.066083500000 -0.004503000000
v -0.068643000000 0.064724500000 -0.004332000000
v -0.069529000000 0.063256500000 -0.004162000000
v -0.070244000000 0.061698500000 -0.003991000000
v -0.070776000000 0.060068500000 -0.003821000000
v -0.071114000000 0.058387500000 -0.003651000000
v -0.071258000000 0.056679500000 -0.003480000000
v -0.071208000000 0.054965500000 -0.003310000000
v -0.070966000000 0.053267500000 -0.003139000000
v -0.070534000000 0.051608500000 -0.002969000000
v -0.069912000000 0.050011500000 -0.002798000000
v -0.069109000000 0.048496500000 -0.002628000000
v -0.068139000000 0.047082500000 -0.002457000000
v -0.067017000000 0.045786500000 -0.002287000000
v -0.065756000000 0.044624500000 -0.002116000000
v -0.064370000000 0.043614500000 -0.001946000000
v -0.062876000000 0.042773500000 -0.001776000000
v -0.061296000000 0.042109500000 -0.001605000000
v -0.059650000000 0.041627500000 -0.001435000000
v -0.057961000000 0.041332500000 -0.001264000000
v -0.056250000000 0.041231500000 -0.001094000000
v -0.054538000000 0.041328500000 -0.000923000000
v -0.052849000000 0.041624500000 -0.000753000000
v -0.051205000000 0.042109500000 -0.000582000000
v -0.049625000000 0.042776500000 -0.000412000000
v -0.048131000000 0.043617500000 -0.000241000000
v -0.046743000000 0.044622500000 -0.000071000000
v -0.045480000000 0.045783500000 0.000099000000
v -0.044360000000 0.047081500000 0.000270000000
v -0.043394000000 0.048497500000 0.000440000000
v -0.042592000000 0.050013500000 0.000611000000
v -0.041967000000 0.051609500000 0.000781000000
v -0.041530000000 0.053267500000 0.000952000000
v -0.041289000000 0.054964500000 0.001122000000
v -0.041243000000 0.056678500000 0.001293000000
v -0.041390000000 0.058386500000 0.001463000000
v -0.041727000000 0.060067500000 0.001634000000
v -0.042254000000 0.061699500000 0.001804000000
v -0.042967000000 0.063258500000 0.001974000000
v -0.043855000000 0.064724500000 0.002145000000
v -0.044904000000 0.066081500000 0.002315000000
v -0.046098000000 0.067311500000 0.002486000000
v -0.047423000000 0.068399500000 0.002656000000
v -0.048864000000 0.069328500000 0.002827000000
v -0.050404000000 0.070082500000 0.002997000000
v -0.052020000000 0.070655500000 0.003168000000
v -0.053690000000 0.071043500000 0.003338000000
v -0.055393000000 0.071241500000 0.003509000000
v -0.057108000000 0.071244500000 0.003679000000
v -0.058811000000 0.071048500000 0.003849000000
v -0.060480000000 0.070657500000 0.004020000000
v -0.062094000000 0.070079500000 0.004190000000
v -0.063633000000 0.069323500000 0.004361000000
v -0.065077000000 0.068398500000 0.004531000000
v -0.066406000000 0.067315500000 0.004702000000
v -0.067599000000 0.066084500000 0.004872000000
v -0.068643000000 0.064724500000 0.005043000000
v -0.069528000000 0.063256500000 0.005213000000
v -0.070242000000 0.061697500000 0.005384000000
v -0.070775000000 0.060067500000 0.005554000000
v -0.071116000000 0.058387500000 0.005724000000
v -0.071260000000 0.056679500000 0.005895000000
v -0.071208000000 0.054965500000 0.006065000000
v -0.070965000000 0.053268500000 0.006236000000
v -0.070532000000 0.051609500000 0.006406000000
v -0.069912000000 0.050010500000 0.006577000000
v -0.069111000000 0.048495500000 0.006747000000
v -0.068140000000 0.047081500000 0.006918000000
v -0.067016000000 0.045786500000 0.007088000000
v -0.065754000000 0.044626500000 0.007259000000
v -0.064369000000 0.043615500000 0.007429000000
v -0.062877000000 0.042771500000 0.007599000000
v -0.061297000000 0.042105500000 0.007770000000
v -0.059651000000 0.041623500000 0.007940000000
v -0.057962000000 0.041329500000 0.008111000000
v -0.056250000000 0.041230500000 0.008281000000
v -0.057922000000 0.041675500000 0.007658000000
v -0.056250000000 0.041578500000 0.007828000000
v -0.057871000000 0.042125500000 0.007310000000
v -0.056250000000 0.042031500000 0.007481000000
v -0.057810000000 0.042649500000 0.007092000000
v -0.056250000000 0.042558500000 0.007262000000
v -0.057746000000 0.043211500000 0.007017000000
v -0.056250000000 0.043125500000 0.007188000000
v -0.057681000000 0.043773500000 0.007092000000
v -0.056250000000 0.043691500000 0.007262000000
v -0.057621000000 0.044297500000 0.007311000000
v -0.056250000000 0.044218500000 0.007481000000
v -0.057570000000 0.044748500000 0.007658000000
v -0.056250000000 0.044671500000 0.007828000000
v -0.057530000000 0.045092500000 0.008111000000
v -0.056250000000 0.045019500000 0.008281000000
v -0.057505000000 0.045310500000 0.008638000000
v -0.056250000000 0.045237500000 0.008809000000
v -0.057497000000 0.045384500000 0.009205000000
v -0.056250000000 0.045312500000 0.009375000000
v -0.057505000000 0.045310500000 0.009771000000
v -0.056250000000 0.045237500000 0.009941000000
v -0.057530000000 0.045092500000 0.010298000000
v -0.056250000000 0.045019500000 0.010469000000
v -0.057570000000 0.044748500000 0.010751000000
v -0.056250000000 0.044671500000 0.010922000000
v -0.057621000000 0.044297500000 0.011099000000
v -0.056250000000 0.044218500000 0.011269000000
v -0.057681000000 0.043773500000 0.011317000000
v -0.056250000000 0.043691500000 0.011488000000
v -0.057746000000 0.043211500000 0.011392000000
v -0.056250000000 0.043125500000 0.011563000000
v -0.057810000000 0.042649500000 0.011317000000
v -0.056250000000 0.042558500000 0.011488000000
v -0.057871000000 0.042125500000 0.011099000000
v -0.056250000000 0.042031500000 0.011269000000
v -0.057922000000 0.041675500000 0.010751000000
v -0.056250000000 0.041578500000 0.010922000000
v -0.057962000000 0.041329500000 0.010298000000
v -0.056250000000 0.041230500000 0.010469000000
v -0.057987000000 0.041113500000 0.009771000000
v -0.056250000000 0.041012500000 0.009941000000
v -0.056250000000 0.041578500000 -0.010922000000
v -0.054578000000 0.041676500000 -0.010751000000
v -0.052929000000 0.041964500000 -0.010580000000
v -0.051322000000 0.042437500000 -0.010410000000
v -0.049778000000 0.043087500000 -0.010240000000
v -0.048318000000 0.043908500000 -0.010069000000
v -0.046963000000 0.044892500000 -0.009899000000
v -0.045732000000 0.046027500000 -0.009728000000
v -0.044637000000 0.047294500000 -0.009558000000
v -0.043691000000 0.048676500000 -0.009387000000
v -0.042907000000 0.050156500000 -0.009217000000
v -0.042297000000 0.051716500000 -0.009046000000
v -0.041873000000 0.053336500000 -0.008876000000
v -0.041637000000 0.054994500000 -0.008705000000
v -0.041591000000 0.056668500000 -0.008535000000
v -0.041732000000 0.058337500000 -0.008365000000
v -0.042062000000 0.059979500000 -0.008194000000
v -0.042578000000 0.061572500000 -0.008024000000
v -0.043277000000 0.063094500000 -0.007853000000
v -0.044144000000 0.064527500000 -0.007683000000
v -0.045167000000 0.065854500000 -0.007512000000
v -0.046332000000 0.067057500000 -0.007342000000
v -0.047626000000 0.068119500000 -0.007171000000
v -0.049036000000 0.069023500000 -0.007001000000
v -0.050540000000 0.069759500000 -0.006830000000
v -0.052118000000 0.070321500000 -0.006660000000
v -0.053749000000 0.070701500000 -0.006490000000
v -0.055413000000 0.070895500000 -0.006319000000
v -0.057088000000 0.070897500000 -0.006149000000
v -0.058751000000 0.070703500000 -0.005978000000
v -0.060382000000 0.070321500000 -0.005808000000
v -0.061959000000 0.069758500000 -0.005637000000
v -0.063463000000 0.069021500000 -0.005467000000
v -0.064873000000 0.068119500000 -0.005296000000
v -0.066170000000 0.067058500000 -0.005126000000
v -0.067334000000 0.065855500000 -0.004955000000
v -0.068356000000 0.064527500000 -0.004785000000
v -0.069222000000 0.063093500000 -0.004615000000
v -0.069920000000 0.061571500000 -0.004444000000
v -0.070439000000 0.059979500000 -0.004274000000
v -0.070770000000 0.058338500000 -0.004103000000
v -0.070910000000 0.056669500000 -0.003933000000
v -0.070862000000 0.054994500000 -0.003762000000
v -0.070625000000 0.053336500000 -0.003592000000
v -0.070203000000 0.051716500000 -0.003421000000
v -0.069595000000 0.050155500000 -0.003251000000
v -0.068811000000 0.048676500000 -0.003080000000
v -0.067864000000 0.047294500000 -0.002910000000
v -0.066767000000 0.046028500000 -0.002740000000
v -0.065535000000 0.044893500000 -0.002569000000
v -0.064182000000 0.043907500000 -0.002399000000
v -0.062723000000 0.043085500000 -0.002228000000
v -0.061179000000 0.042436500000 -0.002058000000
v -0.059572000000 0.041965500000 -0.001887000000
v -0.057921000000 0.041678500000 -0.001717000000
v -0.056250000000 0.041579500000 -0.001546000000
v -0.054578000000 0.041674500000 -0.001376000000
v -0.052928000000 0.041962500000 -0.001205000000
v -0.051322000000 0.042437500000 -0.001035000000
v -0.049779000000 0.043089500000 -0.000865000000
v -0.048319000000 0.043910500000 -0.000694000000
v -0.046963000000 0.044892500000 -0.000524000000
v -0.045730000000 0.046025500000 -0.000353000000
v -0.044636000000 0.047293500000 -0.000183000000
v -0.043691000000 0.048676500000 -0.000012000000
v -0.042908000000 0.050157500000 0.000158000000
v -0.042298000000 0.051716500000 0.000329000000
v -0.041871000000 0.053336500000 0.000499000000
v -0.041635000000 0.054994500000 0.000670000000
v -0.041590000000 0.056668500000 0.000840000000
v -0.041734000000 0.058337500000 0.001010000000
v -0.042064000000 0.059979500000 0.001181000000
v -0.042579000000 0.061572500000 0.001351000000
v -0.043275000000 0.063096500000 0.001522000000
v -0.044142000000 0.064528500000 0.001692000000
v -0.045167000000 0.065853500000 0.001863000000
v -0.046333000000 0.067055500000 0.002033000000
v -0.047628000000 0.068118500000 0.002204000000
v -0.049036000000 0.069025500000 0.002374000000
v -0.050539000000 0.069761500000 0.002545000000
v -0.052118000000 0.070321500000 0.002715000000
v -0.053749000000 0.070700500000 0.002885000000
v -0.055413000000 0.070893500000 0.003056000000
v -0.057088000000 0.070896500000 0.003226000000
v -0.058752000000 0.070705500000 0.003397000000
v -0.060382000000 0.070323500000 0.003567000000
v -0.061959000000 0.069758500000 0.003738000000
v -0.063462000000 0.069020500000 0.003908000000
v -0.064873000000 0.068117500000 0.004079000000
v -0.066170000000 0.067059500000 0.004249000000
v -0.067336000000 0.065856500000 0.004420000000
v -0.068356000000 0.064528500000 0.004590000000
v -0.069221000000 0.063093500000 0.004760000000
v -0.069918000000 0.061570500000 0.004931000000
v -0.070439000000 0.059979500000 0.005101000000
v -0.070772000000 0.058337500000 0.005272000000
v -0.070912000000 0.056669500000 0.005442000000
v -0.070862000000 0.054995500000 0.005613000000
v -0.070624000000 0.053337500000 0.005783000000
v -0.070201000000 0.051716500000 0.005954000000
v -0.069596000000 0.050155500000 0.006124000000
v -0.068813000000 0.048674500000 0.006295000000
v -0.067865000000 0.047294500000 0.006465000000
v -0.066767000000 0.046029500000 0.006635000000
v -0.065534000000 0.044895500000 0.006806000000
v -0.064181000000 0.043908500000 0.006976000000
v -0.062723000000 0.043083500000 0.007147000000
v -0.061180000000 0.042433500000 0.007317000000
v -0.059573000000 0.041961500000 0.007488000000
v -0.056250000000 0.042031500000 -0.011269000000
v -0.054630000000 0.042126500000 -0.011099000000
v -0.053031000000 0.042405500000 -0.010928000000
v -0.051474000000 0.042863500000 -0.010758000000
v -0.049978000000 0.043493500000 -0.010587000000
v -0.048563000000 0.044289500000 -0.010417000000
v -0.047250000000 0.045243500000 -0.010247000000
v -0.046056000000 0.046342500000 -0.010076000000
v -0.044995000000 0.047570500000 -0.009906000000
v -0.044078000000 0.048910500000 -0.009735000000
v -0.043318000000 0.050344500000 -0.009565000000
v -0.042727000000 0.051856500000 -0.009394000000
v -0.042316000000 0.053426500000 -0.009224000000
v -0.042088000000 0.055033500000 -0.009053000000
v -0.042043000000 0.056655500000 -0.008883000000
v -0.042180000000 0.058273500000 -0.008712000000
v -0.042500000000 0.059864500000 -0.008542000000
v -0.043000000000 0.061408500000 -0.008372000000
v -0.043677000000 0.062883500000 -0.008201000000
v -0.044517000000 0.064272500000 -0.008031000000
v -0.045509000000 0.065557500000 -0.007860000000
v -0.046638000000 0.066723500000 -0.007690000000
v -0.047893000000 0.067752500000 -0.007519000000
v -0.049259000000 0.068629500000 -0.007349000000
v -0.050716000000 0.069342500000 -0.007178000000
v -0.052246000000 0.069886500000 -0.007008000000
v -0.053827000000 0.070255500000 -0.006837000000
v -0.055439000000 0.070443500000 -0.006667000000
v -0.057062000000 0.070445500000 -0.006497000000
v -0.058674000000 0.070257500000 -0.006326000000
v -0.060254000000 0.069887500000 -0.006156000000
v -0.061783000000 0.069341500000 -0.005985000000
v -0.063240000000 0.068627500000 -0.005815000000
v -0.064607000000 0.067752500000 -0.005644000000
v -0.065864000000 0.066724500000 -0.005474000000
v -0.066992000000 0.065558500000 -0.005303000000
v -0.067982000000 0.064272500000 -0.005133000000
v -0.068821000000 0.062882500000 -0.004962000000
v -0.069498000000 0.061407500000 -0.004792000000
v -0.070002000000 0.059864500000 -0.004622000000
v -0.070322000000 0.058273500000 -0.004451000000
v -0.070458000000 0.056656500000 -0.004281000000
v -0.070411000000 0.055033500000 -0.004110000000
v -0.070182000000 0.053426500000 -0.003940000000
v -0.069772000000 0.051856500000 -0.003769000000
v -0.069183000000 0.050343500000 -0.003599000000
v -0.068423000000 0.048909500000 -0.003428000000
v -0.067505000000 0.047571500000 -0.003258000000
v -0.066443000000 0.046343500000 -0.003087000000
v -0.065249000000 0.045244500000 -0.002917000000
v -0.063937000000 0.044288500000 -0.002747000000
v -0.062523000000 0.043491500000 -0.002576000000
v -0.061027000000 0.042862500000 -0.002406000000
v -0.059469000000 0.042406500000 -0.002235000000
v -0.057870000000 0.042128500000 -0.002065000000
v -0.056250000000 0.042032500000 -0.001894000000
v -0.054629000000 0.042124500000 -0.001724000000
v -0.053031000000 0.042403500000 -0.001553000000
v -0.051474000000 0.042863500000 -0.001383000000
v -0.049979000000 0.043495500000 -0.001212000000
v -0.048564000000 0.044291500000 -0.001042000000
v -0.047249000000 0.045242500000 -0.000872000000
v -0.046055000000 0.046341500000 -0.000701000000
v -0.044994000000 0.047569500000 -0.000531000000
v -0.044079000000 0.048910500000 -0.000360000000
v -0.043320000000 0.050345500000 -0.000190000000
v -0.042728000000 0.051856500000 -0.000019000000
v -0.042315000000 0.053426500000 0.000151000000
v -0.042086000000 0.055033500000 0.000322000000
v -0.042043000000 0.056655500000 0.000492000000
v -0.042182000000 0.058272500000 0.000663000000
v -0.042502000000 0.059864500000 0.000833000000
v -0.043000000000 0.061408500000 0.001003000000
v -0.043675000000 0.062884500000 0.001174000000
v -0.044516000000 0.064272500000 0.001344000000
v -0.045509000000 0.065557500000 0.001515000000
v -0.046639000000 0.066722500000 0.001685000000
v -0.047894000000 0.067751500000 0.001856000000
v -0.049258000000 0.068630500000 0.002026000000
v -0.050716000000 0.069344500000 0.002197000000
v -0.052245000000 0.069887500000 0.002367000000
v -0.053827000000 0.070254500000 0.002538000000
v -0.055439000000 0.070441500000 0.002708000000
v -0.057062000000 0.070444500000 0.002878000000
v -0.058674000000 0.070259500000 0.003049000000
v -0.060254000000 0.069889500000 0.003219000000
v -0.061782000000 0.069341500000 0.003390000000
v -0.063240000000 0.068626500000 0.003560000000
v -0.064607000000 0.067751500000 0.003731000000
v -0.065864000000 0.066725500000 0.003901000000
v -0.066994000000 0.065560500000 0.004072000000
v -0.067983000000 0.064273500000 0.004242000000
v -0.068820000000 0.062882500000 0.004413000000
v -0.069496000000 0.061406500000 0.004583000000
v -0.070001000000 0.059864500000 0.004753000000
v -0.070323000000 0.058273500000 0.004924000000
v -0.070459000000 0.056656500000 0.005094000000
v -0.070411000000 0.055033500000 0.005265000000
v -0.070180000000 0.053427500000 0.005435000000
v -0.069770000000 0.051856500000 0.005606000000
v -0.069184000000 0.050343500000 0.005776000000
v -0.068425000000 0.048908500000 0.005947000000
v -0.067506000000 0.047570500000 0.006117000000
v -0.066442000000 0.046344500000 0.006288000000
v -0.065247000000 0.045245500000 0.006458000000
v -0.063936000000 0.044289500000 0.006628000000
v -0.062524000000 0.043490500000 0.006799000000
v -0.061028000000 0.042859500000 0.006969000000
v -0.059470000000 0.042402500000 0.007140000000
v -0.056250000000 0.042558500000 -0.011488000000
v -0.054690000000 0.042650500000 -0.011317000000
v -0.053150000000 0.042919500000 -0.011147000000
v -0.051651000000 0.043360500000 -0.010976000000
v -0.050210000000 0.043967500000 -0.010806000000
v -0.048848000000 0.044733500000 -0.010635000000
v -0.047584000000 0.045651500000 -0.010465000000
v -0.046434000000 0.046710500000 -0.010294000000
v -0.045413000000 0.047892500000 -0.010124000000
v -0.044530000000 0.049182500000 -0.009953000000
v -0.043798000000 0.050563500000 -0.009783000000
v -0.043229000000 0.052019500000 -0.009613000000
v -0.042833000000 0.053531500000 -0.009442000000
v -0.042614000000 0.055078500000 -0.009272000000
v -0.042570000000 0.056640500000 -0.009101000000
v -0.042702000000 0.058198500000 -0.008931000000
v -0.043010000000 0.059730500000 -0.008760000000
v -0.043492000000 0.061217500000 -0.008590000000
v -0.044144000000 0.062637500000 -0.008419000000
v -0.044953000000 0.063974500000 -0.008249000000
v -0.045907000000 0.065212500000 -0.008078000000
v -0.046995000000 0.066335500000 -0.007908000000
v -0.048203000000 0.067326500000 -0.007738000000
v -0.049518000000 0.068170500000 -0.007567000000
v -0.050922000000 0.068857500000 -0.007397000000
v -0.052394000000 0.069380500000 -0.007226000000
v -0.053917000000 0.069736500000 -0.007056000000
v -0.055469000000 0.069917500000 -0.006885000000
v -0.057032000000 0.069918500000 -0.006715000000
v -0.058584000000 0.069738500000 -0.006544000000
v -0.060105000000 0.069381500000 -0.006374000000
v -0.061578000000 0.068856500000 -0.006203000000
v -0.062981000000 0.068168500000 -0.006033000000
v -0.064297000000 0.067325500000 -0.005863000000
v -0.065507000000 0.066336500000 -0.005692000000
v -0.066594000000 0.065213500000 -0.005522000000
v -0.067547000000 0.063974500000 -0.005351000000
v -0.068355000000 0.062636500000 -0.005181000000
v -0.069007000000 0.061216500000 -0.005010000000
v -0.069491000000 0.059730500000 -0.004840000000
v -0.069800000000 0.058198500000 -0.004669000000
v -0.069931000000 0.056641500000 -0.004499000000
v -0.069885000000 0.055078500000 -0.004328000000
v -0.069665000000 0.053531500000 -0.004158000000
v -0.069270000000 0.052019500000 -0.003988000000
v -0.068703000000 0.050562500000 -0.003817000000
v -0.067972000000 0.049182500000 -0.003647000000
v -0.067088000000 0.047893500000 -0.003476000000
v -0.066064000000 0.046711500000 -0.003306000000
v -0.064915000000 0.045652500000 -0.003135000000
v -0.063652000000 0.044732500000 -0.002965000000
v -0.062290000000 0.043965500000 -0.002794000000
v -0.060850000000 0.043359500000 -0.002624000000
v -0.059350000000 0.042920500000 -0.002453000000
v -0.057810000000 0.042652500000 -0.002283000000
v -0.056250000000 0.042559500000 -0.002113000000
v -0.054689000000 0.042648500000 -0.001942000000
v -0.053150000000 0.042917500000 -0.001772000000
v -0.051651000000 0.043360500000 -0.001601000000
v -0.050211000000 0.043968500000 -0.001431000000
v -0.048849000000 0.044734500000 -0.001260000000
v -0.047583000000 0.045651500000 -0.001090000000
v -0.046433000000 0.046708500000 -0.000919000000
v -0.045412000000 0.047891500000 -0.000749000000
v -0.044531000000 0.049182500000 -0.000578000000
v -0.043800000000 0.050564500000 -0.000408000000
v -0.043230000000 0.052019500000 -0.000238000000
v -0.042832000000 0.053531500000 -0.000067000000
v -0.042612000000 0.055078500000 0.000103000000
v -0.042570000000 0.056640500000 0.000274000000
v -0.042704000000 0.058197500000 0.000444000000
v -0.043012000000 0.059730500000 0.000615000000
v -0.043492000000 0.061217500000 0.000785000000
v -0.044142000000 0.062638500000 0.000956000000
v -0.044951000000 0.063975500000 0.001126000000
v -0.045907000000 0.065211500000 0.001297000000
v -0.046996000000 0.066333500000 0.001467000000
v -0.048204000000 0.067325500000 0.001637000000
v -0.049518000000 0.068171500000 0.001808000000
v -0.050921000000 0.068858500000 0.001978000000
v -0.052394000000 0.069381500000 0.002149000000
v -0.053916000000 0.069735500000 0.002319000000
v -0.055469000000 0.069915500000 0.002490000000
v -0.057032000000 0.069918500000 0.002660000000
v -0.058584000000 0.069739500000 0.002831000000
v -0.060106000000 0.069383500000 0.003001000000
v -0.061577000000 0.068856500000 0.003172000000
v -0.062980000000 0.068166500000 0.003342000000
v -0.064296000000 0.067324500000 0.003512000000
v -0.065508000000 0.066336500000 0.003683000000
v -0.066595000000 0.065214500000 0.003853000000
v -0.067547000000 0.063975500000 0.004024000000
v -0.068354000000 0.062636500000 0.004194000000
v -0.069005000000 0.061215500000 0.004365000000
v -0.069491000000 0.059730500000 0.004535000000
v -0.069801000000 0.058198500000 0.004706000000
v -0.069932000000 0.056641500000 0.004876000000
v -0.069885000000 0.055079500000 0.005047000000
v -0.069663000000 0.053531500000 0.005217000000
v -0.069269000000 0.052019500000 0.005387000000
v -0.068704000000 0.050562500000 0.005558000000
v -0.067973000000 0.049180500000 0.005728000000
v -0.067089000000 0.047892500000 0.005899000000
v -0.066064000000 0.046712500000 0.006069000000
v -0.064914000000 0.045654500000 0.006240000000
v -0.063651000000 0.044733500000 0.006410000000
v -0.062291000000 0.043963500000 0.006581000000
v -0.060851000000 0.043356500000 0.006751000000
v -0.059351000000 0.042916500000 0.006922000000
v -0.056250000000 0.043125500000 -0.011562000000
v -0.054754000000 0.043212500000 -0.011392000000
v -0.053279000000 0.043470500000 -0.011221000000
v -0.051841000000 0.043893500000 -0.011051000000
v -0.050460000000 0.044475500000 -0.010880000000
v -0.049154000000 0.045209500000 -0.010710000000
v -0.047942000000 0.046089500000 -0.010539000000
v -0.046840000000 0.047104500000 -0.010369000000
v -0.045861000000 0.048238500000 -0.010199000000
v -0.045015000000 0.049475500000 -0.010028000000
v -0.044313000000 0.050798500000 -0.009858000000
v -0.043767000000 0.052194500000 -0.009687000000
v -0.043388000000 0.053643500000 -0.009517000000
v -0.043178000000 0.055126500000 -0.009346000000
v -0.043136000000 0.056624500000 -0.009176000000
v -0.043263000000 0.058117500000 -0.009005000000
v -0.043557000000 0.059586500000 -0.008835000000
v -0.044020000000 0.061011500000 -0.008664000000
v -0.044644000000 0.062373500000 -0.008494000000
v -0.045420000000 0.063655500000 -0.008324000000
v -0.046335000000 0.064841500000 -0.008153000000
v -0.047377000000 0.065917500000 -0.007983000000
v -0.048535000000 0.066868500000 -0.007812000000
v -0.049796000000 0.067677500000 -0.007642000000
v -0.051142000000 0.068335500000 -0.007471000000
v -0.052554000000 0.068837500000 -0.007301000000
v -0.054013000000 0.069178500000 -0.007130000000
v -0.055501000000 0.069352500000 -0.006960000000
v -0.056999000000 0.069353500000 -0.006789000000
v -0.058487000000 0.069180500000 -0.006619000000
v -0.059946000000 0.068838500000 -0.006449000000
v -0.061357000000 0.068334500000 -0.006278000000
v -0.062703000000 0.067675500000 -0.006108000000
v -0.063965000000 0.066867500000 -0.005937000000
v -0.065124000000 0.065919500000 -0.005767000000
v -0.066166000000 0.064842500000 -0.005596000000
v -0.067080000000 0.063655500000 -0.005426000000
v -0.067854000000 0.062372500000 -0.005255000000
v -0.068479000000 0.061010500000 -0.005085000000
v -0.068944000000 0.059586500000 -0.004914000000
v -0.069239000000 0.058117500000 -0.004744000000
v -0.069365000000 0.056624500000 -0.004574000000
v -0.069321000000 0.055127500000 -0.004403000000
v -0.069110000000 0.053643500000 -0.004233000000
v -0.068732000000 0.052194500000 -0.004062000000
v -0.068188000000 0.050798500000 -0.003892000000
v -0.067487000000 0.049474500000 -0.003721000000
v -0.066639000000 0.048238500000 -0.003551000000
v -0.065659000000 0.047105500000 -0.003380000000
v -0.064557000000 0.046090500000 -0.003210000000
v -0.063346000000 0.045208500000 -0.003039000000
v -0.062041000000 0.044473500000 -0.002869000000
v -0.060659000000 0.043892500000 -0.002699000000
v -0.059221000000 0.043471500000 -0.002528000000
v -0.057745000000 0.043214500000 -0.002358000000
v -0.056250000000 0.043125500000 -0.002187000000
v -0.054754000000 0.043210500000 -0.002017000000
v -0.053278000000 0.043468500000 -0.001846000000
v -0.051841000000 0.043893500000 -0.001676000000
v -0.050461000000 0.044476500000 -0.001505000000
v -0.049155000000 0.045210500000 -0.001335000000
v -0.047942000000 0.046089500000 -0.001164000000
v -0.046839000000 0.047103500000 -0.000994000000
v -0.045860000000 0.048237500000 -0.000824000000
v -0.045015000000 0.049475500000 -0.000653000000
v -0.044315000000 0.050799500000 -0.000483000000
v -0.043769000000 0.052194500000 -0.000312000000
v -0.043387000000 0.053643500000 -0.000142000000
v -0.043176000000 0.055126500000 0.000029000000
v -0.043135000000 0.056624500000 0.000199000000
v -0.043264000000 0.058117500000 0.000370000000
v -0.043559000000 0.059586500000 0.000540000000
v -0.044020000000 0.061011500000 0.000711000000
v -0.044643000000 0.062374500000 0.000881000000
v -0.045419000000 0.063655500000 0.001051000000
v -0.046335000000 0.064841500000 0.001222000000
v -0.047379000000 0.065916500000 0.001392000000
v -0.048537000000 0.066867500000 0.001563000000
v -0.049796000000 0.067678500000 0.001733000000
v -0.051141000000 0.068337500000 0.001904000000
v -0.052553000000 0.068838500000 0.002074000000
v -0.054013000000 0.069177500000 0.002245000000
v -0.055501000000 0.069350500000 0.002415000000
v -0.056999000000 0.069353500000 0.002586000000
v -0.058488000000 0.069182500000 0.002756000000
v -0.059946000000 0.068840500000 0.002926000000
v -0.061357000000 0.068334500000 0.003097000000
v -0.062702000000 0.067674500000 0.003267000000
v -0.063964000000 0.066866500000 0.003438000000
v -0.065125000000 0.065919500000 0.003608000000
v -0.066168000000 0.064844500000 0.003779000000
v -0.067080000000 0.063655500000 0.003949000000
v -0.067853000000 0.062372500000 0.004120000000
v -0.068477000000 0.061010500000 0.004290000000
v -0.068943000000 0.059586500000 0.004461000000
v -0.069241000000 0.058117500000 0.004631000000
v -0.069366000000 0.056625500000 0.004801000000
v -0.069322000000 0.055127500000 0.004972000000
v -0.069109000000 0.053644500000 0.005142000000
v -0.068730000000 0.052194500000 0.005313000000
v -0.068189000000 0.050797500000 0.005483000000
v -0.067488000000 0.049473500000 0.005654000000
v -0.066640000000 0.048238500000 0.005824000000
v -0.065658000000 0.047106500000 0.005995000000
v -0.064555000000 0.046092500000 0.006165000000
v -0.063345000000 0.045209500000 0.006336000000
v -0.062041000000 0.044471500000 0.006506000000
v -0.060660000000 0.043889500000 0.006676000000
v -0.059222000000 0.043467500000 0.006847000000
v -0.056250000000 0.043691500000 -0.011488000000
v -0.054819000000 0.043774500000 -0.011317000000
v -0.053407000000 0.044021500000 -0.011147000000
v -0.052031000000 0.044426500000 -0.010976000000
v -0.050710000000 0.044982500000 -0.010806000000
v -0.049460000000 0.045685500000 -0.010635000000
v -0.048300000000 0.046527500000 -0.010465000000
v -0.047246000000 0.047499500000 -0.010295000000
v -0.046309000000 0.048583500000 -0.010124000000
v -0.045499000000 0.049767500000 -0.009954000000
v -0.044828000000 0.051034500000 -0.009783000000
v -0.044306000000 0.052369500000 -0.009613000000
v -0.043943000000 0.053755500000 -0.009442000000
v -0.043741000000 0.055175500000 -0.009272000000
v -0.043701000000 0.056608500000 -0.009101000000
v -0.043823000000 0.058037500000 -0.008931000000
v -0.044105000000 0.059442500000 -0.008760000000
v -0.044547000000 0.060806500000 -0.008590000000
v -0.045145000000 0.062109500000 -0.008420000000
v -0.045887000000 0.063335500000 -0.008249000000
v -0.046762000000 0.064471500000 -0.008079000000
v -0.047760000000 0.065501500000 -0.007908000000
v -0.048868000000 0.066410500000 -0.007738000000
v -0.050075000000 0.067184500000 -0.007567000000
v -0.051362000000 0.067814500000 -0.007397000000
v -0.052713000000 0.068295500000 -0.007226000000
v -0.054109000000 0.068621500000 -0.007056000000
v -0.055533000000 0.068787500000 -0.006885000000
v -0.056967000000 0.068788500000 -0.006715000000
v -0.058391000000 0.068622500000 -0.006545000000
v -0.059787000000 0.068295500000 -0.006374000000
v -0.061137000000 0.067813500000 -0.006204000000
v -0.062425000000 0.067182500000 -0.006033000000
v -0.063632000000 0.066410500000 -0.005863000000
v -0.064741000000 0.065502500000 -0.005692000000
v -0.065738000000 0.064472500000 -0.005522000000
v -0.066613000000 0.063335500000 -0.005351000000
v -0.067354000000 0.062108500000 -0.005181000000
v -0.067952000000 0.060805500000 -0.005010000000
v -0.068396000000 0.059442500000 -0.004840000000
v -0.068679000000 0.058037500000 -0.004670000000
v -0.068799000000 0.056608500000 -0.004499000000
v -0.068758000000 0.055175500000 -0.004329000000
v -0.068555000000 0.053756500000 -0.004158000000
v -0.068194000000 0.052369500000 -0.003988000000
v -0.067674000000 0.051033500000 -0.003817000000
v -0.067002000000 0.049766500000 -0.003647000000
v -0.066191000000 0.048584500000 -0.003476000000
v -0.065253000000 0.047500500000 -0.003306000000
v -0.064198000000 0.046528500000 -0.003135000000
v -0.063040000000 0.045684500000 -0.002965000000
v -0.061791000000 0.044981500000 -0.002795000000
v -0.060469000000 0.044425500000 -0.002624000000
v -0.059093000000 0.044022500000 -0.002454000000
v -0.057681000000 0.043776500000 -0.002283000000
v -0.056250000000 0.043691500000 -0.002113000000
v -0.054818000000 0.043773500000 -0.001942000000
v -0.053406000000 0.044020500000 -0.001772000000
v -0.052031000000 0.044426500000 -0.001601000000
v -0.050711000000 0.044984500000 -0.001431000000
v -0.049461000000 0.045686500000 -0.001260000000
v -0.048300000000 0.046527500000 -0.001090000000
v -0.047245000000 0.047497500000 -0.000920000000
v -0.046308000000 0.048583500000 -0.000749000000
v -0.045500000000 0.049767500000 -0.000579000000
v -0.044829000000 0.051034500000 -0.000408000000
v -0.044307000000 0.052369500000 -0.000238000000
v -0.043941000000 0.053755500000 -0.000067000000
v -0.043740000000 0.055175500000 0.000103000000
v -0.043701000000 0.056608500000 0.000274000000
v -0.043824000000 0.058036500000 0.000444000000
v -0.044106000000 0.059442500000 0.000615000000
v -0.044547000000 0.060806500000 0.000785000000
v -0.045143000000 0.062110500000 0.000955000000
v -0.045886000000 0.063336500000 0.001126000000
v -0.046763000000 0.064470500000 0.001296000000
v -0.047761000000 0.065499500000 0.001467000000
v -0.048869000000 0.066409500000 0.001637000000
v -0.050074000000 0.067185500000 0.001808000000
v -0.051362000000 0.067816500000 0.001978000000
v -0.052713000000 0.068295500000 0.002149000000
v -0.054109000000 0.068619500000 0.002319000000
v -0.055534000000 0.068785500000 0.002490000000
v -0.056967000000 0.068787500000 0.002660000000
v -0.058391000000 0.068624500000 0.002830000000
v -0.059787000000 0.068297500000 0.003001000000
v -0.061137000000 0.067813500000 0.003171000000
v -0.062424000000 0.067181500000 0.003342000000
v -0.063631000000 0.066408500000 0.003512000000
v -0.064742000000 0.065502500000 0.003683000000
v -0.065740000000 0.064473500000 0.003853000000
v -0.066613000000 0.063336500000 0.004024000000
v -0.067353000000 0.062108500000 0.004194000000
v -0.067950000000 0.060804500000 0.004365000000
v -0.068396000000 0.059442500000 0.004535000000
v -0.068681000000 0.058037500000 0.004705000000
v -0.068801000000 0.056608500000 0.004876000000
v -0.068758000000 0.055175500000 0.005046000000
v -0.068554000000 0.053756500000 0.005217000000
v -0.068192000000 0.052369500000 0.005387000000
v -0.067674000000 0.051032500000 0.005558000000
v -0.067004000000 0.049765500000 0.005728000000
v -0.066192000000 0.048583500000 0.005899000000
v -0.065253000000 0.047500500000 0.006069000000
v -0.064197000000 0.046530500000 0.006240000000
v -0.063039000000 0.045685500000 0.006410000000
v -0.061791000000 0.044979500000 0.006580000000
v -0.060470000000 0.044422500000 0.006751000000
v -0.059094000000 0.044019500000 0.006921000000
v -0.056250000000 0.044218500000 -0.011269000000
v -0.054879000000 0.044298500000 -0.011099000000
v -0.053526000000 0.044535500000 -0.010928000000
v -0.052208000000 0.044923500000 -0.010758000000
v -0.050943000000 0.045456500000 -0.010587000000
v -0.049746000000 0.046129500000 -0.010417000000
v -0.048634000000 0.046936500000 -0.010246000000
v -0.047624000000 0.047866500000 -0.010076000000
v -0.046726000000 0.048905500000 -0.009905000000
v -0.045951000000 0.050039500000 -0.009735000000
v -0.045308000000 0.051253500000 -0.009564000000
v -0.044807000000 0.052532500000 -0.009394000000
v -0.044460000000 0.053860500000 -0.009224000000
v -0.044267000000 0.055220500000 -0.009053000000
v -0.044229000000 0.056593500000 -0.008883000000
v -0.044345000000 0.057962500000 -0.008712000000
v -0.044615000000 0.059308500000 -0.008542000000
v -0.045039000000 0.060614500000 -0.008371000000
v -0.045611000000 0.061863500000 -0.008201000000
v -0.046322000000 0.063038500000 -0.008030000000
v -0.047161000000 0.064126500000 -0.007860000000
v -0.048117000000 0.065112500000 -0.007689000000
v -0.049178000000 0.065983500000 -0.007519000000
v -0.050334000000 0.066725500000 -0.007349000000
v -0.051568000000 0.067328500000 -0.007178000000
v -0.052862000000 0.067789500000 -0.007008000000
v -0.054199000000 0.068101500000 -0.006837000000
v -0.055563000000 0.068260500000 -0.006667000000
v -0.056937000000 0.068261500000 -0.006496000000
v -0.058301000000 0.068103500000 -0.006326000000
v -0.059638000000 0.067789500000 -0.006155000000
v -0.060932000000 0.067327500000 -0.005985000000
v -0.062165000000 0.066723500000 -0.005814000000
v -0.063322000000 0.065983500000 -0.005644000000
v -0.064385000000 0.065113500000 -0.005474000000
v -0.065340000000 0.064126500000 -0.005303000000
v -0.066177000000 0.063038500000 -0.005133000000
v -0.066887000000 0.061862500000 -0.004962000000
v -0.067460000000 0.060614500000 -0.004792000000
v -0.067886000000 0.059308500000 -0.004621000000
v -0.068157000000 0.057962500000 -0.004451000000
v -0.068272000000 0.056593500000 -0.004280000000
v -0.068232000000 0.055220500000 -0.004110000000
v -0.068039000000 0.053860500000 -0.003939000000
v -0.067692000000 0.052532500000 -0.003769000000
v -0.067194000000 0.051252500000 -0.003599000000
v -0.066551000000 0.050038500000 -0.003428000000
v -0.065774000000 0.048906500000 -0.003258000000
v -0.064875000000 0.047867500000 -0.003087000000
v -0.063865000000 0.046937500000 -0.002917000000
v -0.062755000000 0.046128500000 -0.002746000000
v -0.061558000000 0.045454500000 -0.002576000000
v -0.060292000000 0.044922500000 -0.002405000000
v -0.058974000000 0.044536500000 -0.002235000000
v -0.057621000000 0.044300500000 -0.002064000000
v -0.056250000000 0.044219500000 -0.001894000000
v -0.054879000000 0.044297500000 -0.001724000000
v -0.053526000000 0.044533500000 -0.001553000000
v -0.052209000000 0.044922500000 -0.001383000000
v -0.050943000000 0.045457500000 -0.001212000000
v -0.049746000000 0.046130500000 -0.001042000000
v -0.048634000000 0.046936500000 -0.000871000000
v -0.047623000000 0.047865500000 -0.000701000000
v -0.046726000000 0.048905500000 -0.000530000000
v -0.045951000000 0.050039500000 -0.000360000000
v -0.045309000000 0.051253500000 -0.000189000000
v -0.044808000000 0.052532500000 -0.000019000000
v -0.044458000000 0.053860500000 0.000151000000
v -0.044265000000 0.055220500000 0.000322000000
v -0.044228000000 0.056593500000 0.000492000000
v -0.044346000000 0.057961500000 0.000663000000
v -0.044617000000 0.059308500000 0.000833000000
v -0.045039000000 0.060615500000 0.001004000000
v -0.045610000000 0.061864500000 0.001174000000
v -0.046321000000 0.063038500000 0.001345000000
v -0.047161000000 0.064125500000 0.001515000000
v -0.048118000000 0.065111500000 0.001686000000
v -0.049179000000 0.065982500000 0.001856000000
v -0.050334000000 0.066726500000 0.002026000000
v -0.051567000000 0.067330500000 0.002197000000
v -0.052861000000 0.067789500000 0.002367000000
v -0.054199000000 0.068100500000 0.002538000000
v -0.055564000000 0.068258500000 0.002708000000
v -0.056937000000 0.068261500000 0.002879000000
v -0.058301000000 0.068104500000 0.003049000000
v -0.059638000000 0.067791500000 0.003220000000
v -0.060931000000 0.067327500000 0.003390000000
v -0.062164000000 0.066722500000 0.003561000000
v -0.063321000000 0.065981500000 0.003731000000
v -0.064385000000 0.065114500000 0.003901000000
v -0.065341000000 0.064128500000 0.004072000000
v -0.066178000000 0.063038500000 0.004242000000
v -0.066887000000 0.061862500000 0.004413000000
v -0.067459000000 0.060613500000 0.004583000000
v -0.067886000000 0.059308500000 0.004754000000
v -0.068159000000 0.057962500000 0.004924000000
v -0.068274000000 0.056593500000 0.005095000000
v -0.068232000000 0.055221500000 0.005265000000
v -0.068037000000 0.053861500000 0.005436000000
v -0.067690000000 0.052532500000 0.005606000000
v -0.067194000000 0.051251500000 0.005776000000
v -0.066552000000 0.050037500000 0.005947000000
v -0.065775000000 0.048905500000 0.006117000000
v -0.064874000000 0.047868500000 0.006288000000
v -0.063863000000 0.046938500000 0.006458000000
v -0.062754000000 0.046129500000 0.006629000000
v -0.061559000000 0.045453500000 0.006799000000
v -0.060293000000 0.044919500000 0.006970000000
v -0.058975000000 0.044532500000 0.007140000000
v -0.056250000000 0.044671500000 -0.010922000000
v -0.054931000000 0.044748500000 -0.010751000000
v -0.053629000000 0.044976500000 -0.010581000000
v -0.052361000000 0.045349500000 -0.010410000000
v -0.051142000000 0.045862500000 -0.010240000000
v -0.049991000000 0.046510500000 -0.010069000000
v -0.048921000000 0.047287500000 -0.009899000000
v -0.047949000000 0.048182500000 -0.009729000000
v -0.047085000000 0.049182500000 -0.009558000000
v -0.046339000000 0.050273500000 -0.009388000000
v -0.045720000000 0.051441500000 -0.009217000000
v -0.045238000000 0.052672500000 -0.009047000000
v -0.044904000000 0.053950500000 -0.008876000000
v -0.044718000000 0.055259500000 -0.008706000000
v -0.044681000000 0.056580500000 -0.008535000000
v -0.044793000000 0.057897500000 -0.008365000000
v -0.045053000000 0.059193500000 -0.008194000000
v -0.045461000000 0.060450500000 -0.008024000000
v -0.046012000000 0.061651500000 -0.007854000000
v -0.046696000000 0.062782500000 -0.007683000000
v -0.047503000000 0.063829500000 -0.007513000000
v -0.048423000000 0.064778500000 -0.007342000000
v -0.049445000000 0.065616500000 -0.007172000000
v -0.050557000000 0.066330500000 -0.007001000000
v -0.051744000000 0.066911500000 -0.006831000000
v -0.052989000000 0.067354500000 -0.006660000000
v -0.054277000000 0.067655500000 -0.006490000000
v -0.055589000000 0.067808500000 -0.006319000000
v -0.056911000000 0.067809500000 -0.006149000000
v -0.058224000000 0.067656500000 -0.005979000000
v -0.059511000000 0.067355500000 -0.005808000000
v -0.060755000000 0.066910500000 -0.005638000000
v -0.061942000000 0.066329500000 -0.005467000000
v -0.063055000000 0.065616500000 -0.005297000000
v -0.064078000000 0.064779500000 -0.005126000000
v -0.064998000000 0.063830500000 -0.004956000000
v -0.065804000000 0.062782500000 -0.004785000000
v -0.066487000000 0.061651500000 -0.004615000000
v -0.067038000000 0.060449500000 -0.004444000000
v -0.067448000000 0.059193500000 -0.004274000000
v -0.067709000000 0.057897500000 -0.004104000000
v -0.067819000000 0.056580500000 -0.003933000000
v -0.067781000000 0.055259500000 -0.003763000000
v -0.067595000000 0.053950500000 -0.003592000000
v -0.067261000000 0.052672500000 -0.003422000000
v -0.066782000000 0.051440500000 -0.003251000000
v -0.066163000000 0.050272500000 -0.003081000000
v -0.065415000000 0.049182500000 -0.002910000000
v -0.064550000000 0.048183500000 -0.002740000000
v -0.063578000000 0.047288500000 -0.002569000000
v -0.062510000000 0.046509500000 -0.002399000000
v -0.061358000000 0.045861500000 -0.002229000000
v -0.060140000000 0.045348500000 -0.002058000000
v -0.058871000000 0.044977500000 -0.001888000000
v -0.057569000000 0.044750500000 -0.001717000000
v -0.056250000000 0.044672500000 -0.001547000000
v -0.054930000000 0.044747500000 -0.001376000000
v -0.053628000000 0.044975500000 -0.001206000000
v -0.052361000000 0.045349500000 -0.001035000000
v -0.051143000000 0.045863500000 -0.000865000000
v -0.049991000000 0.046511500000 -0.000694000000
v -0.048921000000 0.047286500000 -0.000524000000
v -0.047948000000 0.048181500000 -0.000354000000
v -0.047084000000 0.049181500000 -0.000183000000
v -0.046339000000 0.050273500000 -0.000013000000
v -0.045721000000 0.051442500000 0.000158000000
v -0.045239000000 0.052672500000 0.000328000000
v -0.044902000000 0.053950500000 0.000499000000
v -0.044716000000 0.055259500000 0.000669000000
v -0.044681000000 0.056580500000 0.000840000000
v -0.044794000000 0.057897500000 0.001010000000
v -0.045055000000 0.059193500000 0.001181000000
v -0.045461000000 0.060450500000 0.001351000000
v -0.046010000000 0.061652500000 0.001521000000
v -0.046695000000 0.062783500000 0.001692000000
v -0.047503000000 0.063828500000 0.001862000000
v -0.048424000000 0.064777500000 0.002033000000
v -0.049445000000 0.065616500000 0.002203000000
v -0.050557000000 0.066331500000 0.002374000000
v -0.051743000000 0.066913500000 0.002544000000
v -0.052989000000 0.067355500000 0.002715000000
v -0.054277000000 0.067654500000 0.002885000000
v -0.055590000000 0.067806500000 0.003056000000
v -0.056911000000 0.067808500000 0.003226000000
v -0.058224000000 0.067658500000 0.003396000000
v -0.059511000000 0.067356500000 0.003567000000
v -0.060755000000 0.066910500000 0.003737000000
v -0.061942000000 0.066327500000 0.003908000000
v -0.063055000000 0.065615500000 0.004078000000
v -0.064079000000 0.064780500000 0.004249000000
v -0.064999000000 0.063831500000 0.004419000000
v -0.065804000000 0.062783500000 0.004590000000
v -0.066486000000 0.061650500000 0.004760000000
v -0.067036000000 0.060449500000 0.004931000000
v -0.067447000000 0.059193500000 0.005101000000
v -0.067710000000 0.057897500000 0.005271000000
v -0.067821000000 0.056580500000 0.005442000000
v -0.067781000000 0.055259500000 0.005612000000
v -0.067593000000 0.053951500000 0.005783000000
v -0.067260000000 0.052672500000 0.005953000000
v -0.066782000000 0.051440500000 0.006124000000
v -0.066164000000 0.050271500000 0.006294000000
v -0.065416000000 0.049182500000 0.006465000000
v -0.064550000000 0.048184500000 0.006635000000
v -0.063577000000 0.047289500000 0.006806000000
v -0.062509000000 0.046510500000 0.006976000000
v -0.061359000000 0.045859500000 0.007146000000
v -0.060141000000 0.045346500000 0.007317000000
v -0.058872000000 0.044974500000 0.007487000000
v -0.056250000000 0.045019500000 -0.010469000000
v -0.054970000000 0.045093500000 -0.010298000000
v -0.053707000000 0.045314500000 -0.010128000000
v -0.052477000000 0.045676500000 -0.009957000000
v -0.051296000000 0.046174500000 -0.009787000000
v -0.050178000000 0.046802500000 -0.009616000000
v -0.049141000000 0.047555500000 -0.009446000000
v -0.048198000000 0.048424500000 -0.009275000000
v -0.047360000000 0.049394500000 -0.009105000000
v -0.046636000000 0.050452500000 -0.008934000000
v -0.046036000000 0.051585500000 -0.008764000000
v -0.045569000000 0.052779500000 -0.008593000000
v -0.045244000000 0.054019500000 -0.008423000000
v -0.045064000000 0.055288500000 -0.008253000000
v -0.045028000000 0.056570500000 -0.008082000000
v -0.045137000000 0.057848500000 -0.007912000000
v -0.045389000000 0.059105500000 -0.007741000000
v -0.045784000000 0.060324500000 -0.007571000000
v -0.046319000000 0.061489500000 -0.007400000000
v -0.046983000000 0.062586500000 -0.007230000000
v -0.047766000000 0.063602500000 -0.007059000000
v -0.048658000000 0.064522500000 -0.006889000000
v -0.049649000000 0.065336500000 -0.006718000000
v -0.050728000000 0.066028500000 -0.006548000000
v -0.051879000000 0.066591500000 -0.006378000000
v -0.053087000000 0.067021500000 -0.006207000000
v -0.054336000000 0.067313500000 -0.006037000000
v -0.055609000000 0.067461500000 -0.005866000000
v -0.056891000000 0.067462500000 -0.005696000000
v -0.058164000000 0.067314500000 -0.005525000000
v -0.059413000000 0.067022500000 -0.005355000000
v -0.060620000000 0.066590500000 -0.005184000000
v -0.061772000000 0.066026500000 -0.005014000000
v -0.062851000000 0.065335500000 -0.004843000000
v -0.063844000000 0.064523500000 -0.004673000000
v -0.064735000000 0.063602500000 -0.004503000000
v -0.065517000000 0.062586500000 -0.004332000000
v -0.066180000000 0.061489500000 -0.004162000000
v -0.066715000000 0.060323500000 -0.003991000000
v -0.067112000000 0.059105500000 -0.003821000000
v -0.067365000000 0.057848500000 -0.003650000000
v -0.067472000000 0.056570500000 -0.003480000000
v -0.067435000000 0.055289500000 -0.003309000000
v -0.067254000000 0.054019500000 -0.003139000000
v -0.066931000000 0.052779500000 -0.002968000000
v -0.066466000000 0.051584500000 -0.002798000000
v -0.065865000000 0.050452500000 -0.002628000000
v -0.065140000000 0.049394500000 -0.002457000000
v -0.064301000000 0.048425500000 -0.002287000000
v -0.063358000000 0.047556500000 -0.002116000000
v -0.062322000000 0.046801500000 -0.001946000000
v -0.061205000000 0.046172500000 -0.001775000000
v -0.060023000000 0.045675500000 -0.001605000000
v -0.058793000000 0.045315500000 -0.001434000000
v -0.057530000000 0.045095500000 -0.001264000000
v -0.056250000000 0.045019500000 -0.001093000000
v -0.054970000000 0.045092500000 -0.000923000000
v -0.053707000000 0.045313500000 -0.000753000000
v -0.052477000000 0.045676500000 -0.000582000000
v -0.051296000000 0.046175500000 -0.000412000000
v -0.050179000000 0.046803500000 -0.000241000000
v -0.049141000000 0.047555500000 -0.000071000000
v -0.048197000000 0.048423500000 0.000100000000
v -0.047359000000 0.049393500000 0.000270000000
v -0.046636000000 0.050452500000 0.000441000000
v -0.046037000000 0.051586500000 0.000611000000
v -0.045570000000 0.052779500000 0.000782000000
v -0.045243000000 0.054019500000 0.000952000000
v -0.045062000000 0.055288500000 0.001122000000
v -0.045028000000 0.056570500000 0.001293000000
v -0.045138000000 0.057847500000 0.001463000000
v -0.045390000000 0.059104500000 0.001634000000
v -0.045784000000 0.060324500000 0.001804000000
v -0.046318000000 0.061490500000 0.001975000000
v -0.046982000000 0.062587500000 0.002145000000
v -0.047766000000 0.063601500000 0.002316000000
v -0.048659000000 0.064521500000 0.002486000000
v -0.049650000000 0.065335500000 0.002657000000
v -0.050727000000 0.066029500000 0.002827000000
v -0.051879000000 0.066593500000 0.002997000000
v -0.053087000000 0.067022500000 0.003168000000
v -0.054336000000 0.067312500000 0.003338000000
v -0.055609000000 0.067459500000 0.003509000000
v -0.056891000000 0.067462500000 0.003679000000
v -0.058165000000 0.067316500000 0.003850000000
v -0.059413000000 0.067023500000 0.004020000000
v -0.060620000000 0.066590500000 0.004191000000
v -0.061771000000 0.066025500000 0.004361000000
v -0.062851000000 0.065334500000 0.004532000000
v -0.063844000000 0.064524500000 0.004702000000
v -0.064737000000 0.063603500000 0.004872000000
v -0.065518000000 0.062587500000 0.005043000000
v -0.066179000000 0.061488500000 0.005213000000
v -0.066713000000 0.060323500000 0.005384000000
v -0.067111000000 0.059104500000 0.005554000000
v -0.067366000000 0.057848500000 0.005725000000
v -0.067474000000 0.056570500000 0.005895000000
v -0.067435000000 0.055289500000 0.006066000000
v -0.067253000000 0.054020500000 0.006236000000
v -0.066929000000 0.052779500000 0.006407000000
v -0.066466000000 0.051584500000 0.006577000000
v -0.065867000000 0.050451500000 0.006747000000
v -0.065141000000 0.049394500000 0.006918000000
v -0.064301000000 0.048425500000 0.007088000000
v -0.063357000000 0.047558500000 0.007259000000
v -0.062321000000 0.046802500000 0.007429000000
v -0.061205000000 0.046171500000 0.007600000000
v -0.060024000000 0.045673500000 0.007770000000
v -0.058793000000 0.045312500000 0.007941000000
v -0.056250000000 0.045237500000 -0.009941000000
v -0.054995000000 0.045311500000 -0.009771000000
v -0.053757000000 0.045527500000 -0.009600000000
v -0.052551000000 0.045882500000 -0.009430000000
v -0.051392000000 0.046370500000 -0.009259000000
v -0.050297000000 0.046986500000 -0.009089000000
v -0.049280000000 0.047725500000 -0.008918000000
v -0.048355000000 0.048576500000 -0.008748000000
v -0.047533000000 0.049528500000 -0.008578000000
v -0.046823000000 0.050565500000 -0.008407000000
v -0.046235000000 0.051676500000 -0.008237000000
v -0.045777000000 0.052847500000 -0.008066000000
v -0.045459000000 0.054063500000 -0.007896000000
v -0.045282000000 0.055307500000 -0.007725000000
v -0.045247000000 0.056564500000 -0.007555000000
v -0.045353000000 0.057817500000 -0.007384000000
v -0.045601000000 0.059049500000 -0.007214000000
v -0.045988000000 0.060245500000 -0.007043000000
v -0.046513000000 0.061387500000 -0.006873000000
v -0.047163000000 0.062463500000 -0.006703000000
v -0.047931000000 0.063458500000 -0.006532000000
v -0.048806000000 0.064361500000 -0.006362000000
v -0.049777000000 0.065158500000 -0.006191000000
v -0.050835000000 0.065837500000 -0.006021000000
v -0.051964000000 0.066390500000 -0.005850000000
v -0.053149000000 0.066811500000 -0.005680000000
v -0.054373000000 0.067097500000 -0.005509000000
v -0.055622000000 0.067242500000 -0.005339000000
v -0.056879000000 0.067244500000 -0.005168000000
v -0.058127000000 0.067098500000 -0.004998000000
v -0.059351000000 0.066812500000 -0.004828000000
v -0.060535000000 0.066389500000 -0.004657000000
v -0.061664000000 0.065836500000 -0.004487000000
v -0.062723000000 0.065158500000 -0.004316000000
v -0.063696000000 0.064362500000 -0.004146000000
v -0.064570000000 0.063459500000 -0.003975000000
v -0.065336000000 0.062463500000 -0.003805000000
v -0.065986000000 0.061386500000 -0.003634000000
v -0.066510000000 0.060244500000 -0.003464000000
v -0.066900000000 0.059049500000 -0.003293000000
v -0.067148000000 0.057817500000 -0.003123000000
v -0.067254000000 0.056564500000 -0.002953000000
v -0.067217000000 0.055307500000 -0.002782000000
v -0.067040000000 0.054063500000 -0.002612000000
v -0.066723000000 0.052847500000 -0.002441000000
v -0.066267000000 0.051675500000 -0.002271000000
v -0.065678000000 0.050565500000 -0.002100000000
v -0.064967000000 0.049528500000 -0.001930000000
v -0.064144000000 0.048577500000 -0.001759000000
v -0.063219000000 0.047726500000 -0.001589000000
v -0.062204000000 0.046986500000 -0.001418000000
v -0.061108000000 0.046369500000 -0.001248000000
v -0.059950000000 0.045882500000 -0.001078000000
v -0.058743000000 0.045528500000 -0.000907000000
v -0.057505000000 0.045312500000 -0.000737000000
v -0.056250000000 0.045238500000 -0.000566000000
v -0.054995000000 0.045309500000 -0.000396000000
v -0.053757000000 0.045526500000 -0.000225000000
v -0.052551000000 0.045882500000 -0.000055000000
v -0.051393000000 0.046371500000 0.000116000000
v -0.050297000000 0.046988500000 0.000286000000
v -0.049279000000 0.047725500000 0.000457000000
v -0.048354000000 0.048575500000 0.000627000000
v -0.047533000000 0.049527500000 0.000797000000
v -0.046824000000 0.050565500000 0.000968000000
v -0.046236000000 0.051677500000 0.001138000000
v -0.045778000000 0.052847500000 0.001309000000
v -0.045457000000 0.054063500000 0.001479000000
v -0.045281000000 0.055307500000 0.001650000000
v -0.045247000000 0.056564500000 0.001820000000
v -0.045354000000 0.057816500000 0.001991000000
v -0.045602000000 0.059049500000 0.002161000000
v -0.045989000000 0.060245500000 0.002332000000
v -0.046511000000 0.061388500000 0.002502000000
v -0.047162000000 0.062463500000 0.002672000000
v -0.047931000000 0.063458500000 0.002843000000
v -0.048807000000 0.064360500000 0.003013000000
v -0.049778000000 0.065157500000 0.003184000000
v -0.050835000000 0.065838500000 0.003354000000
v -0.051964000000 0.066391500000 0.003525000000
v -0.053148000000 0.066811500000 0.003695000000
v -0.054373000000 0.067096500000 0.003866000000
v -0.055622000000 0.067241500000 0.004036000000
v -0.056879000000 0.067243500000 0.004207000000
v -0.058128000000 0.067100500000 0.004377000000
v -0.059351000000 0.066813500000 0.004547000000
v -0.060535000000 0.066389500000 0.004718000000
v -0.061663000000 0.065835500000 0.004888000000
v -0.062722000000 0.065157500000 0.005059000000
v -0.063696000000 0.064363500000 0.005229000000
v -0.064571000000 0.063460500000 0.005400000000
v -0.065337000000 0.062463500000 0.005570000000
v -0.065985000000 0.061386500000 0.005741000000
v -0.066509000000 0.060243500000 0.005911000000
v -0.066900000000 0.059049500000 0.006082000000
v -0.067150000000 0.057817500000 0.006252000000
v -0.067255000000 0.056564500000 0.006422000000
v -0.067217000000 0.055308500000 0.006593000000
v -0.067039000000 0.054063500000 0.006763000000
v -0.066721000000 0.052847500000 0.006934000000
v -0.066267000000 0.051675500000 0.007104000000
v -0.065679000000 0.050564500000 0.007275000000
v -0.064968000000 0.049527500000 0.007445000000
v -0.064144000000 0.048578500000 0.007616000000
v -0.063218000000 0.047727500000 0.007786000000
v -0.062203000000 0.046986500000 0.007957000000
v -0.061109000000 0.046367500000 0.008127000000
v -0.059950000000 0.045879500000 0.008297000000
v -0.058744000000 0.045525500000 0.008468000000
v -0.056250000000 0.045312500000 -0.009375000000
v -0.055004000000 0.045384500000 -0.009205000000
v -0.053774000000 0.045599500000 -0.009034000000
v -0.052576000000 0.045952500000 -0.008864000000
v -0.051425000000 0.046437500000 -0.008693000000
v -0.050337000000 0.047048500000 -0.008523000000
v -0.049326000000 0.047782500000 -0.008352000000
v -0.048408000000 0.048628500000 -0.008182000000
v -0.047592000000 0.049573500000 -0.008011000000
v -0.046887000000 0.050603500000 -0.007841000000
v -0.046302000000 0.051707500000 -0.007670000000
v -0.045847000000 0.052869500000 -0.007500000000
v -0.045531000000 0.054077500000 -0.007330000000
v -0.045356000000 0.055313500000 -0.007159000000
v -0.045321000000 0.056562500000 -0.006989000000
v -0.045427000000 0.057806500000 -0.006818000000
v -0.045672000000 0.059030500000 -0.006648000000
v -0.046057000000 0.060218500000 -0.006477000000
v -0.046578000000 0.061353500000 -0.006307000000
v -0.047224000000 0.062421500000 -0.006136000000
v -0.047987000000 0.063410500000 -0.005966000000
v -0.048856000000 0.064307500000 -0.005795000000
v -0.049821000000 0.065099500000 -0.005625000000
v -0.050872000000 0.065773500000 -0.005455000000
v -0.051993000000 0.066322500000 -0.005284000000
v -0.053170000000 0.066740500000 -0.005114000000
v -0.054386000000 0.067024500000 -0.004943000000
v -0.055626000000 0.067169500000 -0.004773000000
v -0.056874000000 0.067170500000 -0.004602000000
v -0.058115000000 0.067025500000 -0.004432000000
v -0.059330000000 0.066741500000 -0.004261000000
v -0.060506000000 0.066321500000 -0.004091000000
v -0.061628000000 0.065771500000 -0.003920000000
v -0.062679000000 0.065098500000 -0.003750000000
v -0.063645000000 0.064308500000 -0.003580000000
v -0.064514000000 0.063411500000 -0.003409000000
v -0.065275000000 0.062421500000 -0.003239000000
v -0.065921000000 0.061352500000 -0.003068000000
v -0.066442000000 0.060217500000 -0.002898000000
v -0.066829000000 0.059030500000 -0.002727000000
v -0.067075000000 0.057806500000 -0.002557000000
v -0.067180000000 0.056562500000 -0.002386000000
v -0.067143000000 0.055314500000 -0.002216000000
v -0.066967000000 0.054078500000 -0.002045000000
v -0.066652000000 0.052869500000 -0.001875000000
v -0.066199000000 0.051706500000 -0.001705000000
v -0.065615000000 0.050603500000 -0.001534000000
v -0.064908000000 0.049573500000 -0.001364000000
v -0.064091000000 0.048629500000 -0.001193000000
v -0.063173000000 0.047783500000 -0.001023000000
v -0.062164000000 0.047048500000 -0.000852000000
v -0.061076000000 0.046435500000 -0.000682000000
v -0.059925000000 0.045951500000 -0.000511000000
v -0.058726000000 0.045600500000 -0.000341000000
v -0.057496000000 0.045386500000 -0.000170000000
v -0.056250000000 0.045312500000 -0.000000000000
v -0.055003000000 0.045383500000 0.000170000000
v -0.053773000000 0.045598500000 0.000341000000
v -0.052576000000 0.045952500000 0.000511000000
v -0.051426000000 0.046438500000 0.000682000000
v -0.050337000000 0.047050500000 0.000852000000
v -0.049326000000 0.047782500000 0.001023000000
v -0.048407000000 0.048627500000 0.001193000000
v -0.047591000000 0.049572500000 0.001364000000
v -0.046887000000 0.050603500000 0.001534000000
v -0.046303000000 0.051707500000 0.001705000000
v -0.045848000000 0.052870500000 0.001875000000
v -0.045530000000 0.054077500000 0.002045000000
v -0.045354000000 0.055313500000 0.002216000000
v -0.045321000000 0.056562500000 0.002386000000
v -0.045428000000 0.057806500000 0.002557000000
v -0.045674000000 0.059030500000 0.002727000000
v -0.046057000000 0.060218500000 0.002898000000
v -0.046577000000 0.061353500000 0.003068000000
v -0.047223000000 0.062421500000 0.003239000000
v -0.047987000000 0.063409500000 0.003409000000
v -0.048857000000 0.064306500000 0.003580000000
v -0.049822000000 0.065098500000 0.003750000000
v -0.050871000000 0.065774500000 0.003920000000
v -0.051993000000 0.066323500000 0.004091000000
v -0.053169000000 0.066741500000 0.004261000000
v -0.054386000000 0.067023500000 0.004432000000
v -0.055626000000 0.067167500000 0.004602000000
v -0.056875000000 0.067169500000 0.004773000000
v -0.058115000000 0.067027500000 0.004943000000
v -0.059330000000 0.066742500000 0.005114000000
v -0.060506000000 0.066321500000 0.005284000000
v -0.061627000000 0.065770500000 0.005455000000
v -0.062678000000 0.065097500000 0.005625000000
v -0.063646000000 0.064308500000 0.005795000000
v -0.064515000000 0.063412500000 0.005966000000
v -0.065276000000 0.062422500000 0.006136000000
v -0.065920000000 0.061352500000 0.006307000000
v -0.066440000000 0.060216500000 0.006477000000
v -0.066828000000 0.059030500000 0.006648000000
v -0.067076000000 0.057806500000 0.006818000000
v -0.067181000000 0.056562500000 0.006989000000
v -0.067144000000 0.055314500000 0.007159000000
v -0.066966000000 0.054078500000 0.007330000000
v -0.066651000000 0.052870500000 0.007500000000
v -0.066200000000 0.051706500000 0.007670000000
v -0.065616000000 0.050602500000 0.007841000000
v -0.064909000000 0.049573500000 0.008011000000
v -0.064091000000 0.048630500000 0.008182000000
v -0.063172000000 0.047784500000 0.008352000000
v -0.062163000000 0.047048500000 0.008523000000
v -0.061076000000 0.046434500000 0.008693000000
v -0.059925000000 0.045949500000 0.008864000000
v -0.058727000000 0.045597500000 0.009034000000
v -0.056250000000 0.045237500000 -0.008809000000
v -0.054995000000 0.045311500000 -0.008638000000
v -0.053757000000 0.045527500000 -0.008468000000
v -0.052551000000 0.045882500000 -0.008297000000
v -0.051392000000 0.046370500000 -0.008127000000
v -0.050297000000 0.046986500000 -0.007957000000
v -0.049280000000 0.047725500000 -0.007786000000
v -0.048355000000 0.048576500000 -0.007616000000
v -0.047533000000 0.049528500000 -0.007445000000
v -0.046823000000 0.050565500000 -0.007275000000
v -0.046235000000 0.051676500000 -0.007104000000
v -0.045777000000 0.052847500000 -0.006934000000
v -0.045459000000 0.054063500000 -0.006763000000
v -0.045282000000 0.055307500000 -0.006593000000
v -0.045247000000 0.056564500000 -0.006422000000
v -0.045353000000 0.057817500000 -0.006252000000
v -0.045601000000 0.059049500000 -0.006082000000
v -0.045988000000 0.060245500000 -0.005911000000
v -0.046513000000 0.061387500000 -0.005741000000
v -0.047163000000 0.062463500000 -0.005570000000
v -0.047931000000 0.063458500000 -0.005400000000
v -0.048806000000 0.064361500000 -0.005229000000
v -0.049777000000 0.065158500000 -0.005059000000
v -0.050835000000 0.065837500000 -0.004888000000
v -0.051964000000 0.066390500000 -0.004718000000
v -0.053149000000 0.066811500000 -0.004547000000
v -0.054373000000 0.067097500000 -0.004377000000
v -0.055622000000 0.067242500000 -0.004207000000
v -0.056879000000 0.067244500000 -0.004036000000
v -0.058127000000 0.067098500000 -0.003866000000
v -0.059351000000 0.066812500000 -0.003695000000
v -0.060535000000 0.066389500000 -0.003525000000
v -0.061664000000 0.065836500000 -0.003354000000
v -0.062723000000 0.065158500000 -0.003184000000
v -0.063696000000 0.064362500000 -0.003013000000
v -0.064570000000 0.063459500000 -0.002843000000
v -0.065336000000 0.062463500000 -0.002672000000
v -0.065986000000 0.061386500000 -0.002502000000
v -0.066510000000 0.060244500000 -0.002332000000
v -0.066900000000 0.059049500000 -0.002161000000
v -0.067148000000 0.057817500000 -0.001991000000
v -0.067254000000 0.056564500000 -0.001820000000
v -0.067217000000 0.055307500000 -0.001650000000
v -0.067040000000 0.054063500000 -0.001479000000
v -0.066723000000 0.052847500000 -0.001309000000
v -0.066267000000 0.051675500000 -0.001138000000
v -0.065678000000 0.050565500000 -0.000968000000
v -0.064967000000 0.049528500000 -0.000797000000
v -0.064144000000 0.048577500000 -0.000627000000
v -0.063219000000 0.047726500000 -0.000457000000
v -0.062204000000 0.046986500000 -0.000286000000
v -0.061108000000 0.046369500000 -0.000116000000
v -0.059950000000 0.045882500000 0.000055000000
v -0.058743000000 0.045528500000 0.000225000000
v -0.057505000000 0.045312500000 0.000396000000
v -0.056250000000 0.045238500000 0.000566000000
v -0.054995000000 0.045309500000 0.000737000000
v -0.053757000000 0.045526500000 0.000907000000
v -0.052551000000 0.045882500000 0.001078000000
v -0.051393000000 0.046371500000 0.001248000000
v -0.050297000000 0.046988500000 0.001418000000
v -0.049279000000 0.047725500000 0.001589000000
v -0.048354000000 0.048575500000 0.001759000000
v -0.047533000000 0.049527500000 0.001930000000
v -0.046824000000 0.050565500000 0.002100000000
v -0.046236000000 0.051677500000 0.002271000000
v -0.045778000000 0.052847500000 0.002441000000
v -0.045457000000 0.054063500000 0.002612000000
v -0.045281000000 0.055307500000 0.002782000000
v -0.045247000000 0.056564500000 0.002953000000
v -0.045354000000 0.057816500000 0.003123000000
v -0.045602000000 0.059049500000 0.003293000000
v -0.045989000000 0.060245500000 0.003464000000
v -0.046511000000 0.061388500000 0.003634000000
v -0.047162000000 0.062463500000 0.003805000000
v -0.047931000000 0.063458500000 0.003975000000
v -0.048807000000 0.064360500000 0.004146000000
v -0.049778000000 0.065157500000 0.004316000000
v -0.050835000000 0.065838500000 0.004487000000
v -0.051964000000 0.066391500000 0.004657000000
v -0.053148000000 0.066811500000 0.004828000000
v -0.054373000000 0.067096500000 0.004998000000
v -0.055622000000 0.067241500000 0.005168000000
v -0.056879000000 0.067243500000 0.005339000000
v -0.058128000000 0.067100500000 0.005509000000
v -0.059351000000 0.066813500000 0.005680000000
v -0.060535000000 0.066389500000 0.005850000000
v -0.061663000000 0.065835500000 0.006021000000
v -0.062722000000 0.065157500000 0.006191000000
v -0.063696000000 0.064363500000 0.006362000000
v -0.064571000000 0.063460500000 0.006532000000
v -0.065337000000 0.062463500000 0.006703000000
v -0.065985000000 0.061386500000 0.006873000000
v -0.066509000000 0.060243500000 0.007043000000
v -0.066900000000 0.059049500000 0.007214000000
v -0.067150000000 0.057817500000 0.007384000000
v -0.067255000000 0.056564500000 0.007555000000
v -0.067217000000 0.055308500000 0.007725000000
v -0.067039000000 0.054063500000 0.007896000000
v -0.066721000000 0.052847500000 0.008066000000
v -0.066267000000 0.051675500000 0.008237000000
v -0.065679000000 0.050564500000 0.008407000000
v -0.064968000000 0.049527500000 0.008578000000
v -0.064144000000 0.048578500000 0.008748000000
v -0.063218000000 0.047727500000 0.008918000000
v -0.062203000000 0.046986500000 0.009089000000
v -0.061109000000 0.046367500000 0.009259000000
v -0.059950000000 0.045879500000 0.009430000000
v -0.058744000000 0.045525500000 0.009600000000
v -0.056250000000 0.045019500000 -0.008281000000
v -0.054970000000 0.045093500000 -0.008111000000
v -0.053707000000 0.045314500000 -0.007941000000
v -0.052477000000 0.045676500000 -0.007770000000
v -0.051296000000 0.046174500000 -0.007600000000
v -0.050178000000 0.046802500000 -0.007429000000
v -0.049141000000 0.047555500000 -0.007259000000
v -0.048198000000 0.048424500000 -0.007088000000
v -0.047360000000 0.049394500000 -0.006918000000
v -0.046636000000 0.050452500000 -0.006747000000
v -0.046036000000 0.051585500000 -0.006577000000
v -0.045569000000 0.052779500000 -0.006407000000
v -0.045244000000 0.054019500000 -0.006236000000
v -0.045064000000 0.055288500000 -0.006066000000
v -0.045028000000 0.056570500000 -0.005895000000
v -0.045137000000 0.057848500000 -0.005725000000
v -0.045389000000 0.059105500000 -0.005554000000
v -0.045784000000 0.060324500000 -0.005384000000
v -0.046319000000 0.061489500000 -0.005213000000
v -0.046983000000 0.062586500000 -0.005043000000
v -0.047766000000 0.063602500000 -0.004872000000
v -0.048658000000 0.064522500000 -0.004702000000
v -0.049649000000 0.065336500000 -0.004532000000
v -0.050728000000 0.066028500000 -0.004361000000
v -0.051879000000 0.066591500000 -0.004191000000
v -0.053087000000 0.067021500000 -0.004020000000
v -0.054336000000 0.067313500000 -0.003850000000
v -0.055609000000 0.067461500000 -0.003679000000
v -0.056891000000 0.067462500000 -0.003509000000
v -0.058164000000 0.067314500000 -0.003338000000
v -0.059413000000 0.067022500000 -0.003168000000
v -0.060620000000 0.066590500000 -0.002997000000
v -0.061772000000 0.066026500000 -0.002827000000
v -0.062851000000 0.065335500000 -0.002657000000
v -0.063844000000 0.064523500000 -0.002486000000
v -0.064735000000 0.063602500000 -0.002316000000
v -0.065517000000 0.062586500000 -0.002145000000
v -0.066180000000 0.061489500000 -0.001975000000
v -0.066715000000 0.060323500000 -0.001804000000
v -0.067112000000 0.059105500000 -0.001634000000
v -0.067365000000 0.057848500000 -0.001463000000
v -0.067472000000 0.056570500000 -0.001293000000
v -0.067435000000 0.055289500000 -0.001122000000
v -0.067254000000 0.054019500000 -0.000952000000
v -0.066931000000 0.052779500000 -0.000782000000
v -0.066466000000 0.051584500000 -0.000611000000
v -0.065865000000 0.050452500000 -0.000441000000
v -0.065140000000 0.049394500000 -0.000270000000
v -0.064301000000 0.048425500000 -0.000100000000
v -0.063358000000 0.047556500000 0.000071000000
v -0.062322000000 0.046801500000 0.000241000000
v -0.061205000000 0.046172500000 0.000412000000
v -0.060023000000 0.045675500000 0.000582000000
v -0.058793000000 0.045315500000 0.000753000000
v -0.057530000000 0.045095500000 0.000923000000
v -0.056250000000 0.045019500000 0.001093000000
v -0.054970000000 0.045092500000 0.001264000000
v -0.053707000000 0.045313500000 0.001434000000
v -0.052477000000 0.045676500000 0.001605000000
v -0.051296000000 0.046175500000 0.001775000000
v -0.050179000000 0.046803500000 0.001946000000
v -0.049141000000 0.047555500000 0.002116000000
v -0.048197000000 0.048423500000 0.002287000000
v -0.047359000000 0.049393500000 0.002457000000
v -0.046636000000 0.050452500000 0.002628000000
v -0.046037000000 0.051586500000 0.002798000000
v -0.045570000000 0.052779500000 0.002968000000
v -0.045243000000 0.054019500000 0.003139000000
v -0.045062000000 0.055288500000 0.003309000000
v -0.045028000000 0.056570500000 0.003480000000
v -0.045138000000 0.057847500000 0.003650000000
v -0.045390000000 0.059104500000 0.003821000000
v -0.045784000000 0.060324500000 0.003991000000
v -0.046318000000 0.061490500000 0.004162000000
v -0.046982000000 0.062587500000 0.004332000000
v -0.047766000000 0.063601500000 0.004503000000
v -0.048659000000 0.064521500000 0.004673000000
v -0.049650000000 0.065335500000 0.004843000000
v -0.050727000000 0.066029500000 0.005014000000
v -0.051879000000 0.066593500000 0.005184000000
v -0.053087000000 0.067022500000 0.005355000000
v -0.054336000000 0.067312500000 0.005525000000
v -0.055609000000 0.067459500000 0.005696000000
v -0.056891000000 0.067462500000 0.005866000000
v -0.058165000000 0.067316500000 0.006037000000
v -0.059413000000 0.067023500000 0.006207000000
v -0.060620000000 0.066590500000 0.006378000000
v -0.061771000000 0.066025500000 0.006548000000
v -0.062851000000 0.065334500000 0.006718000000
v -0.063844000000 0.064524500000 0.006889000000
v -0.064737000000 0.063603500000 0.007059000000
v -0.065518000000 0.062587500000 0.007230000000
v -0.066179000000 0.061488500000 0.007400000000
v -0.066713000000 0.060323500000 0.007571000000
v -0.067111000000 0.059104500000 0.007741000000
v -0.067366000000 0.057848500000 0.007912000000
v -0.067474000000 0.056570500000 0.008082000000
v -0.067435000000 0.055289500000 0.008253000000
v -0.067253000000 0.054020500000 0.008423000000
v -0.066929000000 0.052779500000 0.008593000000
v -0.066466000000 0.051584500000 0.008764000000
v -0.065867000000 0.050451500000 0.008934000000
v -0.065141000000 0.049394500000 0.009105000000
v -0.064301000000 0.048425500000 0.009275000000
v -0.063357000000 0.047558500000 0.009446000000
v -0.062321000000 0.046802500000 0.009616000000
v -0.061205000000 0.046171500000 0.009787000000
v -0.060024000000 0.045673500000 0.009957000000
v -0.058793000000 0.045312500000 0.010128000000
v -0.056250000000 0.044671500000 -0.007828000000
v -0.054931000000 0.044748500000 -0.007658000000
v -0.053629000000 0.044976500000 -0.007487000000
v -0.052361000000 0.045349500000 -0.007317000000
v -0.051142000000 0.045862500000 -0.007146000000
v -0.049991000000 0.046510500000 -0.006976000000
v -0.048921000000 0.047287500000 -0.006806000000
v -0.047949000000 0.048182500000 -0.006635000000
v -0.047085000000 0.049182500000 -0.006465000000
v -0.046339000000 0.050273500000 -0.006294000000
v -0.045720000000 0.051441500000 -0.006124000000
v -0.045238000000 0.052672500000 -0.005953000000
v -0.044904000000 0.053950500000 -0.005783000000
v -0.044718000000 0.055259500000 -0.005612000000
v -0.044681000000 0.056580500000 -0.005442000000
v -0.044793000000 0.057897500000 -0.005271000000
v -0.045053000000 0.059193500000 -0.005101000000
v -0.045461000000 0.060450500000 -0.004931000000
v -0.046012000000 0.061651500000 -0.004760000000
v -0.046696000000 0.062782500000 -0.004590000000
v -0.047503000000 0.063829500000 -0.004419000000
v -0.048423000000 0.064778500000 -0.004249000000
v -0.049445000000 0.065616500000 -0.004078000000
v -0.050557000000 0.066330500000 -0.003908000000
v -0.051744000000 0.066911500000 -0.003737000000
v -0.052989000000 0.067354500000 -0.003567000000
v -0.054277000000 0.067655500000 -0.003396000000
v -0.055589000000 0.067808500000 -0.003226000000
v -0.056911000000 0.067809500000 -0.003056000000
v -0.058224000000 0.067656500000 -0.002885000000
v -0.059511000000 0.067355500000 -0.002715000000
v -0.060755000000 0.066910500000 -0.002544000000
v -0.061942000000 0.066329500000 -0.002374000000
v -0.063055000000 0.065616500000 -0.002203000000
v -0.064078000000 0.064779500000 -0.002033000000
v -0.064998000000 0.063830500000 -0.001862000000
v -0.065804000000 0.062782500000 -0.001692000000
v -0.066487000000 0.061651500000 -0.001521000000
v -0.067038000000 0.060449500000 -0.001351000000
v -0.067448000000 0.059193500000 -0.001181000000
v -0.067709000000 0.057897500000 -0.001010000000
v -0.067819000000 0.056580500000 -0.000840000000
v -0.067781000000 0.055259500000 -0.000669000000
v -0.067595000000 0.053950500000 -0.000499000000
v -0.067261000000 0.052672500000 -0.000328000000
v -0.066782000000 0.051440500000 -0.000158000000
v -0.066163000000 0.050272500000 0.000013000000
v -0.065415000000 0.049182500000 0.000183000000
v -0.064550000000 0.048183500000 0.000354000000
v -0.063578000000 0.047288500000 0.000524000000
v -0.062510000000 0.046509500000 0.000694000000
v -0.061358000000 0.045861500000 0.000865000000
v -0.060140000000 0.045348500000 0.001035000000
v -0.058871000000 0.044977500000 0.001206000000
v -0.057569000000 0.044750500000 0.001376000000
v -0.056250000000 0.044672500000 0.001547000000
v -0.054930000000 0.044747500000 0.001717000000
v -0.053628000000 0.044975500000 0.001888000000
v -0.052361000000 0.045349500000 0.002058000000
v -0.051143000000 0.045863500000 0.002229000000
v -0.049991000000 0.046511500000 0.002399000000
v -0.048921000000 0.047286500000 0.002569000000
v -0.047948000000 0.048181500000 0.002740000000
v -0.047084000000 0.049181500000 0.002910000000
v -0.046339000000 0.050273500000 0.003081000000
v -0.045721000000 0.051442500000 0.003251000000
v -0.045239000000 0.052672500000 0.003422000000
v -0.044902000000 0.053950500000 0.003592000000
v -0.044716000000 0.055259500000 0.003763000000
v -0.044681000000 0.056580500000 0.003933000000
v -0.044794000000 0.057897500000 0.004104000000
v -0.045055000000 0.059193500000 0.004274000000
v -0.045461000000 0.060450500000 0.004444000000
v -0.046010000000 0.061652500000 0.004615000000
v -0.046695000000 0.062783500000 0.004785000000
v -0.047503000000 0.063828500000 0.004956000000
v -0.048424000000 0.064777500000 0.005126000000
v -0.049445000000 0.065616500000 0.005297000000
v -0.050557000000 0.066331500000 0.005467000000
v -0.051743000000 0.066913500000 0.005638000000
v -0.052989000000 0.067355500000 0.005808000000
v -0.054277000000 0.067654500000 0.005979000000
v -0.055590000000 0.067806500000 0.006149000000
v -0.056911000000 0.067808500000 0.006319000000
v -0.058224000000 0.067658500000 0.006490000000
v -0.059511000000 0.067356500000 0.006660000000
v -0.060755000000 0.066910500000 0.006831000000
v -0.061942000000 0.066327500000 0.007001000000
v -0.063055000000 0.065615500000 0.007172000000
v -0.064079000000 0.064780500000 0.007342000000
v -0.064999000000 0.063831500000 0.007513000000
v -0.065804000000 0.062783500000 0.007683000000
v -0.066486000000 0.061650500000 0.007854000000
v -0.067036000000 0.060449500000 0.008024000000
v -0.067447000000 0.059193500000 0.008194000000
v -0.067710000000 0.057897500000 0.008365000000
v -0.067821000000 0.056580500000 0.008535000000
v -0.067781000000 0.055259500000 0.008706000000
v -0.067593000000 0.053951500000 0.008876000000
v -0.067260000000 0.052672500000 0.009047000000
v -0.066782000000 0.051440500000 0.009217000000
v -0.066164000000 0.050271500000 0.009388000000
v -0.065416000000 0.049182500000 0.009558000000
v -0.064550000000 0.048184500000 0.009729000000
v -0.063577000000 0.047289500000 0.009899000000
v -0.062509000000 0.046510500000 0.010069000000
v -0.061359000000 0.045859500000 0.010240000000
v -0.060141000000 0.045346500000 0.010410000000
v -0.058872000000 0.044974500000 0.010581000000
v -0.056250000000 0.044218500000 -0.007481000000
v -0.054879000000 0.044298500000 -0.007311000000
v -0.053526000000 0.044535500000 -0.007140000000
v -0.052208000000 0.044923500000 -0.006970000000
v -0.050943000000 0.045456500000 -0.006799000000
v -0.049746000000 0.046129500000 -0.006629000000
v -0.048634000000 0.046936500000 -0.006458000000
v -0.047624000000 0.047866500000 -0.006288000000
v -0.046726000000 0.048905500000 -0.006117000000
v -0.045951000000 0.050039500000 -0.005947000000
v -0.045308000000 0.051253500000 -0.005776000000
v -0.044807000000 0.052532500000 -0.005606000000
v -0.044460000000 0.053860500000 -0.005436000000
v -0.044267000000 0.055220500000 -0.005265000000
v -0.044229000000 0.056593500000 -0.005095000000
v -0.044345000000 0.057962500000 -0.004924000000
v -0.044615000000 0.059308500000 -0.004754000000
v -0.045039000000 0.060614500000 -0.004583000000
v -0.045611000000 0.061863500000 -0.004413000000
v -0.046322000000 0.063038500000 -0.004242000000
v -0.047161000000 0.064126500000 -0.004072000000
v -0.048117000000 0.065112500000 -0.003901000000
v -0.049178000000 0.065983500000 -0.003731000000
v -0.050334000000 0.066725500000 -0.003561000000
v -0.051568000000 0.067328500000 -0.003390000000
v -0.052862000000 0.067789500000 -0.003220000000
v -0.054199000000 0.068101500000 -0.003049000000
v -0.055563000000 0.068260500000 -0.002879000000
v -0.056937000000 0.068261500000 -0.002708000000
v -0.058301000000 0.068103500000 -0.002538000000
v -0.059638000000 0.067789500000 -0.002367000000
v -0.060932000000 0.067327500000 -0.002197000000
v -0.062165000000 0.066723500000 -0.002026000000
v -0.063322000000 0.065983500000 -0.001856000000
v -0.064385000000 0.065113500000 -0.001686000000
v -0.065340000000 0.064126500000 -0.001515000000
v -0.066177000000 0.063038500000 -0.001345000000
v -0.066887000000 0.061862500000 -0.001174000000
v -0.067460000000 0.060614500000 -0.001004000000
v -0.067886000000 0.059308500000 -0.000833000000
v -0.068157000000 0.057962500000 -0.000663000000
v -0.068272000000 0.056593500000 -0.000492000000
v -0.068232000000 0.055220500000 -0.000322000000
v -0.068039000000 0.053860500000 -0.000151000000
v -0.067692000000 0.052532500000 0.000019000000
v -0.067194000000 0.051252500000 0.000189000000
v -0.066551000000 0.050038500000 0.000360000000
v -0.065774000000 0.048906500000 0.000530000000
v -0.064875000000 0.047867500000 0.000701000000
v -0.063865000000 0.046937500000 0.000871000000
v -0.062755000000 0.046128500000 0.001042000000
v -0.061558000000 0.045454500000 0.001212000000
v -0.060292000000 0.044922500000 0.001383000000
v -0.058974000000 0.044536500000 0.001553000000
v -0.057621000000 0.044300500000 0.001724000000
v -0.056250000000 0.044219500000 0.001894000000
v -0.054879000000 0.044297500000 0.002064000000
v -0.053526000000 0.044533500000 0.002235000000
v -0.052209000000 0.044922500000 0.002405000000
v -0.050943000000 0.045457500000 0.002576000000
v -0.049746000000 0.046130500000 0.002746000000
v -0.048634000000 0.046936500000 0.002917000000
v -0.047623000000 0.047865500000 0.003087000000
v -0.046726000000 0.048905500000 0.003258000000
v -0.045951000000 0.050039500000 0.003428000000
v -0.045309000000 0.051253500000 0.003599000000
v -0.044808000000 0.052532500000 0.003769000000
v -0.044458000000 0.053860500000 0.003939000000
v -0.044265000000 0.055220500000 0.004110000000
v -0.044228000000 0.056593500000 0.004280000000
v -0.044346000000 0.057961500000 0.004451000000
v -0.044617000000 0.059308500000 0.004621000000
v -0.045039000000 0.060615500000 0.004792000000
v -0.045610000000 0.061864500000 0.004962000000
v -0.046321000000 0.063038500000 0.005133000000
v -0.047161000000 0.064125500000 0.005303000000
v -0.048118000000 0.065111500000 0.005474000000
v -0.049179000000 0.065982500000 0.005644000000
v -0.050334000000 0.066726500000 0.005814000000
v -0.051567000000 0.067330500000 0.005985000000
v -0.052861000000 0.067789500000 0.006155000000
v -0.054199000000 0.068100500000 0.006326000000
v -0.055564000000 0.068258500000 0.006496000000
v -0.056937000000 0.068261500000 0.006667000000
v -0.058301000000 0.068104500000 0.006837000000
v -0.059638000000 0.067791500000 0.007008000000
v -0.060931000000 0.067327500000 0.007178000000
v -0.062164000000 0.066722500000 0.007349000000
v -0.063321000000 0.065981500000 0.007519000000
v -0.064385000000 0.065114500000 0.007689000000
v -0.065341000000 0.064128500000 0.007860000000
v -0.066178000000 0.063038500000 0.008030000000
v -0.066887000000 0.061862500000 0.008201000000
v -0.067459000000 0.060613500000 0.008371000000
v -0.067886000000 0.059308500000 0.008542000000
v -0.068159000000 0.057962500000 0.008712000000
v -0.068274000000 0.056593500000 0.008883000000
v -0.068232000000 0.055221500000 0.009053000000
v -0.068037000000 0.053861500000 0.009224000000
v -0.067690000000 0.052532500000 0.009394000000
v -0.067194000000 0.051251500000 0.009564000000
v -0.066552000000 0.050037500000 0.009735000000
v -0.065775000000 0.048905500000 0.009905000000
v -0.064874000000 0.047868500000 0.010076000000
v -0.063863000000 0.046938500000 0.010246000000
v -0.062754000000 0.046129500000 0.010417000000
v -0.061559000000 0.045453500000 0.010587000000
v -0.060293000000 0.044919500000 0.010758000000
v -0.058975000000 0.044532500000 0.010928000000
v -0.056250000000 0.043691500000 -0.007262000000
v -0.054819000000 0.043774500000 -0.007092000000
v -0.053407000000 0.044021500000 -0.006921000000
v -0.052031000000 0.044426500000 -0.006751000000
v -0.050710000000 0.044982500000 -0.006580000000
v -0.049460000000 0.045685500000 -0.006410000000
v -0.048300000000 0.046527500000 -0.006240000000
v -0.047246000000 0.047499500000 -0.006069000000
v -0.046309000000 0.048583500000 -0.005899000000
v -0.045499000000 0.049767500000 -0.005728000000
v -0.044828000000 0.051034500000 -0.005558000000
v -0.044306000000 0.052369500000 -0.005387000000
v -0.043943000000 0.053755500000 -0.005217000000
v -0.043741000000 0.055175500000 -0.005046000000
v -0.043701000000 0.056608500000 -0.004876000000
v -0.043823000000 0.058037500000 -0.004705000000
v -0.044105000000 0.059442500000 -0.004535000000
v -0.044547000000 0.060806500000 -0.004365000000
v -0.045145000000 0.062109500000 -0.004194000000
v -0.045887000000 0.063335500000 -0.004024000000
v -0.046762000000 0.064471500000 -0.003853000000
v -0.047760000000 0.065501500000 -0.003683000000
v -0.048868000000 0.066410500000 -0.003512000000
v -0.050075000000 0.067184500000 -0.003342000000
v -0.051362000000 0.067814500000 -0.003171000000
v -0.052713000000 0.068295500000 -0.003001000000
v -0.054109000000 0.068621500000 -0.002830000000
v -0.055533000000 0.068787500000 -0.002660000000
v -0.056967000000 0.068788500000 -0.002490000000
v -0.058391000000 0.068622500000 -0.002319000000
v -0.059787000000 0.068295500000 -0.002149000000
v -0.061137000000 0.067813500000 -0.001978000000
v -0.062425000000 0.067182500000 -0.001808000000
v -0.063632000000 0.066410500000 -0.001637000000
v -0.064741000000 0.065502500000 -0.001467000000
v -0.065738000000 0.064472500000 -0.001296000000
v -0.066613000000 0.063335500000 -0.001126000000
v -0.067354000000 0.062108500000 -0.000955000000
v -0.067952000000 0.060805500000 -0.000785000000
v -0.068396000000 0.059442500000 -0.000615000000
v -0.068679000000 0.058037500000 -0.000444000000
v -0.068799000000 0.056608500000 -0.000274000000
v -0.068758000000 0.055175500000 -0.000103000000
v -0.068555000000 0.053756500000 0.000067000000
v -0.068194000000 0.052369500000 0.000238000000
v -0.067674000000 0.051033500000 0.000408000000
v -0.067002000000 0.049766500000 0.000579000000
v -0.066191000000 0.048584500000 0.000749000000
v -0.065253000000 0.047500500000 0.000920000000
v -0.064198000000 0.046528500000 0.001090000000
v -0.063040000000 0.045684500000 0.001260000000
v -0.061791000000 0.044981500000 0.001431000000
v -0.060469000000 0.044425500000 0.001601000000
v -0.059093000000 0.044022500000 0.001772000000
v -0.057681000000 0.043776500000 0.001942000000
v -0.056250000000 0.043691500000 0.002113000000
v -0.054818000000 0.043773500000 0.002283000000
v -0.053406000000 0.044020500000 0.002454000000
v -0.052031000000 0.044426500000 0.002624000000
v -0.050711000000 0.044984500000 0.002795000000
v -0.049461000000 0.045686500000 0.002965000000
v -0.048300000000 0.046527500000 0.003135000000
v -0.047245000000 0.047497500000 0.003306000000
v -0.046308000000 0.048583500000 0.003476000000
v -0.045500000000 0.049767500000 0.003647000000
v -0.044829000000 0.051034500000 0.003817000000
v -0.044307000000 0.052369500000 0.003988000000
v -0.043941000000 0.053755500000 0.004158000000
v -0.043740000000 0.055175500000 0.004329000000
v -0.043701000000 0.056608500000 0.004499000000
v -0.043824000000 0.058036500000 0.004670000000
v -0.044106000000 0.059442500000 0.004840000000
v -0.044547000000 0.060806500000 0.005010000000
v -0.045143000000 0.062110500000 0.005181000000
v -0.045886000000 0.063336500000 0.005351000000
v -0.046763000000 0.064470500000 0.005522000000
v -0.047761000000 0.065499500000 0.005692000000
v -0.048869000000 0.066409500000 0.005863000000
v -0.050074000000 0.067185500000 0.006033000000
v -0.051362000000 0.067816500000 0.006204000000
v -0.052713000000 0.068295500000 0.006374000000
v -0.054109000000 0.068619500000 0.006545000000
v -0.055534000000 0.068785500000 0.006715000000
v -0.056967000000 0.068787500000 0.006885000000
v -0.058391000000 0.068624500000 0.007056000000
v -0.059787000000 0.068297500000 0.007226000000
v -0.061137000000 0.067813500000 0.007397000000
v -0.062424000000 0.067181500000 0.007567000000
v -0.063631000000 0.066408500000 0.007738000000
v -0.064742000000 0.065502500000 0.007908000000
v -0.065740000000 0.064473500000 0.008079000000
v -0.066613000000 0.063336500000 0.008249000000
v -0.067353000000 0.062108500000 0.008420000000
v -0.067950000000 0.060804500000 0.008590000000
v -0.068396000000 0.059442500000 0.008760000000
v -0.068681000000 0.058037500000 0.008931000000
v -0.068801000000 0.056608500000 0.009101000000
v -0.068758000000 0.055175500000 0.009272000000
v -0.068554000000 0.053756500000 0.009442000000
v -0.068192000000 0.052369500000 0.009613000000
v -0.067674000000 0.051032500000 0.009783000000
v -0.067004000000 0.049765500000 0.009954000000
v -0.066192000000 0.048583500000 0.010124000000
v -0.065253000000 0.047500500000 0.010295000000
v -0.064197000000 0.046530500000 0.010465000000
v -0.063039000000 0.045685500000 0.010635000000
v -0.061791000000 0.044979500000 0.010806000000
v -0.060470000000 0.044422500000 0.010976000000
v -0.059094000000 0.044019500000 0.011147000000
v -0.056250000000 0.043125500000 -0.007187000000
v -0.054754000000 0.043212500000 -0.007017000000
v -0.053279000000 0.043470500000 -0.006847000000
v -0.051841000000 0.043893500000 -0.006676000000
v -0.050460000000 0.044475500000 -0.006506000000
v -0.049154000000 0.045209500000 -0.006336000000
v -0.047942000000 0.046089500000 -0.006165000000
v -0.046840000000 0.047104500000 -0.005995000000
v -0.045861000000 0.048238500000 -0.005824000000
v -0.045015000000 0.049475500000 -0.005654000000
v -0.044313000000 0.050798500000 -0.005483000000
v -0.043767000000 0.052194500000 -0.005313000000
v -0.043388000000 0.053643500000 -0.005142000000
v -0.043178000000 0.055126500000 -0.004972000000
v -0.043136000000 0.056624500000 -0.004801000000
v -0.043263000000 0.058117500000 -0.004631000000
v -0.043557000000 0.059586500000 -0.004461000000
v -0.044020000000 0.061011500000 -0.004290000000
v -0.044644000000 0.062373500000 -0.004120000000
v -0.045420000000 0.063655500000 -0.003949000000
v -0.046335000000 0.064841500000 -0.003779000000
v -0.047377000000 0.065917500000 -0.003608000000
v -0.048535000000 0.066868500000 -0.003438000000
v -0.049796000000 0.067677500000 -0.003267000000
v -0.051142000000 0.068335500000 -0.003097000000
v -0.052554000000 0.068837500000 -0.002926000000
v -0.054013000000 0.069178500000 -0.002756000000
v -0.055501000000 0.069352500000 -0.002586000000
v -0.056999000000 0.069353500000 -0.002415000000
v -0.058487000000 0.069180500000 -0.002245000000
v -0.059946000000 0.068838500000 -0.002074000000
v -0.061357000000 0.068334500000 -0.001904000000
v -0.062703000000 0.067675500000 -0.001733000000
v -0.063965000000 0.066867500000 -0.001563000000
v -0.065124000000 0.065919500000 -0.001392000000
v -0.066166000000 0.064842500000 -0.001222000000
v -0.067080000000 0.063655500000 -0.001051000000
v -0.067854000000 0.062372500000 -0.000881000000
v -0.068479000000 0.061010500000 -0.000711000000
v -0.068944000000 0.059586500000 -0.000540000000
v -0.069239000000 0.058117500000 -0.000370000000
v -0.069365000000 0.056624500000 -0.000199000000
v -0.069321000000 0.055127500000 -0.000029000000
v -0.069110000000 0.053643500000 0.000142000000
v -0.068732000000 0.052194500000 0.000312000000
v -0.068188000000 0.050798500000 0.000483000000
v -0.067487000000 0.049474500000 0.000653000000
v -0.066639000000 0.048238500000 0.000824000000
v -0.065659000000 0.047105500000 0.000994000000
v -0.064557000000 0.046090500000 0.001164000000
v -0.063346000000 0.045208500000 0.001335000000
v -0.062041000000 0.044473500000 0.001505000000
v -0.060659000000 0.043892500000 0.001676000000
v -0.059221000000 0.043471500000 0.001846000000
v -0.057745000000 0.043214500000 0.002017000000
v -0.056250000000 0.043125500000 0.002187000000
v -0.054754000000 0.043210500000 0.002358000000
v -0.053278000000 0.043468500000 0.002528000000
v -0.051841000000 0.043893500000 0.002699000000
v -0.050461000000 0.044476500000 0.002869000000
v -0.049155000000 0.045210500000 0.003039000000
v -0.047942000000 0.046089500000 0.003210000000
v -0.046839000000 0.047103500000 0.003380000000
v -0.045860000000 0.048237500000 0.003551000000
v -0.045015000000 0.049475500000 0.003721000000
v -0.044315000000 0.050799500000 0.003892000000
v -0.043769000000 0.052194500000 0.004062000000
v -0.043387000000 0.053643500000 0.004233000000
v -0.043176000000 0.055126500000 0.004403000000
v -0.043135000000 0.056624500000 0.004574000000
v -0.043264000000 0.058117500000 0.004744000000
v -0.043559000000 0.059586500000 0.004914000000
v -0.044020000000 0.061011500000 0.005085000000
v -0.044643000000 0.062374500000 0.005255000000
v -0.045419000000 0.063655500000 0.005426000000
v -0.046335000000 0.064841500000 0.005596000000
v -0.047379000000 0.065916500000 0.005767000000
v -0.048537000000 0.066867500000 0.005937000000
v -0.049796000000 0.067678500000 0.006108000000
v -0.051141000000 0.068337500000 0.006278000000
v -0.052553000000 0.068838500000 0.006449000000
v -0.054013000000 0.069177500000 0.006619000000
v -0.055501000000 0.069350500000 0.006789000000
v -0.056999000000 0.069353500000 0.006960000000
v -0.058488000000 0.069182500000 0.007130000000
v -0.059946000000 0.068840500000 0.007301000000
v -0.061357000000 0.068334500000 0.007471000000
v -0.062702000000 0.067674500000 0.007642000000
v -0.063964000000 0.066866500000 0.007812000000
v -0.065125000000 0.065919500000 0.007983000000
v -0.066168000000 0.064844500000 0.008153000000
v -0.067080000000 0.063655500000 0.008324000000
v -0.067853000000 0.062372500000 0.008494000000
v -0.068477000000 0.061010500000 0.008664000000
v -0.068943000000 0.059586500000 0.008835000000
v -0.069241000000 0.058117500000 0.009005000000
v -0.069366000000 0.056625500000 0.009176000000
v -0.069322000000 0.055127500000 0.009346000000
v -0.069109000000 0.053644500000 0.009517000000
v -0.068730000000 0.052194500000 0.009687000000
v -0.068189000000 0.050797500000 0.009858000000
v -0.067488000000 0.049473500000 0.010028000000
v -0.066640000000 0.048238500000 0.010199000000
v -0.065658000000 0.047106500000 0.010369000000
v -0.064555000000 0.046092500000 0.010539000000
v -0.063345000000 0.045209500000 0.010710000000
v -0.062041000000 0.044471500000 0.010880000000
v -0.060660000000 0.043889500000 0.011051000000
v -0.059222000000 0.043467500000 0.011221000000
v -0.056250000000 0.042558500000 -0.007262000000
v -0.054690000000 0.042650500000 -0.007092000000
v -0.053150000000 0.042919500000 -0.006922000000
v -0.051651000000 0.043360500000 -0.006751000000
v -0.050210000000 0.043967500000 -0.006581000000
v -0.048848000000 0.044733500000 -0.006410000000
v -0.047584000000 0.045651500000 -0.006240000000
v -0.046434000000 0.046710500000 -0.006069000000
v -0.045413000000 0.047892500000 -0.005899000000
v -0.044530000000 0.049182500000 -0.005728000000
v -0.043798000000 0.050563500000 -0.005558000000
v -0.043229000000 0.052019500000 -0.005387000000
v -0.042833000000 0.053531500000 -0.005217000000
v -0.042614000000 0.055078500000 -0.005047000000
v -0.042570000000 0.056640500000 -0.004876000000
v -0.042702000000 0.058198500000 -0.004706000000
v -0.043010000000 0.059730500000 -0.004535000000
v -0.043492000000 0.061217500000 -0.004365000000
v -0.044144000000 0.062637500000 -0.004194000000
v -0.044953000000 0.063974500000 -0.004024000000
v -0.045907000000 0.065212500000 -0.003853000000
v -0.046995000000 0.066335500000 -0.003683000000
v -0.048203000000 0.067326500000 -0.003512000000
v -0.049518000000 0.068170500000 -0.003342000000
v -0.050922000000 0.068857500000 -0.003172000000
v -0.052394000000 0.069380500000 -0.003001000000
v -0.053917000000 0.069736500000 -0.002831000000
v -0.055469000000 0.069917500000 -0.002660000000
v -0.057032000000 0.069918500000 -0.002490000000
v -0.058584000000 0.069738500000 -0.002319000000
v -0.060105000000 0.069381500000 -0.002149000000
v -0.061578000000 0.068856500000 -0.001978000000
v -0.062981000000 0.068168500000 -0.001808000000
v -0.064297000000 0.067325500000 -0.001637000000
v -0.065507000000 0.066336500000 -0.001467000000
v -0.066594000000 0.065213500000 -0.001297000000
v -0.067547000000 0.063974500000 -0.001126000000
v -0.068355000000 0.062636500000 -0.000956000000
v -0.069007000000 0.061216500000 -0.000785000000
v -0.069491000000 0.059730500000 -0.000615000000
v -0.069800000000 0.058198500000 -0.000444000000
v -0.069931000000 0.056641500000 -0.000274000000
v -0.069885000000 0.055078500000 -0.000103000000
v -0.069665000000 0.053531500000 0.000067000000
v -0.069270000000 0.052019500000 0.000238000000
v -0.068703000000 0.050562500000 0.000408000000
v -0.067972000000 0.049182500000 0.000578000000
v -0.067088000000 0.047893500000 0.000749000000
v -0.066064000000 0.046711500000 0.000919000000
v -0.064915000000 0.045652500000 0.001090000000
v -0.063652000000 0.044732500000 0.001260000000
v -0.062290000000 0.043965500000 0.001431000000
v -0.060850000000 0.043359500000 0.001601000000
v -0.059350000000 0.042920500000 0.001772000000
v -0.057810000000 0.042652500000 0.001942000000
v -0.056250000000 0.042559500000 0.002113000000
v -0.054689000000 0.042648500000 0.002283000000
v -0.053150000000 0.042917500000 0.002453000000
v -0.051651000000 0.043360500000 0.002624000000
v -0.050211000000 0.043968500000 0.002794000000
v -0.048849000000 0.044734500000 0.002965000000
v -0.047583000000 0.045651500000 0.003135000000
v -0.046433000000 0.046708500000 0.003306000000
v -0.045412000000 0.047891500000 0.003476000000
v -0.044531000000 0.049182500000 0.003647000000
v -0.043800000000 0.050564500000 0.003817000000
v -0.043230000000 0.052019500000 0.003988000000
v -0.042832000000 0.053531500000 0.004158000000
v -0.042612000000 0.055078500000 0.004328000000
v -0.042570000000 0.056640500000 0.004499000000
v -0.042704000000 0.058197500000 0.004669000000
v -0.043012000000 0.059730500000 0.004840000000
v -0.043492000000 0.061217500000 0.005010000000
v -0.044142000000 0.062638500000 0.005181000000
v -0.044951000000 0.063975500000 0.005351000000
v -0.045907000000 0.065211500000 0.005522000000
v -0.046996000000 0.066333500000 0.005692000000
v -0.048204000000 0.067325500000 0.005863000000
v -0.049518000000 0.068171500000 0.006033000000
v -0.050921000000 0.068858500000 0.006203000000
v -0.052394000000 0.069381500000 0.006374000000
v -0.053916000000 0.069735500000 0.006544000000
v -0.055469000000 0.069915500000 0.006715000000
v -0.057032000000 0.069918500000 0.006885000000
v -0.058584000000 0.069739500000 0.007056000000
v -0.060106000000 0.069383500000 0.007226000000
v -0.061577000000 0.068856500000 0.007397000000
v -0.062980000000 0.068166500000 0.007567000000
v -0.064296000000 0.067324500000 0.007738000000
v -0.065508000000 0.066336500000 0.007908000000
v -0.066595000000 0.065214500000 0.008078000000
v -0.067547000000 0.063975500000 0.008249000000
v -0.068354000000 0.062636500000 0.008419000000
v -0.069005000000 0.061215500000 0.008590000000
v -0.069491000000 0.059730500000 0.008760000000
v -0.069801000000 0.058198500000 0.008931000000
v -0.069932000000 0.056641500000 0.009101000000
v -0.069885000000 0.055079500000 0.009272000000
v -0.069663000000 0.053531500000 0.009442000000
v -0.069269000000 0.052019500000 0.009613000000
v -0.068704000000 0.050562500000 0.009783000000
v -0.067973000000 0.049180500000 0.009953000000
v -0.067089000000 0.047892500000 0.010124000000
v -0.066064000000 0.046712500000 0.010294000000
v -0.064914000000 0.045654500000 0.010465000000
v -0.063651000000 0.044733500000 0.010635000000
v -0.062291000000 0.043963500000 0.010806000000
v -0.060851000000 0.043356500000 0.010976000000
v -0.059351000000 0.042916500000 0.011147000000
v -0.056250000000 0.042031500000 -0.007481000000
v -0.054630000000 0.042126500000 -0.007310000000
v -0.053031000000 0.042405500000 -0.007140000000
v -0.051474000000 0.042863500000 -0.006969000000
v -0.049978000000 0.043493500000 -0.006799000000
v -0.048563000000 0.044289500000 -0.006628000000
v -0.047250000000 0.045243500000 -0.006458000000
v -0.046056000000 0.046342500000 -0.006288000000
v -0.044995000000 0.047570500000 -0.006117000000
v -0.044078000000 0.048910500000 -0.005947000000
v -0.043318000000 0.050344500000 -0.005776000000
v -0.042727000000 0.051856500000 -0.005606000000
v -0.042316000000 0.053426500000 -0.005435000000
v -0.042088000000 0.055033500000 -0.005265000000
v -0.042043000000 0.056655500000 -0.005094000000
v -0.042180000000 0.058273500000 -0.004924000000
v -0.042500000000 0.059864500000 -0.004753000000
v -0.043000000000 0.061408500000 -0.004583000000
v -0.043677000000 0.062883500000 -0.004413000000
v -0.044517000000 0.064272500000 -0.004242000000
v -0.045509000000 0.065557500000 -0.004072000000
v -0.046638000000 0.066723500000 -0.003901000000
v -0.047893000000 0.067752500000 -0.003731000000
v -0.049259000000 0.068629500000 -0.003560000000
v -0.050716000000 0.069342500000 -0.003390000000
v -0.052246000000 0.069886500000 -0.003219000000
v -0.053827000000 0.070255500000 -0.003049000000
v -0.055439000000 0.070443500000 -0.002878000000
v -0.057062000000 0.070445500000 -0.002708000000
v -0.058674000000 0.070257500000 -0.002538000000
v -0.060254000000 0.069887500000 -0.002367000000
v -0.061783000000 0.069341500000 -0.002197000000
v -0.063240000000 0.068627500000 -0.002026000000
v -0.064607000000 0.067752500000 -0.001856000000
v -0.065864000000 0.066724500000 -0.001685000000
v -0.066992000000 0.065558500000 -0.001515000000
v -0.067982000000 0.064272500000 -0.001344000000
v -0.068821000000 0.062882500000 -0.001174000000
v -0.069498000000 0.061407500000 -0.001003000000
v -0.070002000000 0.059864500000 -0.000833000000
v -0.070322000000 0.058273500000 -0.000663000000
v -0.070458000000 0.056656500000 -0.000492000000
v -0.070411000000 0.055033500000 -0.000322000000
v -0.070182000000 0.053426500000 -0.000151000000
v -0.069772000000 0.051856500000 0.000019000000
v -0.069183000000 0.050343500000 0.000190000000
v -0.068423000000 0.048909500000 0.000360000000
v -0.067505000000 0.047571500000 0.000531000000
v -0.066443000000 0.046343500000 0.000701000000
v -0.065249000000 0.045244500000 0.000872000000
v -0.063937000000 0.044288500000 0.001042000000
v -0.062523000000 0.043491500000 0.001212000000
v -0.061027000000 0.042862500000 0.001383000000
v -0.059469000000 0.042406500000 0.001553000000
v -0.057870000000 0.042128500000 0.001724000000
v -0.056250000000 0.042032500000 0.001894000000
v -0.054629000000 0.042124500000 0.002065000000
v -0.053031000000 0.042403500000 0.002235000000
v -0.051474000000 0.042863500000 0.002406000000
v -0.049979000000 0.043495500000 0.002576000000
v -0.048564000000 0.044291500000 0.002747000000
v -0.047249000000 0.045242500000 0.002917000000
v -0.046055000000 0.046341500000 0.003087000000
v -0.044994000000 0.047569500000 0.003258000000
v -0.044079000000 0.048910500000 0.003428000000
v -0.043320000000 0.050345500000 0.003599000000
v -0.042728000000 0.051856500000 0.003769000000
v -0.042315000000 0.053426500000 0.003940000000
v -0.042086000000 0.055033500000 0.004110000000
v -0.042043000000 0.056655500000 0.004281000000
v -0.042182000000 0.058272500000 0.004451000000
v -0.042502000000 0.059864500000 0.004622000000
v -0.043000000000 0.061408500000 0.004792000000
v -0.043675000000 0.062884500000 0.004962000000
v -0.044516000000 0.064272500000 0.005133000000
v -0.045509000000 0.065557500000 0.005303000000
v -0.046639000000 0.066722500000 0.005474000000
v -0.047894000000 0.067751500000 0.005644000000
v -0.049258000000 0.068630500000 0.005815000000
v -0.050716000000 0.069344500000 0.005985000000
v -0.052245000000 0.069887500000 0.006156000000
v -0.053827000000 0.070254500000 0.006326000000
v -0.055439000000 0.070441500000 0.006497000000
v -0.057062000000 0.070444500000 0.006667000000
v -0.058674000000 0.070259500000 0.006837000000
v -0.060254000000 0.069889500000 0.007008000000
v -0.061782000000 0.069341500000 0.007178000000
v -0.063240000000 0.068626500000 0.007349000000
v -0.064607000000 0.067751500000 0.007519000000
v -0.065864000000 0.066725500000 0.007690000000
v -0.066994000000 0.065560500000 0.007860000000
v -0.067983000000 0.064273500000 0.008031000000
v -0.068820000000 0.062882500000 0.008201000000
v -0.069496000000 0.061406500000 0.008372000000
v -0.070001000000 0.059864500000 0.008542000000
v -0.070323000000 0.058273500000 0.008712000000
v -0.070459000000 0.056656500000 0.008883000000
v -0.070411000000 0.055033500000 0.009053000000
v -0.070180000000 0.053427500000 0.009224000000
v -0.069770000000 0.051856500000 0.009394000000
v -0.069184000000 0.050343500000 0.009565000000
v -0.068425000000 0.048908500000 0.009735000000
v -0.067506000000 0.047570500000 0.009906000000
v -0.066442000000 0.046344500000 0.010076000000
v -0.065247000000 0.045245500000 0.010247000000
v -0.063936000000 0.044289500000 0.010417000000
v -0.062524000000 0.043490500000 0.010587000000
v -0.061028000000 0.042859500000 0.010758000000
v -0.059470000000 0.042402500000 0.010928000000
v -0.056250000000 0.041578500000 -0.007828000000
v -0.054578000000 0.041676500000 -0.007658000000
v -0.052929000000 0.041964500000 -0.007488000000
v -0.051322000000 0.042437500000 -0.007317000000
v -0.049778000000 0.043087500000 -0.007147000000
v -0.048318000000 0.043908500000 -0.006976000000
v -0.046963000000 0.044892500000 -0.006806000000
v -0.045732000000 0.046027500000 -0.006635000000
v -0.044637000000 0.047294500000 -0.006465000000
v -0.043691000000 0.048676500000 -0.006295000000
v -0.042907000000 0.050156500000 -0.006124000000
v -0.042297000000 0.051716500000 -0.005954000000
v -0.041873000000 0.053336500000 -0.005783000000
v -0.041637000000 0.054994500000 -0.005613000000
v -0.041591000000 0.056668500000 -0.005442000000
v -0.041732000000 0.058337500000 -0.005272000000
v -0.042062000000 0.059979500000 -0.005101000000
v -0.042578000000 0.061572500000 -0.004931000000
v -0.043277000000 0.063094500000 -0.004760000000
v -0.044144000000 0.064527500000 -0.004590000000
v -0.045167000000 0.065854500000 -0.004420000000
v -0.046332000000 0.067057500000 -0.004249000000
v -0.047626000000 0.068119500000 -0.004079000000
v -0.049036000000 0.069023500000 -0.003908000000
v -0.050540000000 0.069759500000 -0.003738000000
v -0.052118000000 0.070321500000 -0.003567000000
v -0.053749000000 0.070701500000 -0.003397000000
v -0.055413000000 0.070895500000 -0.003226000000
v -0.057088000000 0.070897500000 -0.003056000000
v -0.058751000000 0.070703500000 -0.002885000000
v -0.060382000000 0.070321500000 -0.002715000000
v -0.061959000000 0.069758500000 -0.002545000000
v -0.063463000000 0.069021500000 -0.002374000000
v -0.064873000000 0.068119500000 -0.002204000000
v -0.066170000000 0.067058500000 -0.002033000000
v -0.067334000000 0.065855500000 -0.001863000000
v -0.068356000000 0.064527500000 -0.001692000000
v -0.069222000000 0.063093500000 -0.001522000000
v -0.069920000000 0.061571500000 -0.001351000000
v -0.070439000000 0.059979500000 -0.001181000000
v -0.070770000000 0.058338500000 -0.001010000000
v -0.070910000000 0.056669500000 -0.000840000000
v -0.070862000000 0.054994500000 -0.000670000000
v -0.070625000000 0.053336500000 -0.000499000000
v -0.070203000000 0.051716500000 -0.000329000000
v -0.069595000000 0.050155500000 -0.000158000000
v -0.068811000000 0.048676500000 0.000012000000
v -0.067864000000 0.047294500000 0.000183000000
v -0.066767000000 0.046028500000 0.000353000000
v -0.065535000000 0.044893500000 0.000524000000
v -0.064182000000 0.043907500000 0.000694000000
v -0.062723000000 0.043085500000 0.000865000000
v -0.061179000000 0.042436500000 0.001035000000
v -0.059572000000 0.041965500000 0.001205000000
v -0.057921000000 0.041678500000 0.001376000000
v -0.056250000000 0.041579500000 0.001546000000
v -0.054578000000 0.041674500000 0.001717000000
v -0.052928000000 0.041962500000 0.001887000000
v -0.051322000000 0.042437500000 0.002058000000
v -0.049779000000 0.043089500000 0.002228000000
v -0.048319000000 0.043910500000 0.002399000000
v -0.046963000000 0.044892500000 0.002569000000
v -0.045730000000 0.046025500000 0.002740000000
v -0.044636000000 0.047293500000 0.002910000000
v -0.043691000000 0.048676500000 0.003080000000
v -0.042908000000 0.050157500000 0.003251000000
v -0.042298000000 0.051716500000 0.003421000000
v -0.041871000000 0.053336500000 0.003592000000
v -0.041635000000 0.054994500000 0.003762000000
v -0.041590000000 0.056668500000 0.003933000000
v -0.041734000000 0.058337500000 0.004103000000
v -0.042064000000 0.059979500000 0.004274000000
v -0.042579000000 0.061572500000 0.004444000000
v -0.043275000000 0.063096500000 0.004615000000
v -0.044142000000 0.064528500000 0.004785000000
v -0.045167000000 0.065853500000 0.004955000000
v -0.046333000000 0.067055500000 0.005126000000
v -0.047628000000 0.068118500000 0.005296000000
v -0.049036000000 0.069025500000 0.005467000000
v -0.050539000000 0.069761500000 0.005637000000
v -0.052118000000 0.070321500000 0.005808000000
v -0.053749000000 0.070700500000 0.005978000000
v -0.055413000000 0.070893500000 0.006149000000
v -0.057088000000 0.070896500000 0.006319000000
v -0.058752000000 0.070705500000 0.006490000000
v -0.060382000000 0.070323500000 0.006660000000
v -0.061959000000 0.069758500000 0.006830000000
v -0.063462000000 0.069020500000 0.007001000000
v -0.064873000000 0.068117500000 0.007171000000
v -0.066170000000 0.067059500000 0.007342000000
v -0.067336000000 0.065856500000 0.007512000000
v -0.068356000000 0.064528500000 0.007683000000
v -0.069221000000 0.063093500000 0.007853000000
v -0.069918000000 0.061570500000 0.008024000000
v -0.070439000000 0.059979500000 0.008194000000
v -0.070772000000 0.058337500000 0.008365000000
v -0.070912000000 0.056669500000 0.008535000000
v -0.070862000000 0.054995500000 0.008705000000
v -0.070624000000 0.053337500000 0.008876000000
v -0.070201000000 0.051716500000 0.009046000000
v -0.069596000000 0.050155500000 0.009217000000
v -0.068813000000 0.048674500000 0.009387000000
v -0.067865000000 0.047294500000 0.009558000000
v -0.066767000000 0.046029500000 0.009728000000
v -0.065534000000 0.044895500000 0.009899000000
v -0.064181000000 0.043908500000 0.010069000000
v -0.062723000000 0.043083500000 0.010240000000
v -0.061180000000 0.042433500000 0.010410000000
v -0.059573000000 0.041961500000 0.010580000000
v -0.056250000000 0.041230500000 -0.008281000000
v -0.054539000000 0.041330500000 -0.008111000000
v -0.052850000000 0.041626500000 -0.007940000000
v -0.051205000000 0.042110500000 -0.007770000000
v -0.049625000000 0.042775500000 -0.007599000000
v -0.048130000000 0.043615500000 -0.007429000000
v -0.046743000000 0.044623500000 -0.007259000000
v -0.045482000000 0.045784500000 -0.007088000000
v -0.044361000000 0.047082500000 -0.006918000000
v -0.043393000000 0.048497500000 -0.006747000000
v -0.042590000000 0.050012500000 -0.006577000000
v -0.041966000000 0.051608500000 -0.006406000000
v -0.041532000000 0.053267500000 -0.006236000000
v -0.041291000000 0.054964500000 -0.006065000000
v -0.041243000000 0.056678500000 -0.005895000000
v -0.041388000000 0.058387500000 -0.005724000000
v -0.041725000000 0.060068500000 -0.005554000000
v -0.042254000000 0.061698500000 -0.005384000000
v -0.042969000000 0.063257500000 -0.005213000000
v -0.043857000000 0.064724500000 -0.005043000000
v -0.044904000000 0.066081500000 -0.004872000000
v -0.046097000000 0.067313500000 -0.004702000000
v -0.047422000000 0.068400500000 -0.004531000000
v -0.048865000000 0.069326500000 -0.004361000000
v -0.050405000000 0.070080500000 -0.004190000000
v -0.052020000000 0.070654500000 -0.004020000000
v -0.053690000000 0.071044500000 -0.003849000000
v -0.055393000000 0.071243500000 -0.003679000000
v -0.057107000000 0.071244500000 -0.003509000000
v -0.058810000000 0.071046500000 -0.003338000000
v -0.060480000000 0.070655500000 -0.003168000000
v -0.062094000000 0.070079500000 -0.002997000000
v -0.063634000000 0.069324500000 -0.002827000000
v -0.065078000000 0.068400500000 -0.002656000000
v -0.066405000000 0.067314500000 -0.002486000000
v -0.067597000000 0.066083500000 -0.002315000000
v -0.068643000000 0.064724500000 -0.002145000000
v -0.069529000000 0.063256500000 -0.001974000000
v -0.070244000000 0.061698500000 -0.001804000000
v -0.070776000000 0.060068500000 -0.001634000000
v -0.071114000000 0.058387500000 -0.001463000000
v -0.071258000000 0.056679500000 -0.001293000000
v -0.071208000000 0.054965500000 -0.001122000000
v -0.070966000000 0.053267500000 -0.000952000000
v -0.070534000000 0.051608500000 -0.000781000000
v -0.069912000000 0.050011500000 -0.000611000000
v -0.069109000000 0.048496500000 -0.000440000000
v -0.068139000000 0.047082500000 -0.000270000000
v -0.067017000000 0.045786500000 -0.000099000000
v -0.065756000000 0.044624500000 0.000071000000
v -0.064370000000 0.043614500000 0.000241000000
v -0.062876000000 0.042773500000 0.000412000000
v -0.061296000000 0.042109500000 0.000582000000
v -0.059650000000 0.041627500000 0.000753000000
v -0.057961000000 0.041332500000 0.000923000000
v -0.056250000000 0.041231500000 0.001094000000
v -0.054538000000 0.041328500000 0.001264000000
v -0.052849000000 0.041624500000 0.001435000000
v -0.051205000000 0.042109500000 0.001605000000
v -0.049625000000 0.042776500000 0.001776000000
v -0.048131000000 0.043617500000 0.001946000000
v -0.046743000000 0.044622500000 0.002116000000
v -0.045480000000 0.045783500000 0.002287000000
v -0.044360000000 0.047081500000 0.002457000000
v -0.043394000000 0.048497500000 0.002628000000
v -0.042592000000 0.050013500000 0.002798000000
v -0.041967000000 0.051609500000 0.002969000000
v -0.041530000000 0.053267500000 0.003139000000
v -0.041289000000 0.054964500000 0.003310000000
v -0.041243000000 0.056678500000 0.003480000000
v -0.041390000000 0.058386500000 0.003651000000
v -0.041727000000 0.060067500000 0.003821000000
v -0.042254000000 0.061699500000 0.003991000000
v -0.042967000000 0.063258500000 0.004162000000
v -0.043855000000 0.064724500000 0.004332000000
v -0.044904000000 0.066081500000 0.004503000000
v -0.046098000000 0.067311500000 0.004673000000
v -0.047423000000 0.068399500000 0.004844000000
v -0.048864000000 0.069328500000 0.005014000000
v -0.050404000000 0.070082500000 0.005185000000
v -0.052020000000 0.070655500000 0.005355000000
v -0.053690000000 0.071043500000 0.005526000000
v -0.055393000000 0.071241500000 0.005696000000
v -0.057108000000 0.071244500000 0.005866000000
v -0.058811000000 0.071048500000 0.006037000000
v -0.060480000000 0.070657500000 0.006207000000
v -0.062094000000 0.070079500000 0.006378000000
v -0.063633000000 0.069323500000 0.006548000000
v -0.065077000000 0.068398500000 0.006719000000
v -0.066406000000 0.067315500000 0.006889000000
v -0.067599000000 0.066084500000 0.007060000000
v -0.068643000000 0.064724500000 0.007230000000
v -0.069528000000 0.063256500000 0.007401000000
v -0.070242000000 0.061697500000 0.007571000000
v -0.070775000000 0.060067500000 0.007741000000
v -0.071116000000 0.058387500000 0.007912000000
v -0.071260000000 0.056679500000 0.008082000000
v -0.071208000000 0.054965500000 0.008253000000
v -0.070965000000 0.053268500000 0.008423000000
v -0.070532000000 0.051609500000 0.008594000000
v -0.069912000000 0.050010500000 0.008764000000
v -0.069111000000 0.048495500000 0.008935000000
v -0.068140000000 0.047081500000 0.009105000000
v -0.067016000000 0.045786500000 0.009276000000
v -0.065754000000 0.044626500000 0.009446000000
v -0.064369000000 0.043615500000 0.009616000000
v -0.062877000000 0.042771500000 0.009787000000
v -0.061297000000 0.042105500000 0.009957000000
v -0.059651000000 0.041623500000 0.010128000000
v -0.056250000000 0.041012500000 -0.008809000000
v -0.054514000000 0.041114500000 -0.008639000000
v -0.052800000000 0.041413500000 -0.008468000000
v -0.051132000000 0.041904500000 -0.008298000000
v -0.049528000000 0.042579500000 -0.008127000000
v -0.048012000000 0.043432500000 -0.007957000000
v -0.046605000000 0.044454500000 -0.007786000000
v -0.045326000000 0.045632500000 -0.007616000000
v -0.044189000000 0.046948500000 -0.007445000000
v -0.043206000000 0.048384500000 -0.007275000000
v -0.042392000000 0.049921500000 -0.007104000000
v -0.041758000000 0.051541500000 -0.006934000000
v -0.041318000000 0.053224500000 -0.006764000000
v -0.041074000000 0.054946500000 -0.006593000000
v -0.041025000000 0.056684500000 -0.006423000000
v -0.041172000000 0.058418500000 -0.006252000000
v -0.041514000000 0.060123500000 -0.006082000000
v -0.042051000000 0.061778500000 -0.005911000000
v -0.042776000000 0.063358500000 -0.005741000000
v -0.043677000000 0.064847500000 -0.005570000000
v -0.044739000000 0.066224500000 -0.005400000000
v -0.045949000000 0.067474500000 -0.005229000000
v -0.047294000000 0.068577500000 -0.005059000000
v -0.048758000000 0.069516500000 -0.004889000000
v -0.050320000000 0.070280500000 -0.004718000000
v -0.051959000000 0.070864500000 -0.004548000000
v -0.053653000000 0.071259500000 -0.004377000000
v -0.055381000000 0.071460500000 -0.004207000000
v -0.057120000000 0.071462500000 -0.004036000000
v -0.058847000000 0.071261500000 -0.003866000000
v -0.060541000000 0.070864500000 -0.003695000000
v -0.062179000000 0.070279500000 -0.003525000000
v -0.063741000000 0.069514500000 -0.003354000000
v -0.065206000000 0.068576500000 -0.003184000000
v -0.066552000000 0.067475500000 -0.003014000000
v -0.067762000000 0.066225500000 -0.002843000000
v -0.068823000000 0.064847500000 -0.002673000000
v -0.069722000000 0.063357500000 -0.002502000000
v -0.070447000000 0.061777500000 -0.002332000000
v -0.070987000000 0.060123500000 -0.002161000000
v -0.071330000000 0.058418500000 -0.001991000000
v -0.071476000000 0.056685500000 -0.001820000000
v -0.071425000000 0.054946500000 -0.001650000000
v -0.071180000000 0.053224500000 -0.001479000000
v -0.070741000000 0.051541500000 -0.001309000000
v -0.070110000000 0.049920500000 -0.001139000000
v -0.069295000000 0.048383500000 -0.000968000000
v -0.068312000000 0.046949500000 -0.000798000000
v -0.067173000000 0.045634500000 -0.000627000000
v -0.065894000000 0.044455500000 -0.000457000000
v -0.064488000000 0.043431500000 -0.000286000000
v -0.062973000000 0.042577500000 -0.000116000000
v -0.061369000000 0.041903500000 0.000055000000
v -0.059700000000 0.041414500000 0.000225000000
v -0.057986000000 0.041116500000 0.000396000000
v -0.056250000000 0.041013500000 0.000566000000
v -0.054513000000 0.041112500000 0.000736000000
v -0.052800000000 0.041411500000 0.000907000000
v -0.051132000000 0.041904500000 0.001077000000
v -0.049529000000 0.042581500000 0.001248000000
v -0.048013000000 0.043434500000 0.001418000000
v -0.046605000000 0.044454500000 0.001589000000
v -0.045324000000 0.045631500000 0.001759000000
v -0.044188000000 0.046947500000 0.001930000000
v -0.043207000000 0.048384500000 0.002100000000
v -0.042394000000 0.049922500000 0.002271000000
v -0.041760000000 0.051542500000 0.002441000000
v -0.041316000000 0.053223500000 0.002611000000
v -0.041072000000 0.054945500000 0.002782000000
v -0.041025000000 0.056684500000 0.002952000000
v -0.041174000000 0.058417500000 0.003123000000
v -0.041517000000 0.060123500000 0.003293000000
v -0.042051000000 0.061778500000 0.003464000000
v -0.042774000000 0.063360500000 0.003634000000
v -0.043675000000 0.064847500000 0.003805000000
v -0.044739000000 0.066224500000 0.003975000000
v -0.045951000000 0.067472500000 0.004146000000
v -0.047295000000 0.068575500000 0.004316000000
v -0.048757000000 0.069517500000 0.004486000000
v -0.050319000000 0.070283500000 0.004657000000
v -0.051958000000 0.070864500000 0.004827000000
v -0.053653000000 0.071258500000 0.004998000000
v -0.055381000000 0.071458500000 0.005168000000
v -0.057120000000 0.071461500000 0.005339000000
v -0.058848000000 0.071263500000 0.005509000000
v -0.060541000000 0.070866500000 0.005680000000
v -0.062179000000 0.070279500000 0.005850000000
v -0.063740000000 0.069512500000 0.006021000000
v -0.065205000000 0.068575500000 0.006191000000
v -0.066553000000 0.067476500000 0.006361000000
v -0.067764000000 0.066227500000 0.006532000000
v -0.068823000000 0.064847500000 0.006702000000
v -0.069721000000 0.063357500000 0.006873000000
v -0.070445000000 0.061776500000 0.007043000000
v -0.070986000000 0.060123500000 0.007214000000
v -0.071332000000 0.058418500000 0.007384000000
v -0.071478000000 0.056685500000 0.007555000000
v -0.071425000000 0.054946500000 0.007725000000
v -0.071178000000 0.053224500000 0.007896000000
v -0.070739000000 0.051541500000 0.008066000000
v -0.070110000000 0.049920500000 0.008236000000
v -0.069297000000 0.048382500000 0.008407000000
v -0.068313000000 0.046948500000 0.008577000000
v -0.067173000000 0.045634500000 0.008748000000
v -0.065892000000 0.044457500000 0.008918000000
v -0.064487000000 0.043432500000 0.009089000000
v -0.062973000000 0.042576500000 0.009259000000
v -0.061370000000 0.041900500000 0.009430000000
v -0.059701000000 0.041410500000 0.009600000000
vt 0.250000000000 0.500000000000
vt 0.250000000000 0.500000000000
vt 0.250000000000 0.500000000000
vt 0.250000000000 0.500000000000
vt 0.250000000000 0.500000000000
vt 0.250000000000 0.500000000000
vt 0.250000000000 0.500000000000
vt 0.250000000000 0.500000000000
vt 0.250000000000 0.500000000000
vt 0.250000000000 0.500000000000
vt 0.250000000000 0.500000000000
vt 0.250000000000 0.500000000000
vt 0.250000000000 0.500000000000
vt 0.250000000000 0.500000000000
vt 0.250000000000 0.500000000000
vt 0.250000000000 0.500000000000
vt 0.250000000000 0.500000000000
vt 0.250000000000 0.500000000000
vt 0.250000000000 0.500000000000
vt 0.250000000000 0.500000000000
vt 0.250000000000 0.500000000000
vt 0.250000000000 0.500000000000
vt 0.250000000000 0.500000000000
vt 0.250000000000 0.500000000000
vt 0.250000000000 0.500000000000
vt 0.250000000000 0.500000000000
vt 0.250000000000 0.500000000000
vt 0.250000000000 0.500000000000
vt 0.250000000000 0.500000000000
vt 0.250000000000 0.500000000000
vt 0.250000000000 0.500000000000
vt 0.250000000000 0.500000000000
vt 0.250000000000 0.500000000000
vt 0.250000000000 0.500000000000
vt 0.250000000000 0.500000000000
vt 0.250000000000 0.500000000000
vt 0.250000000000 0.500000000000
vt 0.250000000000 0.500000000000
vt 0.250000000000 0.500000000000
vt 0.250000000000 0.500000000000
vt 0.250000000000 0.500000000000
vt 0.250000000000 0.500000000000
vt 0.250000000000 0.500000000000
vt 0.250000000000 0.500000000000
vt 0.250000000000 0.500000000000
vt 0.250000000000 0.500000000000
vt 0.250000000000 0.500000000000
vt 0.250000000000 0.500000000000
vt 0.250000000000 0.500000000000
vt 0.250000000000 0.500000000000
vt 0.250000000000 0.500000000000
vt 0.250000000000 0.500000000000
vt 0.250000000000 0.500000000000
vt 0.250000000000 0.500000000000
vt 0.250000000000 0.500000000000
vt 0.250000000000 0.500000000000
vt 0.250000000000 0.500000000000
vt 0.250000000000 0.500000000000
vt 0.250000000000 0.500000000000
vt 0.250000000000 0.500000000000
vt 0.250000000000 0.500000000000
vt 0.250000000000 0.500000000000
vt 0.250000000000 0.500000000000
vt 0.250000000000 0.500000000000
vt 0.250000000000 0.500000000000
vt 0.250000000000 0.500000000000
vt 0.250000000000 0.500000000000
vt 0.250000000000 0.500000000000
vt 0.250000000000 0.500000000000
vt 0.250000000000 0.500000000000
vt 0.250000000000 0.500000000000
vt 0.250000000000 0.500000000000
vt 0.250000000000 0.500000000000
vt 0.250000000000 0.500000000000
vt 0.250000000000 0.500000000000
vt 0.250000000000 0.500000000000
vt 0.250000000000 0.500000000000
vt 0.250000000000 0.500000000000
vt 0.250000000000 0.500000000000
vt 0.250000000000 0.500000000000
vt 0.250000000000 0.500000000000
vt 0.250000000000 0.500000000000
vt 0.250000000000 0.500000000000
vt 0.250000000000 0.500000000000
vt 0.250000000000 0.500000000000
vt 0.250000000000 0.500000000000
vt 0.250000000000 0.500000000000
vt 0.250000000000 0.500000000000
vt 0.250000000000 0.500000000000
vt 0.250000000000 0.500000000000
vt 0.250000000000 0.500000000000
vt 0.250000000000 0.500000000000
vt 0.250000000000 0.500000000000
vt 0.250000000000 0.500000000000
vt 0.250000000000 0.500000000000
vt 0.250000000000 0.500000000000
vt 0.250000000000 0.500000000000
vt 0.250000000000 0.500000000000
vt 0.250000000000 0.500000000000
vt 0.250000000000 0.500000000000
vt 0.250000000000 0.500000000000
vt 0.250000000000 0.500000000000
vt 0.250000000000 0.500000000000
vt 0.250000000000 0.500000000000
vt 0.250000000000 0.500000000000
vt 0.250000000000 0.500000000000
vt 0.250000000000 0.500000000000
vt 0.250000000000 0.500000000000
vt 0.250000000000 0.500000000000
vt 0.250000000000 0.500000000000
vt 0.250000000000 0.500000000000
vt 0.250000000000 0.500000000000
vt 0.250000000000 0.500000000000
vt 0.250000000000 0.500000000000
vt 0.250000000000 0.500000000000
vt 0.250000000000 0.500000000000
vt 0.250000000000 0.500000000000
vt 0.250000000000 0.500000000000
vt 0.250000000000 0.500000000000
vt 0.250000000000 0.500000000000
vt 0.250000000000 0.500000000000
vt 0.250000000000 0.500000000000
vt 0.250000000000 0.500000000000
vt 0.250000000000 0.500000000000
vt 0.250000000000 0.500000000000
vt 0.250000000000 0.500000000000
vt 0.250000000000 0.500000000000
vt 0.250000000000 0.500000000000
vt 0.250000000000 0.500000000000
vt 0.250000000000 0.500000000000
vt 0.250000000000 0.500000000000
vt 0.250000000000 0.500000000000
vt 0.250000000000 0.500000000000
vt 0.250000000000 0.500000000000
vt 0.250000000000 0.500000000000
vt 0.250000000000 0.500000000000
vt 0.250000000000 0.500000000000
vt 0.250000000000 0.500000000000
vt 0.250000000000 0.500000000000
vt 0.250000000000 0.500000000000
vt 0.250000000000 0.500000000000
vt 0.250000000000 0.500000000000
vt 0.250000000000 0.500000000000
vt 0.250000000000 0.500000000000
vt 0.250000000000 0.500000000000
vt 0.250000000000 0.500000000000
vt 0.250000000000 0.500000000000
vt 0.250000000000 0.500000000000
vt 0.250000000000 0.500000000000
vt 0.250000000000 0.500000000000
vt 0.250000000000 0.500000000000
vt 0.250000000000 0.500000000000
vt 0.250000000000 0.500000000000
vt 0.250000000000 0.500000000000
vt 0.250000000000 0.500000000000
vt 0.250000000000 0.500000000000
vt 0.250000000000 0.500000000000
vt 0.250000000000 0.500000000000
vt 0.250000000000 0.500000000000
vt 0.250000000000 0.500000000000
vt 0.250000000000 0.500000000000
vt 0.250000000000 0.500000000000
vt 0.250000000000 0.500000000000
vt 0.250000000000 0.500000000000
vt 0.250000000000 0.500000000000
vt 0.250000000000 0.500000000000
vt 0.250000000000 0.500000000000
vt 0.250000000000 0.500000000000
vt 0.250000000000 0.500000000000
vt 0.250000000000 0.500000000000
vt 0.250000000000 0.500000000000
vt 0.250000000000 0.500000000000
vt 0.250000000000 0.500000000000
vt 0.250000000000 0.500000000000
vt 0.250000000000 0.500000000000
vt 0.250000000000 0.500000000000
vt 0.250000000000 0.500000000000
vt 0.250000000000 0.500000000000
vt 0.250000000000 0.500000000000
vt 0.250000000000 0.500000000000
vt 0.250000000000 0.500000000000
vt 0.250000000000 0.500000000000
vt 0.250000000000 0.500000000000
vt 0.250000000000 0.500000000000
vt 0.250000000000 0.500000000000
vt 0.250000000000 0.500000000000
vt 0.250000000000 0.500000000000
vt 0.250000000000 0.500000000000
vt 0.250000000000 0.500000000000
vt 0.250000000000 0.500000000000
vt 0.250000000000 0.500000000000
vt 0.250000000000 0.500000000000
vt 0.250000000000 0.500000000000
vt 0.250000000000 0.500000000000
vt 0.250000000000 0.500000000000
vt 0.250000000000 0.500000000000
vt 0.250000000000 0.500000000000
vt 0.250000000000 0.500000000000
vt 0.250000000000 0.500000000000
vt 0.250000000000 0.500000000000
vt 0.250000000000 0.500000000000
vt 0.250000000000 0.500000000000
vt 0.250000000000 0.500000000000
vt 0.250000000000 0.500000000000
vt 0.250000000000 0.500000000000
vt 0.250000000000 0.500000000000
vt 0.250000000000 0.500000000000
vt 0.250000000000 0.500000000000
vt 0.250000000000 0.500000000000
vt 0.250000000000 0.500000000000
vt 0.250000000000 0.500000000000
vt 0.250000000000 0.500000000000
vt 0.250000000000 0.500000000000
vt 0.250000000000 0.500000000000
vt 0.250000000000 0.500000000000
vt 0.250000000000 0.500000000000
vt 0.250000000000 0.500000000000
vt 0.250000000000 0.500000000000
vt 0.250000000000 0.500000000000
vt 0.250000000000 0.500000000000
vt 0.250000000000 0.500000000000
vt 0.250000000000 0.500000000000
vt 0.250000000000 0.500000000000
vt 0.250000000000 0.500000000000
vt 0.250000000000 0.500000000000
vt 0.250000000000 0.500000000000
vt 0.250000000000 0.500000000000
vt 0.250000000000 0.500000000000
vt 0.250000000000 0.500000000000
vt 0.250000000000 0.500000000000
vt 0.250000000000 0.500000000000
vt 0.250000000000 0.500000000000
vt 0.250000000000 0.500000000000
vt 0.250000000000 0.500000000000
vt 0.250000000000 0.500000000000
vt 0.250000000000 0.500000000000
vt 0.250000000000 0.500000000000
vt 0.250000000000 0.500000000000
vt 0.250000000000 0.500000000000
vt 0.250000000000 0.500000000000
vt 0.250000000000 0.500000000000
vt 0.250000000000 0.500000000000
vt 0.250000000000 0.500000000000
vt 0.250000000000 0.500000000000
vt 0.250000000000 0.500000000000
vt 0.250000000000 0.500000000000
vt 0.250000000000 0.500000000000
vt 0.250000000000 0.500000000000
vt 0.250000000000 0.500000000000
vt 0.250000000000 0.500000000000
vt 0.250000000000 0.500000000000
vt 0.250000000000 0.500000000000
vt 0.250000000000 0.500000000000
vt 0.250000000000 0.500000000000
vt 0.250000000000 0.500000000000
vt 0.250000000000 0.500000000000
vt 0.250000000000 0.500000000000
vt 0.250000000000 0.500000000000
vt 0.250000000000 0.500000000000
vt 0.250000000000 0.500000000000
vt 0.250000000000 0.500000000000
vt 0.250000000000 0.500000000000
vt 0.250000000000 0.500000000000
vt 0.250000000000 0.500000000000
vt 0.250000000000 0.500000000000
vt 0.250000000000 0.500000000000
vt 0.250000000000 0.500000000000
vt 0.250000000000 0.500000000000
vt 0.250000000000 0.500000000000
vt 0.250000000000 0.500000000000
vt 0.250000000000 0.500000000000
vt 0.250000000000 0.500000000000
vt 0.250000000000 0.500000000000
vt 0.250000000000 0.500000000000
vt 0.250000000000 0.500000000000
vt 0.250000000000 0.500000000000
vt 0.250000000000 0.500000000000
vt 0.250000000000 0.500000000000
vt 0.250000000000 0.500000000000
vt 0.250000000000 0.500000000000
vt 0.250000000000 0.500000000000
vt 0.250000000000 0.500000000000
vt 0.250000000000 0.500000000000
vt 0.250000000000 0.500000000000
vt 0.250000000000 0.500000000000
vt 0.250000000000 0.500000000000
vt 0.250000000000 0.500000000000
vt 0.250000000000 0.500000000000
vt 0.250000000000 0.500000000000
vt 0.250000000000 0.500000000000
vt 0.250000000000 0.500000000000
vt 0.250000000000 0.500000000000
vt 0.250000000000 0.500000000000
vt 0.250000000000 0.500000000000
vt 0.250000000000 0.500000000000
vt 0.250000000000 0.500000000000
vt 0.250000000000 0.500000000000
vt 0.250000000000 0.500000000000
vt 0.250000000000 0.500000000000
vt 0.250000000000 0.500000000000
vt 0.250000000000 0.500000000000
vt 0.250000000000 0.500000000000
vt 0.250000000000 0.500000000000
vt 0.250000000000 0.500000000000
vt 0.250000000000 0.500000000000
vt 0.250000000000 0.500000000000
vt 0.250000000000 0.500000000000
vt 0.250000000000 0.500000000000
vt 0.250000000000 0.500000000000
vt 0.250000000000 0.500000000000
vt 0.250000000000 0.500000000000
vt 0.250000000000 0.500000000000
vt 0.250000000000 0.500000000000
vt 0.250000000000 0.500000000000
vt 0.250000000000 0.500000000000
vt 0.250000000000 0.500000000000
vt 0.250000000000 0.500000000000
vt 0.250000000000 0.500000000000
vt 0.250000000000 0.500000000000
vt 0.250000000000 0.500000000000
vt 0.250000000000 0.500000000000
vt 0.250000000000 0.500000000000
vt 0.250000000000 0.500000000000
vt 0.250000000000 0.500000000000
vt 0.250000000000 0.500000000000
vt 0.250000000000 0.500000000000
vt 0.250000000000 0.500000000000
vt 0.250000000000 0.500000000000
vt 0.250000000000 0.500000000000
vt 0.250000000000 0.500000000000
vt 0.250000000000 0.500000000000
vt 0.250000000000 0.500000000000
vt 0.250000000000 0.500000000000
vt 0.250000000000 0.500000000000
vt 0.250000000000 0.500000000000
vt 0.250000000000 0.500000000000
vt 0.250000000000 0.500000000000
vt 0.250000000000 0.500000000000
vt 0.250000000000 0.500000000000
vt 0.250000000000 0.500000000000
vt 0.250000000000 0.500000000000
vt 0.250000000000 0.500000000000
vt 0.250000000000 0.500000000000
vt 0.250000000000 0.500000000000
vt 0.250000000000 0.500000000000
vt 0.250000000000 0.500000000000
vt 0.250000000000 0.500000000000
vt 0.250000000000 0.500000000000
vt 0.250000000000 0.500000000000
vt 0.250000000000 0.500000000000
vt 0.250000000000 0.500000000000
vt 0.250000000000 0.500000000000
vt 0.250000000000 0.500000000000
vt 0.250000000000 0.500000000000
vt 0.250000000000 0.500000000000
vt 0.250000000000 0.500000000000
vt 0.250000000000 0.500000000000
vt 0.250000000000 0.500000000000
vt 0.250000000000 0.500000000000
vt 0.250000000000 0.500000000000
vt 0.250000000000 0.500000000000
vt 0.250000000000 0.500000000000
vt 0.250000000000 0.500000000000
vt 0.250000000000 0.500000000000
vt 0.250000000000 0.500000000000
vt 0.250000000000 0.500000000000
vt 0.250000000000 0.500000000000
vt 0.250000000000 0.500000000000
vt 0.250000000000 0.500000000000
vt 0.250000000000 0.500000000000
vt 0.250000000000 0.500000000000
vt 0.250000000000 0.500000000000
vt 0.250000000000 0.500000000000
vt 0.250000000000 0.500000000000
vt 0.250000000000 0.500000000000
vt 0.250000000000 0.500000000000
vt 0.250000000000 0.500000000000
vt 0.250000000000 0.500000000000
vt 0.250000000000 0.500000000000
vt 0.250000000000 0.500000000000
vt 0.250000000000 0.500000000000
vt 0.250000000000 0.500000000000
vt 0.250000000000 0.500000000000
vt 0.250000000000 0.500000000000
vt 0.250000000000 0.500000000000
vt 0.250000000000 0.500000000000
vt 0.250000000000 0.500000000000
vt 0.250000000000 0.500000000000
vt 0.250000000000 0.500000000000
vt 0.250000000000 0.500000000000
vt 0.250000000000 0.500000000000
vt 0.250000000000 0.500000000000
vt 0.250000000000 0.500000000000
vt 0.250000000000 0.500000000000
vt 0.250000000000 0.500000000000
vt 0.250000000000 0.500000000000
vt 0.250000000000 0.500000000000
vt 0.250000000000 0.500000000000
vt 0.250000000000 0.500000000000
vt 0.250000000000 0.500000000000
vt 0.250000000000 0.500000000000
vt 0.250000000000 0.500000000000
vt 0.250000000000 0.500000000000
vt 0.250000000000 0.500000000000
vt 0.250000000000 0.500000000000
vt 0.250000000000 0.500000000000
vt 0.250000000000 0.500000000000
vt 0.250000000000 0.500000000000
vt 0.250000000000 0.500000000000
vt 0.250000000000 0.500000000000
vt 0.250000000000 0.500000000000
vt 0.250000000000 0.500000000000
vt 0.250000000000 0.500000000000
vt 0.250000000000 0.500000000000
vt 0.250000000000 0.500000000000
vt 0.250000000000 0.500000000000
vt 0.250000000000 0.500000000000
vt 0.250000000000 0.500000000000
vt 0.250000000000 0.500000000000
vt 0.250000000000 0.500000000000
vt 0.250000000000 0.500000000000
vt 0.250000000000 0.500000000000
vt 0.250000000000 0.500000000000
vt 0.250000000000 0.500000000000
vt 0.250000000000 0.500000000000
vt 0.250000000000 0.500000000000
vt 0.250000000000 0.500000000000
vt 0.250000000000 0.500000000000
vt 0.250000000000 0.500000000000
vt 0.250000000000 0.500000000000
vt 0.250000000000 0.500000000000
vt 0.250000000000 0.500000000000
vt 0.250000000000 0.500000000000
vt 0.250000000000 0.500000000000
vt 0.250000000000 0.500000000000
vt 0.250000000000 0.500000000000
vt 0.250000000000 0.500000000000
vt 0.250000000000 0.500000000000
vt 0.250000000000 0.500000000000
vt 0.250000000000 0.500000000000
vt 0.250000000000 0.500000000000
vt 0.250000000000 0.500000000000
vt 0.250000000000 0.500000000000
vt 0.250000000000 0.500000000000
vt 0.250000000000 0.500000000000
vt 0.250000000000 0.500000000000
vt 0.250000000000 0.500000000000
vt 0.250000000000 0.500000000000
vt 0.250000000000 0.500000000000
vt 0.250000000000 0.500000000000
vt 0.250000000000 0.500000000000
vt 0.250000000000 0.500000000000
vt 0.250000000000 0.500000000000
vt 0.250000000000 0.500000000000
vt 0.250000000000 0.500000000000
vt 0.250000000000 0.500000000000
vt 0.250000000000 0.500000000000
vt 0.250000000000 0.500000000000
vt 0.250000000000 0.500000000000
vt 0.250000000000 0.500000000000
vt 0.250000000000 0.500000000000
vt 0.250000000000 0.500000000000
vt 0.250000000000 0.500000000000
vt 0.250000000000 0.500000000000
vt 0.250000000000 0.500000000000
vt 0.250000000000 0.500000000000
vt 0.250000000000 0.500000000000
vt 0.250000000000 0.500000000000
vt 0.250000000000 0.500000000000
vt 0.250000000000 0.500000000000
vt 0.250000000000 0.500000000000
vt 0.250000000000 0.500000000000
vt 0.250000000000 0.500000000000
vt 0.250000000000 0.500000000000
vt 0.250000000000 0.500000000000
vt 0.250000000000 0.500000000000
vt 0.250000000000 0.500000000000
vt 0.250000000000 0.500000000000
vt 0.250000000000 0.500000000000
vt 0.250000000000 0.500000000000
vt 0.250000000000 0.500000000000
vt 0.250000000000 0.500000000000
vt 0.250000000000 0.500000000000
vt 0.250000000000 0.500000000000
vt 0.250000000000 0.500000000000
vt 0.250000000000 0.500000000000
vt 0.250000000000 0.500000000000
vt 0.250000000000 0.500000000000
vt 0.250000000000 0.500000000000
vt 0.250000000000 0.500000000000
vt 0.250000000000 0.500000000000
vt 0.250000000000 0.500000000000
vt 0.250000000000 0.500000000000
vt 0.250000000000 0.500000000000
vt 0.250000000000 0.500000000000
vt 0.250000000000 0.500000000000
vt 0.250000000000 0.500000000000
vt 0.250000000000 0.500000000000
vt 0.250000000000 0.500000000000
vt 0.250000000000 0.500000000000
vt 0.250000000000 0.500000000000
vt 0.250000000000 0.500000000000
vt 0.250000000000 0.500000000000
vt 0.250000000000 0.500000000000
vt 0.250000000000 0.500000000000
vt 0.250000000000 0.500000000000
vt 0.250000000000 0.500000000000
vt 0.250000000000 0.500000000000
vt 0.250000000000 0.500000000000
vt 0.250000000000 0.500000000000
vt 0.250000000000 0.500000000000
vt 0.250000000000 0.500000000000
vt 0.250000000000 0.500000000000
vt 0.250000000000 0.500000000000
vt 0.250000000000 0.500000000000
vt 0.250000000000 0.500000000000
vt 0.250000000000 0.500000000000
vt 0.250000000000 0.500000000000
vt 0.250000000000 0.500000000000
vt 0.250000000000 0.500000000000
vt 0.250000000000 0.500000000000
vt 0.250000000000 0.500000000000
vt 0.250000000000 0.500000000000
vt 0.250000000000 0.500000000000
vt 0.250000000000 0.500000000000
vt 0.250000000000 0.500000000000
vt 0.250000000000 0.500000000000
vt 0.250000000000 0.500000000000
vt 0.250000000000 0.500000000000
vt 0.250000000000 0.500000000000
vt 0.250000000000 0.500000000000
vt 0.250000000000 0.500000000000
vt 0.250000000000 0.500000000000
vt 0.250000000000 0.500000000000
vt 0.250000000000 0.500000000000
vt 0.250000000000 0.500000000000
vt 0.250000000000 0.500000000000
vt 0.250000000000 0.500000000000
vt 0.250000000000 0.500000000000
vt 0.250000000000 0.500000000000
vt 0.250000000000 0.500000000000
vt 0.250000000000 0.500000000000
vt 0.250000000000 0.500000000000
vt 0.250000000000 0.500000000000
vt 0.250000000000 0.500000000000
vt 0.250000000000 0.500000000000
vt 0.250000000000 0.500000000000
vt 0.250000000000 0.500000000000
vt 0.250000000000 0.500000000000
vt 0.250000000000 0.500000000000
vt 0.250000000000 0.500000000000
vt 0.250000000000 0.500000000000
vt 0.250000000000 0.500000000000
vt 0.250000000000 0.500000000000
vt 0.250000000000 0.500000000000
vt 0.250000000000 0.500000000000
vt 0.250000000000 0.500000000000
vt 0.250000000000 0.500000000000
vt 0.250000000000 0.500000000000
vt 0.250000000000 0.500000000000
vt 0.250000000000 0.500000000000
vt 0.250000000000 0.500000000000
vt 0.250000000000 0.500000000000
vt 0.250000000000 0.500000000000
vt 0.250000000000 0.500000000000
vt 0.250000000000 0.500000000000
vt 0.250000000000 0.500000000000
vt 0.250000000000 0.500000000000
vt 0.250000000000 0.500000000000
vt 0.250000000000 0.500000000000
vt 0.250000000000 0.500000000000
vt 0.250000000000 0.500000000000
vt 0.250000000000 0.500000000000
vt 0.250000000000 0.500000000000
vt 0.250000000000 0.500000000000
vt 0.250000000000 0.500000000000
vt 0.250000000000 0.500000000000
vt 0.250000000000 0.500000000000
vt 0.250000000000 0.500000000000
vt 0.250000000000 0.500000000000
vt 0.250000000000 0.500000000000
vt 0.250000000000 0.500000000000
vt 0.250000000000 0.500000000000
vt 0.250000000000 0.500000000000
vt 0.250000000000 0.500000000000
vt 0.250000000000 0.500000000000
vt 0.250000000000 0.500000000000
vt 0.250000000000 0.500000000000
vt 0.250000000000 0.500000000000
vt 0.250000000000 0.500000000000
vt 0.250000000000 0.500000000000
vt 0.250000000000 0.500000000000
vt 0.250000000000 0.500000000000
vt 0.250000000000 0.500000000000
vt 0.250000000000 0.500000000000
vt 0.250000000000 0.500000000000
vt 0.250000000000 0.500000000000
vt 0.250000000000 0.500000000000
vt 0.250000000000 0.500000000000
vt 0.250000000000 0.500000000000
vt 0.250000000000 0.500000000000
vt 0.250000000000 0.500000000000
vt 0.250000000000 0.500000000000
vt 0.250000000000 0.500000000000
vt 0.250000000000 0.500000000000
vt 0.250000000000 0.500000000000
vt 0.250000000000 0.500000000000
vt 0.250000000000 0.500000000000
vt 0.250000000000 0.500000000000
vt 0.250000000000 0.500000000000
vt 0.250000000000 0.500000000000
vt 0.250000000000 0.500000000000
vt 0.250000000000 0.500000000000
vt 0.250000000000 0.500000000000
vt 0.250000000000 0.500000000000
vt 0.250000000000 0.500000000000
vt 0.250000000000 0.500000000000
vt 0.250000000000 0.500000000000
vt 0.250000000000 0.500000000000
vt 0.250000000000 0.500000000000
vt 0.250000000000 0.500000000000
vt 0.250000000000 0.500000000000
vt 0.250000000000 0.500000000000
vt 0.250000000000 0.500000000000
vt 0.250000000000 0.500000000000
vt 0.250000000000 0.500000000000
vt 0.250000000000 0.500000000000
vt 0.250000000000 0.500000000000
vt 0.250000000000 0.500000000000
vt 0.250000000000 0.500000000000
vt 0.250000000000 0.500000000000
vt 0.250000000000 0.500000000000
vt 0.250000000000 0.500000000000
vt 0.250000000000 0.500000000000
vt 0.250000000000 0.500000000000
vt 0.250000000000 0.500000000000
vt 0.250000000000 0.500000000000
vt 0.250000000000 0.500000000000
vt 0.250000000000 0.500000000000
vt 0.250000000000 0.500000000000
vt 0.250000000000 0.500000000000
vt 0.250000000000 0.500000000000
vt 0.250000000000 0.500000000000
vt 0.250000000000 0.500000000000
vt 0.250000000000 0.500000000000
vt 0.250000000000 0.500000000000
vt 0.250000000000 0.500000000000
vt 0.250000000000 0.500000000000
vt 0.250000000000 0.500000000000
vt 0.250000000000 0.500000000000
vt 0.250000000000 0.500000000000
vt 0.250000000000 0.500000000000
vt 0.250000000000 0.500000000000
vt 0.250000000000 0.500000000000
vt 0.250000000000 0.500000000000
vt 0.250000000000 0.500000000000
vt 0.250000000000 0.500000000000
vt 0.250000000000 0.500000000000
vt 0.250000000000 0.500000000000
vt 0.250000000000 0.500000000000
vt 0.250000000000 0.500000000000
vt 0.250000000000 0.500000000000
vt 0.250000000000 0.500000000000
vt 0.250000000000 0.500000000000
vt 0.250000000000 0.500000000000
vt 0.250000000000 0.500000000000
vt 0.250000000000 0.500000000000
vt 0.250000000000 0.500000000000
vt 0.250000000000 0.500000000000
vt 0.250000000000 0.500000000000
vt 0.250000000000 0.500000000000
vt 0.250000000000 0.500000000000
vt 0.250000000000 0.500000000000
vt 0.250000000000 0.500000000000
vt 0.250000000000 0.500000000000
vt 0.250000000000 0.500000000000
vt 0.250000000000 0.500000000000
vt 0.250000000000 0.500000000000
vt 0.250000000000 0.500000000000
vt 0.250000000000 0.500000000000
vt 0.250000000000 0.500000000000
vt 0.250000000000 0.500000000000
vt 0.250000000000 0.500000000000
vt 0.250000000000 0.500000000000
vt 0.250000000000 0.500000000000
vt 0.250000000000 0.500000000000
vt 0.250000000000 0.500000000000
vt 0.250000000000 0.500000000000
vt 0.250000000000 0.500000000000
vt 0.250000000000 0.500000000000
vt 0.250000000000 0.500000000000
vt 0.250000000000 0.500000000000
vt 0.250000000000 0.500000000000
vt 0.250000000000 0.500000000000
vt 0.250000000000 0.500000000000
vt 0.250000000000 0.500000000000
vt 0.250000000000 0.500000000000
vt 0.250000000000 0.500000000000
vt 0.250000000000 0.500000000000
vt 0.250000000000 0.500000000000
vt 0.250000000000 0.500000000000
vt 0.250000000000 0.500000000000
vt 0.250000000000 0.500000000000
vt 0.250000000000 0.500000000000
vt 0.250000000000 0.500000000000
vt 0.250000000000 0.500000000000
vt 0.250000000000 0.500000000000
vt 0.250000000000 0.500000000000
vt 0.250000000000 0.500000000000
vt 0.250000000000 0.500000000000
vt 0.250000000000 0.500000000000
vt 0.250000000000 0.500000000000
vt 0.250000000000 0.500000000000
vt 0.250000000000 0.500000000000
vt 0.250000000000 0.500000000000
vt 0.250000000000 0.500000000000
vt 0.250000000000 0.500000000000
vt 0.250000000000 0.500000000000
vt 0.250000000000 0.500000000000
vt 0.250000000000 0.500000000000
vt 0.250000000000 0.500000000000
vt 0.250000000000 0.500000000000
vt 0.250000000000 0.500000000000
vt 0.250000000000 0.500000000000
vt 0.250000000000 0.500000000000
vt 0.250000000000 0.500000000000
vt 0.250000000000 0.500000000000
vt 0.250000000000 0.500000000000
vt 0.250000000000 0.500000000000
vt 0.250000000000 0.500000000000
vt 0.250000000000 0.500000000000
vt 0.250000000000 0.500000000000
vt 0.250000000000 0.500000000000
vt 0.250000000000 0.500000000000
vt 0.250000000000 0.500000000000
vt 0.250000000000 0.500000000000
vt 0.250000000000 0.500000000000
vt 0.250000000000 0.500000000000
vt 0.250000000000 0.500000000000
vt 0.250000000000 0.500000000000
vt 0.250000000000 0.500000000000
vt 0.250000000000 0.500000000000
vt 0.250000000000 0.500000000000
vt 0.250000000000 0.500000000000
vt 0.250000000000 0.500000000000
vt 0.250000000000 0.500000000000
vt 0.250000000000 0.500000000000
vt 0.250000000000 0.500000000000
vt 0.250000000000 0.500000000000
vt 0.250000000000 0.500000000000
vt 0.250000000000 0.500000000000
vt 0.250000000000 0.500000000000
vt 0.250000000000 0.500000000000
vt 0.250000000000 0.500000000000
vt 0.250000000000 0.500000000000
vt 0.250000000000 0.500000000000
vt 0.250000000000 0.500000000000
vt 0.250000000000 0.500000000000
vt 0.250000000000 0.500000000000
vt 0.250000000000 0.500000000000
vt 0.250000000000 0.500000000000
vt 0.250000000000 0.500000000000
vt 0.250000000000 0.500000000000
vt 0.250000000000 0.500000000000
vt 0.250000000000 0.500000000000
vt 0.250000000000 0.500000000000
vt 0.250000000000 0.500000000000
vt 0.250000000000 0.500000000000
vt 0.250000000000 0.500000000000
vt 0.250000000000 0.500000000000
vt 0.250000000000 0.500000000000
vt 0.250000000000 0.500000000000
vt 0.250000000000 0.500000000000
vt 0.250000000000 0.500000000000
vt 0.250000000000 0.500000000000
vt 0.250000000000 0.500000000000
vt 0.250000000000 0.500000000000
vt 0.250000000000 0.500000000000
vt 0.250000000000 0.500000000000
vt 0.250000000000 0.500000000000
vt 0.250000000000 0.500000000000
vt 0.250000000000 0.500000000000
vt 0.250000000000 0.500000000000
vt 0.250000000000 0.500000000000
vt 0.250000000000 0.500000000000
vt 0.250000000000 0.500000000000
vt 0.250000000000 0.500000000000
vt 0.250000000000 0.500000000000
vt 0.250000000000 0.500000000000
vt 0.250000000000 0.500000000000
vt 0.250000000000 0.500000000000
vt 0.250000000000 0.500000000000
vt 0.250000000000 0.500000000000
vt 0.250000000000 0.500000000000
vt 0.250000000000 0.500000000000
vt 0.250000000000 0.500000000000
vt 0.250000000000 0.500000000000
vt 0.250000000000 0.500000000000
vt 0.250000000000 0.500000000000
vt 0.250000000000 0.500000000000
vt 0.250000000000 0.500000000000
vt 0.250000000000 0.500000000000
vt 0.250000000000 0.500000000000
vt 0.250000000000 0.500000000000
vt 0.250000000000 0.500000000000
vt 0.250000000000 0.500000000000
vt 0.250000000000 0.500000000000
vt 0.250000000000 0.500000000000
vt 0.250000000000 0.500000000000
vt 0.250000000000 0.500000000000
vt 0.250000000000 0.500000000000
vt 0.250000000000 0.500000000000
vt 0.250000000000 0.500000000000
vt 0.250000000000 0.500000000000
vt 0.250000000000 0.500000000000
vt 0.250000000000 0.500000000000
vt 0.250000000000 0.500000000000
vt 0.250000000000 0.500000000000
vt 0.250000000000 0.500000000000
vt 0.250000000000 0.500000000000
vt 0.250000000000 0.500000000000
vt 0.250000000000 0.500000000000
vt 0.250000000000 0.500000000000
vt 0.250000000000 0.500000000000
vt 0.250000000000 0.500000000000
vt 0.250000000000 0.500000000000
vt 0.250000000000 0.500000000000
vt 0.250000000000 0.500000000000
vt 0.250000000000 0.500000000000
vt 0.250000000000 0.500000000000
vt 0.250000000000 0.500000000000
vt 0.250000000000 0.500000000000
vt 0.250000000000 0.500000000000
vt 0.250000000000 0.500000000000
vt 0.250000000000 0.500000000000
vt 0.250000000000 0.500000000000
vt 0.250000000000 0.500000000000
vt 0.250000000000 0.500000000000
vt 0.250000000000 0.500000000000
vt 0.250000000000 0.500000000000
vt 0.250000000000 0.500000000000
vt 0.250000000000 0.500000000000
vt 0.250000000000 0.500000000000
vt 0.250000000000 0.500000000000
vt 0.250000000000 0.500000000000
vt 0.250000000000 0.500000000000
vt 0.250000000000 0.500000000000
vt 0.250000000000 0.500000000000
vt 0.250000000000 0.500000000000
vt 0.250000000000 0.500000000000
vt 0.250000000000 0.500000000000
vt 0.250000000000 0.500000000000
vt 0.250000000000 0.500000000000
vt 0.250000000000 0.500000000000
vt 0.250000000000 0.500000000000
vt 0.250000000000 0.500000000000
vt 0.250000000000 0.500000000000
vt 0.250000000000 0.500000000000
vt 0.250000000000 0.500000000000
vt 0.250000000000 0.500000000000
vt 0.250000000000 0.500000000000
vt 0.250000000000 0.500000000000
vt 0.250000000000 0.500000000000
vt 0.250000000000 0.500000000000
vt 0.250000000000 0.500000000000
vt 0.250000000000 0.500000000000
vt 0.250000000000 0.500000000000
vt 0.250000000000 0.500000000000
vt 0.250000000000 0.500000000000
vt 0.250000000000 0.500000000000
vt 0.250000000000 0.500000000000
vt 0.250000000000 0.500000000000
vt 0.250000000000 0.500000000000
vt 0.250000000000 0.500000000000
vt 0.250000000000 0.500000000000
vt 0.250000000000 0.500000000000
vt 0.250000000000 0.500000000000
vt 0.250000000000 0.500000000000
vt 0.250000000000 0.500000000000
vt 0.250000000000 0.500000000000
vt 0.250000000000 0.500000000000
vt 0.250000000000 0.500000000000
vt 0.250000000000 0.500000000000
vt 0.250000000000 0.500000000000
vt 0.250000000000 0.500000000000
vt 0.250000000000 0.500000000000
vt 0.250000000000 0.500000000000
vt 0.250000000000 0.500000000000
vt 0.250000000000 0.500000000000
vt 0.250000000000 0.500000000000
vt 0.250000000000 0.500000000000
vt 0.250000000000 0.500000000000
vt 0.250000000000 0.500000000000
vt 0.250000000000 0.500000000000
vt 0.250000000000 0.500000000000
vt 0.250000000000 0.500000000000
vt 0.250000000000 0.500000000000
vt 0.250000000000 0.500000000000
vt 0.250000000000 0.500000000000
vt 0.250000000000 0.500000000000
vt 0.250000000000 0.500000000000
vt 0.250000000000 0.500000000000
vt 0.250000000000 0.500000000000
vt 0.250000000000 0.500000000000
vt 0.250000000000 0.500000000000
vt 0.250000000000 0.500000000000
vt 0.250000000000 0.500000000000
vt 0.250000000000 0.500000000000
vt 0.250000000000 0.500000000000
vt 0.250000000000 0.500000000000
vt 0.250000000000 0.500000000000
vt 0.250000000000 0.500000000000
vt 0.250000000000 0.500000000000
vt 0.250000000000 0.500000000000
vt 0.250000000000 0.500000000000
vt 0.250000000000 0.500000000000
vt 0.250000000000 0.500000000000
vt 0.250000000000 0.500000000000
vt 0.250000000000 0.500000000000
vt 0.250000000000 0.500000000000
vt 0.250000000000 0.500000000000
vt 0.250000000000 0.500000000000
vt 0.250000000000 0.500000000000
vt 0.250000000000 0.500000000000
vt 0.250000000000 0.500000000000
vt 0.250000000000 0.500000000000
vt 0.250000000000 0.500000000000
vt 0.250000000000 0.500000000000
vt 0.250000000000 0.500000000000
vt 0.250000000000 0.500000000000
vt 0.250000000000 0.500000000000
vt 0.250000000000 0.500000000000
vt 0.250000000000 0.500000000000
vt 0.250000000000 0.500000000000
vt 0.250000000000 0.500000000000
vt 0.250000000000 0.500000000000
vt 0.250000000000 0.500000000000
vt 0.250000000000 0.500000000000
vt 0.250000000000 0.500000000000
vt 0.250000000000 0.500000000000
vt 0.250000000000 0.500000000000
vt 0.250000000000 0.500000000000
vt 0.250000000000 0.500000000000
vt 0.250000000000 0.500000000000
vt 0.250000000000 0.500000000000
vt 0.250000000000 0.500000000000
vt 0.250000000000 0.500000000000
vt 0.250000000000 0.500000000000
vt 0.250000000000 0.500000000000
vt 0.250000000000 0.500000000000
vt 0.250000000000 0.500000000000
vt 0.250000000000 0.500000000000
vt 0.250000000000 0.500000000000
vt 0.250000000000 0.500000000000
vt 0.250000000000 0.500000000000
vt 0.250000000000 0.500000000000
vt 0.250000000000 0.500000000000
vt 0.250000000000 0.500000000000
vt 0.250000000000 0.500000000000
vt 0.250000000000 0.500000000000
vt 0.250000000000 0.500000000000
vt 0.250000000000 0.500000000000
vt 0.250000000000 0.500000000000
vt 0.250000000000 0.500000000000
vt 0.250000000000 0.500000000000
vt 0.250000000000 0.500000000000
vt 0.250000000000 0.500000000000
vt 0.250000000000 0.500000000000
vt 0.250000000000 0.500000000000
vt 0.250000000000 0.500000000000
vt 0.250000000000 0.500000000000
vt 0.250000000000 0.500000000000
vt 0.250000000000 0.500000000000
vt 0.250000000000 0.500000000000
vt 0.250000000000 0.500000000000
vt 0.250000000000 0.500000000000
vt 0.250000000000 0.500000000000
vt 0.250000000000 0.500000000000
vt 0.250000000000 0.500000000000
vt 0.250000000000 0.500000000000
vt 0.250000000000 0.500000000000
vt 0.250000000000 0.500000000000
vt 0.250000000000 0.500000000000
vt 0.250000000000 0.500000000000
vt 0.250000000000 0.500000000000
vt 0.250000000000 0.500000000000
vt 0.250000000000 0.500000000000
vt 0.250000000000 0.500000000000
vt 0.250000000000 0.500000000000
vt 0.250000000000 0.500000000000
vt 0.250000000000 0.500000000000
vt 0.250000000000 0.500000000000
vt 0.250000000000 0.500000000000
vt 0.250000000000 0.500000000000
vt 0.250000000000 0.500000000000
vt 0.250000000000 0.500000000000
vt 0.250000000000 0.500000000000
vt 0.250000000000 0.500000000000
vt 0.250000000000 0.500000000000
vt 0.250000000000 0.500000000000
vt 0.250000000000 0.500000000000
vt 0.250000000000 0.500000000000
vt 0.250000000000 0.500000000000
vt 0.250000000000 0.500000000000
vt 0.250000000000 0.500000000000
vt 0.250000000000 0.500000000000
vt 0.250000000000 0.500000000000
vt 0.250000000000 0.500000000000
vt 0.250000000000 0.500000000000
vt 0.250000000000 0.500000000000
vt 0.250000000000 0.500000000000
vt 0.250000000000 0.500000000000
vt 0.250000000000 0.500000000000
vt 0.250000000000 0.500000000000
vt 0.250000000000 0.500000000000
vt 0.250000000000 0.500000000000
vt 0.250000000000 0.500000000000
vt 0.250000000000 0.500000000000
vt 0.250000000000 0.500000000000
vt 0.250000000000 0.500000000000
vt 0.250000000000 0.500000000000
vt 0.250000000000 0.500000000000
vt 0.250000000000 0.500000000000
vt 0.250000000000 0.500000000000
vt 0.250000000000 0.500000000000
vt 0.250000000000 0.500000000000
vt 0.250000000000 0.500000000000
vt 0.250000000000 0.500000000000
vt 0.250000000000 0.500000000000
vt 0.250000000000 0.500000000000
vt 0.250000000000 0.500000000000
vt 0.250000000000 0.500000000000
vt 0.250000000000 0.500000000000
vt 0.250000000000 0.500000000000
vt 0.250000000000 0.500000000000
vt 0.250000000000 0.500000000000
vt 0.250000000000 0.500000000000
vt 0.250000000000 0.500000000000
vt 0.250000000000 0.500000000000
vt 0.250000000000 0.500000000000
vt 0.250000000000 0.500000000000
vt 0.250000000000 0.500000000000
vt 0.250000000000 0.500000000000
vt 0.250000000000 0.500000000000
vt 0.250000000000 0.500000000000
vt 0.250000000000 0.500000000000
vt 0.250000000000 0.500000000000
vt 0.250000000000 0.500000000000
vt 0.250000000000 0.500000000000
vt 0.250000000000 0.500000000000
vt 0.250000000000 0.500000000000
vt 0.250000000000 0.500000000000
vt 0.250000000000 0.500000000000
vt 0.250000000000 0.500000000000
vt 0.250000000000 0.500000000000
vt 0.250000000000 0.500000000000
vt 0.250000000000 0.500000000000
vt 0.250000000000 0.500000000000
vt 0.250000000000 0.500000000000
vt 0.250000000000 0.500000000000
vt 0.250000000000 0.500000000000
vt 0.250000000000 0.500000000000
vt 0.250000000000 0.500000000000
vt 0.250000000000 0.500000000000
vt 0.250000000000 0.500000000000
vt 0.250000000000 0.500000000000
vt 0.250000000000 0.500000000000
vt 0.250000000000 0.500000000000
vt 0.250000000000 0.500000000000
vt 0.250000000000 0.500000000000
vt 0.250000000000 0.500000000000
vt 0.250000000000 0.500000000000
vt 0.250000000000 0.500000000000
vt 0.250000000000 0.500000000000
vt 0.250000000000 0.500000000000
vt 0.250000000000 0.500000000000
vt 0.250000000000 0.500000000000
vt 0.250000000000 0.500000000000
vt 0.250000000000 0.500000000000
vt 0.250000000000 0.500000000000
vt 0.250000000000 0.500000000000
vt 0.250000000000 0.500000000000
vt 0.250000000000 0.500000000000
vt 0.250000000000 0.500000000000
vt 0.250000000000 0.500000000000
vt 0.250000000000 0.500000000000
vt 0.250000000000 0.500000000000
vt 0.250000000000 0.500000000000
vt 0.250000000000 0.500000000000
vt 0.250000000000 0.500000000000
vt 0.250000000000 0.500000000000
vt 0.250000000000 0.500000000000
vt 0.250000000000 0.500000000000
vt 0.250000000000 0.500000000000
vt 0.250000000000 0.500000000000
vt 0.250000000000 0.500000000000
vt 0.250000000000 0.500000000000
vt 0.250000000000 0.500000000000
vt 0.250000000000 0.500000000000
vt 0.250000000000 0.500000000000
vt 0.250000000000 0.500000000000
vt 0.250000000000 0.500000000000
vt 0.250000000000 0.500000000000
vt 0.250000000000 0.500000000000
vt 0.250000000000 0.500000000000
vt 0.250000000000 0.500000000000
vt 0.250000000000 0.500000000000
vt 0.250000000000 0.500000000000
vt 0.250000000000 0.500000000000
vt 0.250000000000 0.500000000000
vt 0.250000000000 0.500000000000
vt 0.250000000000 0.500000000000
vt 0.250000000000 0.500000000000
vt 0.250000000000 0.500000000000
vt 0.250000000000 0.500000000000
vt 0.250000000000 0.500000000000
vt 0.250000000000 0.500000000000
vt 0.250000000000 0.500000000000
vt 0.250000000000 0.500000000000
vt 0.250000000000 0.500000000000
vt 0.250000000000 0.500000000000
vt 0.250000000000 0.500000000000
vt 0.250000000000 0.500000000000
vt 0.250000000000 0.500000000000
vt 0.250000000000 0.500000000000
vt 0.250000000000 0.500000000000
vt 0.250000000000 0.500000000000
vt 0.250000000000 0.500000000000
vt 0.250000000000 0.500000000000
vt 0.250000000000 0.500000000000
vt 0.250000000000 0.500000000000
vt 0.250000000000 0.500000000000
vt 0.250000000000 0.500000000000
vt 0.250000000000 0.500000000000
vt 0.250000000000 0.500000000000
vt 0.250000000000 0.500000000000
vt 0.250000000000 0.500000000000
vt 0.250000000000 0.500000000000
vt 0.250000000000 0.500000000000
vt 0.250000000000 0.500000000000
vt 0.250000000000 0.500000000000
vt 0.250000000000 0.500000000000
vt 0.250000000000 0.500000000000
vt 0.250000000000 0.500000000000
vt 0.250000000000 0.500000000000
vt 0.250000000000 0.500000000000
vt 0.250000000000 0.500000000000
vt 0.250000000000 0.500000000000
vt 0.250000000000 0.500000000000
vt 0.250000000000 0.500000000000
vt 0.250000000000 0.500000000000
vt 0.250000000000 0.500000000000
vt 0.250000000000 0.500000000000
vt 0.250000000000 0.500000000000
vt 0.250000000000 0.500000000000
vt 0.250000000000 0.500000000000
vt 0.250000000000 0.500000000000
vt 0.250000000000 0.500000000000
vt 0.250000000000 0.500000000000
vt 0.250000000000 0.500000000000
vt 0.250000000000 0.500000000000
vt 0.250000000000 0.500000000000
vt 0.250000000000 0.500000000000
vt 0.250000000000 0.500000000000
vt 0.250000000000 0.500000000000
vt 0.250000000000 0.500000000000
vt 0.250000000000 0.500000000000
vt 0.250000000000 0.500000000000
vt 0.250000000000 0.500000000000
vt 0.250000000000 0.500000000000
vt 0.250000000000 0.500000000000
vt 0.250000000000 0.500000000000
vt 0.250000000000 0.500000000000
vt 0.250000000000 0.500000000000
vt 0.250000000000 0.500000000000
vt 0.250000000000 0.500000000000
vt 0.250000000000 0.500000000000
vt 0.250000000000 0.500000000000
vt 0.250000000000 0.500000000000
vt 0.250000000000 0.500000000000
vt 0.250000000000 0.500000000000
vt 0.250000000000 0.500000000000
vt 0.250000000000 0.500000000000
vt 0.250000000000 0.500000000000
vt 0.250000000000 0.500000000000
vt 0.250000000000 0.500000000000
vt 0.250000000000 0.500000000000
vt 0.250000000000 0.500000000000
vt 0.250000000000 0.500000000000
vt 0.250000000000 0.500000000000
vt 0.250000000000 0.500000000000
vt 0.250000000000 0.500000000000
vt 0.250000000000 0.500000000000
vt 0.250000000000 0.500000000000
vt 0.250000000000 0.500000000000
vt 0.250000000000 0.500000000000
vt 0.250000000000 0.500000000000
vt 0.250000000000 0.500000000000
vt 0.250000000000 0.500000000000
vt 0.250000000000 0.500000000000
vt 0.250000000000 0.500000000000
vt 0.250000000000 0.500000000000
vt 0.250000000000 0.500000000000
vt 0.250000000000 0.500000000000
vt 0.250000000000 0.500000000000
vt 0.250000000000 0.500000000000
vt 0.250000000000 0.500000000000
vt 0.250000000000 0.500000000000
vt 0.250000000000 0.500000000000
vt 0.250000000000 0.500000000000
vt 0.250000000000 0.500000000000
vt 0.250000000000 0.500000000000
vt 0.250000000000 0.500000000000
vt 0.250000000000 0.500000000000
vt 0.250000000000 0.500000000000
vt 0.250000000000 0.500000000000
vt 0.250000000000 0.500000000000
vt 0.250000000000 0.500000000000
vt 0.250000000000 0.500000000000
vt 0.250000000000 0.500000000000
vt 0.250000000000 0.500000000000
vt 0.250000000000 0.500000000000
vt 0.250000000000 0.500000000000
vt 0.250000000000 0.500000000000
vt 0.250000000000 0.500000000000
vt 0.250000000000 0.500000000000
vt 0.250000000000 0.500000000000
vt 0.250000000000 0.500000000000
vt 0.250000000000 0.500000000000
vt 0.250000000000 0.500000000000
vt 0.250000000000 0.500000000000
vt 0.250000000000 0.500000000000
vt 0.250000000000 0.500000000000
vt 0.250000000000 0.500000000000
vt 0.250000000000 0.500000000000
vt 0.250000000000 0.500000000000
vt 0.250000000000 0.500000000000
vt 0.250000000000 0.500000000000
vt 0.250000000000 0.500000000000
vt 0.250000000000 0.500000000000
vt 0.250000000000 0.500000000000
vt 0.250000000000 0.500000000000
vt 0.250000000000 0.500000000000
vt 0.250000000000 0.500000000000
vt 0.250000000000 0.500000000000
vt 0.250000000000 0.500000000000
vt 0.250000000000 0.500000000000
vt 0.250000000000 0.500000000000
vt 0.250000000000 0.500000000000
vt 0.250000000000 0.500000000000
vt 0.250000000000 0.500000000000
vt 0.250000000000 0.500000000000
vt 0.250000000000 0.500000000000
vt 0.250000000000 0.500000000000
vt 0.250000000000 0.500000000000
vt 0.250000000000 0.500000000000
vt 0.250000000000 0.500000000000
vt 0.250000000000 0.500000000000
vt 0.250000000000 0.500000000000
vt 0.250000000000 0.500000000000
vt 0.250000000000 0.500000000000
vt 0.250000000000 0.500000000000
vt 0.250000000000 0.500000000000
vt 0.250000000000 0.500000000000
vt 0.250000000000 0.500000000000
vt 0.250000000000 0.500000000000
vt 0.250000000000 0.500000000000
vt 0.250000000000 0.500000000000
vt 0.250000000000 0.500000000000
vt 0.250000000000 0.500000000000
vt 0.250000000000 0.500000000000
vt 0.250000000000 0.500000000000
vt 0.250000000000 0.500000000000
vt 0.250000000000 0.500000000000
vt 0.250000000000 0.500000000000
vt 0.250000000000 0.500000000000
vt 0.250000000000 0.500000000000
vt 0.250000000000 0.500000000000
vt 0.250000000000 0.500000000000
vt 0.250000000000 0.500000000000
vt 0.250000000000 0.500000000000
vt 0.250000000000 0.500000000000
vt 0.250000000000 0.500000000000
vt 0.250000000000 0.500000000000
vt 0.250000000000 0.500000000000
vt 0.250000000000 0.500000000000
vt 0.250000000000 0.500000000000
vt 0.250000000000 0.500000000000
vt 0.250000000000 0.500000000000
vt 0.250000000000 0.500000000000
vt 0.250000000000 0.500000000000
vt 0.250000000000 0.500000000000
vt 0.250000000000 0.500000000000
vt 0.250000000000 0.500000000000
vt 0.250000000000 0.500000000000
vt 0.250000000000 0.500000000000
vt 0.250000000000 0.500000000000
vt 0.250000000000 0.500000000000
vt 0.250000000000 0.500000000000
vt 0.250000000000 0.500000000000
vt 0.250000000000 0.500000000000
vt 0.250000000000 0.500000000000
vt 0.250000000000 0.500000000000
vt 0.250000000000 0.500000000000
vt 0.250000000000 0.500000000000
vt 0.250000000000 0.500000000000
vt 0.250000000000 0.500000000000
vt 0.250000000000 0.500000000000
vt 0.250000000000 0.500000000000
vt 0.250000000000 0.500000000000
vt 0.250000000000 0.500000000000
vt 0.250000000000 0.500000000000
vt 0.250000000000 0.500000000000
vt 0.250000000000 0.500000000000
vt 0.250000000000 0.500000000000
vt 0.250000000000 0.500000000000
vt 0.250000000000 0.500000000000
vt 0.250000000000 0.500000000000
vt 0.250000000000 0.500000000000
vt 0.250000000000 0.500000000000
vt 0.250000000000 0.500000000000
vt 0.250000000000 0.500000000000
vt 0.250000000000 0.500000000000
vt 0.250000000000 0.500000000000
vt 0.250000000000 0.500000000000
vt 0.250000000000 0.500000000000
vt 0.250000000000 0.500000000000
vt 0.250000000000 0.500000000000
vt 0.250000000000 0.500000000000
vt 0.250000000000 0.500000000000
vt 0.250000000000 0.500000000000
vt 0.250000000000 0.500000000000
vt 0.250000000000 0.500000000000
vt 0.250000000000 0.500000000000
vt 0.250000000000 0.500000000000
vt 0.250000000000 0.500000000000
vt 0.250000000000 0.500000000000
vt 0.250000000000 0.500000000000
vt 0.250000000000 0.500000000000
vt 0.250000000000 0.500000000000
vt 0.250000000000 0.500000000000
vt 0.250000000000 0.500000000000
vt 0.250000000000 0.500000000000
vt 0.250000000000 0.500000000000
vt 0.250000000000 0.500000000000
vt 0.250000000000 0.500000000000
vt 0.250000000000 0.500000000000
vt 0.250000000000 0.500000000000
vt 0.250000000000 0.500000000000
vt 0.250000000000 0.500000000000
vt 0.250000000000 0.500000000000
vt 0.250000000000 0.500000000000
vt 0.250000000000 0.500000000000
vt 0.250000000000 0.500000000000
vt 0.250000000000 0.500000000000
vt 0.250000000000 0.500000000000
vt 0.250000000000 0.500000000000
vt 0.250000000000 0.500000000000
vt 0.250000000000 0.500000000000
vt 0.250000000000 0.500000000000
vt 0.250000000000 0.500000000000
vt 0.250000000000 0.500000000000
vt 0.250000000000 0.500000000000
vt 0.250000000000 0.500000000000
vt 0.250000000000 0.500000000000
vt 0.250000000000 0.500000000000
vt 0.250000000000 0.500000000000
vt 0.250000000000 0.500000000000
vt 0.250000000000 0.500000000000
vt 0.250000000000 0.500000000000
vt 0.250000000000 0.500000000000
vt 0.250000000000 0.500000000000
vt 0.250000000000 0.500000000000
vt 0.250000000000 0.500000000000
vt 0.250000000000 0.500000000000
vt 0.250000000000 0.500000000000
vt 0.250000000000 0.500000000000
vt 0.250000000000 0.500000000000
vt 0.250000000000 0.500000000000
vt 0.250000000000 0.500000000000
vt 0.250000000000 0.500000000000
vt 0.250000000000 0.500000000000
vt 0.250000000000 0.500000000000
vt 0.250000000000 0.500000000000
vt 0.250000000000 0.500000000000
vt 0.250000000000 0.500000000000
vt 0.250000000000 0.500000000000
vt 0.250000000000 0.500000000000
vt 0.250000000000 0.500000000000
vt 0.250000000000 0.500000000000
vt 0.250000000000 0.500000000000
vt 0.250000000000 0.500000000000
vt 0.250000000000 0.500000000000
vt 0.250000000000 0.500000000000
vt 0.250000000000 0.500000000000
vt 0.250000000000 0.500000000000
vt 0.250000000000 0.500000000000
vt 0.250000000000 0.500000000000
vt 0.250000000000 0.500000000000
vt 0.250000000000 0.500000000000
vt 0.250000000000 0.500000000000
vt 0.250000000000 0.500000000000
vt 0.250000000000 0.500000000000
vt 0.250000000000 0.500000000000
vt 0.250000000000 0.500000000000
vt 0.250000000000 0.500000000000
vt 0.250000000000 0.500000000000
vt 0.250000000000 0.500000000000
vt 0.250000000000 0.500000000000
vt 0.250000000000 0.500000000000
vt 0.250000000000 0.500000000000
vt 0.250000000000 0.500000000000
vt 0.250000000000 0.500000000000
vt 0.250000000000 0.500000000000
vt 0.250000000000 0.500000000000
vt 0.250000000000 0.500000000000
vt 0.250000000000 0.500000000000
vt 0.250000000000 0.500000000000
vt 0.250000000000 0.500000000000
vt 0.250000000000 0.500000000000
vt 0.250000000000 0.500000000000
vt 0.250000000000 0.500000000000
vt 0.250000000000 0.500000000000
vt 0.250000000000 0.500000000000
vt 0.250000000000 0.500000000000
vt 0.250000000000 0.500000000000
vt 0.250000000000 0.500000000000
vt 0.250000000000 0.500000000000
vt 0.250000000000 0.500000000000
vt 0.250000000000 0.500000000000
vt 0.250000000000 0.500000000000
vt 0.250000000000 0.500000000000
vt 0.250000000000 0.500000000000
vt 0.250000000000 0.500000000000
vt 0.250000000000 0.500000000000
vt 0.250000000000 0.500000000000
vt 0.250000000000 0.500000000000
vt 0.250000000000 0.500000000000
vt 0.250000000000 0.500000000000
vt 0.250000000000 0.500000000000
vt 0.250000000000 0.500000000000
vt 0.250000000000 0.500000000000
vt 0.250000000000 0.500000000000
vt 0.250000000000 0.500000000000
vt 0.250000000000 0.500000000000
vt 0.250000000000 0.500000000000
vt 0.250000000000 0.500000000000
vt 0.250000000000 0.500000000000
vt 0.250000000000 0.500000000000
vt 0.250000000000 0.500000000000
vt 0.250000000000 0.500000000000
vt 0.250000000000 0.500000000000
vt 0.250000000000 0.500000000000
vt 0.250000000000 0.500000000000
vt 0.250000000000 0.500000000000
vt 0.250000000000 0.500000000000
vt 0.250000000000 0.500000000000
vt 0.250000000000 0.500000000000
vt 0.250000000000 0.500000000000
vt 0.250000000000 0.500000000000
vt 0.250000000000 0.500000000000
vt 0.250000000000 0.500000000000
vt 0.250000000000 0.500000000000
vt 0.250000000000 0.500000000000
vt 0.250000000000 0.500000000000
vt 0.250000000000 0.500000000000
vt 0.250000000000 0.500000000000
vt 0.250000000000 0.500000000000
vt 0.250000000000 0.500000000000
vt 0.250000000000 0.500000000000
vt 0.250000000000 0.500000000000
vt 0.250000000000 0.500000000000
vt 0.250000000000 0.500000000000
vt 0.250000000000 0.500000000000
vt 0.250000000000 0.500000000000
vt 0.250000000000 0.500000000000
vt 0.250000000000 0.500000000000
vt 0.250000000000 0.500000000000
vt 0.250000000000 0.500000000000
vt 0.250000000000 0.500000000000
vt 0.250000000000 0.500000000000
vt 0.250000000000 0.500000000000
vt 0.250000000000 0.500000000000
vt 0.250000000000 0.500000000000
vt 0.250000000000 0.500000000000
vt 0.250000000000 0.500000000000
vt 0.250000000000 0.500000000000
vt 0.250000000000 0.500000000000
vt 0.250000000000 0.500000000000
vt 0.250000000000 0.500000000000
vt 0.250000000000 0.500000000000
vt 0.250000000000 0.500000000000
vt 0.250000000000 0.500000000000
vt 0.250000000000 0.500000000000
vt 0.250000000000 0.500000000000
vt 0.250000000000 0.500000000000
vt 0.250000000000 0.500000000000
vt 0.250000000000 0.500000000000
vt 0.250000000000 0.500000000000
vt 0.250000000000 0.500000000000
vt 0.250000000000 0.500000000000
vt 0.250000000000 0.500000000000
vt 0.250000000000 0.500000000000
vt 0.250000000000 0.500000000000
vt 0.250000000000 0.500000000000
vt 0.250000000000 0.500000000000
vt 0.250000000000 0.500000000000
vt 0.250000000000 0.500000000000
vt 0.250000000000 0.500000000000
vt 0.250000000000 0.500000000000
vt 0.250000000000 0.500000000000
vt 0.250000000000 0.500000000000
vt 0.250000000000 0.500000000000
vt 0.250000000000 0.500000000000
vt 0.250000000000 0.500000000000
vt 0.250000000000 0.500000000000
vt 0.250000000000 0.500000000000
vt 0.250000000000 0.500000000000
vt 0.250000000000 0.500000000000
vt 0.250000000000 0.500000000000
vt 0.250000000000 0.500000000000
vt 0.250000000000 0.500000000000
vt 0.250000000000 0.500000000000
vt 0.250000000000 0.500000000000
vt 0.250000000000 0.500000000000
vt 0.250000000000 0.500000000000
vt 0.250000000000 0.500000000000
vt 0.250000000000 0.500000000000
vt 0.250000000000 0.500000000000
vt 0.250000000000 0.500000000000
vt 0.250000000000 0.500000000000
vt 0.250000000000 0.500000000000
vt 0.250000000000 0.500000000000
vt 0.250000000000 0.500000000000
vt 0.250000000000 0.500000000000
vt 0.250000000000 0.500000000000
vt 0.250000000000 0.500000000000
vt 0.250000000000 0.500000000000
vt 0.250000000000 0.500000000000
vt 0.250000000000 0.500000000000
vt 0.250000000000 0.500000000000
vt 0.250000000000 0.500000000000
vt 0.250000000000 0.500000000000
vt 0.250000000000 0.500000000000
vt 0.250000000000 0.500000000000
vt 0.250000000000 0.500000000000
vt 0.250000000000 0.500000000000
vt 0.250000000000 0.500000000000
vt 0.250000000000 0.500000000000
vt 0.250000000000 0.500000000000
vt 0.250000000000 0.500000000000
vt 0.250000000000 0.500000000000
vt 0.250000000000 0.500000000000
vt 0.250000000000 0.500000000000
vt 0.250000000000 0.500000000000
vt 0.250000000000 0.500000000000
vt 0.250000000000 0.500000000000
vt 0.250000000000 0.500000000000
vt 0.250000000000 0.500000000000
vt 0.250000000000 0.500000000000
vt 0.250000000000 0.500000000000
vt 0.250000000000 0.500000000000
vt 0.250000000000 0.500000000000
vt 0.250000000000 0.500000000000
vt 0.250000000000 0.500000000000
vt 0.250000000000 0.500000000000
vt 0.250000000000 0.500000000000
vt 0.250000000000 0.500000000000
vt 0.250000000000 0.500000000000
vt 0.250000000000 0.500000000000
vt 0.250000000000 0.500000000000
vt 0.250000000000 0.500000000000
vt 0.250000000000 0.500000000000
vt 0.250000000000 0.500000000000
vt 0.250000000000 0.500000000000
vt 0.250000000000 0.500000000000
vt 0.250000000000 0.500000000000
vt 0.250000000000 0.500000000000
vt 0.250000000000 0.500000000000
vt 0.250000000000 0.500000000000
vt 0.250000000000 0.500000000000
vt 0.250000000000 0.500000000000
vt 0.250000000000 0.500000000000
vt 0.250000000000 0.500000000000
vt 0.250000000000 0.500000000000
vt 0.250000000000 0.500000000000
vt 0.250000000000 0.500000000000
vt 0.250000000000 0.500000000000
vt 0.250000000000 0.500000000000
vt 0.250000000000 0.500000000000
vt 0.250000000000 0.500000000000
vt 0.250000000000 0.500000000000
vt 0.250000000000 0.500000000000
vt 0.250000000000 0.500000000000
vt 0.250000000000 0.500000000000
vt 0.250000000000 0.500000000000
vt 0.250000000000 0.500000000000
vt 0.250000000000 0.500000000000
vt 0.250000000000 0.500000000000
vt 0.250000000000 0.500000000000
vt 0.250000000000 0.500000000000
vt 0.250000000000 0.500000000000
vt 0.250000000000 0.500000000000
vt 0.250000000000 0.500000000000
vt 0.250000000000 0.500000000000
vt 0.250000000000 0.500000000000
vt 0.250000000000 0.500000000000
vt 0.250000000000 0.500000000000
vt 0.250000000000 0.500000000000
vt 0.250000000000 0.500000000000
vt 0.250000000000 0.500000000000
vt 0.250000000000 0.500000000000
vt 0.250000000000 0.500000000000
vt 0.250000000000 0.500000000000
vt 0.250000000000 0.500000000000
vt 0.250000000000 0.500000000000
vt 0.250000000000 0.500000000000
vt 0.250000000000 0.500000000000
vt 0.250000000000 0.500000000000
vt 0.250000000000 0.500000000000
vt 0.250000000000 0.500000000000
vt 0.250000000000 0.500000000000
vt 0.250000000000 0.500000000000
vt 0.250000000000 0.500000000000
vt 0.250000000000 0.500000000000
vt 0.250000000000 0.500000000000
vt 0.250000000000 0.500000000000
vt 0.250000000000 0.500000000000
vt 0.250000000000 0.500000000000
vt 0.250000000000 0.500000000000
vt 0.250000000000 0.500000000000
vt 0.250000000000 0.500000000000
vt 0.250000000000 0.500000000000
vt 0.250000000000 0.500000000000
vt 0.250000000000 0.500000000000
vt 0.250000000000 0.500000000000
vt 0.250000000000 0.500000000000
vt 0.250000000000 0.500000000000
vt 0.250000000000 0.500000000000
vt 0.250000000000 0.500000000000
vt 0.250000000000 0.500000000000
vt 0.250000000000 0.500000000000
vt 0.250000000000 0.500000000000
vt 0.250000000000 0.500000000000
vt 0.250000000000 0.500000000000
vt 0.250000000000 0.500000000000
vt 0.250000000000 0.500000000000
vt 0.250000000000 0.500000000000
vt 0.250000000000 0.500000000000
vt 0.250000000000 0.500000000000
vt 0.250000000000 0.500000000000
vt 0.250000000000 0.500000000000
vt 0.250000000000 0.500000000000
vt 0.250000000000 0.500000000000
vt 0.250000000000 0.500000000000
vt 0.250000000000 0.500000000000
vt 0.250000000000 0.500000000000
vt 0.250000000000 0.500000000000
vt 0.250000000000 0.500000000000
vt 0.250000000000 0.500000000000
vt 0.250000000000 0.500000000000
vt 0.250000000000 0.500000000000
vt 0.250000000000 0.500000000000
vt 0.250000000000 0.500000000000
vt 0.250000000000 0.500000000000
vt 0.250000000000 0.500000000000
vt 0.250000000000 0.500000000000
vt 0.250000000000 0.500000000000
vt 0.250000000000 0.500000000000
vt 0.250000000000 0.500000000000
vt 0.250000000000 0.500000000000
vt 0.250000000000 0.500000000000
vt 0.250000000000 0.500000000000
vt 0.250000000000 0.500000000000
vt 0.250000000000 0.500000000000
vt 0.250000000000 0.500000000000
vt 0.250000000000 0.500000000000
vt 0.250000000000 0.500000000000
vt 0.250000000000 0.500000000000
vt 0.250000000000 0.500000000000
vt 0.250000000000 0.500000000000
vt 0.250000000000 0.500000000000
vt 0.250000000000 0.500000000000
vt 0.250000000000 0.500000000000
vt 0.250000000000 0.500000000000
vt 0.250000000000 0.500000000000
vt 0.250000000000 0.500000000000
vt 0.250000000000 0.500000000000
vt 0.250000000000 0.500000000000
vt 0.250000000000 0.500000000000
vt 0.250000000000 0.500000000000
vt 0.250000000000 0.500000000000
vt 0.250000000000 0.500000000000
vt 0.250000000000 0.500000000000
vt 0.250000000000 0.500000000000
vt 0.250000000000 0.500000000000
vt 0.250000000000 0.500000000000
vt 0.250000000000 0.500000000000
vt 0.250000000000 0.500000000000
vt 0.250000000000 0.500000000000
vt 0.250000000000 0.500000000000
vt 0.250000000000 0.500000000000
vt 0.250000000000 0.500000000000
vt 0.250000000000 0.500000000000
vt 0.250000000000 0.500000000000
vt 0.250000000000 0.500000000000
vt 0.250000000000 0.500000000000
vt 0.250000000000 0.500000000000
vt 0.250000000000 0.500000000000
vt 0.250000000000 0.500000000000
vt 0.250000000000 0.500000000000
vt 0.250000000000 0.500000000000
vt 0.250000000000 0.500000000000
vt 0.250000000000 0.500000000000
vt 0.250000000000 0.500000000000
vt 0.250000000000 0.500000000000
vt 0.250000000000 0.500000000000
vt 0.250000000000 0.500000000000
vt 0.250000000000 0.500000000000
vt 0.250000000000 0.500000000000
vt 0.250000000000 0.500000000000
vt 0.250000000000 0.500000000000
vt 0.250000000000 0.500000000000
vt 0.250000000000 0.500000000000
vt 0.250000000000 0.500000000000
vt 0.250000000000 0.500000000000
vt 0.250000000000 0.500000000000
vt 0.250000000000 0.500000000000
vt 0.250000000000 0.500000000000
vt 0.250000000000 0.500000000000
vt 0.250000000000 0.500000000000
vt 0.250000000000 0.500000000000
vt 0.250000000000 0.500000000000
vt 0.250000000000 0.500000000000
vt 0.250000000000 0.500000000000
vt 0.250000000000 0.500000000000
vt 0.250000000000 0.500000000000
vt 0.250000000000 0.500000000000
vt 0.250000000000 0.500000000000
vt 0.250000000000 0.500000000000
vt 0.250000000000 0.500000000000
vt 0.250000000000 0.500000000000
vt 0.250000000000 0.500000000000
vt 0.250000000000 0.500000000000
vt 0.250000000000 0.500000000000
vt 0.250000000000 0.500000000000
vt 0.250000000000 0.500000000000
vt 0.250000000000 0.500000000000
vt 0.250000000000 0.500000000000
vt 0.250000000000 0.500000000000
vt 0.250000000000 0.500000000000
vt 0.250000000000 0.500000000000
vt 0.250000000000 0.500000000000
vt 0.250000000000 0.500000000000
vt 0.250000000000 0.500000000000
vt 0.250000000000 0.500000000000
vt 0.250000000000 0.500000000000
vt 0.250000000000 0.500000000000
vt 0.250000000000 0.500000000000
vt 0.250000000000 0.500000000000
vt 0.250000000000 0.500000000000
vt 0.250000000000 0.500000000000
vt 0.250000000000 0.500000000000
vt 0.250000000000 0.500000000000
vt 0.250000000000 0.500000000000
vt 0.250000000000 0.500000000000
vt 0.250000000000 0.500000000000
vt 0.250000000000 0.500000000000
vt 0.250000000000 0.500000000000
vt 0.250000000000 0.500000000000
vt 0.250000000000 0.500000000000
vt 0.250000000000 0.500000000000
vt 0.250000000000 0.500000000000
vt 0.250000000000 0.500000000000
vt 0.250000000000 0.500000000000
vt 0.250000000000 0.500000000000
vt 0.250000000000 0.500000000000
vt 0.250000000000 0.500000000000
vt 0.250000000000 0.500000000000
vt 0.250000000000 0.500000000000
vt 0.250000000000 0.500000000000
vt 0.250000000000 0.500000000000
vt 0.250000000000 0.500000000000
vt 0.250000000000 0.500000000000
vt 0.250000000000 0.500000000000
vt 0.250000000000 0.500000000000
vt 0.250000000000 0.500000000000
vt 0.250000000000 0.500000000000
vt 0.250000000000 0.500000000000
vt 0.250000000000 0.500000000000
vt 0.250000000000 0.500000000000
vt 0.250000000000 0.500000000000
vt 0.250000000000 0.500000000000
vt 0.250000000000 0.500000000000
vt 0.250000000000 0.500000000000
vt 0.250000000000 0.500000000000
vt 0.250000000000 0.500000000000
vt 0.250000000000 0.500000000000
vt 0.250000000000 0.500000000000
vt 0.250000000000 0.500000000000
vt 0.250000000000 0.500000000000
vt 0.250000000000 0.500000000000
vt 0.250000000000 0.500000000000
vt 0.250000000000 0.500000000000
vt 0.250000000000 0.500000000000
vt 0.250000000000 0.500000000000
vt 0.250000000000 0.500000000000
vt 0.250000000000 0.500000000000
vt 0.250000000000 0.500000000000
vt 0.250000000000 0.500000000000
vt 0.250000000000 0.500000000000
vt 0.250000000000 0.500000000000
vt 0.250000000000 0.500000000000
vt 0.250000000000 0.500000000000
vt 0.250000000000 0.500000000000
vt 0.250000000000 0.500000000000
vt 0.250000000000 0.500000000000
vt 0.250000000000 0.500000000000
vt 0.250000000000 0.500000000000
vt 0.250000000000 0.500000000000
vt 0.250000000000 0.500000000000
vt 0.250000000000 0.500000000000
vt 0.250000000000 0.500000000000
vt 0.250000000000 0.500000000000
vt 0.250000000000 0.500000000000
vt 0.250000000000 0.500000000000
vt 0.250000000000 0.500000000000
vt 0.250000000000 0.500000000000
vt 0.250000000000 0.500000000000
vt 0.250000000000 0.500000000000
vt 0.250000000000 0.500000000000
vt 0.250000000000 0.500000000000
vt 0.250000000000 0.500000000000
vt 0.250000000000 0.500000000000
vt 0.250000000000 0.500000000000
vt 0.250000000000 0.500000000000
vt 0.250000000000 0.500000000000
vt 0.250000000000 0.500000000000
vt 0.250000000000 0.500000000000
vt 0.250000000000 0.500000000000
vt 0.250000000000 0.500000000000
vt 0.250000000000 0.500000000000
vt 0.250000000000 0.500000000000
vt 0.250000000000 0.500000000000
vt 0.250000000000 0.500000000000
vt 0.250000000000 0.500000000000
vt 0.250000000000 0.500000000000
vt 0.250000000000 0.500000000000
vt 0.250000000000 0.500000000000
vt 0.250000000000 0.500000000000
vt 0.250000000000 0.500000000000
vt 0.250000000000 0.500000000000
vt 0.250000000000 0.500000000000
vt 0.250000000000 0.500000000000
vt 0.250000000000 0.500000000000
vt 0.250000000000 0.500000000000
vt 0.250000000000 0.500000000000
vt 0.250000000000 0.500000000000
vt 0.250000000000 0.500000000000
vt 0.250000000000 0.500000000000
vt 0.250000000000 0.500000000000
vt 0.250000000000 0.500000000000
vt 0.250000000000 0.500000000000
vt 0.250000000000 0.500000000000
vt 0.250000000000 0.500000000000
vt 0.250000000000 0.500000000000
vt 0.250000000000 0.500000000000
vt 0.250000000000 0.500000000000
vt 0.250000000000 0.500000000000
vt 0.250000000000 0.500000000000
vt 0.250000000000 0.500000000000
vt 0.250000000000 0.500000000000
vt 0.250000000000 0.500000000000
vt 0.250000000000 0.500000000000
vt 0.250000000000 0.500000000000
vt 0.250000000000 0.500000000000
vt 0.250000000000 0.500000000000
vt 0.250000000000 0.500000000000
vt 0.250000000000 0.500000000000
vt 0.250000000000 0.500000000000
vt 0.250000000000 0.500000000000
vt 0.250000000000 0.500000000000
vt 0.250000000000 0.500000000000
vt 0.250000000000 0.500000000000
vt 0.250000000000 0.500000000000
vt 0.250000000000 0.500000000000
vt 0.250000000000 0.500000000000
vt 0.250000000000 0.500000000000
vt 0.250000000000 0.500000000000
vt 0.250000000000 0.500000000000
vt 0.250000000000 0.500000000000
vt 0.250000000000 0.500000000000
vt 0.250000000000 0.500000000000
vt 0.250000000000 0.500000000000
vt 0.250000000000 0.500000000000
vt 0.250000000000 0.500000000000
vt 0.250000000000 0.500000000000
vt 0.250000000000 0.500000000000
vt 0.250000000000 0.500000000000
vt 0.250000000000 0.500000000000
vt 0.250000000000 0.500000000000
vt 0.250000000000 0.500000000000
vt 0.250000000000 0.500000000000
vt 0.250000000000 0.500000000000
vt 0.250000000000 0.500000000000
vt 0.250000000000 0.500000000000
vt 0.250000000000 0.500000000000
vt 0.250000000000 0.500000000000
vt 0.250000000000 0.500000000000
vt 0.250000000000 0.500000000000
vt 0.250000000000 0.500000000000
vt 0.250000000000 0.500000000000
vt 0.250000000000 0.500000000000
vt 0.250000000000 0.500000000000
vt 0.250000000000 0.500000000000
vt 0.250000000000 0.500000000000
vt 0.250000000000 0.500000000000
vt 0.250000000000 0.500000000000
vt 0.250000000000 0.500000000000
vt 0.250000000000 0.500000000000
vt 0.250000000000 0.500000000000
vt 0.250000000000 0.500000000000
vt 0.250000000000 0.500000000000
vt 0.250000000000 0.500000000000
vt 0.250000000000 0.500000000000
vt 0.250000000000 0.500000000000
vt 0.250000000000 0.500000000000
vt 0.250000000000 0.500000000000
vt 0.250000000000 0.500000000000
vt 0.250000000000 0.500000000000
vt 0.250000000000 0.500000000000
vt 0.250000000000 0.500000000000
vt 0.250000000000 0.500000000000
vt 0.250000000000 0.500000000000
vt 0.250000000000 0.500000000000
vt 0.250000000000 0.500000000000
vt 0.250000000000 0.500000000000
vt 0.250000000000 0.500000000000
vt 0.250000000000 0.500000000000
vt 0.250000000000 0.500000000000
vt 0.250000000000 0.500000000000
vt 0.250000000000 0.500000000000
vt 0.250000000000 0.500000000000
vt 0.250000000000 0.500000000000
vt 0.250000000000 0.500000000000
vt 0.250000000000 0.500000000000
vt 0.250000000000 0.500000000000
vt 0.250000000000 0.500000000000
vt 0.250000000000 0.500000000000
vt 0.250000000000 0.500000000000
vt 0.250000000000 0.500000000000
vt 0.250000000000 0.500000000000
vt 0.250000000000 0.500000000000
vt 0.250000000000 0.500000000000
vt 0.250000000000 0.500000000000
vt 0.250000000000 0.500000000000
vt 0.250000000000 0.500000000000
vt 0.250000000000 0.500000000000
vt 0.250000000000 0.500000000000
vt 0.250000000000 0.500000000000
vt 0.250000000000 0.500000000000
vt 0.250000000000 0.500000000000
vt 0.250000000000 0.500000000000
vt 0.250000000000 0.500000000000
vt 0.250000000000 0.500000000000
vt 0.250000000000 0.500000000000
vt 0.250000000000 0.500000000000
vt 0.250000000000 0.500000000000
vt 0.250000000000 0.500000000000
vt 0.250000000000 0.500000000000
vt 0.250000000000 0.500000000000
vt 0.250000000000 0.500000000000
vt 0.250000000000 0.500000000000
vt 0.250000000000 0.500000000000
vt 0.250000000000 0.500000000000
vt 0.250000000000 0.500000000000
vt 0.250000000000 0.500000000000
vt 0.250000000000 0.500000000000
vt 0.250000000000 0.500000000000
vt 0.250000000000 0.500000000000
vt 0.250000000000 0.500000000000
vt 0.250000000000 0.500000000000
vt 0.250000000000 0.500000000000
vt 0.250000000000 0.500000000000
vt 0.250000000000 0.500000000000
vt 0.250000000000 0.500000000000
vt 0.250000000000 0.500000000000
vt 0.250000000000 0.500000000000
vt 0.250000000000 0.500000000000
vt 0.250000000000 0.500000000000
vt 0.250000000000 0.500000000000
vt 0.250000000000 0.500000000000
vt 0.250000000000 0.500000000000
vt 0.250000000000 0.500000000000
vt 0.250000000000 0.500000000000
vt 0.250000000000 0.500000000000
vt 0.250000000000 0.500000000000
vt 0.250000000000 0.500000000000
vt 0.250000000000 0.500000000000
vt 0.250000000000 0.500000000000
vt 0.250000000000 0.500000000000
vt 0.250000000000 0.500000000000
vt 0.250000000000 0.500000000000
vt 0.250000000000 0.500000000000
vt 0.250000000000 0.500000000000
vt 0.250000000000 0.500000000000
vt 0.250000000000 0.500000000000
vt 0.250000000000 0.500000000000
vt 0.250000000000 0.500000000000
vt 0.250000000000 0.500000000000
vt 0.250000000000 0.500000000000
vt 0.250000000000 0.500000000000
vt 0.250000000000 0.500000000000
vt 0.250000000000 0.500000000000
vt 0.250000000000 0.500000000000
vt 0.250000000000 0.500000000000
vt 0.250000000000 0.500000000000
vt 0.250000000000 0.500000000000
vt 0.250000000000 0.500000000000
vt 0.250000000000 0.500000000000
vt 0.250000000000 0.500000000000
vt 0.250000000000 0.500000000000
vt 0.250000000000 0.500000000000
vt 0.250000000000 0.500000000000
vt 0.250000000000 0.500000000000
vt 0.250000000000 0.500000000000
vt 0.250000000000 0.500000000000
vt 0.250000000000 0.500000000000
vt 0.250000000000 0.500000000000
vt 0.250000000000 0.500000000000
vt 0.250000000000 0.500000000000
vt 0.250000000000 0.500000000000
vt 0.250000000000 0.500000000000
vt 0.250000000000 0.500000000000
vt 0.250000000000 0.500000000000
vt 0.250000000000 0.500000000000
vt 0.250000000000 0.500000000000
vt 0.250000000000 0.500000000000
vt 0.250000000000 0.500000000000
vt 0.250000000000 0.500000000000
vt 0.250000000000 0.500000000000
vt 0.250000000000 0.500000000000
vt 0.250000000000 0.500000000000
vt 0.250000000000 0.500000000000
vt 0.250000000000 0.500000000000
vt 0.250000000000 0.500000000000
vt 0.250000000000 0.500000000000
vt 0.250000000000 0.500000000000
vt 0.250000000000 0.500000000000
vt 0.250000000000 0.500000000000
vt 0.250000000000 0.500000000000
vt 0.250000000000 0.500000000000
vt 0.250000000000 0.500000000000
vt 0.250000000000 0.500000000000
vt 0.250000000000 0.500000000000
vt 0.250000000000 0.500000000000
vt 0.250000000000 0.500000000000
vt 0.250000000000 0.500000000000
vt 0.250000000000 0.500000000000
vt 0.250000000000 0.500000000000
vt 0.250000000000 0.500000000000
vt 0.250000000000 0.500000000000
vt 0.250000000000 0.500000000000
vt 0.250000000000 0.500000000000
vt 0.250000000000 0.500000000000
vt 0.250000000000 0.500000000000
vt 0.250000000000 0.500000000000
vt 0.250000000000 0.500000000000
vt 0.250000000000 0.500000000000
vt 0.250000000000 0.500000000000
vt 0.250000000000 0.500000000000
vt 0.250000000000 0.500000000000
vt 0.250000000000 0.500000000000
vt 0.250000000000 0.500000000000
vt 0.250000000000 0.500000000000
vt 0.250000000000 0.500000000000
vt 0.250000000000 0.500000000000
vt 0.250000000000 0.500000000000
vt 0.250000000000 0.500000000000
vt 0.250000000000 0.500000000000
vt 0.250000000000 0.500000000000
vt 0.250000000000 0.500000000000
vt 0.250000000000 0.500000000000
vt 0.250000000000 0.500000000000
vt 0.250000000000 0.500000000000
vt 0.250000000000 0.500000000000
vt 0.250000000000 0.500000000000
vt 0.250000000000 0.500000000000
vt 0.250000000000 0.500000000000
vt 0.250000000000 0.500000000000
vt 0.250000000000 0.500000000000
vt 0.250000000000 0.500000000000
vt 0.250000000000 0.500000000000
vt 0.250000000000 0.500000000000
vt 0.250000000000 0.500000000000
vt 0.250000000000 0.500000000000
vt 0.250000000000 0.500000000000
vt 0.250000000000 0.500000000000
vt 0.250000000000 0.500000000000
vt 0.250000000000 0.500000000000
vt 0.250000000000 0.500000000000
vt 0.250000000000 0.500000000000
vt 0.250000000000 0.500000000000
vt 0.250000000000 0.500000000000
vt 0.250000000000 0.500000000000
vt 0.250000000000 0.500000000000
vt 0.250000000000 0.500000000000
vt 0.250000000000 0.500000000000
vt 0.250000000000 0.500000000000
vt 0.250000000000 0.500000000000
vt 0.250000000000 0.500000000000
vt 0.250000000000 0.500000000000
vt 0.250000000000 0.500000000000
vt 0.250000000000 0.500000000000
vt 0.250000000000 0.500000000000
vt 0.250000000000 0.500000000000
vt 0.250000000000 0.500000000000
vt 0.250000000000 0.500000000000
vt 0.250000000000 0.500000000000
vt 0.250000000000 0.500000000000
vt 0.250000000000 0.500000000000
vt 0.250000000000 0.500000000000
vt 0.250000000000 0.500000000000
vt 0.250000000000 0.500000000000
vt 0.250000000000 0.500000000000
vt 0.250000000000 0.500000000000
vt 0.250000000000 0.500000000000
vt 0.250000000000 0.500000000000
vt 0.250000000000 0.500000000000
vt 0.250000000000 0.500000000000
vt 0.250000000000 0.500000000000
vt 0.250000000000 0.500000000000
vt 0.250000000000 0.500000000000
vt 0.250000000000 0.500000000000
vt 0.250000000000 0.500000000000
vt 0.250000000000 0.500000000000
vt 0.250000000000 0.500000000000
vt 0.250000000000 0.500000000000
vt 0.250000000000 0.500000000000
vt 0.250000000000 0.500000000000
vt 0.250000000000 0.500000000000
vt 0.250000000000 0.500000000000
vt 0.250000000000 0.500000000000
vt 0.250000000000 0.500000000000
vt 0.250000000000 0.500000000000
vt 0.250000000000 0.500000000000
vt 0.250000000000 0.500000000000
vt 0.250000000000 0.500000000000
vt 0.250000000000 0.500000000000
vt 0.250000000000 0.500000000000
vt 0.250000000000 0.500000000000
vt 0.250000000000 0.500000000000
vt 0.250000000000 0.500000000000
vt 0.250000000000 0.500000000000
vt 0.250000000000 0.500000000000
vt 0.250000000000 0.500000000000
vt 0.250000000000 0.500000000000
vt 0.250000000000 0.500000000000
vt 0.250000000000 0.500000000000
vt 0.250000000000 0.500000000000
vt 0.250000000000 0.500000000000
vt 0.250000000000 0.500000000000
vt 0.250000000000 0.500000000000
vt 0.250000000000 0.500000000000
vt 0.250000000000 0.500000000000
vt 0.250000000000 0.500000000000
vt 0.250000000000 0.500000000000
vt 0.250000000000 0.500000000000
vt 0.250000000000 0.500000000000
vt 0.250000000000 0.500000000000
vt 0.250000000000 0.500000000000
vt 0.250000000000 0.500000000000
vt 0.250000000000 0.500000000000
vt 0.250000000000 0.500000000000
vt 0.250000000000 0.500000000000
vt 0.250000000000 0.500000000000
vt 0.250000000000 0.500000000000
vt 0.250000000000 0.500000000000
vt 0.250000000000 0.500000000000
vt 0.250000000000 0.500000000000
vt 0.250000000000 0.500000000000
vt 0.250000000000 0.500000000000
vt 0.250000000000 0.500000000000
vt 0.250000000000 0.500000000000
vt 0.250000000000 0.500000000000
vt 0.250000000000 0.500000000000
vt 0.250000000000 0.500000000000
vt 0.250000000000 0.500000000000
vt 0.250000000000 0.500000000000
vt 0.250000000000 0.500000000000
vt 0.250000000000 0.500000000000
vt 0.250000000000 0.500000000000
vt 0.250000000000 0.500000000000
vt 0.250000000000 0.500000000000
vt 0.250000000000 0.500000000000
vt 0.250000000000 0.500000000000
vt 0.250000000000 0.500000000000
vt 0.250000000000 0.500000000000
vt 0.250000000000 0.500000000000
vt 0.250000000000 0.500000000000
vt 0.250000000000 0.500000000000
vt 0.250000000000 0.500000000000
vt 0.250000000000 0.500000000000
vt 0.250000000000 0.500000000000
vt 0.250000000000 0.500000000000
vt 0.250000000000 0.500000000000
vt 0.250000000000 0.500000000000
vt 0.250000000000 0.500000000000
vt 0.250000000000 0.500000000000
vt 0.250000000000 0.500000000000
vt 0.250000000000 0.500000000000
vt 0.250000000000 0.500000000000
vt 0.250000000000 0.500000000000
vt 0.250000000000 0.500000000000
vt 0.250000000000 0.500000000000
vt 0.250000000000 0.500000000000
vt 0.250000000000 0.500000000000
vt 0.250000000000 0.500000000000
vt 0.250000000000 0.500000000000
vt 0.250000000000 0.500000000000
vt 0.250000000000 0.500000000000
vt 0.250000000000 0.500000000000
vt 0.250000000000 0.500000000000
vt 0.250000000000 0.500000000000
vt 0.250000000000 0.500000000000
vt 0.250000000000 0.500000000000
vt 0.250000000000 0.500000000000
vt 0.250000000000 0.500000000000
vt 0.250000000000 0.500000000000
vt 0.250000000000 0.500000000000
vt 0.250000000000 0.500000000000
vt 0.250000000000 0.500000000000
vt 0.250000000000 0.500000000000
vt 0.250000000000 0.500000000000
vt 0.250000000000 0.500000000000
vt 0.250000000000 0.500000000000
vt 0.250000000000 0.500000000000
vt 0.250000000000 0.500000000000
vt 0.250000000000 0.500000000000
vt 0.250000000000 0.500000000000
vt 0.250000000000 0.500000000000
vt 0.250000000000 0.500000000000
vt 0.250000000000 0.500000000000
vt 0.250000000000 0.500000000000
vt 0.250000000000 0.500000000000
vt 0.250000000000 0.500000000000
vt 0.250000000000 0.500000000000
vt 0.250000000000 0.500000000000
vt 0.250000000000 0.500000000000
vt 0.250000000000 0.500000000000
vt 0.250000000000 0.500000000000
vt 0.250000000000 0.500000000000
vt 0.250000000000 0.500000000000
vt 0.250000000000 0.500000000000
vt 0.250000000000 0.500000000000
vt 0.250000000000 0.500000000000
vt 0.250000000000 0.500000000000
vt 0.250000000000 0.500000000000
vt 0.250000000000 0.500000000000
vt 0.250000000000 0.500000000000
vt 0.250000000000 0.500000000000
vt 0.250000000000 0.500000000000
vt 0.250000000000 0.500000000000
vt 0.250000000000 0.500000000000
vt 0.250000000000 0.500000000000
vt 0.250000000000 0.500000000000
vt 0.250000000000 0.500000000000
vt 0.250000000000 0.500000000000
vt 0.250000000000 0.500000000000
vt 0.250000000000 0.500000000000
vt 0.250000000000 0.500000000000
vt 0.250000000000 0.500000000000
vt 0.250000000000 0.500000000000
vt 0.250000000000 0.500000000000
vt 0.250000000000 0.500000000000
vt 0.250000000000 0.500000000000
vt 0.250000000000 0.500000000000
vt 0.250000000000 0.500000000000
vt 0.250000000000 0.500000000000
vt 0.250000000000 0.500000000000
vt 0.250000000000 0.500000000000
vt 0.250000000000 0.500000000000
vt 0.250000000000 0.500000000000
vt 0.250000000000 0.500000000000
vt 0.250000000000 0.500000000000
vt 0.250000000000 0.500000000000
vt 0.250000000000 0.500000000000
vt 0.250000000000 0.500000000000
vt 0.250000000000 0.500000000000
vt 0.250000000000 0.500000000000
vt 0.250000000000 0.500000000000
vt 0.250000000000 0.500000000000
vt 0.250000000000 0.500000000000
vt 0.250000000000 0.500000000000
vt 0.250000000000 0.500000000000
vt 0.250000000000 0.500000000000
vt 0.250000000000 0.500000000000
vt 0.250000000000 0.500000000000
vt 0.250000000000 0.500000000000
vt 0.250000000000 0.500000000000
vt 0.250000000000 0.500000000000
vt 0.250000000000 0.500000000000
vt 0.250000000000 0.500000000000
vt 0.250000000000 0.500000000000
vt 0.250000000000 0.500000000000
vt 0.250000000000 0.500000000000
vt 0.250000000000 0.500000000000
vt 0.250000000000 0.500000000000
vt 0.250000000000 0.500000000000
vt 0.250000000000 0.500000000000
vt 0.250000000000 0.500000000000
vt 0.250000000000 0.500000000000
vt 0.250000000000 0.500000000000
vt 0.250000000000 0.500000000000
vt 0.250000000000 0.500000000000
vt 0.250000000000 0.500000000000
vt 0.250000000000 0.500000000000
vt 0.250000000000 0.500000000000
vt 0.250000000000 0.500000000000
vt 0.250000000000 0.500000000000
vt 0.250000000000 0.500000000000
vt 0.250000000000 0.500000000000
vt 0.250000000000 0.500000000000
vt 0.250000000000 0.500000000000
vt 0.250000000000 0.500000000000
vt 0.250000000000 0.500000000000
vt 0.250000000000 0.500000000000
vt 0.250000000000 0.500000000000
vt 0.250000000000 0.500000000000
vt 0.250000000000 0.500000000000
vt 0.250000000000 0.500000000000
vt 0.250000000000 0.500000000000
vt 0.250000000000 0.500000000000
vt 0.250000000000 0.500000000000
vt 0.250000000000 0.500000000000
vt 0.250000000000 0.500000000000
vt 0.250000000000 0.500000000000
vt 0.250000000000 0.500000000000
vt 0.250000000000 0.500000000000
vt 0.250000000000 0.500000000000
vt 0.250000000000 0.500000000000
vt 0.250000000000 0.500000000000
vt 0.250000000000 0.500000000000
vt 0.250000000000 0.500000000000
vt 0.250000000000 0.500000000000
vt 0.250000000000 0.500000000000
vt 0.250000000000 0.500000000000
vt 0.250000000000 0.500000000000
vt 0.250000000000 0.500000000000
vt 0.250000000000 0.500000000000
vt 0.250000000000 0.500000000000
vt 0.250000000000 0.500000000000
vt 0.250000000000 0.500000000000
vt 0.250000000000 0.500000000000
vt 0.250000000000 0.500000000000
vt 0.250000000000 0.500000000000
vt 0.250000000000 0.500000000000
vt 0.250000000000 0.500000000000
vt 0.250000000000 0.500000000000
vt 0.250000000000 0.500000000000
vt 0.250000000000 0.500000000000
vt 0.250000000000 0.500000000000
vt 0.250000000000 0.500000000000
vt 0.250000000000 0.500000000000
vt 0.250000000000 0.500000000000
vt 0.250000000000 0.500000000000
vt 0.250000000000 0.500000000000
vt 0.250000000000 0.500000000000
vt 0.250000000000 0.500000000000
vt 0.250000000000 0.500000000000
vt 0.250000000000 0.500000000000
vt 0.250000000000 0.500000000000
vt 0.250000000000 0.500000000000
vt 0.250000000000 0.500000000000
vt 0.250000000000 0.500000000000
vt 0.250000000000 0.500000000000
vt 0.250000000000 0.500000000000
vt 0.250000000000 0.500000000000
vt 0.250000000000 0.500000000000
vt 0.250000000000 0.500000000000
vt 0.250000000000 0.500000000000
vt 0.250000000000 0.500000000000
vt 0.250000000000 0.500000000000
vt 0.250000000000 0.500000000000
vt 0.250000000000 0.500000000000
vt 0.250000000000 0.500000000000
vt 0.250000000000 0.500000000000
vt 0.250000000000 0.500000000000
vt 0.250000000000 0.500000000000
vt 0.250000000000 0.500000000000
vt 0.250000000000 0.500000000000
vt 0.250000000000 0.500000000000
vt 0.250000000000 0.500000000000
vt 0.250000000000 0.500000000000
vt 0.250000000000 0.500000000000
vt 0.250000000000 0.500000000000
vt 0.250000000000 0.500000000000
vt 0.250000000000 0.500000000000
vt 0.250000000000 0.500000000000
vt 0.250000000000 0.500000000000
vt 0.250000000000 0.500000000000
vt 0.250000000000 0.500000000000
vt 0.250000000000 0.500000000000
vt 0.250000000000 0.500000000000
vt 0.250000000000 0.500000000000
vt 0.250000000000 0.500000000000
vt 0.250000000000 0.500000000000
vt 0.250000000000 0.500000000000
vt 0.250000000000 0.500000000000
vt 0.250000000000 0.500000000000
vt 0.250000000000 0.500000000000
vt 0.250000000000 0.500000000000
vt 0.250000000000 0.500000000000
vt 0.250000000000 0.500000000000
vt 0.250000000000 0.500000000000
vt 0.250000000000 0.500000000000
vt 0.250000000000 0.500000000000
vt 0.250000000000 0.500000000000
vt 0.250000000000 0.500000000000
vt 0.250000000000 0.500000000000
vt 0.250000000000 0.500000000000
vt 0.250000000000 0.500000000000
vt 0.250000000000 0.500000000000
vt 0.250000000000 0.500000000000
vt 0.250000000000 0.500000000000
vt 0.250000000000 0.500000000000
vt 0.250000000000 0.500000000000
vt 0.250000000000 0.500000000000
vt 0.250000000000 0.500000000000
vt 0.250000000000 0.500000000000
vt 0.250000000000 0.500000000000
vt 0.250000000000 0.500000000000
vt 0.250000000000 0.500000000000
vt 0.250000000000 0.500000000000
vt 0.250000000000 0.500000000000
vt 0.250000000000 0.500000000000
vt 0.250000000000 0.500000000000
vt 0.250000000000 0.500000000000
vt 0.250000000000 0.500000000000
vt 0.250000000000 0.500000000000
vt 0.250000000000 0.500000000000
vt 0.250000000000 0.500000000000
vt 0.250000000000 0.500000000000
vt 0.250000000000 0.500000000000
vt 0.250000000000 0.500000000000
vt 0.250000000000 0.500000000000
vt 0.250000000000 0.500000000000
vt 0.250000000000 0.500000000000
vt 0.250000000000 0.500000000000
vt 0.250000000000 0.500000000000
vt 0.250000000000 0.500000000000
vt 0.250000000000 0.500000000000
vt 0.250000000000 0.500000000000
vt 0.250000000000 0.500000000000
vt 0.250000000000 0.500000000000
vt 0.250000000000 0.500000000000
vt 0.250000000000 0.500000000000
vt 0.250000000000 0.500000000000
vt 0.250000000000 0.500000000000
vt 0.250000000000 0.500000000000
vt 0.250000000000 0.500000000000
vt 0.250000000000 0.500000000000
vt 0.250000000000 0.500000000000
vt 0.250000000000 0.500000000000
vt 0.250000000000 0.500000000000
vt 0.250000000000 0.500000000000
vt 0.250000000000 0.500000000000
vt 0.250000000000 0.500000000000
vt 0.250000000000 0.500000000000
vt 0.250000000000 0.500000000000
vt 0.250000000000 0.500000000000
vt 0.250000000000 0.500000000000
vt 0.250000000000 0.500000000000
vt 0.250000000000 0.500000000000
vt 0.250000000000 0.500000000000
vt 0.250000000000 0.500000000000
vt 0.250000000000 0.500000000000
vt 0.250000000000 0.500000000000
vt 0.250000000000 0.500000000000
vt 0.250000000000 0.500000000000
vt 0.250000000000 0.500000000000
vt 0.250000000000 0.500000000000
vt 0.250000000000 0.500000000000
vt 0.250000000000 0.500000000000
vt 0.250000000000 0.500000000000
vt 0.250000000000 0.500000000000
vt 0.250000000000 0.500000000000
vt 0.250000000000 0.500000000000
vt 0.250000000000 0.500000000000
vt 0.250000000000 0.500000000000
vt 0.250000000000 0.500000000000
vt 0.250000000000 0.500000000000
vt 0.250000000000 0.500000000000
vt 0.250000000000 0.500000000000
vt 0.250000000000 0.500000000000
vt 0.250000000000 0.500000000000
vt 0.250000000000 0.500000000000
vt 0.250000000000 0.500000000000
vt 0.250000000000 0.500000000000
vt 0.250000000000 0.500000000000
vt 0.250000000000 0.500000000000
vt 0.250000000000 0.500000000000
vt 0.250000000000 0.500000000000
vt 0.250000000000 0.500000000000
vt 0.250000000000 0.500000000000
vt 0.250000000000 0.500000000000
vt 0.250000000000 0.500000000000
vt 0.250000000000 0.500000000000
vt 0.250000000000 0.500000000000
vt 0.250000000000 0.500000000000
vt 0.250000000000 0.500000000000
vt 0.250000000000 0.500000000000
vt 0.250000000000 0.500000000000
vt 0.250000000000 0.500000000000
vt 0.250000000000 0.500000000000
vt 0.250000000000 0.500000000000
vt 0.250000000000 0.500000000000
vt 0.250000000000 0.500000000000
vt 0.250000000000 0.500000000000
vt 0.250000000000 0.500000000000
vt 0.250000000000 0.500000000000
vt 0.250000000000 0.500000000000
vt 0.250000000000 0.500000000000
vt 0.250000000000 0.500000000000
vt 0.250000000000 0.500000000000
vt 0.250000000000 0.500000000000
vt 0.250000000000 0.500000000000
vt 0.250000000000 0.500000000000
vt 0.250000000000 0.500000000000
vt 0.250000000000 0.500000000000
vt 0.250000000000 0.500000000000
vt 0.250000000000 0.500000000000
vt 0.250000000000 0.500000000000
vt 0.250000000000 0.500000000000
vt 0.250000000000 0.500000000000
vt 0.250000000000 0.500000000000
vt 0.250000000000 0.500000000000
vt 0.250000000000 0.500000000000
vt 0.250000000000 0.500000000000
vt 0.250000000000 0.500000000000
vt 0.250000000000 0.500000000000
vt 0.250000000000 0.500000000000
vt 0.250000000000 0.500000000000
vt 0.250000000000 0.500000000000
vt 0.250000000000 0.500000000000
vt 0.250000000000 0.500000000000
vt 0.250000000000 0.500000000000
vt 0.250000000000 0.500000000000
vt 0.250000000000 0.500000000000
vt 0.250000000000 0.500000000000
vt 0.250000000000 0.500000000000
vt 0.250000000000 0.500000000000
vt 0.250000000000 0.500000000000
vt 0.250000000000 0.500000000000
vt 0.250000000000 0.500000000000
vt 0.250000000000 0.500000000000
vt 0.250000000000 0.500000000000
vt 0.250000000000 0.500000000000
vt 0.250000000000 0.500000000000
vt 0.250000000000 0.500000000000
vt 0.250000000000 0.500000000000
vt 0.250000000000 0.500000000000
vt 0.250000000000 0.500000000000
vt 0.250000000000 0.500000000000
vt 0.250000000000 0.500000000000
vt 0.250000000000 0.500000000000
vt 0.250000000000 0.500000000000
vt 0.250000000000 0.500000000000
vt 0.250000000000 0.500000000000
vt 0.250000000000 0.500000000000
vt 0.250000000000 0.500000000000
vt 0.250000000000 0.500000000000
vt 0.250000000000 0.500000000000
vt 0.250000000000 0.500000000000
vt 0.250000000000 0.500000000000
vt 0.250000000000 0.500000000000
vt 0.250000000000 0.500000000000
vt 0.250000000000 0.500000000000
vt 0.250000000000 0.500000000000
vt 0.250000000000 0.500000000000
vt 0.250000000000 0.500000000000
vt 0.250000000000 0.500000000000
vt 0.250000000000 0.500000000000
vt 0.250000000000 0.500000000000
vt 0.250000000000 0.500000000000
vt 0.250000000000 0.500000000000
vt 0.250000000000 0.500000000000
vt 0.250000000000 0.500000000000
vt 0.250000000000 0.500000000000
vt 0.250000000000 0.500000000000
vt 0.250000000000 0.500000000000
vt 0.250000000000 0.500000000000
vt 0.250000000000 0.500000000000
vt 0.250000000000 0.500000000000
vt 0.250000000000 0.500000000000
vt 0.250000000000 0.500000000000
vt 0.250000000000 0.500000000000
vt 0.250000000000 0.500000000000
vt 0.250000000000 0.500000000000
vt 0.250000000000 0.500000000000
vt 0.250000000000 0.500000000000
vt 0.250000000000 0.500000000000
vt 0.250000000000 0.500000000000
vt 0.250000000000 0.500000000000
vt 0.250000000000 0.500000000000
vt 0.250000000000 0.500000000000
vt 0.250000000000 0.500000000000
vt 0.250000000000 0.500000000000
vt 0.250000000000 0.500000000000
vt 0.250000000000 0.500000000000
vt 0.250000000000 0.500000000000
vt 0.250000000000 0.500000000000
vt 0.250000000000 0.500000000000
vt 0.250000000000 0.500000000000
vt 0.250000000000 0.500000000000
vt 0.250000000000 0.500000000000
vt 0.250000000000 0.500000000000
vt 0.250000000000 0.500000000000
vt 0.250000000000 0.500000000000
vt 0.250000000000 0.500000000000
vt 0.250000000000 0.500000000000
vt 0.250000000000 0.500000000000
vt 0.250000000000 0.500000000000
vt 0.250000000000 0.500000000000
vt 0.250000000000 0.500000000000
vt 0.250000000000 0.500000000000
vt 0.250000000000 0.500000000000
vt 0.250000000000 0.500000000000
vt 0.250000000000 0.500000000000
vt 0.250000000000 0.500000000000
vt 0.250000000000 0.500000000000
vt 0.250000000000 0.500000000000
vt 0.250000000000 0.500000000000
vt 0.250000000000 0.500000000000
vt 0.250000000000 0.500000000000
vt 0.250000000000 0.500000000000
vt 0.250000000000 0.500000000000
vt 0.250000000000 0.500000000000
vt 0.250000000000 0.500000000000
vt 0.250000000000 0.500000000000
vt 0.250000000000 0.500000000000
vt 0.250000000000 0.500000000000
vt 0.250000000000 0.500000000000
vt 0.250000000000 0.500000000000
vt 0.250000000000 0.500000000000
vt 0.250000000000 0.500000000000
vt 0.250000000000 0.500000000000
vt 0.250000000000 0.500000000000
vt 0.250000000000 0.500000000000
vt 0.250000000000 0.500000000000
vt 0.250000000000 0.500000000000
vt 0.250000000000 0.500000000000
vt 0.250000000000 0.500000000000
vt 0.250000000000 0.500000000000
vt 0.250000000000 0.500000000000
vt 0.250000000000 0.500000000000
vt 0.250000000000 0.500000000000
vt 0.250000000000 0.500000000000
vt 0.250000000000 0.500000000000
vt 0.250000000000 0.500000000000
vt 0.250000000000 0.500000000000
vt 0.250000000000 0.500000000000
vt 0.250000000000 0.500000000000
vt 0.250000000000 0.500000000000
vt 0.250000000000 0.500000000000
vt 0.250000000000 0.500000000000
vt 0.250000000000 0.500000000000
vt 0.250000000000 0.500000000000
vt 0.250000000000 0.500000000000
vt 0.250000000000 0.500000000000
vt 0.250000000000 0.500000000000
vt 0.250000000000 0.500000000000
vt 0.250000000000 0.500000000000
vt 0.250000000000 0.500000000000
vt 0.250000000000 0.500000000000
vt 0.250000000000 0.500000000000
vt 0.250000000000 0.500000000000
vt 0.250000000000 0.500000000000
vt 0.250000000000 0.500000000000
vt 0.250000000000 0.500000000000
vt 0.250000000000 0.500000000000
vt 0.250000000000 0.500000000000
f 1/1 2/2 3/3
f 3/3 2/2 4/4
f 3/3 4/4 5/5
f 5/5 4/4 6/6
f 5/5 6/6 7/7
f 7/7 6/6 8/8
f 7/7 8/8 9/9
f 9/9 8/8 10/10
f 9/9 10/10 11/11
f 11/11 10/10 12/12
f 11/11 12/12 13/13
f 13/13 12/12 14/14
f 13/13 14/14 15/15
f 15/15 14/14 16/16
f 16/16 14/14 17/17
f 16/16 17/17 18/18
f 18/18 17/17 19/19
f 18/18 19/19 20/20
f 20/20 19/19 21/21
f 20/20 21/21 22/22
f 22/22 21/21 23/23
f 22/22 23/23 24/24
f 24/24 23/23 25/25
f 24/24 25/25 26/26
f 26/26 25/25 27/27
f 26/26 27/27 28/28
f 28/28 27/27 29/29
f 29/29 27/27 30/30
f 29/29 30/30 31/31
f 31/31 30/30 32/32
f 31/31 32/32 33/33
f 33/33 32/32 34/34
f 33/33 34/34 35/35
f 35/35 34/34 36/36
f 35/35 36/36 37/37
f 37/37 36/36 38/38
f 37/37 38/38 39/39
f 39/39 38/38 40/40
f 39/39 40/40 41/41
f 41/41 40/40 42/42
f 42/42 40/40 43/43
f 42/42 43/43 44/44
f 44/44 43/43 45/45
f 44/44 45/45 46/46
f 46/46 45/45 47/47
f 46/46 47/47 48/48
f 48/48 47/47 49/49
f 48/48 49/49 50/50
f 50/50 49/49 51/51
f 50/50 51/51 52/52
f 52/52 51/51 53/53
f 52/52 53/53 54/54
f 54/54 53/53 55/55
f 55/55 53/53 56/56
f 55/55 56/56 57/57
f 57/57 56/56 58/58
f 57/57 58/58 59/59
f 59/59 58/58 60/60
f 59/59 60/60 61/61
f 61/61 60/60 62/62
f 61/61 62/62 63/63
f 63/63 62/62 64/64
f 63/63 64/64 65/65
f 65/65 64/64 66/66
f 65/65 66/66 67/67
f 67/67 66/66 68/68
f 67/67 68/68 69/69
f 69/69 68/68 70/70
f 70/70 68/68 71/71
f 70/70 71/71 72/72
f 72/72 71/71 73/73
f 72/72 73/73 74/74
f 74/74 73/73 75/75
f 74/74 75/75 76/76
f 76/76 75/75 77/77
f 76/76 77/77 78/78
f 78/78 77/77 79/79
f 78/78 79/79 80/80
f 80/80 79/79 81/81
f 80/80 81/81 82/82
f 82/82 81/81 83/83
f 83/83 81/81 84/84
f 83/83 84/84 85/85
f 85/85 84/84 86/86
f 85/85 86/86 87/87
f 87/87 86/86 88/88
f 87/87 88/88 89/89
f 89/89 88/88 90/90
f 89/89 90/90 91/91
f 91/91 90/90 92/92
f 91/91 92/92 93/93
f 93/93 92/92 94/94
f 93/93 94/94 95/95
f 95/95 94/94 96/96
f 96/96 94/94 97/97
f 96/96 97/97 98/98
f 98/98 97/97 99/99
f 98/98 99/99 100/100
f 100/100 99/99 101/101
f 100/100 101/101 102/102
f 102/102 101/101 103/103
f 102/102 103/103 104/104
f 104/104 103/103 105/105
f 104/104 105/105 106/106
f 106/106 105/105 107/107
f 106/106 107/107 108/108
f 108/108 107/107 109/109
f 109/109 107/107 110/110
f 109/109 110/110 111/111
f 111/111 110/110 112/112
f 111/111 112/112 113/113
f 113/113 112/112 114/114
f 113/113 114/114 115/115
f 115/115 114/114 116/116
f 115/115 116/116 117/117
f 117/117 116/116 118/118
f 117/117 118/118 119/119
f 119/119 118/118 120/120
f 119/119 120/120 121/121
f 121/121 120/120 122/122
f 122/122 120/120 123/123
f 122/122 123/123 124/124
f 124/124 123/123 125/125
f 124/124 125/125 126/126
f 126/126 125/125 127/127
f 126/126 127/127 128/128
f 128/128 127/127 129/129
f 128/128 129/129 130/130
f 130/130 129/129 131/131
f 130/130 131/131 132/132
f 132/132 131/131 133/133
f 132/132 133/133 134/134
f 134/134 133/133 135/135
f 135/135 133/133 136/136
f 135/135 136/136 137/137
f 137/137 136/136 138/138
f 137/137 138/138 139/139
f 139/139 138/138 140/140
f 139/139 140/140 141/141
f 141/141 140/140 142/142
f 141/141 142/142 143/143
f 143/143 142/142 144/144
f 143/143 144/144 145/145
f 145/145 144/144 146/146
f 145/145 146/146 147/147
f 147/147 146/146 148/148
f 148/148 146/146 149/149
f 148/148 149/149 150/150
f 150/150 149/149 151/151
f 150/150 151/151 152/152
f 152/152 151/151 153/153
f 152/152 153/153 154/154
f 154/154 153/153 155/155
f 154/154 155/155 156/156
f 156/156 155/155 157/157
f 156/156 157/157 158/158
f 158/158 157/157 159/159
f 158/158 159/159 160/160
f 160/160 159/159 161/161
f 161/161 159/159 162/162
f 161/161 162/162 163/163
f 163/163 162/162 164/164
f 163/163 164/164 165/165
f 165/165 164/164 166/166
f 165/165 166/166 167/167
f 167/167 166/166 168/168
f 167/167 168/168 169/169
f 169/169 168/168 170/170
f 169/169 170/170 171/171
f 171/171 170/170 172/172
f 171/171 172/172 173/173
f 173/173 172/172 174/174
f 174/174 172/172 175/175
f 174/174 175/175 176/176
f 176/176 175/175 177/177
f 176/176 177/177 178/178
f 178/178 177/177 179/179
f 178/178 179/179 180/180
f 180/180 179/179 181/181
f 180/180 181/181 182/182
f 182/182 181/181 183/183
f 182/182 183/183 184/184
f 184/184 183/183 185/185
f 184/184 185/185 186/186
f 186/186 185/185 187/187
f 186/186 187/187 188/188
f 188/188 187/187 189/189
f 189/189 187/187 190/190
f 189/189 190/190 191/191
f 191/191 190/190 192/192
f 191/191 192/192 193/193
f 193/193 192/192 194/194
f 193/193 194/194 195/195
f 195/195 194/194 196/196
f 195/195 196/196 197/197
f 197/197 196/196 198/198
f 197/197 198/198 199/199
f 199/199 198/198 200/200
f 199/199 200/200 201/201
f 201/201 200/200 202/202
f 202/202 200/200 203/203
f 202/202 203/203 204/204
f 204/204 203/203 205/205
f 204/204 205/205 206/206
f 206/206 205/205 207/207
f 206/206 207/207 208/208
f 208/208 207/207 209/209
f 208/208 209/209 210/210
f 210/210 209/209 211/211
f 210/210 211/211 212/212
f 212/212 211/211 213/213
f 212/212 213/213 214/214
f 214/214 213/213 215/215
f 215/215 213/213 216/216
f 215/215 216/216 217/217
f 217/217 216/216 218/218
f 217/217 218/218 219/219
f 219/219 218/218 220/220
f 219/219 220/220 221/221
f 221/221 220/220 222/222
f 221/221 222/222 223/223
f 223/223 222/222 224/224
f 223/223 224/224 225/225
f 225/225 224/224 226/226
f 225/225 226/226 227/227
f 227/227 226/226 228/228
f 228/228 226/226 229/229
f 228/228 229/229 230/230
f 230/230 229/229 231/231
f 230/230 231/231 232/232
f 232/232 231/231 233/233
f 232/232 233/233 234/234
f 234/234 233/233 235/235
f 234/234 235/235 236/236
f 236/236 235/235 237/237
f 236/236 237/237 238/238
f 238/238 237/237 239/239
f 238/238 239/239 240/240
f 2/2 241/241 4/4
f 4/4 241/241 242/242
f 4/4 242/242 6/6
f 6/6 242/242 243/243
f 6/6 243/243 8/8
f 8/8 243/243 244/244
f 8/8 244/244 10/10
f 10/10 244/244 245/245
f 10/10 245/245 12/12
f 12/12 245/245 246/246
f 12/12 246/246 14/14
f 14/14 246/246 247/247
f 14/14 247/247 17/17
f 17/17 247/247 248/248
f 17/17 248/248 19/19
f 19/19 248/248 249/249
f 19/19 249/249 21/21
f 21/21 249/249 250/250
f 21/21 250/250 23/23
f 23/23 250/250 251/251
f 23/23 251/251 25/25
f 25/25 251/251 252/252
f 25/25 252/252 27/27
f 27/27 252/252 253/253
f 27/27 253/253 30/30
f 30/30 253/253 254/254
f 30/30 254/254 32/32
f 32/32 254/254 255/255
f 32/32 255/255 34/34
f 34/34 255/255 256/256
f 34/34 256/256 36/36
f 36/36 256/256 257/257
f 36/36 257/257 38/38
f 38/38 257/257 258/258
f 38/38 258/258 40/40
f 40/40 258/258 259/259
f 40/40 259/259 43/43
f 43/43 259/259 260/260
f 43/43 260/260 45/45
f 45/45 260/260 261/261
f 45/45 261/261 47/47
f 47/47 261/261 262/262
f 47/47 262/262 49/49
f 49/49 262/262 263/263
f 49/49 263/263 51/51
f 51/51 263/263 264/264
f 51/51 264/264 53/53
f 53/53 264/264 265/265
f 53/53 265/265 56/56
f 56/56 265/265 266/266
f 56/56 266/266 58/58
f 58/58 266/266 267/267
f 58/58 267/267 60/60
f 60/60 267/267 268/268
f 60/60 268/268 62/62
f 62/62 268/268 269/269
f 62/62 269/269 64/64
f 64/64 269/269 270/270
f 64/64 270/270 66/66
f 66/66 270/270 271/271
f 66/66 271/271 68/68
f 68/68 271/271 272/272
f 68/68 272/272 71/71
f 71/71 272/272 273/273
f 71/71 273/273 73/73
f 73/73 273/273 274/274
f 73/73 274/274 75/75
f 75/75 274/274 275/275
f 75/75 275/275 77/77
f 77/77 275/275 276/276
f 77/77 276/276 79/79
f 79/79 276/276 277/277
f 79/79 277/277 81/81
f 81/81 277/277 278/278
f 81/81 278/278 84/84
f 84/84 278/278 279/279
f 84/84 279/279 86/86
f 86/86 279/279 280/280
f 86/86 280/280 88/88
f 88/88 280/280 281/281
f 88/88 281/281 90/90
f 90/90 281/281 282/282
f 90/90 282/282 92/92
f 92/92 282/282 283/283
f 92/92 283/283 94/94
f 94/94 283/283 284/284
f 94/94 284/284 97/97
f 97/97 284/284 285/285
f 97/97 285/285 99/99
f 99/99 285/285 286/286
f 99/99 286/286 101/101
f 101/101 286/286 287/287
f 101/101 287/287 103/103
f 103/103 287/287 288/288
f 103/103 288/288 105/105
f 105/105 288/288 289/289
f 105/105 289/289 107/107
f 107/107 289/289 290/290
f 107/107 290/290 110/110
f 110/110 290/290 291/291
f 110/110 291/291 112/112
f 112/112 291/291 292/292
f 112/112 292/292 114/114
f 114/114 292/292 293/293
f 114/114 293/293 116/116
f 116/116 293/293 294/294
f 116/116 294/294 118/118
f 118/118 294/294 295/295
f 118/118 295/295 120/120
f 120/120 295/295 296/296
f 120/120 296/296 123/123
f 123/123 296/296 297/297
f 123/123 297/297 125/125
f 125/125 297/297 298/298
f 125/125 298/298 127/127
f 127/127 298/298 299/299
f 127/127 299/299 129/129
f 129/129 299/299 300/300
f 129/129 300/300 131/131
f 131/131 300/300 301/301
f 131/131 301/301 133/133
f 133/133 301/301 302/302
f 133/133 302/302 136/136
f 136/136 302/302 303/303
f 136/136 303/303 138/138
f 138/138 303/303 304/304
f 138/138 304/304 140/140
f 140/140 304/304 305/305
f 140/140 305/305 142/142
f 142/142 305/305 306/306
f 142/142 306/306 144/144
f 144/144 306/306 307/307
f 144/144 307/307 146/146
f 146/146 307/307 308/308
f 146/146 308/308 149/149
f 149/149 308/308 309/309
f 149/149 309/309 151/151
f 151/151 309/309 310/310
f 151/151 310/310 153/153
f 153/153 310/310 311/311
f 153/153 311/311 155/155
f 155/155 311/311 312/312
f 155/155 312/312 157/157
f 157/157 312/312 313/313
f 157/157 313/313 159/159
f 159/159 313/313 314/314
f 159/159 314/314 162/162
f 162/162 314/314 315/315
f 162/162 315/315 164/164
f 164/164 315/315 316/316
f 164/164 316/316 166/166
f 166/166 316/316 317/317
f 166/166 317/317 168/168
f 168/168 317/317 318/318
f 168/168 318/318 170/170
f 170/170 318/318 319/319
f 170/170 319/319 172/172
f 172/172 319/319 320/320
f 172/172 320/320 175/175
f 175/175 320/320 321/321
f 175/175 321/321 177/177
f 177/177 321/321 322/322
f 177/177 322/322 179/179
f 179/179 322/322 323/323
f 179/179 323/323 181/181
f 181/181 323/323 324/324
f 181/181 324/324 183/183
f 183/183 324/324 325/325
f 183/183 325/325 185/185
f 185/185 325/325 326/326
f 185/185 326/326 187/187
f 187/187 326/326 327/327
f 187/187 327/327 190/190
f 190/190 327/327 328/328
f 190/190 328/328 192/192
f 192/192 328/328 329/329
f 192/192 329/329 194/194
f 194/194 329/329 330/330
f 194/194 330/330 196/196
f 196/196 330/330 331/331
f 196/196 331/331 198/198
f 198/198 331/331 332/332
f 198/198 332/332 200/200
f 200/200 332/332 333/333
f 200/200 333/333 203/203
f 203/203 333/333 334/334
f 203/203 334/334 205/205
f 205/205 334/334 335/335
f 205/205 335/335 207/207
f 207/207 335/335 336/336
f 207/207 336/336 209/209
f 209/209 336/336 337/337
f 209/209 337/337 211/211
f 211/211 337/337 338/338
f 211/211 338/338 213/213
f 213/213 338/338 339/339
f 213/213 339/339 216/216
f 216/216 339/339 340/340
f 216/216 340/340 218/218
f 218/218 340/340 341/341
f 218/218 341/341 220/220
f 220/220 341/341 342/342
f 220/220 342/342 222/222
f 222/222 342/342 343/343
f 222/222 343/343 224/224
f 224/224 343/343 344/344
f 224/224 344/344 226/226
f 226/226 344/344 345/345
f 226/226 345/345 229/229
f 229/229 345/345 346/346
f 229/229 346/346 231/231
f 231/231 346/346 347/347
f 231/231 347/347 233/233
f 233/233 347/347 348/348
f 233/233 348/348 235/235
f 235/235 348/348 349/349
f 235/235 349/349 237/237
f 237/237 349/349 350/350
f 237/237 350/350 239/239
f 239/239 350/350 351/351
f 351/351 350/350 352/352
f 351/351 352/352 353/353
f 353/353 352/352 354/354
f 353/353 354/354 355/355
f 355/355 354/354 356/356
f 355/355 356/356 357/357
f 357/357 356/356 358/358
f 357/357 358/358 359/359
f 359/359 358/358 360/360
f 359/359 360/360 361/361
f 361/361 360/360 362/362
f 361/361 362/362 363/363
f 363/363 362/362 364/364
f 363/363 364/364 365/365
f 365/365 364/364 366/366
f 365/365 366/366 367/367
f 367/367 366/366 368/368
f 367/367 368/368 369/369
f 369/369 368/368 370/370
f 369/369 370/370 371/371
f 371/371 370/370 372/372
f 371/371 372/372 373/373
f 373/373 372/372 374/374
f 373/373 374/374 375/375
f 375/375 374/374 376/376
f 375/375 376/376 377/377
f 377/377 376/376 378/378
f 377/377 378/378 379/379
f 379/379 378/378 380/380
f 379/379 380/380 381/381
f 381/381 380/380 382/382
f 381/381 382/382 383/383
f 383/383 382/382 384/384
f 383/383 384/384 385/385
f 385/385 384/384 386/386
f 385/385 386/386 387/387
f 387/387 386/386 388/388
f 387/387 388/388 389/389
f 389/389 388/388 390/390
f 389/389 390/390 391/391
f 391/391 390/390 392/392
f 391/391 392/392 393/393
f 393/393 392/392 238/238
f 393/393 238/238 240/240
f 241/241 394/394 242/242
f 242/242 394/394 395/395
f 242/242 395/395 243/243
f 243/243 395/395 396/396
f 243/243 396/396 244/244
f 244/244 396/396 397/397
f 244/244 397/397 245/245
f 245/245 397/397 398/398
f 245/245 398/398 246/246
f 246/246 398/398 399/399
f 246/246 399/399 247/247
f 247/247 399/399 400/400
f 247/247 400/400 248/248
f 248/248 400/400 401/401
f 248/248 401/401 249/249
f 249/249 401/401 402/402
f 249/249 402/402 250/250
f 250/250 402/402 403/403
f 250/250 403/403 251/251
f 251/251 403/403 404/404
f 251/251 404/404 252/252
f 252/252 404/404 405/405
f 252/252 405/405 253/253
f 253/253 405/405 406/406
f 253/253 406/406 254/254
f 254/254 406/406 407/407
f 254/254 407/407 255/255
f 255/255 407/407 408/408
f 255/255 408/408 256/256
f 256/256 408/408 409/409
f 256/256 409/409 257/257
f 257/257 409/409 410/410
f 257/257 410/410 258/258
f 258/258 410/410 411/411
f 258/258 411/411 259/259
f 259/259 411/411 412/412
f 259/259 412/412 260/260
f 260/260 412/412 413/413
f 260/260 413/413 261/261
f 261/261 413/413 414/414
f 261/261 414/414 262/262
f 262/262 414/414 415/415
f 262/262 415/415 263/263
f 263/263 415/415 416/416
f 263/263 416/416 264/264
f 264/264 416/416 417/417
f 264/264 417/417 265/265
f 265/265 417/417 418/418
f 265/265 418/418 266/266
f 266/266 418/418 419/419
f 266/266 419/419 267/267
f 267/267 419/419 420/420
f 267/267 420/420 268/268
f 268/268 420/420 421/421
f 268/268 421/421 269/269
f 269/269 421/421 422/422
f 269/269 422/422 270/270
f 270/270 422/422 423/423
f 270/270 423/423 271/271
f 271/271 423/423 424/424
f 271/271 424/424 272/272
f 272/272 424/424 425/425
f 272/272 425/425 273/273
f 273/273 425/425 426/426
f 273/273 426/426 274/274
f 274/274 426/426 427/427
f 274/274 427/427 275/275
f 275/275 427/427 428/428
f 275/275 428/428 276/276
f 276/276 428/428 429/429
f 276/276 429/429 277/277
f 277/277 429/429 430/430
f 277/277 430/430 278/278
f 278/278 430/430 431/431
f 278/278 431/431 279/279
f 279/279 431/431 432/432
f 279/279 432/432 280/280
f 280/280 432/432 433/433
f 280/280 433/433 281/281
f 281/281 433/433 434/434
f 281/281 434/434 282/282
f 282/282 434/434 435/435
f 282/282 435/435 283/283
f 283/283 435/435 436/436
f 283/283 436/436 284/284
f 284/284 436/436 437/437
f 284/284 437/437 285/285
f 285/285 437/437 438/438
f 285/285 438/438 286/286
f 286/286 438/438 439/439
f 286/286 439/439 287/287
f 287/287 439/439 440/440
f 287/287 440/440 288/288
f 288/288 440/440 441/441
f 288/288 441/441 289/289
f 289/289 441/441 442/442
f 289/289 442/442 290/290
f 290/290 442/442 443/443
f 290/290 443/443 291/291
f 291/291 443/443 444/444
f 291/291 444/444 292/292
f 292/292 444/444 445/445
f 292/292 445/445 293/293
f 293/293 445/445 446/446
f 293/293 446/446 294/294
f 294/294 446/446 447/447
f 294/294 447/447 295/295
f 295/295 447/447 448/448
f 295/295 448/448 296/296
f 296/296 448/448 449/449
f 296/296 449/449 297/297
f 297/297 449/449 450/450
f 297/297 450/450 298/298
f 298/298 450/450 451/451
f 298/298 451/451 299/299
f 299/299 451/451 452/452
f 299/299 452/452 300/300
f 300/300 452/452 453/453
f 300/300 453/453 301/301
f 301/301 453/453 454/454
f 301/301 454/454 302/302
f 302/302 454/454 455/455
f 302/302 455/455 303/303
f 303/303 455/455 456/456
f 303/303 456/456 304/304
f 304/304 456/456 457/457
f 304/304 457/457 305/305
f 305/305 457/457 458/458
f 305/305 458/458 306/306
f 306/306 458/458 459/459
f 306/306 459/459 307/307
f 307/307 459/459 460/460
f 307/307 460/460 308/308
f 308/308 460/460 461/461
f 308/308 461/461 309/309
f 309/309 461/461 462/462
f 309/309 462/462 310/310
f 310/310 462/462 463/463
f 310/310 463/463 311/311
f 311/311 463/463 464/464
f 311/311 464/464 312/312
f 312/312 464/464 465/465
f 312/312 465/465 313/313
f 313/313 465/465 466/466
f 313/313 466/466 314/314
f 314/314 466/466 467/467
f 314/314 467/467 315/315
f 315/315 467/467 468/468
f 315/315 468/468 316/316
f 316/316 468/468 469/469
f 316/316 469/469 317/317
f 317/317 469/469 470/470
f 317/317 470/470 318/318
f 318/318 470/470 471/471
f 318/318 471/471 319/319
f 319/319 471/471 472/472
f 319/319 472/472 320/320
f 320/320 472/472 473/473
f 320/320 473/473 321/321
f 321/321 473/473 474/474
f 321/321 474/474 322/322
f 322/322 474/474 475/475
f 322/322 475/475 323/323
f 323/323 475/475 476/476
f 323/323 476/476 324/324
f 324/324 476/476 477/477
f 324/324 477/477 325/325
f 325/325 477/477 478/478
f 325/325 478/478 326/326
f 326/326 478/478 479/479
f 326/326 479/479 327/327
f 327/327 479/479 480/480
f 327/327 480/480 328/328
f 328/328 480/480 481/481
f 328/328 481/481 329/329
f 329/329 481/481 482/482
f 329/329 482/482 330/330
f 330/330 482/482 483/483
f 330/330 483/483 331/331
f 331/331 483/483 484/484
f 331/331 484/484 332/332
f 332/332 484/484 485/485
f 332/332 485/485 333/333
f 333/333 485/485 486/486
f 333/333 486/486 334/334
f 334/334 486/486 487/487
f 334/334 487/487 335/335
f 335/335 487/487 488/488
f 335/335 488/488 336/336
f 336/336 488/488 489/489
f 336/336 489/489 337/337
f 337/337 489/489 490/490
f 337/337 490/490 338/338
f 338/338 490/490 491/491
f 338/338 491/491 339/339
f 339/339 491/491 492/492
f 339/339 492/492 340/340
f 340/340 492/492 493/493
f 340/340 493/493 341/341
f 341/341 493/493 494/494
f 341/341 494/494 342/342
f 342/342 494/494 495/495
f 342/342 495/495 343/343
f 343/343 495/495 496/496
f 343/343 496/496 344/344
f 344/344 496/496 497/497
f 344/344 497/497 345/345
f 345/345 497/497 498/498
f 345/345 498/498 346/346
f 346/346 498/498 499/499
f 346/346 499/499 347/347
f 347/347 499/499 500/500
f 347/347 500/500 348/348
f 348/348 500/500 501/501
f 348/348 501/501 349/349
f 349/349 501/501 502/502
f 349/349 502/502 350/350
f 350/350 502/502 352/352
f 394/394 503/503 395/395
f 395/395 503/503 504/504
f 395/395 504/504 396/396
f 396/396 504/504 505/505
f 396/396 505/505 397/397
f 397/397 505/505 506/506
f 397/397 506/506 398/398
f 398/398 506/506 507/507
f 398/398 507/507 399/399
f 399/399 507/507 508/508
f 399/399 508/508 400/400
f 400/400 508/508 509/509
f 400/400 509/509 401/401
f 401/401 509/509 510/510
f 401/401 510/510 402/402
f 402/402 510/510 511/511
f 402/402 511/511 403/403
f 403/403 511/511 512/512
f 403/403 512/512 404/404
f 404/404 512/512 513/513
f 404/404 513/513 405/405
f 405/405 513/513 514/514
f 405/405 514/514 406/406
f 406/406 514/514 515/515
f 406/406 515/515 407/407
f 407/407 515/515 516/516
f 407/407 516/516 408/408
f 408/408 516/516 517/517
f 408/408 517/517 409/409
f 409/409 517/517 518/518
f 409/409 518/518 410/410
f 410/410 518/518 519/519
f 410/410 519/519 411/411
f 411/411 519/519 520/520
f 411/411 520/520 412/412
f 412/412 520/520 521/521
f 412/412 521/521 413/413
f 413/413 521/521 522/522
f 413/413 522/522 414/414
f 414/414 522/522 523/523
f 414/414 523/523 415/415
f 415/415 523/523 524/524
f 415/415 524/524 416/416
f 416/416 524/524 525/525
f 416/416 525/525 417/417
f 417/417 525/525 526/526
f 417/417 526/526 418/418
f 418/418 526/526 527/527
f 418/418 527/527 419/419
f 419/419 527/527 528/528
f 419/419 528/528 420/420
f 420/420 528/528 529/529
f 420/420 529/529 421/421
f 421/421 529/529 530/530
f 421/421 530/530 422/422
f 422/422 530/530 531/531
f 422/422 531/531 423/423
f 423/423 531/531 532/532
f 423/423 532/532 424/424
f 424/424 532/532 533/533
f 424/424 533/533 425/425
f 425/425 533/533 534/534
f 425/425 534/534 426/426
f 426/426 534/534 535/535
f 426/426 535/535 427/427
f 427/427 535/535 536/536
f 427/427 536/536 428/428
f 428/428 536/536 537/537
f 428/428 537/537 429/429
f 429/429 537/537 538/538
f 429/429 538/538 430/430
f 430/430 538/538 539/539
f 430/430 539/539 431/431
f 431/431 539/539 540/540
f 431/431 540/540 432/432
f 432/432 540/540 541/541
f 432/432 541/541 433/433
f 433/433 541/541 542/542
f 433/433 542/542 434/434
f 434/434 542/542 543/543
f 434/434 543/543 435/435
f 435/435 543/543 544/544
f 435/435 544/544 436/436
f 436/436 544/544 545/545
f 436/436 545/545 437/437
f 437/437 545/545 546/546
f 437/437 546/546 438/438
f 438/438 546/546 547/547
f 438/438 547/547 439/439
f 439/439 547/547 548/548
f 439/439 548/548 440/440
f 440/440 548/548 549/549
f 440/440 549/549 441/441
f 441/441 549/549 550/550
f 441/441 550/550 442/442
f 442/442 550/550 551/551
f 442/442 551/551 443/443
f 443/443 551/551 552/552
f 443/443 552/552 444/444
f 444/444 552/552 553/553
f 444/444 553/553 445/445
f 445/445 553/553 554/554
f 445/445 554/554 446/446
f 446/446 554/554 555/555
f 446/446 555/555 447/447
f 447/447 555/555 556/556
f 447/447 556/556 448/448
f 448/448 556/556 557/557
f 448/448 557/557 449/449
f 449/449 557/557 558/558
f 449/449 558/558 450/450
f 450/450 558/558 559/559
f 450/450 559/559 451/451
f 451/451 559/559 560/560
f 451/451 560/560 452/452
f 452/452 560/560 561/561
f 452/452 561/561 453/453
f 453/453 561/561 562/562
f 453/453 562/562 454/454
f 454/454 562/562 563/563
f 454/454 563/563 455/455
f 455/455 563/563 564/564
f 455/455 564/564 456/456
f 456/456 564/564 565/565
f 456/456 565/565 457/457
f 457/457 565/565 566/566
f 457/457 566/566 458/458
f 458/458 566/566 567/567
f 458/458 567/567 459/459
f 459/459 567/567 568/568
f 459/459 568/568 460/460
f 460/460 568/568 569/569
f 460/460 569/569 461/461
f 461/461 569/569 570/570
f 461/461 570/570 462/462
f 462/462 570/570 571/571
f 462/462 571/571 463/463
f 463/463 571/571 572/572
f 463/463 572/572 464/464
f 464/464 572/572 573/573
f 464/464 573/573 465/465
f 465/465 573/573 574/574
f 465/465 574/574 466/466
f 466/466 574/574 575/575
f 466/466 575/575 467/467
f 467/467 575/575 576/576
f 467/467 576/576 468/468
f 468/468 576/576 577/577
f 468/468 577/577 469/469
f 469/469 577/577 578/578
f 469/469 578/578 470/470
f 470/470 578/578 579/579
f 470/470 579/579 471/471
f 471/471 579/579 580/580
f 471/471 580/580 472/472
f 472/472 580/580 581/581
f 472/472 581/581 473/473
f 473/473 581/581 582/582
f 473/473 582/582 474/474
f 474/474 582/582 583/583
f 474/474 583/583 475/475
f 475/475 583/583 584/584
f 475/475 584/584 476/476
f 476/476 584/584 585/585
f 476/476 585/585 477/477
f 477/477 585/585 586/586
f 477/477 586/586 478/478
f 478/478 586/586 587/587
f 478/478 587/587 479/479
f 479/479 587/587 588/588
f 479/479 588/588 480/480
f 480/480 588/588 589/589
f 480/480 589/589 481/481
f 481/481 589/589 590/590
f 481/481 590/590 482/482
f 482/482 590/590 591/591
f 482/482 591/591 483/483
f 483/483 591/591 592/592
f 483/483 592/592 484/484
f 484/484 592/592 593/593
f 484/484 593/593 485/485
f 485/485 593/593 594/594
f 485/485 594/594 486/486
f 486/486 594/594 595/595
f 486/486 595/595 487/487
f 487/487 595/595 596/596
f 487/487 596/596 488/488
f 488/488 596/596 597/597
f 488/488 597/597 489/489
f 489/489 597/597 598/598
f 489/489 598/598 490/490
f 490/490 598/598 599/599
f 490/490 599/599 491/491
f 491/491 599/599 600/600
f 491/491 600/600 492/492
f 492/492 600/600 601/601
f 492/492 601/601 493/493
f 493/493 601/601 602/602
f 493/493 602/602 494/494
f 494/494 602/602 603/603
f 494/494 603/603 495/495
f 495/495 603/603 604/604
f 495/495 604/604 496/496
f 496/496 604/604 605/605
f 496/496 605/605 497/497
f 497/497 605/605 606/606
f 497/497 606/606 498/498
f 498/498 606/606 607/607
f 498/498 607/607 499/499
f 499/499 607/607 608/608
f 499/499 608/608 500/500
f 500/500 608/608 609/609
f 500/500 609/609 501/501
f 501/501 609/609 610/610
f 501/501 610/610 502/502
f 502/502 610/610 611/611
f 502/502 611/611 352/352
f 352/352 611/611 354/354
f 503/503 612/612 504/504
f 504/504 612/612 613/613
f 504/504 613/613 505/505
f 505/505 613/613 614/614
f 505/505 614/614 506/506
f 506/506 614/614 615/615
f 506/506 615/615 507/507
f 507/507 615/615 616/616
f 507/507 616/616 508/508
f 508/508 616/616 617/617
f 508/508 617/617 509/509
f 509/509 617/617 618/618
f 509/509 618/618 510/510
f 510/510 618/618 619/619
f 510/510 619/619 511/511
f 511/511 619/619 620/620
f 511/511 620/620 512/512
f 512/512 620/620 621/621
f 512/512 621/621 513/513
f 513/513 621/621 622/622
f 513/513 622/622 514/514
f 514/514 622/622 623/623
f 514/514 623/623 515/515
f 515/515 623/623 624/624
f 515/515 624/624 516/516
f 516/516 624/624 625/625
f 516/516 625/625 517/517
f 517/517 625/625 626/626
f 517/517 626/626 518/518
f 518/518 626/626 627/627
f 518/518 627/627 519/519
f 519/519 627/627 628/628
f 519/519 628/628 520/520
f 520/520 628/628 629/629
f 520/520 629/629 521/521
f 521/521 629/629 630/630
f 521/521 630/630 522/522
f 522/522 630/630 631/631
f 522/522 631/631 523/523
f 523/523 631/631 632/632
f 523/523 632/632 524/524
f 524/524 632/632 633/633
f 524/524 633/633 525/525
f 525/525 633/633 634/634
f 525/525 634/634 526/526
f 526/526 634/634 635/635
f 526/526 635/635 527/527
f 527/527 635/635 636/636
f 527/527 636/636 528/528
f 528/528 636/636 637/637
f 528/528 637/637 529/529
f 529/529 637/637 638/638
f 529/529 638/638 530/530
f 530/530 638/638 639/639
f 530/530 639/639 531/531
f 531/531 639/639 640/640
f 531/531 640/640 532/532
f 532/532 640/640 641/641
f 532/532 641/641 533/533
f 533/533 641/641 642/642
f 533/533 642/642 534/534
f 534/534 642/642 643/643
f 534/534 643/643 535/535
f 535/535 643/643 644/644
f 535/535 644/644 536/536
f 536/536 644/644 645/645
f 536/536 645/645 537/537
f 537/537 645/645 646/646
f 537/537 646/646 538/538
f 538/538 646/646 647/647
f 538/538 647/647 539/539
f 539/539 647/647 648/648
f 539/539 648/648 540/540
f 540/540 648/648 649/649
f 540/540 649/649 541/541
f 541/541 649/649 650/650
f 541/541 650/650 542/542
f 542/542 650/650 651/651
f 542/542 651/651 543/543
f 543/543 651/651 652/652
f 543/543 652/652 544/544
f 544/544 652/652 653/653
f 544/544 653/653 545/545
f 545/545 653/653 654/654
f 545/545 654/654 546/546
f 546/546 654/654 655/655
f 546/546 655/655 547/547
f 547/547 655/655 656/656
f 547/547 656/656 548/548
f 548/548 656/656 657/657
f 548/548 657/657 549/549
f 549/549 657/657 658/658
f 549/549 658/658 550/550
f 550/550 658/658 659/659
f 550/550 659/659 551/551
f 551/551 659/659 660/660
f 551/551 660/660 552/552
f 552/552 660/660 661/661
f 552/552 661/661 553/553
f 553/553 661/661 662/662
f 553/553 662/662 554/554
f 554/554 662/662 663/663
f 554/554 663/663 555/555
f 555/555 663/663 664/664
f 555/555 664/664 556/556
f 556/556 664/664 665/665
f 556/556 665/665 557/557
f 557/557 665/665 666/666
f 557/557 666/666 558/558
f 558/558 666/666 667/667
f 558/558 667/667 559/559
f 559/559 667/667 668/668
f 559/559 668/668 560/560
f 560/560 668/668 669/669
f 560/560 669/669 561/561
f 561/561 669/669 670/670
f 561/561 670/670 562/562
f 562/562 670/670 671/671
f 562/562 671/671 563/563
f 563/563 671/671 672/672
f 563/563 672/672 564/564
f 564/564 672/672 673/673
f 564/564 673/673 565/565
f 565/565 673/673 674/674
f 565/565 674/674 566/566
f 566/566 674/674 675/675
f 566/566 675/675 567/567
f 567/567 675/675 676/676
f 567/567 676/676 568/568
f 568/568 676/676 677/677
f 568/568 677/677 569/569
f 569/569 677/677 678/678
f 569/569 678/678 570/570
f 570/570 678/678 679/679
f 570/570 679/679 571/571
f 571/571 679/679 680/680
f 571/571 680/680 572/572
f 572/572 680/680 681/681
f 572/572 681/681 573/573
f 573/573 681/681 682/682
f 573/573 682/682 574/574
f 574/574 682/682 683/683
f 574/574 683/683 575/575
f 575/575 683/683 684/684
f 575/575 684/684 576/576
f 576/576 684/684 685/685
f 576/576 685/685 577/577
f 577/577 685/685 686/686
f 577/577 686/686 578/578
f 578/578 686/686 687/687
f 578/578 687/687 579/579
f 579/579 687/687 688/688
f 579/579 688/688 580/580
f 580/580 688/688 689/689
f 580/580 689/689 581/581
f 581/581 689/689 690/690
f 581/581 690/690 582/582
f 582/582 690/690 691/691
f 582/582 691/691 583/583
f 583/583 691/691 692/692
f 583/583 692/692 584/584
f 584/584 692/692 693/693
f 584/584 693/693 585/585
f 585/585 693/693 694/694
f 585/585 694/694 586/586
f 586/586 694/694 695/695
f 586/586 695/695 587/587
f 587/587 695/695 696/696
f 587/587 696/696 588/588
f 588/588 696/696 697/697
f 588/588 697/697 589/589
f 589/589 697/697 698/698
f 589/589 698/698 590/590
f 590/590 698/698 699/699
f 590/590 699/699 591/591
f 591/591 699/699 700/700
f 591/591 700/700 592/592
f 592/592 700/700 701/701
f 592/592 701/701 593/593
f 593/593 701/701 702/702
f 593/593 702/702 594/594
f 594/594 702/702 703/703
f 594/594 703/703 595/595
f 595/595 703/703 704/704
f 595/595 704/704 596/596
f 596/596 704/704 705/705
f 596/596 705/705 597/597
f 597/597 705/705 706/706
f 597/597 706/706 598/598
f 598/598 706/706 707/707
f 598/598 707/707 599/599
f 599/599 707/707 708/708
f 599/599 708/708 600/600
f 600/600 708/708 709/709
f 600/600 709/709 601/601
f 601/601 709/709 710/710
f 601/601 710/710 602/602
f 602/602 710/710 711/711
f 602/602 711/711 603/603
f 603/603 711/711 712/712
f 603/603 712/712 604/604
f 604/604 712/712 713/713
f 604/604 713/713 605/605
f 605/605 713/713 714/714
f 605/605 714/714 606/606
f 606/606 714/714 715/715
f 606/606 715/715 607/607
f 607/607 715/715 716/716
f 607/607 716/716 608/608
f 608/608 716/716 717/717
f 608/608 717/717 609/609
f 609/609 717/717 718/718
f 609/609 718/718 610/610
f 610/610 718/718 719/719
f 610/610 719/719 611/611
f 611/611 719/719 720/720
f 611/611 720/720 354/354
f 354/354 720/720 356/356
f 612/612 721/721 613/613
f 613/613 721/721 722/722
f 613/613 722/722 614/614
f 614/614 722/722 723/723
f 614/614 723/723 615/615
f 615/615 723/723 724/724
f 615/615 724/724 616/616
f 616/616 724/724 725/725
f 616/616 725/725 617/617
f 617/617 725/725 726/726
f 617/617 726/726 618/618
f 618/618 726/726 727/727
f 618/618 727/727 619/619
f 619/619 727/727 728/728
f 619/619 728/728 620/620
f 620/620 728/728 729/729
f 620/620 729/729 621/621
f 621/621 729/729 730/730
f 621/621 730/730 622/622
f 622/622 730/730 731/731
f 622/622 731/731 623/623
f 623/623 731/731 732/732
f 623/623 732/732 624/624
f 624/624 732/732 733/733
f 624/624 733/733 625/625
f 625/625 733/733 734/734
f 625/625 734/734 626/626
f 626/626 734/734 735/735
f 626/626 735/735 627/627
f 627/627 735/735 736/736
f 627/627 736/736 628/628
f 628/628 736/736 737/737
f 628/628 737/737 629/629
f 629/629 737/737 738/738
f 629/629 738/738 630/630
f 630/630 738/738 739/739
f 630/630 739/739 631/631
f 631/631 739/739 740/740
f 631/631 740/740 632/632
f 632/632 740/740 741/741
f 632/632 741/741 633/633
f 633/633 741/741 742/742
f 633/633 742/742 634/634
f 634/634 742/742 743/743
f 634/634 743/743 635/635
f 635/635 743/743 744/744
f 635/635 744/744 636/636
f 636/636 744/744 745/745
f 636/636 745/745 637/637
f 637/637 745/745 746/746
f 637/637 746/746 638/638
f 638/638 746/746 747/747
f 638/638 747/747 639/639
f 639/639 747/747 748/748
f 639/639 748/748 640/640
f 640/640 748/748 749/749
f 640/640 749/749 641/641
f 641/641 749/749 750/750
f 641/641 750/750 642/642
f 642/642 750/750 751/751
f 642/642 751/751 643/643
f 643/643 751/751 752/752
f 643/643 752/752 644/644
f 644/644 752/752 753/753
f 644/644 753/753 645/645
f 645/645 753/753 754/754
f 645/645 754/754 646/646
f 646/646 754/754 755/755
f 646/646 755/755 647/647
f 647/647 755/755 756/756
f 647/647 756/756 648/648
f 648/648 756/756 757/757
f 648/648 757/757 649/649
f 649/649 757/757 758/758
f 649/649 758/758 650/650
f 650/650 758/758 759/759
f 650/650 759/759 651/651
f 651/651 759/759 760/760
f 651/651 760/760 652/652
f 652/652 760/760 761/761
f 652/652 761/761 653/653
f 653/653 761/761 762/762
f 653/653 762/762 654/654
f 654/654 762/762 763/763
f 654/654 763/763 655/655
f 655/655 763/763 764/764
f 655/655 764/764 656/656
f 656/656 764/764 765/765
f 656/656 765/765 657/657
f 657/657 765/765 766/766
f 657/657 766/766 658/658
f 658/658 766/766 767/767
f 658/658 767/767 659/659
f 659/659 767/767 768/768
f 659/659 768/768 660/660
f 660/660 768/768 769/769
f 660/660 769/769 661/661
f 661/661 769/769 770/770
f 661/661 770/770 662/662
f 662/662 770/770 771/771
f 662/662 771/771 663/663
f 663/663 771/771 772/772
f 663/663 772/772 664/664
f 664/664 772/772 773/773
f 664/664 773/773 665/665
f 665/665 773/773 774/774
f 665/665 774/774 666/666
f 666/666 774/774 775/775
f 666/666 775/775 667/667
f 667/667 775/775 776/776
f 667/667 776/776 668/668
f 668/668 776/776 777/777
f 668/668 777/777 669/669
f 669/669 777/777 778/778
f 669/669 778/778 670/670
f 670/670 778/778 779/779
f 670/670 779/779 671/671
f 671/671 779/779 780/780
f 671/671 780/780 672/672
f 672/672 780/780 781/781
f 672/672 781/781 673/673
f 673/673 781/781 782/782
f 673/673 782/782 674/674
f 674/674 782/782 783/783
f 674/674 783/783 675/675
f 675/675 783/783 784/784
f 675/675 784/784 676/676
f 676/676 784/784 785/785
f 676/676 785/785 677/677
f 677/677 785/785 786/786
f 677/677 786/786 678/678
f 678/678 786/786 787/787
f 678/678 787/787 679/679
f 679/679 787/787 788/788
f 679/679 788/788 680/680
f 680/680 788/788 789/789
f 680/680 789/789 681/681
f 681/681 789/789 790/790
f 681/681 790/790 682/682
f 682/682 790/790 791/791
f 682/682 791/791 683/683
f 683/683 791/791 792/792
f 683/683 792/792 684/684
f 684/684 792/792 793/793
f 684/684 793/793 685/685
f 685/685 793/793 794/794
f 685/685 794/794 686/686
f 686/686 794/794 795/795
f 686/686 795/795 687/687
f 687/687 795/795 796/796
f 687/687 796/796 688/688
f 688/688 796/796 797/797
f 688/688 797/797 689/689
f 689/689 797/797 798/798
f 689/689 798/798 690/690
f 690/690 798/798 799/799
f 690/690 799/799 691/691
f 691/691 799/799 800/800
f 691/691 800/800 692/692
f 692/692 800/800 801/801
f 692/692 801/801 693/693
f 693/693 801/801 802/802
f 693/693 802/802 694/694
f 694/694 802/802 803/803
f 694/694 803/803 695/695
f 695/695 803/803 804/804
f 695/695 804/804 696/696
f 696/696 804/804 805/805
f 696/696 805/805 697/697
f 697/697 805/805 806/806
f 697/697 806/806 698/698
f 698/698 806/806 807/807
f 698/698 807/807 699/699
f 699/699 807/807 808/808
f 699/699 808/808 700/700
f 700/700 808/808 809/809
f 700/700 809/809 701/701
f 701/701 809/809 810/810
f 701/701 810/810 702/702
f 702/702 810/810 811/811
f 702/702 811/811 703/703
f 703/703 811/811 812/812
f 703/703 812/812 704/704
f 704/704 812/812 813/813
f 704/704 813/813 705/705
f 705/705 813/813 814/814
f 705/705 814/814 706/706
f 706/706 814/814 815/815
f 706/706 815/815 707/707
f 707/707 815/815 816/816
f 707/707 816/816 708/708
f 708/708 816/816 817/817
f 708/708 817/817 709/709
f 709/709 817/817 818/818
f 709/709 818/818 710/710
f 710/710 818/818 819/819
f 710/710 819/819 711/711
f 711/711 819/819 820/820
f 711/711 820/820 712/712
f 712/712 820/820 821/821
f 712/712 821/821 713/713
f 713/713 821/821 822/822
f 713/713 822/822 714/714
f 714/714 822/822 823/823
f 714/714 823/823 715/715
f 715/715 823/823 824/824
f 715/715 824/824 716/716
f 716/716 824/824 825/825
f 716/716 825/825 717/717
f 717/717 825/825 826/826
f 717/717 826/826 718/718
f 718/718 826/826 827/827
f 718/718 827/827 719/719
f 719/719 827/827 828/828
f 719/719 828/828 720/720
f 720/720 828/828 829/829
f 720/720 829/829 356/356
f 356/356 829/829 358/358
f 721/721 830/830 722/722
f 722/722 830/830 831/831
f 722/722 831/831 723/723
f 723/723 831/831 832/832
f 723/723 832/832 724/724
f 724/724 832/832 833/833
f 724/724 833/833 725/725
f 725/725 833/833 834/834
f 725/725 834/834 726/726
f 726/726 834/834 835/835
f 726/726 835/835 727/727
f 727/727 835/835 836/836
f 727/727 836/836 728/728
f 728/728 836/836 837/837
f 728/728 837/837 729/729
f 729/729 837/837 838/838
f 729/729 838/838 730/730
f 730/730 838/838 839/839
f 730/730 839/839 731/731
f 731/731 839/839 840/840
f 731/731 840/840 732/732
f 732/732 840/840 841/841
f 732/732 841/841 733/733
f 733/733 841/841 842/842
f 733/733 842/842 734/734
f 734/734 842/842 843/843
f 734/734 843/843 735/735
f 735/735 843/843 844/844
f 735/735 844/844 736/736
f 736/736 844/844 845/845
f 736/736 845/845 737/737
f 737/737 845/845 846/846
f 737/737 846/846 738/738
f 738/738 846/846 847/847
f 738/738 847/847 739/739
f 739/739 847/847 848/848
f 739/739 848/848 740/740
f 740/740 848/848 849/849
f 740/740 849/849 741/741
f 741/741 849/849 850/850
f 741/741 850/850 742/742
f 742/742 850/850 851/851
f 742/742 851/851 743/743
f 743/743 851/851 852/852
f 743/743 852/852 744/744
f 744/744 852/852 853/853
f 744/744 853/853 745/745
f 745/745 853/853 854/854
f 745/745 854/854 746/746
f 746/746 854/854 855/855
f 746/746 855/855 747/747
f 747/747 855/855 856/856
f 747/747 856/856 748/748
f 748/748 856/856 857/857
f 748/748 857/857 749/749
f 749/749 857/857 858/858
f 749/749 858/858 750/750
f 750/750 858/858 859/859
f 750/750 859/859 751/751
f 751/751 859/859 860/860
f 751/751 860/860 752/752
f 752/752 860/860 861/861
f 752/752 861/861 753/753
f 753/753 861/861 862/862
f 753/753 862/862 754/754
f 754/754 862/862 863/863
f 754/754 863/863 755/755
f 755/755 863/863 864/864
f 755/755 864/864 756/756
f 756/756 864/864 865/865
f 756/756 865/865 757/757
f 757/757 865/865 866/866
f 757/757 866/866 758/758
f 758/758 866/866 867/867
f 758/758 867/867 759/759
f 759/759 867/867 868/868
f 759/759 868/868 760/760
f 760/760 868/868 869/869
f 760/760 869/869 761/761
f 761/761 869/869 870/870
f 761/761 870/870 762/762
f 762/762 870/870 871/871
f 762/762 871/871 763/763
f 763/763 871/871 872/872
f 763/763 872/872 764/764
f 764/764 872/872 873/873
f 764/764 873/873 765/765
f 765/765 873/873 874/874
f 765/765 874/874 766/766
f 766/766 874/874 875/875
f 766/766 875/875 767/767
f 767/767 875/875 876/876
f 767/767 876/876 768/768
f 768/768 876/876 877/877
f 768/768 877/877 769/769
f 769/769 877/877 878/878
f 769/769 878/878 770/770
f 770/770 878/878 879/879
f 770/770 879/879 771/771
f 771/771 879/879 880/880
f 771/771 880/880 772/772
f 772/772 880/880 881/881
f 772/772 881/881 773/773
f 773/773 881/881 882/882
f 773/773 882/882 774/774
f 774/774 882/882 883/883
f 774/774 883/883 775/775
f 775/775 883/883 884/884
f 775/775 884/884 776/776
f 776/776 884/884 885/885
f 776/776 885/885 777/777
f 777/777 885/885 886/886
f 777/777 886/886 778/778
f 778/778 886/886 887/887
f 778/778 887/887 779/779
f 779/779 887/887 888/888
f 779/779 888/888 780/780
f 780/780 888/888 889/889
f 780/780 889/889 781/781
f 781/781 889/889 890/890
f 781/781 890/890 782/782
f 782/782 890/890 891/891
f 782/782 891/891 783/783
f 783/783 891/891 892/892
f 783/783 892/892 784/784
f 784/784 892/892 893/893
f 784/784 893/893 785/785
f 785/785 893/893 894/894
f 785/785 894/894 786/786
f 786/786 894/894 895/895
f 786/786 895/895 787/787
f 787/787 895/895 896/896
f 787/787 896/896 788/788
f 788/788 896/896 897/897
f 788/788 897/897 789/789
f 789/789 897/897 898/898
f 789/789 898/898 790/790
f 790/790 898/898 899/899
f 790/790 899/899 791/791
f 791/791 899/899 900/900
f 791/791 900/900 792/792
f 792/792 900/900 901/901
f 792/792 901/901 793/793
f 793/793 901/901 902/902
f 793/793 902/902 794/794
f 794/794 902/902 903/903
f 794/794 903/903 795/795
f 795/795 903/903 904/904
f 795/795 904/904 796/796
f 796/796 904/904 905/905
f 796/796 905/905 797/797
f 797/797 905/905 906/906
f 797/797 906/906 798/798
f 798/798 906/906 907/907
f 798/798 907/907 799/799
f 799/799 907/907 908/908
f 799/799 908/908 800/800
f 800/800 908/908 909/909
f 800/800 909/909 801/801
f 801/801 909/909 910/910
f 801/801 910/910 802/802
f 802/802 910/910 911/911
f 802/802 911/911 803/803
f 803/803 911/911 912/912
f 803/803 912/912 804/804
f 804/804 912/912 913/913
f 804/804 913/913 805/805
f 805/805 913/913 914/914
f 805/805 914/914 806/806
f 806/806 914/914 915/915
f 806/806 915/915 807/807
f 807/807 915/915 916/916
f 807/807 916/916 808/808
f 808/808 916/916 917/917
f 808/808 917/917 809/809
f 809/809 917/917 918/918
f 809/809 918/918 810/810
f 810/810 918/918 919/919
f 810/810 919/919 811/811
f 811/811 919/919 920/920
f 811/811 920/920 812/812
f 812/812 920/920 921/921
f 812/812 921/921 813/813
f 813/813 921/921 922/922
f 813/813 922/922 814/814
f 814/814 922/922 923/923
f 814/814 923/923 815/815
f 815/815 923/923 924/924
f 815/815 924/924 816/816
f 816/816 924/924 925/925
f 816/816 925/925 817/817
f 817/817 925/925 926/926
f 817/817 926/926 818/818
f 818/818 926/926 927/927
f 818/818 927/927 819/819
f 819/819 927/927 928/928
f 819/819 928/928 820/820
f 820/820 928/928 929/929
f 820/820 929/929 821/821
f 821/821 929/929 930/930
f 821/821 930/930 822/822
f 822/822 930/930 931/931
f 822/822 931/931 823/823
f 823/823 931/931 932/932
f 823/823 932/932 824/824
f 824/824 932/932 933/933
f 824/824 933/933 825/825
f 825/825 933/933 934/934
f 825/825 934/934 826/826
f 826/826 934/934 935/935
f 826/826 935/935 827/827
f 827/827 935/935 936/936
f 827/827 936/936 828/828
f 828/828 936/936 937/937
f 828/828 937/937 829/829
f 829/829 937/937 938/938
f 829/829 938/938 358/358
f 358/358 938/938 360/360
f 830/830 939/939 831/831
f 831/831 939/939 940/940
f 831/831 940/940 832/832
f 832/832 940/940 941/941
f 832/832 941/941 833/833
f 833/833 941/941 942/942
f 833/833 942/942 834/834
f 834/834 942/942 943/943
f 834/834 943/943 835/835
f 835/835 943/943 944/944
f 835/835 944/944 836/836
f 836/836 944/944 945/945
f 836/836 945/945 837/837
f 837/837 945/945 946/946
f 837/837 946/946 838/838
f 838/838 946/946 947/947
f 838/838 947/947 839/839
f 839/839 947/947 948/948
f 839/839 948/948 840/840
f 840/840 948/948 949/949
f 840/840 949/949 841/841
f 841/841 949/949 950/950
f 841/841 950/950 842/842
f 842/842 950/950 951/951
f 842/842 951/951 843/843
f 843/843 951/951 952/952
f 843/843 952/952 844/844
f 844/844 952/952 953/953
f 844/844 953/953 845/845
f 845/845 953/953 954/954
f 845/845 954/954 846/846
f 846/846 954/954 955/955
f 846/846 955/955 847/847
f 847/847 955/955 956/956
f 847/847 956/956 848/848
f 848/848 956/956 957/957
f 848/848 957/957 849/849
f 849/849 957/957 958/958
f 849/849 958/958 850/850
f 850/850 958/958 959/959
f 850/850 959/959 851/851
f 851/851 959/959 960/960
f 851/851 960/960 852/852
f 852/852 960/960 961/961
f 852/852 961/961 853/853
f 853/853 961/961 962/962
f 853/853 962/962 854/854
f 854/854 962/962 963/963
f 854/854 963/963 855/855
f 855/855 963/963 964/964
f 855/855 964/964 856/856
f 856/856 964/964 965/965
f 856/856 965/965 857/857
f 857/857 965/965 966/966
f 857/857 966/966 858/858
f 858/858 966/966 967/967
f 858/858 967/967 859/859
f 859/859 967/967 968/968
f 859/859 968/968 860/860
f 860/860 968/968 969/969
f 860/860 969/969 861/861
f 861/861 969/969 970/970
f 861/861 970/970 862/862
f 862/862 970/970 971/971
f 862/862 971/971 863/863
f 863/863 971/971 972/972
f 863/863 972/972 864/864
f 864/864 972/972 973/973
f 864/864 973/973 865/865
f 865/865 973/973 974/974
f 865/865 974/974 866/866
f 866/866 974/974 975/975
f 866/866 975/975 867/867
f 867/867 975/975 976/976
f 867/867 976/976 868/868
f 868/868 976/976 977/977
f 868/868 977/977 869/869
f 869/869 977/977 978/978
f 869/869 978/978 870/870
f 870/870 978/978 979/979
f 870/870 979/979 871/871
f 871/871 979/979 980/980
f 871/871 980/980 872/872
f 872/872 980/980 981/981
f 872/872 981/981 873/873
f 873/873 981/981 982/982
f 873/873 982/982 874/874
f 874/874 982/982 983/983
f 874/874 983/983 875/875
f 875/875 983/983 984/984
f 875/875 984/984 876/876
f 876/876 984/984 985/985
f 876/876 985/985 877/877
f 877/877 985/985 986/986
f 877/877 986/986 878/878
f 878/878 986/986 987/987
f 878/878 987/987 879/879
f 879/879 987/987 988/988
f 879/879 988/988 880/880
f 880/880 988/988 989/989
f 880/880 989/989 881/881
f 881/881 989/989 990/990
f 881/881 990/990 882/882
f 882/882 990/990 991/991
f 882/882 991/991 883/883
f 883/883 991/991 992/992
f 883/883 992/992 884/884
f 884/884 992/992 993/993
f 884/884 993/993 885/885
f 885/885 993/993 994/994
f 885/885 994/994 886/886
f 886/886 994/994 995/995
f 886/886 995/995 887/887
f 887/887 995/995 996/996
f 887/887 996/996 888/888
f 888/888 996/996 997/997
f 888/888 997/997 889/889
f 889/889 997/997 998/998
f 889/889 998/998 890/890
f 890/890 998/998 999/999
f 890/890 999/999 891/891
f 891/891 999/999 1000/1000
f 891/891 1000/1000 892/892
f 892/892 1000/1000 1001/1001
f 892/892 1001/1001 893/893
f 893/893 1001/1001 1002/1002
f 893/893 1002/1002 894/894
f 894/894 1002/1002 1003/1003
f 894/894 1003/1003 895/895
f 895/895 1003/1003 1004/1004
f 895/895 1004/1004 896/896
f 896/896 1004/1004 1005/1005
f 896/896 1005/1005 897/897
f 897/897 1005/1005 1006/1006
f 897/897 1006/1006 898/898
f 898/898 1006/1006 1007/1007
f 898/898 1007/1007 899/899
f 899/899 1007/1007 1008/1008
f 899/899 1008/1008 900/900
f 900/900 1008/1008 1009/1009
f 900/900 1009/1009 901/901
f 901/901 1009/1009 1010/1010
f 901/901 1010/1010 902/902
f 902/902 1010/1010 1011/1011
f 902/902 1011/1011 903/903
f 903/903 1011/1011 1012/1012
f 903/903 1012/1012 904/904
f 904/904 1012/1012 1013/1013
f 904/904 1013/1013 905/905
f 905/905 1013/1013 1014/1014
f 905/905 1014/1014 906/906
f 906/906 1014/1014 1015/1015
f 906/906 1015/1015 907/907
f 907/907 1015/1015 1016/1016
f 907/907 1016/1016 908/908
f 908/908 1016/1016 1017/1017
f 908/908 1017/1017 909/909
f 909/909 1017/1017 1018/1018
f 909/909 1018/1018 910/910
f 910/910 1018/1018 1019/1019
f 910/910 1019/1019 911/911
f 911/911 1019/1019 1020/1020
f 911/911 1020/1020 912/912
f 912/912 1020/1020 1021/1021
f 912/912 1021/1021 913/913
f 913/913 1021/1021 1022/1022
f 913/913 1022/1022 914/914
f 914/914 1022/1022 1023/1023
f 914/914 1023/1023 915/915
f 915/915 1023/1023 1024/1024
f 915/915 1024/1024 916/916
f 916/916 1024/1024 1025/1025
f 916/916 1025/1025 917/917
f 917/917 1025/1025 1026/1026
f 917/917 1026/1026 918/918
f 918/918 1026/1026 1027/1027
f 918/918 1027/1027 919/919
f 919/919 1027/1027 1028/1028
f 919/919 1028/1028 920/920
f 920/920 1028/1028 1029/1029
f 920/920 1029/1029 921/921
f 921/921 1029/1029 1030/1030
f 921/921 1030/1030 922/922
f 922/922 1030/1030 1031/1031
f 922/922 1031/1031 923/923
f 923/923 1031/1031 1032/1032
f 923/923 1032/1032 924/924
f 924/924 1032/1032 1033/1033
f 924/924 1033/1033 925/925
f 925/925 1033/1033 1034/1034
f 925/925 1034/1034 926/926
f 926/926 1034/1034 1035/1035
f 926/926 1035/1035 927/927
f 927/927 1035/1035 1036/1036
f 927/927 1036/1036 928/928
f 928/928 1036/1036 1037/1037
f 928/928 1037/1037 929/929
f 929/929 1037/1037 1038/1038
f 929/929 1038/1038 930/930
f 930/930 1038/1038 1039/1039
f 930/930 1039/1039 931/931
f 931/931 1039/1039 1040/1040
f 931/931 1040/1040 932/932
f 932/932 1040/1040 1041/1041
f 932/932 1041/1041 933/933
f 933/933 1041/1041 1042/1042
f 933/933 1042/1042 934/934
f 934/934 1042/1042 1043/1043
f 934/934 1043/1043 935/935
f 935/935 1043/1043 1044/1044
f 935/935 1044/1044 936/936
f 936/936 1044/1044 1045/1045
f 936/936 1045/1045 937/937
f 937/937 1045/1045 1046/1046
f 937/937 1046/1046 938/938
f 938/938 1046/1046 1047/1047
f 938/938 1047/1047 360/360
f 360/360 1047/1047 362/362
f 939/939 1048/1048 940/940
f 940/940 1048/1048 1049/1049
f 940/940 1049/1049 941/941
f 941/941 1049/1049 1050/1050
f 941/941 1050/1050 942/942
f 942/942 1050/1050 1051/1051
f 942/942 1051/1051 943/943
f 943/943 1051/1051 1052/1052
f 943/943 1052/1052 944/944
f 944/944 1052/1052 1053/1053
f 944/944 1053/1053 945/945
f 945/945 1053/1053 1054/1054
f 945/945 1054/1054 946/946
f 946/946 1054/1054 1055/1055
f 946/946 1055/1055 947/947
f 947/947 1055/1055 1056/1056
f 947/947 1056/1056 948/948
f 948/948 1056/1056 1057/1057
f 948/948 1057/1057 949/949
f 949/949 1057/1057 1058/1058
f 949/949 1058/1058 950/950
f 950/950 1058/1058 1059/1059
f 950/950 1059/1059 951/951
f 951/951 1059/1059 1060/1060
f 951/951 1060/1060 952/952
f 952/952 1060/1060 1061/1061
f 952/952 1061/1061 953/953
f 953/953 1061/1061 1062/1062
f 953/953 1062/1062 954/954
f 954/954 1062/1062 1063/1063
f 954/954 1063/1063 955/955
f 955/955 1063/1063 1064/1064
f 955/955 1064/1064 956/956
f 956/956 1064/1064 1065/1065
f 956/956 1065/1065 957/957
f 957/957 1065/1065 1066/1066
f 957/957 1066/1066 958/958
f 958/958 1066/1066 1067/1067
f 958/958 1067/1067 959/959
f 959/959 1067/1067 1068/1068
f 959/959 1068/1068 960/960
f 960/960 1068/1068 1069/1069
f 960/960 1069/1069 961/961
f 961/961 1069/1069 1070/1070
f 961/961 1070/1070 962/962
f 962/962 1070/1070 1071/1071
f 962/962 1071/1071 963/963
f 963/963 1071/1071 1072/1072
f 963/963 1072/1072 964/964
f 964/964 1072/1072 1073/1073
f 964/964 1073/1073 965/965
f 965/965 1073/1073 1074/1074
f 965/965 1074/1074 966/966
f 966/966 1074/1074 1075/1075
f 966/966 1075/1075 967/967
f 967/967 1075/1075 1076/1076
f 967/967 1076/1076 968/968
f 968/968 1076/1076 1077/1077
f 968/968 1077/1077 969/969
f 969/969 1077/1077 1078/1078
f 969/969 1078/1078 970/970
f 970/970 1078/1078 1079/1079
f 970/970 1079/1079 971/971
f 971/971 1079/1079 1080/1080
f 971/971 1080/1080 972/972
f 972/972 1080/1080 1081/1081
f 972/972 1081/1081 973/973
f 973/973 1081/1081 1082/1082
f 973/973 1082/1082 974/974
f 974/974 1082/1082 1083/1083
f 974/974 1083/1083 975/975
f 975/975 1083/1083 1084/1084
f 975/975 1084/1084 976/976
f 976/976 1084/1084 1085/1085
f 976/976 1085/1085 977/977
f 977/977 1085/1085 1086/1086
f 977/977 1086/1086 978/978
f 978/978 1086/1086 1087/1087
f 978/978 1087/1087 979/979
f 979/979 1087/1087 1088/1088
f 979/979 1088/1088 980/980
f 980/980 1088/1088 1089/1089
f 980/980 1089/1089 981/981
f 981/981 1089/1089 1090/1090
f 981/981 1090/1090 982/982
f 982/982 1090/1090 1091/1091
f 982/982 1091/1091 983/983
f 983/983 1091/1091 1092/1092
f 983/983 1092/1092 984/984
f 984/984 1092/1092 1093/1093
f 984/984 1093/1093 985/985
f 985/985 1093/1093 1094/1094
f 985/985 1094/1094 986/986
f 986/986 1094/1094 1095/1095
f 986/986 1095/1095 987/987
f 987/987 1095/1095 1096/1096
f 987/987 1096/1096 988/988
f 988/988 1096/1096 1097/1097
f 988/988 1097/1097 989/989
f 989/989 1097/1097 1098/1098
f 989/989 1098/1098 990/990
f 990/990 1098/1098 1099/1099
f 990/990 1099/1099 991/991
f 991/991 1099/1099 1100/1100
f 991/991 1100/1100 992/992
f 992/992 1100/1100 1101/1101
f 992/992 1101/1101 993/993
f 993/993 1101/1101 1102/1102
f 993/993 1102/1102 994/994
f 994/994 1102/1102 1103/1103
f 994/994 1103/1103 995/995
f 995/995 1103/1103 1104/1104
f 995/995 1104/1104 996/996
f 996/996 1104/1104 1105/1105
f 996/996 1105/1105 997/997
f 997/997 1105/1105 1106/1106
f 997/997 1106/1106 998/998
f 998/998 1106/1106 1107/1107
f 998/998 1107/1107 999/999
f 999/999 1107/1107 1108/1108
f 999/999 1108/1108 1000/1000
f 1000/1000 1108/1108 1109/1109
f 1000/1000 1109/1109 1001/1001
f 1001/1001 1109/1109 1110/1110
f 1001/1001 1110/1110 1002/1002
f 1002/1002 1110/1110 1111/1111
f 1002/1002 1111/1111 1003/1003
f 1003/1003 1111/1111 1112/1112
f 1003/1003 1112/1112 1004/1004
f 1004/1004 1112/1112 1113/1113
f 1004/1004 1113/1113 1005/1005
f 1005/1005 1113/1113 1114/1114
f 1005/1005 1114/1114 1006/1006
f 1006/1006 1114/1114 1115/1115
f 1006/1006 1115/1115 1007/1007
f 1007/1007 1115/1115 1116/1116
f 1007/1007 1116/1116 1008/1008
f 1008/1008 1116/1116 1117/1117
f 1008/1008 1117/1117 1009/1009
f 1009/1009 1117/1117 1118/1118
f 1009/1009 1118/1118 1010/1010
f 1010/1010 1118/1118 1119/1119
f 1010/1010 1119/1119 1011/1011
f 1011/1011 1119/1119 1120/1120
f 1011/1011 1120/1120 1012/1012
f 1012/1012 1120/1120 1121/1121
f 1012/1012 1121/1121 1013/1013
f 1013/1013 1121/1121 1122/1122
f 1013/1013 1122/1122 1014/1014
f 1014/1014 1122/1122 1123/1123
f 1014/1014 1123/1123 1015/1015
f 1015/1015 1123/1123 1124/1124
f 1015/1015 1124/1124 1016/1016
f 1016/1016 1124/1124 1125/1125
f 1016/1016 1125/1125 1017/1017
f 1017/1017 1125/1125 1126/1126
f 1017/1017 1126/1126 1018/1018
f 1018/1018 1126/1126 1127/1127
f 1018/1018 1127/1127 1019/1019
f 1019/1019 1127/1127 1128/1128
f 1019/1019 1128/1128 1020/1020
f 1020/1020 1128/1128 1129/1129
f 1020/1020 1129/1129 1021/1021
f 1021/1021 1129/1129 1130/1130
f 1021/1021 1130/1130 1022/1022
f 1022/1022 1130/1130 1131/1131
f 1022/1022 1131/1131 1023/1023
f 1023/1023 1131/1131 1132/1132
f 1023/1023 1132/1132 1024/1024
f 1024/1024 1132/1132 1133/1133
f 1024/1024 1133/1133 1025/1025
f 1025/1025 1133/1133 1134/1134
f 1025/1025 1134/1134 1026/1026
f 1026/1026 1134/1134 1135/1135
f 1026/1026 1135/1135 1027/1027
f 1027/1027 1135/1135 1136/1136
f 1027/1027 1136/1136 1028/1028
f 1028/1028 1136/1136 1137/1137
f 1028/1028 1137/1137 1029/1029
f 1029/1029 1137/1137 1138/1138
f 1029/1029 1138/1138 1030/1030
f 1030/1030 1138/1138 1139/1139
f 1030/1030 1139/1139 1031/1031
f 1031/1031 1139/1139 1140/1140
f 1031/1031 1140/1140 1032/1032
f 1032/1032 1140/1140 1141/1141
f 1032/1032 1141/1141 1033/1033
f 1033/1033 1141/1141 1142/1142
f 1033/1033 1142/1142 1034/1034
f 1034/1034 1142/1142 1143/1143
f 1034/1034 1143/1143 1035/1035
f 1035/1035 1143/1143 1144/1144
f 1035/1035 1144/1144 1036/1036
f 1036/1036 1144/1144 1145/1145
f 1036/1036 1145/1145 1037/1037
f 1037/1037 1145/1145 1146/1146
f 1037/1037 1146/1146 1038/1038
f 1038/1038 1146/1146 1147/1147
f 1038/1038 1147/1147 1039/1039
f 1039/1039 1147/1147 1148/1148
f 1039/1039 1148/1148 1040/1040
f 1040/1040 1148/1148 1149/1149
f 1040/1040 1149/1149 1041/1041
f 1041/1041 1149/1149 1150/1150
f 1041/1041 1150/1150 1042/1042
f 1042/1042 1150/1150 1151/1151
f 1042/1042 1151/1151 1043/1043
f 1043/1043 1151/1151 1152/1152
f 1043/1043 1152/1152 1044/1044
f 1044/1044 1152/1152 1153/1153
f 1044/1044 1153/1153 1045/1045
f 1045/1045 1153/1153 1154/1154
f 1045/1045 1154/1154 1046/1046
f 1046/1046 1154/1154 1155/1155
f 1046/1046 1155/1155 1047/1047
f 1047/1047 1155/1155 1156/1156
f 1047/1047 1156/1156 362/362
f 362/362 1156/1156 364/364
f 1048/1048 1157/1157 1049/1049
f 1049/1049 1157/1157 1158/1158
f 1049/1049 1158/1158 1050/1050
f 1050/1050 1158/1158 1159/1159
f 1050/1050 1159/1159 1051/1051
f 1051/1051 1159/1159 1160/1160
f 1051/1051 1160/1160 1052/1052
f 1052/1052 1160/1160 1161/1161
f 1052/1052 1161/1161 1053/1053
f 1053/1053 1161/1161 1162/1162
f 1053/1053 1162/1162 1054/1054
f 1054/1054 1162/1162 1163/1163
f 1054/1054 1163/1163 1055/1055
f 1055/1055 1163/1163 1164/1164
f 1055/1055 1164/1164 1056/1056
f 1056/1056 1164/1164 1165/1165
f 1056/1056 1165/1165 1057/1057
f 1057/1057 1165/1165 1166/1166
f 1057/1057 1166/1166 1058/1058
f 1058/1058 1166/1166 1167/1167
f 1058/1058 1167/1167 1059/1059
f 1059/1059 1167/1167 1168/1168
f 1059/1059 1168/1168 1060/1060
f 1060/1060 1168/1168 1169/1169
f 1060/1060 1169/1169 1061/1061
f 1061/1061 1169/1169 1170/1170
f 1061/1061 1170/1170 1062/1062
f 1062/1062 1170/1170 1171/1171
f 1062/1062 1171/1171 1063/1063
f 1063/1063 1171/1171 1172/1172
f 1063/1063 1172/1172 1064/1064
f 1064/1064 1172/1172 1173/1173
f 1064/1064 1173/1173 1065/1065
f 1065/1065 1173/1173 1174/1174
f 1065/1065 1174/1174 1066/1066
f 1066/1066 1174/1174 1175/1175
f 1066/1066 1175/1175 1067/1067
f 1067/1067 1175/1175 1176/1176
f 1067/1067 1176/1176 1068/1068
f 1068/1068 1176/1176 1177/1177
f 1068/1068 1177/1177 1069/1069
f 1069/1069 1177/1177 1178/1178
f 1069/1069 1178/1178 1070/1070
f 1070/1070 1178/1178 1179/1179
f 1070/1070 1179/1179 1071/1071
f 1071/1071 1179/1179 1180/1180
f 1071/1071 1180/1180 1072/1072
f 1072/1072 1180/1180 1181/1181
f 1072/1072 1181/1181 1073/1073
f 1073/1073 1181/1181 1182/1182
f 1073/1073 1182/1182 1074/1074
f 1074/1074 1182/1182 1183/1183
f 1074/1074 1183/1183 1075/1075
f 1075/1075 1183/1183 1184/1184
f 1075/1075 1184/1184 1076/1076
f 1076/1076 1184/1184 1185/1185
f 1076/1076 1185/1185 1077/1077
f 1077/1077 1185/1185 1186/1186
f 1077/1077 1186/1186 1078/1078
f 1078/1078 1186/1186 1187/1187
f 1078/1078 1187/1187 1079/1079
f 1079/1079 1187/1187 1188/1188
f 1079/1079 1188/1188 1080/1080
f 1080/1080 1188/1188 1189/1189
f 1080/1080 1189/1189 1081/1081
f 1081/1081 1189/1189 1190/1190
f 1081/1081 1190/1190 1082/1082
f 1082/1082 1190/1190 1191/1191
f 1082/1082 1191/1191 1083/1083
f 1083/1083 1191/1191 1192/1192
f 1083/1083 1192/1192 1084/1084
f 1084/1084 1192/1192 1193/1193
f 1084/1084 1193/1193 1085/1085
f 1085/1085 1193/1193 1194/1194
f 1085/1085 1194/1194 1086/1086
f 1086/1086 1194/1194 1195/1195
f 1086/1086 1195/1195 1087/1087
f 1087/1087 1195/1195 1196/1196
f 1087/1087 1196/1196 1088/1088
f 1088/1088 1196/1196 1197/1197
f 1088/1088 1197/1197 1089/1089
f 1089/1089 1197/1197 1198/1198
f 1089/1089 1198/1198 1090/1090
f 1090/1090 1198/1198 1199/1199
f 1090/1090 1199/1199 1091/1091
f 1091/1091 1199/1199 1200/1200
f 1091/1091 1200/1200 1092/1092
f 1092/1092 1200/1200 1201/1201
f 1092/1092 1201/1201 1093/1093
f 1093/1093 1201/1201 1202/1202
f 1093/1093 1202/1202 1094/1094
f 1094/1094 1202/1202 1203/1203
f 1094/1094 1203/1203 1095/1095
f 1095/1095 1203/1203 1204/1204
f 1095/1095 1204/1204 1096/1096
f 1096/1096 1204/1204 1205/1205
f 1096/1096 1205/1205 1097/1097
f 1097/1097 1205/1205 1206/1206
f 1097/1097 1206/1206 1098/1098
f 1098/1098 1206/1206 1207/1207
f 1098/1098 1207/1207 1099/1099
f 1099/1099 1207/1207 1208/1208
f 1099/1099 1208/1208 1100/1100
f 1100/1100 1208/1208 1209/1209
f 1100/1100 1209/1209 1101/1101
f 1101/1101 1209/1209 1210/1210
f 1101/1101 1210/1210 1102/1102
f 1102/1102 1210/1210 1211/1211
f 1102/1102 1211/1211 1103/1103
f 1103/1103 1211/1211 1212/1212
f 1103/1103 1212/1212 1104/1104
f 1104/1104 1212/1212 1213/1213
f 1104/1104 1213/1213 1105/1105
f 1105/1105 1213/1213 1214/1214
f 1105/1105 1214/1214 1106/1106
f 1106/1106 1214/1214 1215/1215
f 1106/1106 1215/1215 1107/1107
f 1107/1107 1215/1215 1216/1216
f 1107/1107 1216/1216 1108/1108
f 1108/1108 1216/1216 1217/1217
f 1108/1108 1217/1217 1109/1109
f 1109/1109 1217/1217 1218/1218
f 1109/1109 1218/1218 1110/1110
f 1110/1110 1218/1218 1219/1219
f 1110/1110 1219/1219 1111/1111
f 1111/1111 1219/1219 1220/1220
f 1111/1111 1220/1220 1112/1112
f 1112/1112 1220/1220 1221/1221
f 1112/1112 1221/1221 1113/1113
f 1113/1113 1221/1221 1222/1222
f 1113/1113 1222/1222 1114/1114
f 1114/1114 1222/1222 1223/1223
f 1114/1114 1223/1223 1115/1115
f 1115/1115 1223/1223 1224/1224
f 1115/1115 1224/1224 1116/1116
f 1116/1116 1224/1224 1225/1225
f 1116/1116 1225/1225 1117/1117
f 1117/1117 1225/1225 1226/1226
f 1117/1117 1226/1226 1118/1118
f 1118/1118 1226/1226 1227/1227
f 1118/1118 1227/1227 1119/1119
f 1119/1119 1227/1227 1228/1228
f 1119/1119 1228/1228 1120/1120
f 1120/1120 1228/1228 1229/1229
f 1120/1120 1229/1229 1121/1121
f 1121/1121 1229/1229 1230/1230
f 1121/1121 1230/1230 1122/1122
f 1122/1122 1230/1230 1231/1231
f 1122/1122 1231/1231 1123/1123
f 1123/1123 1231/1231 1232/1232
f 1123/1123 1232/1232 1124/1124
f 1124/1124 1232/1232 1233/1233
f 1124/1124 1233/1233 1125/1125
f 1125/1125 1233/1233 1234/1234
f 1125/1125 1234/1234 1126/1126
f 1126/1126 1234/1234 1235/1235
f 1126/1126 1235/1235 1127/1127
f 1127/1127 1235/1235 1236/1236
f 1127/1127 1236/1236 1128/1128
f 1128/1128 1236/1236 1237/1237
f 1128/1128 1237/1237 1129/1129
f 1129/1129 1237/1237 1238/1238
f 1129/1129 1238/1238 1130/1130
f 1130/1130 1238/1238 1239/1239
f 1130/1130 1239/1239 1131/1131
f 1131/1131 1239/1239 1240/1240
f 1131/1131 1240/1240 1132/1132
f 1132/1132 1240/1240 1241/1241
f 1132/1132 1241/1241 1133/1133
f 1133/1133 1241/1241 1242/1242
f 1133/1133 1242/1242 1134/1134
f 1134/1134 1242/1242 1243/1243
f 1134/1134 1243/1243 1135/1135
f 1135/1135 1243/1243 1244/1244
f 1135/1135 1244/1244 1136/1136
f 1136/1136 1244/1244 1245/1245
f 1136/1136 1245/1245 1137/1137
f 1137/1137 1245/1245 1246/1246
f 1137/1137 1246/1246 1138/1138
f 1138/1138 1246/1246 1247/1247
f 1138/1138 1247/1247 1139/1139
f 1139/1139 1247/1247 1248/1248
f 1139/1139 1248/1248 1140/1140
f 1140/1140 1248/1248 1249/1249
f 1140/1140 1249/1249 1141/1141
f 1141/1141 1249/1249 1250/1250
f 1141/1141 1250/1250 1142/1142
f 1142/1142 1250/1250 1251/1251
f 1142/1142 1251/1251 1143/1143
f 1143/1143 1251/1251 1252/1252
f 1143/1143 1252/1252 1144/1144
f 1144/1144 1252/1252 1253/1253
f 1144/1144 1253/1253 1145/1145
f 1145/1145 1253/1253 1254/1254
f 1145/1145 1254/1254 1146/1146
f 1146/1146 1254/1254 1255/1255
f 1146/1146 1255/1255 1147/1147
f 1147/1147 1255/1255 1256/1256
f 1147/1147 1256/1256 1148/1148
f 1148/1148 1256/1256 1257/1257
f 1148/1148 1257/1257 1149/1149
f 1149/1149 1257/1257 1258/1258
f 1149/1149 1258/1258 1150/1150
f 1150/1150 1258/1258 1259/1259
f 1150/1150 1259/1259 1151/1151
f 1151/1151 1259/1259 1260/1260
f 1151/1151 1260/1260 1152/1152
f 1152/1152 1260/1260 1261/1261
f 1152/1152 1261/1261 1153/1153
f 1153/1153 1261/1261 1262/1262
f 1153/1153 1262/1262 1154/1154
f 1154/1154 1262/1262 1263/1263
f 1154/1154 1263/1263 1155/1155
f 1155/1155 1263/1263 1264/1264
f 1155/1155 1264/1264 1156/1156
f 1156/1156 1264/1264 1265/1265
f 1156/1156 1265/1265 364/364
f 364/364 1265/1265 366/366
f 1157/1157 1266/1266 1158/1158
f 1158/1158 1266/1266 1267/1267
f 1158/1158 1267/1267 1159/1159
f 1159/1159 1267/1267 1268/1268
f 1159/1159 1268/1268 1160/1160
f 1160/1160 1268/1268 1269/1269
f 1160/1160 1269/1269 1161/1161
f 1161/1161 1269/1269 1270/1270
f 1161/1161 1270/1270 1162/1162
f 1162/1162 1270/1270 1271/1271
f 1162/1162 1271/1271 1163/1163
f 1163/1163 1271/1271 1272/1272
f 1163/1163 1272/1272 1164/1164
f 1164/1164 1272/1272 1273/1273
f 1164/1164 1273/1273 1165/1165
f 1165/1165 1273/1273 1274/1274
f 1165/1165 1274/1274 1166/1166
f 1166/1166 1274/1274 1275/1275
f 1166/1166 1275/1275 1167/1167
f 1167/1167 1275/1275 1276/1276
f 1167/1167 1276/1276 1168/1168
f 1168/1168 1276/1276 1277/1277
f 1168/1168 1277/1277 1169/1169
f 1169/1169 1277/1277 1278/1278
f 1169/1169 1278/1278 1170/1170
f 1170/1170 1278/1278 1279/1279
f 1170/1170 1279/1279 1171/1171
f 1171/1171 1279/1279 1280/1280
f 1171/1171 1280/1280 1172/1172
f 1172/1172 1280/1280 1281/1281
f 1172/1172 1281/1281 1173/1173
f 1173/1173 1281/1281 1282/1282
f 1173/1173 1282/1282 1174/1174
f 1174/1174 1282/1282 1283/1283
f 1174/1174 1283/1283 1175/1175
f 1175/1175 1283/1283 1284/1284
f 1175/1175 1284/1284 1176/1176
f 1176/1176 1284/1284 1285/1285
f 1176/1176 1285/1285 1177/1177
f 1177/1177 1285/1285 1286/1286
f 1177/1177 1286/1286 1178/1178
f 1178/1178 1286/1286 1287/1287
f 1178/1178 1287/1287 1179/1179
f 1179/1179 1287/1287 1288/1288
f 1179/1179 1288/1288 1180/1180
f 1180/1180 1288/1288 1289/1289
f 1180/1180 1289/1289 1181/1181
f 1181/1181 1289/1289 1290/1290
f 1181/1181 1290/1290 1182/1182
f 1182/1182 1290/1290 1291/1291
f 1182/1182 1291/1291 1183/1183
f 1183/1183 1291/1291 1292/1292
f 1183/1183 1292/1292 1184/1184
f 1184/1184 1292/1292 1293/1293
f 1184/1184 1293/1293 1185/1185
f 1185/1185 1293/1293 1294/1294
f 1185/1185 1294/1294 1186/1186
f 1186/1186 1294/1294 1295/1295
f 1186/1186 1295/1295 1187/1187
f 1187/1187 1295/1295 1296/1296
f 1187/1187 1296/1296 1188/1188
f 1188/1188 1296/1296 1297/1297
f 1188/1188 1297/1297 1189/1189
f 1189/1189 1297/1297 1298/1298
f 1189/1189 1298/1298 1190/1190
f 1190/1190 1298/1298 1299/1299
f 1190/1190 1299/1299 1191/1191
f 1191/1191 1299/1299 1300/1300
f 1191/1191 1300/1300 1192/1192
f 1192/1192 1300/1300 1301/1301
f 1192/1192 1301/1301 1193/1193
f 1193/1193 1301/1301 1302/1302
f 1193/1193 1302/1302 1194/1194
f 1194/1194 1302/1302 1303/1303
f 1194/1194 1303/1303 1195/1195
f 1195/1195 1303/1303 1304/1304
f 1195/1195 1304/1304 1196/1196
f 1196/1196 1304/1304 1305/1305
f 1196/1196 1305/1305 1197/1197
f 1197/1197 1305/1305 1306/1306
f 1197/1197 1306/1306 1198/1198
f 1198/1198 1306/1306 1307/1307
f 1198/1198 1307/1307 1199/1199
f 1199/1199 1307/1307 1308/1308
f 1199/1199 1308/1308 1200/1200
f 1200/1200 1308/1308 1309/1309
f 1200/1200 1309/1309 1201/1201
f 1201/1201 1309/1309 1310/1310
f 1201/1201 1310/1310 1202/1202
f 1202/1202 1310/1310 1311/1311
f 1202/1202 1311/1311 1203/1203
f 1203/1203 1311/1311 1312/1312
f 1203/1203 1312/1312 1204/1204
f 1204/1204 1312/1312 1313/1313
f 1204/1204 1313/1313 1205/1205
f 1205/1205 1313/1313 1314/1314
f 1205/1205 1314/1314 1206/1206
f 1206/1206 1314/1314 1315/1315
f 1206/1206 1315/1315 1207/1207
f 1207/1207 1315/1315 1316/1316
f 1207/1207 1316/1316 1208/1208
f 1208/1208 1316/1316 1317/1317
f 1208/1208 1317/1317 1209/1209
f 1209/1209 1317/1317 1318/1318
f 1209/1209 1318/1318 1210/1210
f 1210/1210 1318/1318 1319/1319
f 1210/1210 1319/1319 1211/1211
f 1211/1211 1319/1319 1320/1320
f 1211/1211 1320/1320 1212/1212
f 1212/1212 1320/1320 1321/1321
f 1212/1212 1321/1321 1213/1213
f 1213/1213 1321/1321 1322/1322
f 1213/1213 1322/1322 1214/1214
f 1214/1214 1322/1322 1323/1323
f 1214/1214 1323/1323 1215/1215
f 1215/1215 1323/1323 1324/1324
f 1215/1215 1324/1324 1216/1216
f 1216/1216 1324/1324 1325/1325
f 1216/1216 1325/1325 1217/1217
f 1217/1217 1325/1325 1326/1326
f 1217/1217 1326/1326 1218/1218
f 1218/1218 1326/1326 1327/1327
f 1218/1218 1327/1327 1219/1219
f 1219/1219 1327/1327 1328/1328
f 1219/1219 1328/1328 1220/1220
f 1220/1220 1328/1328 1329/1329
f 1220/1220 1329/1329 1221/1221
f 1221/1221 1329/1329 1330/1330
f 1221/1221 1330/1330 1222/1222
f 1222/1222 1330/1330 1331/1331
f 1222/1222 1331/1331 1223/1223
f 1223/1223 1331/1331 1332/1332
f 1223/1223 1332/1332 1224/1224
f 1224/1224 1332/1332 1333/1333
f 1224/1224 1333/1333 1225/1225
f 1225/1225 1333/1333 1334/1334
f 1225/1225 1334/1334 1226/1226
f 1226/1226 1334/1334 1335/1335
f 1226/1226 1335/1335 1227/1227
f 1227/1227 1335/1335 1336/1336
f 1227/1227 1336/1336 1228/1228
f 1228/1228 1336/1336 1337/1337
f 1228/1228 1337/1337 1229/1229
f 1229/1229 1337/1337 1338/1338
f 1229/1229 1338/1338 1230/1230
f 1230/1230 1338/1338 1339/1339
f 1230/1230 1339/1339 1231/1231
f 1231/1231 1339/1339 1340/1340
f 1231/1231 1340/1340 1232/1232
f 1232/1232 1340/1340 1341/1341
f 1232/1232 1341/1341 1233/1233
f 1233/1233 1341/1341 1342/1342
f 1233/1233 1342/1342 1234/1234
f 1234/1234 1342/1342 1343/1343
f 1234/1234 1343/1343 1235/1235
f 1235/1235 1343/1343 1344/1344
f 1235/1235 1344/1344 1236/1236
f 1236/1236 1344/1344 1345/1345
f 1236/1236 1345/1345 1237/1237
f 1237/1237 1345/1345 1346/1346
f 1237/1237 1346/1346 1238/1238
f 1238/1238 1346/1346 1347/1347
f 1238/1238 1347/1347 1239/1239
f 1239/1239 1347/1347 1348/1348
f 1239/1239 1348/1348 1240/1240
f 1240/1240 1348/1348 1349/1349
f 1240/1240 1349/1349 1241/1241
f 1241/1241 1349/1349 1350/1350
f 1241/1241 1350/1350 1242/1242
f 1242/1242 1350/1350 1351/1351
f 1242/1242 1351/1351 1243/1243
f 1243/1243 1351/1351 1352/1352
f 1243/1243 1352/1352 1244/1244
f 1244/1244 1352/1352 1353/1353
f 1244/1244 1353/1353 1245/1245
f 1245/1245 1353/1353 1354/1354
f 1245/1245 1354/1354 1246/1246
f 1246/1246 1354/1354 1355/1355
f 1246/1246 1355/1355 1247/1247
f 1247/1247 1355/1355 1356/1356
f 1247/1247 1356/1356 1248/1248
f 1248/1248 1356/1356 1357/1357
f 1248/1248 1357/1357 1249/1249
f 1249/1249 1357/1357 1358/1358
f 1249/1249 1358/1358 1250/1250
f 1250/1250 1358/1358 1359/1359
f 1250/1250 1359/1359 1251/1251
f 1251/1251 1359/1359 1360/1360
f 1251/1251 1360/1360 1252/1252
f 1252/1252 1360/1360 1361/1361
f 1252/1252 1361/1361 1253/1253
f 1253/1253 1361/1361 1362/1362
f 1253/1253 1362/1362 1254/1254
f 1254/1254 1362/1362 1363/1363
f 1254/1254 1363/1363 1255/1255
f 1255/1255 1363/1363 1364/1364
f 1255/1255 1364/1364 1256/1256
f 1256/1256 1364/1364 1365/1365
f 1256/1256 1365/1365 1257/1257
f 1257/1257 1365/1365 1366/1366
f 1257/1257 1366/1366 1258/1258
f 1258/1258 1366/1366 1367/1367
f 1258/1258 1367/1367 1259/1259
f 1259/1259 1367/1367 1368/1368
f 1259/1259 1368/1368 1260/1260
f 1260/1260 1368/1368 1369/1369
f 1260/1260 1369/1369 1261/1261
f 1261/1261 1369/1369 1370/1370
f 1261/1261 1370/1370 1262/1262
f 1262/1262 1370/1370 1371/1371
f 1262/1262 1371/1371 1263/1263
f 1263/1263 1371/1371 1372/1372
f 1263/1263 1372/1372 1264/1264
f 1264/1264 1372/1372 1373/1373
f 1264/1264 1373/1373 1265/1265
f 1265/1265 1373/1373 1374/1374
f 1265/1265 1374/1374 366/366
f 366/366 1374/1374 368/368
f 1266/1266 1375/1375 1267/1267
f 1267/1267 1375/1375 1376/1376
f 1267/1267 1376/1376 1268/1268
f 1268/1268 1376/1376 1377/1377
f 1268/1268 1377/1377 1269/1269
f 1269/1269 1377/1377 1378/1378
f 1269/1269 1378/1378 1270/1270
f 1270/1270 1378/1378 1379/1379
f 1270/1270 1379/1379 1271/1271
f 1271/1271 1379/1379 1380/1380
f 1271/1271 1380/1380 1272/1272
f 1272/1272 1380/1380 1381/1381
f 1272/1272 1381/1381 1273/1273
f 1273/1273 1381/1381 1382/1382
f 1273/1273 1382/1382 1274/1274
f 1274/1274 1382/1382 1383/1383
f 1274/1274 1383/1383 1275/1275
f 1275/1275 1383/1383 1384/1384
f 1275/1275 1384/1384 1276/1276
f 1276/1276 1384/1384 1385/1385
f 1276/1276 1385/1385 1277/1277
f 1277/1277 1385/1385 1386/1386
f 1277/1277 1386/1386 1278/1278
f 1278/1278 1386/1386 1387/1387
f 1278/1278 1387/1387 1279/1279
f 1279/1279 1387/1387 1388/1388
f 1279/1279 1388/1388 1280/1280
f 1280/1280 1388/1388 1389/1389
f 1280/1280 1389/1389 1281/1281
f 1281/1281 1389/1389 1390/1390
f 1281/1281 1390/1390 1282/1282
f 1282/1282 1390/1390 1391/1391
f 1282/1282 1391/1391 1283/1283
f 1283/1283 1391/1391 1392/1392
f 1283/1283 1392/1392 1284/1284
f 1284/1284 1392/1392 1393/1393
f 1284/1284 1393/1393 1285/1285
f 1285/1285 1393/1393 1394/1394
f 1285/1285 1394/1394 1286/1286
f 1286/1286 1394/1394 1395/1395
f 1286/1286 1395/1395 1287/1287
f 1287/1287 1395/1395 1396/1396
f 1287/1287 1396/1396 1288/1288
f 1288/1288 1396/1396 1397/1397
f 1288/1288 1397/1397 1289/1289
f 1289/1289 1397/1397 1398/1398
f 1289/1289 1398/1398 1290/1290
f 1290/1290 1398/1398 1399/1399
f 1290/1290 1399/1399 1291/1291
f 1291/1291 1399/1399 1400/1400
f 1291/1291 1400/1400 1292/1292
f 1292/1292 1400/1400 1401/1401
f 1292/1292 1401/1401 1293/1293
f 1293/1293 1401/1401 1402/1402
f 1293/1293 1402/1402 1294/1294
f 1294/1294 1402/1402 1403/1403
f 1294/1294 1403/1403 1295/1295
f 1295/1295 1403/1403 1404/1404
f 1295/1295 1404/1404 1296/1296
f 1296/1296 1404/1404 1405/1405
f 1296/1296 1405/1405 1297/1297
f 1297/1297 1405/1405 1406/1406
f 1297/1297 1406/1406 1298/1298
f 1298/1298 1406/1406 1407/1407
f 1298/1298 1407/1407 1299/1299
f 1299/1299 1407/1407 1408/1408
f 1299/1299 1408/1408 1300/1300
f 1300/1300 1408/1408 1409/1409
f 1300/1300 1409/1409 1301/1301
f 1301/1301 1409/1409 1410/1410
f 1301/1301 1410/1410 1302/1302
f 1302/1302 1410/1410 1411/1411
f 1302/1302 1411/1411 1303/1303
f 1303/1303 1411/1411 1412/1412
f 1303/1303 1412/1412 1304/1304
f 1304/1304 1412/1412 1413/1413
f 1304/1304 1413/1413 1305/1305
f 1305/1305 1413/1413 1414/1414
f 1305/1305 1414/1414 1306/1306
f 1306/1306 1414/1414 1415/1415
f 1306/1306 1415/1415 1307/1307
f 1307/1307 1415/1415 1416/1416
f 1307/1307 1416/1416 1308/1308
f 1308/1308 1416/1416 1417/1417
f 1308/1308 1417/1417 1309/1309
f 1309/1309 1417/1417 1418/1418
f 1309/1309 1418/1418 1310/1310
f 1310/1310 1418/1418 1419/1419
f 1310/1310 1419/1419 1311/1311
f 1311/1311 1419/1419 1420/1420
f 1311/1311 1420/1420 1312/1312
f 1312/1312 1420/1420 1421/1421
f 1312/1312 1421/1421 1313/1313
f 1313/1313 1421/1421 1422/1422
f 1313/1313 1422/1422 1314/1314
f 1314/1314 1422/1422 1423/1423
f 1314/1314 1423/1423 1315/1315
f 1315/1315 1423/1423 1424/1424
f 1315/1315 1424/1424 1316/1316
f 1316/1316 1424/1424 1425/1425
f 1316/1316 1425/1425 1317/1317
f 1317/1317 1425/1425 1426/1426
f 1317/1317 1426/1426 1318/1318
f 1318/1318 1426/1426 1427/1427
f 1318/1318 1427/1427 1319/1319
f 1319/1319 1427/1427 1428/1428
f 1319/1319 1428/1428 1320/1320
f 1320/1320 1428/1428 1429/1429
f 1320/1320 1429/1429 1321/1321
f 1321/1321 1429/1429 1430/1430
f 1321/1321 1430/1430 1322/1322
f 1322/1322 1430/1430 1431/1431
f 1322/1322 1431/1431 1323/1323
f 1323/1323 1431/1431 1432/1432
f 1323/1323 1432/1432 1324/1324
f 1324/1324 1432/1432 1433/1433
f 1324/1324 1433/1433 1325/1325
f 1325/1325 1433/1433 1434/1434
f 1325/1325 1434/1434 1326/1326
f 1326/1326 1434/1434 1435/1435
f 1326/1326 1435/1435 1327/1327
f 1327/1327 1435/1435 1436/1436
f 1327/1327 1436/1436 1328/1328
f 1328/1328 1436/1436 1437/1437
f 1328/1328 1437/1437 1329/1329
f 1329/1329 1437/1437 1438/1438
f 1329/1329 1438/1438 1330/1330
f 1330/1330 1438/1438 1439/1439
f 1330/1330 1439/1439 1331/1331
f 1331/1331 1439/1439 1440/1440
f 1331/1331 1440/1440 1332/1332
f 1332/1332 1440/1440 1441/1441
f 1332/1332 1441/1441 1333/1333
f 1333/1333 1441/1441 1442/1442
f 1333/1333 1442/1442 1334/1334
f 1334/1334 1442/1442 1443/1443
f 1334/1334 1443/1443 1335/1335
f 1335/1335 1443/1443 1444/1444
f 1335/1335 1444/1444 1336/1336
f 1336/1336 1444/1444 1445/1445
f 1336/1336 1445/1445 1337/1337
f 1337/1337 1445/1445 1446/1446
f 1337/1337 1446/1446 1338/1338
f 1338/1338 1446/1446 1447/1447
f 1338/1338 1447/1447 1339/1339
f 1339/1339 1447/1447 1448/1448
f 1339/1339 1448/1448 1340/1340
f 1340/1340 1448/1448 1449/1449
f 1340/1340 1449/1449 1341/1341
f 1341/1341 1449/1449 1450/1450
f 1341/1341 1450/1450 1342/1342
f 1342/1342 1450/1450 1451/1451
f 1342/1342 1451/1451 1343/1343
f 1343/1343 1451/1451 1452/1452
f 1343/1343 1452/1452 1344/1344
f 1344/1344 1452/1452 1453/1453
f 1344/1344 1453/1453 1345/1345
f 1345/1345 1453/1453 1454/1454
f 1345/1345 1454/1454 1346/1346
f 1346/1346 1454/1454 1455/1455
f 1346/1346 1455/1455 1347/1347
f 1347/1347 1455/1455 1456/1456
f 1347/1347 1456/1456 1348/1348
f 1348/1348 1456/1456 1457/1457
f 1348/1348 1457/1457 1349/1349
f 1349/1349 1457/1457 1458/1458
f 1349/1349 1458/1458 1350/1350
f 1350/1350 1458/1458 1459/1459
f 1350/1350 1459/1459 1351/1351
f 1351/1351 1459/1459 1460/1460
f 1351/1351 1460/1460 1352/1352
f 1352/1352 1460/1460 1461/1461
f 1352/1352 1461/1461 1353/1353
f 1353/1353 1461/1461 1462/1462
f 1353/1353 1462/1462 1354/1354
f 1354/1354 1462/1462 1463/1463
f 1354/1354 1463/1463 1355/1355
f 1355/1355 1463/1463 1464/1464
f 1355/1355 1464/1464 1356/1356
f 1356/1356 1464/1464 1465/1465
f 1356/1356 1465/1465 1357/1357
f 1357/1357 1465/1465 1466/1466
f 1357/1357 1466/1466 1358/1358
f 1358/1358 1466/1466 1467/1467
f 1358/1358 1467/1467 1359/1359
f 1359/1359 1467/1467 1468/1468
f 1359/1359 1468/1468 1360/1360
f 1360/1360 1468/1468 1469/1469
f 1360/1360 1469/1469 1361/1361
f 1361/1361 1469/1469 1470/1470
f 1361/1361 1470/1470 1362/1362
f 1362/1362 1470/1470 1471/1471
f 1362/1362 1471/1471 1363/1363
f 1363/1363 1471/1471 1472/1472
f 1363/1363 1472/1472 1364/1364
f 1364/1364 1472/1472 1473/1473
f 1364/1364 1473/1473 1365/1365
f 1365/1365 1473/1473 1474/1474
f 1365/1365 1474/1474 1366/1366
f 1366/1366 1474/1474 1475/1475
f 1366/1366 1475/1475 1367/1367
f 1367/1367 1475/1475 1476/1476
f 1367/1367 1476/1476 1368/1368
f 1368/1368 1476/1476 1477/1477
f 1368/1368 1477/1477 1369/1369
f 1369/1369 1477/1477 1478/1478
f 1369/1369 1478/1478 1370/1370
f 1370/1370 1478/1478 1479/1479
f 1370/1370 1479/1479 1371/1371
f 1371/1371 1479/1479 1480/1480
f 1371/1371 1480/1480 1372/1372
f 1372/1372 1480/1480 1481/1481
f 1372/1372 1481/1481 1373/1373
f 1373/1373 1481/1481 1482/1482
f 1373/1373 1482/1482 1374/1374
f 1374/1374 1482/1482 1483/1483
f 1374/1374 1483/1483 368/368
f 368/368 1483/1483 370/370
f 1375/1375 1484/1484 1376/1376
f 1376/1376 1484/1484 1485/1485
f 1376/1376 1485/1485 1377/1377
f 1377/1377 1485/1485 1486/1486
f 1377/1377 1486/1486 1378/1378
f 1378/1378 1486/1486 1487/1487
f 1378/1378 1487/1487 1379/1379
f 1379/1379 1487/1487 1488/1488
f 1379/1379 1488/1488 1380/1380
f 1380/1380 1488/1488 1489/1489
f 1380/1380 1489/1489 1381/1381
f 1381/1381 1489/1489 1490/1490
f 1381/1381 1490/1490 1382/1382
f 1382/1382 1490/1490 1491/1491
f 1382/1382 1491/1491 1383/1383
f 1383/1383 1491/1491 1492/1492
f 1383/1383 1492/1492 1384/1384
f 1384/1384 1492/1492 1493/1493
f 1384/1384 1493/1493 1385/1385
f 1385/1385 1493/1493 1494/1494
f 1385/1385 1494/1494 1386/1386
f 1386/1386 1494/1494 1495/1495
f 1386/1386 1495/1495 1387/1387
f 1387/1387 1495/1495 1496/1496
f 1387/1387 1496/1496 1388/1388
f 1388/1388 1496/1496 1497/1497
f 1388/1388 1497/1497 1389/1389
f 1389/1389 1497/1497 1498/1498
f 1389/1389 1498/1498 1390/1390
f 1390/1390 1498/1498 1499/1499
f 1390/1390 1499/1499 1391/1391
f 1391/1391 1499/1499 1500/1500
f 1391/1391 1500/1500 1392/1392
f 1392/1392 1500/1500 1501/1501
f 1392/1392 1501/1501 1393/1393
f 1393/1393 1501/1501 1502/1502
f 1393/1393 1502/1502 1394/1394
f 1394/1394 1502/1502 1503/1503
f 1394/1394 1503/1503 1395/1395
f 1395/1395 1503/1503 1504/1504
f 1395/1395 1504/1504 1396/1396
f 1396/1396 1504/1504 1505/1505
f 1396/1396 1505/1505 1397/1397
f 1397/1397 1505/1505 1506/1506
f 1397/1397 1506/1506 1398/1398
f 1398/1398 1506/1506 1507/1507
f 1398/1398 1507/1507 1399/1399
f 1399/1399 1507/1507 1508/1508
f 1399/1399 1508/1508 1400/1400
f 1400/1400 1508/1508 1509/1509
f 1400/1400 1509/1509 1401/1401
f 1401/1401 1509/1509 1510/1510
f 1401/1401 1510/1510 1402/1402
f 1402/1402 1510/1510 1511/1511
f 1402/1402 1511/1511 1403/1403
f 1403/1403 1511/1511 1512/1512
f 1403/1403 1512/1512 1404/1404
f 1404/1404 1512/1512 1513/1513
f 1404/1404 1513/1513 1405/1405
f 1405/1405 1513/1513 1514/1514
f 1405/1405 1514/1514 1406/1406
f 1406/1406 1514/1514 1515/1515
f 1406/1406 1515/1515 1407/1407
f 1407/1407 1515/1515 1516/1516
f 1407/1407 1516/1516 1408/1408
f 1408/1408 1516/1516 1517/1517
f 1408/1408 1517/1517 1409/1409
f 1409/1409 1517/1517 1518/1518
f 1409/1409 1518/1518 1410/1410
f 1410/1410 1518/1518 1519/1519
f 1410/1410 1519/1519 1411/1411
f 1411/1411 1519/1519 1520/1520
f 1411/1411 1520/1520 1412/1412
f 1412/1412 1520/1520 1521/1521
f 1412/1412 1521/1521 1413/1413
f 1413/1413 1521/1521 1522/1522
f 1413/1413 1522/1522 1414/1414
f 1414/1414 1522/1522 1523/1523
f 1414/1414 1523/1523 1415/1415
f 1415/1415 1523/1523 1524/1524
f 1415/1415 1524/1524 1416/1416
f 1416/1416 1524/1524 1525/1525
f 1416/1416 1525/1525 1417/1417
f 1417/1417 1525/1525 1526/1526
f 1417/1417 1526/1526 1418/1418
f 1418/1418 1526/1526 1527/1527
f 1418/1418 1527/1527 1419/1419
f 1419/1419 1527/1527 1528/1528
f 1419/1419 1528/1528 1420/1420
f 1420/1420 1528/1528 1529/1529
f 1420/1420 1529/1529 1421/1421
f 1421/1421 1529/1529 1530/1530
f 1421/1421 1530/1530 1422/1422
f 1422/1422 1530/1530 1531/1531
f 1422/1422 1531/1531 1423/1423
f 1423/1423 1531/1531 1532/1532
f 1423/1423 1532/1532 1424/1424
f 1424/1424 1532/1532 1533/1533
f 1424/1424 1533/1533 1425/1425
f 1425/1425 1533/1533 1534/1534
f 1425/1425 1534/1534 1426/1426
f 1426/1426 1534/1534 1535/1535
f 1426/1426 1535/1535 1427/1427
f 1427/1427 1535/1535 1536/1536
f 1427/1427 1536/1536 1428/1428
f 1428/1428 1536/1536 1537/1537
f 1428/1428 1537/1537 1429/1429
f 1429/1429 1537/1537 1538/1538
f 1429/1429 1538/1538 1430/1430
f 1430/1430 1538/1538 1539/1539
f 1430/1430 1539/1539 1431/1431
f 1431/1431 1539/1539 1540/1540
f 1431/1431 1540/1540 1432/1432
f 1432/1432 1540/1540 1541/1541
f 1432/1432 1541/1541 1433/1433
f 1433/1433 1541/1541 1542/1542
f 1433/1433 1542/1542 1434/1434
f 1434/1434 1542/1542 1543/1543
f 1434/1434 1543/1543 1435/1435
f 1435/1435 1543/1543 1544/1544
f 1435/1435 1544/1544 1436/1436
f 1436/1436 1544/1544 1545/1545
f 1436/1436 1545/1545 1437/1437
f 1437/1437 1545/1545 1546/1546
f 1437/1437 1546/1546 1438/1438
f 1438/1438 1546/1546 1547/1547
f 1438/1438 1547/1547 1439/1439
f 1439/1439 1547/1547 1548/1548
f 1439/1439 1548/1548 1440/1440
f 1440/1440 1548/1548 1549/1549
f 1440/1440 1549/1549 1441/1441
f 1441/1441 1549/1549 1550/1550
f 1441/1441 1550/1550 1442/1442
f 1442/1442 1550/1550 1551/1551
f 1442/1442 1551/1551 1443/1443
f 1443/1443 1551/1551 1552/1552
f 1443/1443 1552/1552 1444/1444
f 1444/1444 1552/1552 1553/1553
f 1444/1444 1553/1553 1445/1445
f 1445/1445 1553/1553 1554/1554
f 1445/1445 1554/1554 1446/1446
f 1446/1446 1554/1554 1555/1555
f 1446/1446 1555/1555 1447/1447
f 1447/1447 1555/1555 1556/1556
f 1447/1447 1556/1556 1448/1448
f 1448/1448 1556/1556 1557/1557
f 1448/1448 1557/1557 1449/1449
f 1449/1449 1557/1557 1558/1558
f 1449/1449 1558/1558 1450/1450
f 1450/1450 1558/1558 1559/1559
f 1450/1450 1559/1559 1451/1451
f 1451/1451 1559/1559 1560/1560
f 1451/1451 1560/1560 1452/1452
f 1452/1452 1560/1560 1561/1561
f 1452/1452 1561/1561 1453/1453
f 1453/1453 1561/1561 1562/1562
f 1453/1453 1562/1562 1454/1454
f 1454/1454 1562/1562 1563/1563
f 1454/1454 1563/1563 1455/1455
f 1455/1455 1563/1563 1564/1564
f 1455/1455 1564/1564 1456/1456
f 1456/1456 1564/1564 1565/1565
f 1456/1456 1565/1565 1457/1457
f 1457/1457 1565/1565 1566/1566
f 1457/1457 1566/1566 1458/1458
f 1458/1458 1566/1566 1567/1567
f 1458/1458 1567/1567 1459/1459
f 1459/1459 1567/1567 1568/1568
f 1459/1459 1568/1568 1460/1460
f 1460/1460 1568/1568 1569/1569
f 1460/1460 1569/1569 1461/1461
f 1461/1461 1569/1569 1570/1570
f 1461/1461 1570/1570 1462/1462
f 1462/1462 1570/1570 1571/1571
f 1462/1462 1571/1571 1463/1463
f 1463/1463 1571/1571 1572/1572
f 1463/1463 1572/1572 1464/1464
f 1464/1464 1572/1572 1573/1573
f 1464/1464 1573/1573 1465/1465
f 1465/1465 1573/1573 1574/1574
f 1465/1465 1574/1574 1466/1466
f 1466/1466 1574/1574 1575/1575
f 1466/1466 1575/1575 1467/1467
f 1467/1467 1575/1575 1576/1576
f 1467/1467 1576/1576 1468/1468
f 1468/1468 1576/1576 1577/1577
f 1468/1468 1577/1577 1469/1469
f 1469/1469 1577/1577 1578/1578
f 1469/1469 1578/1578 1470/1470
f 1470/1470 1578/1578 1579/1579
f 1470/1470 1579/1579 1471/1471
f 1471/1471 1579/1579 1580/1580
f 1471/1471 1580/1580 1472/1472
f 1472/1472 1580/1580 1581/1581
f 1472/1472 1581/1581 1473/1473
f 1473/1473 1581/1581 1582/1582
f 1473/1473 1582/1582 1474/1474
f 1474/1474 1582/1582 1583/1583
f 1474/1474 1583/1583 1475/1475
f 1475/1475 1583/1583 1584/1584
f 1475/1475 1584/1584 1476/1476
f 1476/1476 1584/1584 1585/1585
f 1476/1476 1585/1585 1477/1477
f 1477/1477 1585/1585 1586/1586
f 1477/1477 1586/1586 1478/1478
f 1478/1478 1586/1586 1587/1587
f 1478/1478 1587/1587 1479/1479
f 1479/1479 1587/1587 1588/1588
f 1479/1479 1588/1588 1480/1480
f 1480/1480 1588/1588 1589/1589
f 1480/1480 1589/1589 1481/1481
f 1481/1481 1589/1589 1590/1590
f 1481/1481 1590/1590 1482/1482
f 1482/1482 1590/1590 1591/1591
f 1482/1482 1591/1591 1483/1483
f 1483/1483 1591/1591 1592/1592
f 1483/1483 1592/1592 370/370
f 370/370 1592/1592 372/372
f 1484/1484 1593/1593 1485/1485
f 1485/1485 1593/1593 1594/1594
f 1485/1485 1594/1594 1486/1486
f 1486/1486 1594/1594 1595/1595
f 1486/1486 1595/1595 1487/1487
f 1487/1487 1595/1595 1596/1596
f 1487/1487 1596/1596 1488/1488
f 1488/1488 1596/1596 1597/1597
f 1488/1488 1597/1597 1489/1489
f 1489/1489 1597/1597 1598/1598
f 1489/1489 1598/1598 1490/1490
f 1490/1490 1598/1598 1599/1599
f 1490/1490 1599/1599 1491/1491
f 1491/1491 1599/1599 1600/1600
f 1491/1491 1600/1600 1492/1492
f 1492/1492 1600/1600 1601/1601
f 1492/1492 1601/1601 1493/1493
f 1493/1493 1601/1601 1602/1602
f 1493/1493 1602/1602 1494/1494
f 1494/1494 1602/1602 1603/1603
f 1494/1494 1603/1603 1495/1495
f 1495/1495 1603/1603 1604/1604
f 1495/1495 1604/1604 1496/1496
f 1496/1496 1604/1604 1605/1605
f 1496/1496 1605/1605 1497/1497
f 1497/1497 1605/1605 1606/1606
f 1497/1497 1606/1606 1498/1498
f 1498/1498 1606/1606 1607/1607
f 1498/1498 1607/1607 1499/1499
f 1499/1499 1607/1607 1608/1608
f 1499/1499 1608/1608 1500/1500
f 1500/1500 1608/1608 1609/1609
f 1500/1500 1609/1609 1501/1501
f 1501/1501 1609/1609 1610/1610
f 1501/1501 1610/1610 1502/1502
f 1502/1502 1610/1610 1611/1611
f 1502/1502 1611/1611 1503/1503
f 1503/1503 1611/1611 1612/1612
f 1503/1503 1612/1612 1504/1504
f 1504/1504 1612/1612 1613/1613
f 1504/1504 1613/1613 1505/1505
f 1505/1505 1613/1613 1614/1614
f 1505/1505 1614/1614 1506/1506
f 1506/1506 1614/1614 1615/1615
f 1506/1506 1615/1615 1507/1507
f 1507/1507 1615/1615 1616/1616
f 1507/1507 1616/1616 1508/1508
f 1508/1508 1616/1616 1617/1617
f 1508/1508 1617/1617 1509/1509
f 1509/1509 1617/1617 1618/1618
f 1509/1509 1618/1618 1510/1510
f 1510/1510 1618/1618 1619/1619
f 1510/1510 1619/1619 1511/1511
f 1511/1511 1619/1619 1620/1620
f 1511/1511 1620/1620 1512/1512
f 1512/1512 1620/1620 1621/1621
f 1512/1512 1621/1621 1513/1513
f 1513/1513 1621/1621 1622/1622
f 1513/1513 1622/1622 1514/1514
f 1514/1514 1622/1622 1623/1623
f 1514/1514 1623/1623 1515/1515
f 1515/1515 1623/1623 1624/1624
f 1515/1515 1624/1624 1516/1516
f 1516/1516 1624/1624 1625/1625
f 1516/1516 1625/1625 1517/1517
f 1517/1517 1625/1625 1626/1626
f 1517/1517 1626/1626 1518/1518
f 1518/1518 1626/1626 1627/1627
f 1518/1518 1627/1627 1519/1519
f 1519/1519 1627/1627 1628/1628
f 1519/1519 1628/1628 1520/1520
f 1520/1520 1628/1628 1629/1629
f 1520/1520 1629/1629 1521/1521
f 1521/1521 1629/1629 1630/1630
f 1521/1521 1630/1630 1522/1522
f 1522/1522 1630/1630 1631/1631
f 1522/1522 1631/1631 1523/1523
f 1523/1523 1631/1631 1632/1632
f 1523/1523 1632/1632 1524/1524
f 1524/1524 1632/1632 1633/1633
f 1524/1524 1633/1633 1525/1525
f 1525/1525 1633/1633 1634/1634
f 1525/1525 1634/1634 1526/1526
f 1526/1526 1634/1634 1635/1635
f 1526/1526 1635/1635 1527/1527
f 1527/1527 1635/1635 1636/1636
f 1527/1527 1636/1636 1528/1528
f 1528/1528 1636/1636 1637/1637
f 1528/1528 1637/1637 1529/1529
f 1529/1529 1637/1637 1638/1638
f 1529/1529 1638/1638 1530/1530
f 1530/1530 1638/1638 1639/1639
f 1530/1530 1639/1639 1531/1531
f 1531/1531 1639/1639 1640/1640
f 1531/1531 1640/1640 1532/1532
f 1532/1532 1640/1640 1641/1641
f 1532/1532 1641/1641 1533/1533
f 1533/1533 1641/1641 1642/1642
f 1533/1533 1642/1642 1534/1534
f 1534/1534 1642/1642 1643/1643
f 1534/1534 1643/1643 1535/1535
f 1535/1535 1643/1643 1644/1644
f 1535/1535 1644/1644 1536/1536
f 1536/1536 1644/1644 1645/1645
f 1536/1536 1645/1645 1537/1537
f 1537/1537 1645/1645 1646/1646
f 1537/1537 1646/1646 1538/1538
f 1538/1538 1646/1646 1647/1647
f 1538/1538 1647/1647 1539/1539
f 1539/1539 1647/1647 1648/1648
f 1539/1539 1648/1648 1540/1540
f 1540/1540 1648/1648 1649/1649
f 1540/1540 1649/1649 1541/1541
f 1541/1541 1649/1649 1650/1650
f 1541/1541 1650/1650 1542/1542
f 1542/1542 1650/1650 1651/1651
f 1542/1542 1651/1651 1543/1543
f 1543/1543 1651/1651 1652/1652
f 1543/1543 1652/1652 1544/1544
f 1544/1544 1652/1652 1653/1653
f 1544/1544 1653/1653 1545/1545
f 1545/1545 1653/1653 1654/1654
f 1545/1545 1654/1654 1546/1546
f 1546/1546 1654/1654 1655/1655
f 1546/1546 1655/1655 1547/1547
f 1547/1547 1655/1655 1656/1656
f 1547/1547 1656/1656 1548/1548
f 1548/1548 1656/1656 1657/1657
f 1548/1548 1657/1657 1549/1549
f 1549/1549 1657/1657 1658/1658
f 1549/1549 1658/1658 1550/1550
f 1550/1550 1658/1658 1659/1659
f 1550/1550 1659/1659 1551/1551
f 1551/1551 1659/1659 1660/1660
f 1551/1551 1660/1660 1552/1552
f 1552/1552 1660/1660 1661/1661
f 1552/1552 1661/1661 1553/1553
f 1553/1553 1661/1661 1662/1662
f 1553/1553 1662/1662 1554/1554
f 1554/1554 1662/1662 1663/1663
f 1554/1554 1663/1663 1555/1555
f 1555/1555 1663/1663 1664/1664
f 1555/1555 1664/1664 1556/1556
f 1556/1556 1664/1664 1665/1665
f 1556/1556 1665/1665 1557/1557
f 1557/1557 1665/1665 1666/1666
f 1557/1557 1666/1666 1558/1558
f 1558/1558 1666/1666 1667/1667
f 1558/1558 1667/1667 1559/1559
f 1559/1559 1667/1667 1668/1668
f 1559/1559 1668/1668 1560/1560
f 1560/1560 1668/1668 1669/1669
f 1560/1560 1669/1669 1561/1561
f 1561/1561 1669/1669 1670/1670
f 1561/1561 1670/1670 1562/1562
f 1562/1562 1670/1670 1671/1671
f 1562/1562 1671/1671 1563/1563
f 1563/1563 1671/1671 1672/1672
f 1563/1563 1672/1672 1564/1564
f 1564/1564 1672/1672 1673/1673
f 1564/1564 1673/1673 1565/1565
f 1565/1565 1673/1673 1674/1674
f 1565/1565 1674/1674 1566/1566
f 1566/1566 1674/1674 1675/1675
f 1566/1566 1675/1675 1567/1567
f 1567/1567 1675/1675 1676/1676
f 1567/1567 1676/1676 1568/1568
f 1568/1568 1676/1676 1677/1677
f 1568/1568 1677/1677 1569/1569
f 1569/1569 1677/1677 1678/1678
f 1569/1569 1678/1678 1570/1570
f 1570/1570 1678/1678 1679/1679
f 1570/1570 1679/1679 1571/1571
f 1571/1571 1679/1679 1680/1680
f 1571/1571 1680/1680 1572/1572
f 1572/1572 1680/1680 1681/1681
f 1572/1572 1681/1681 1573/1573
f 1573/1573 1681/1681 1682/1682
f 1573/1573 1682/1682 1574/1574
f 1574/1574 1682/1682 1683/1683
f 1574/1574 1683/1683 1575/1575
f 1575/1575 1683/1683 1684/1684
f 1575/1575 1684/1684 1576/1576
f 1576/1576 1684/1684 1685/1685
f 1576/1576 1685/1685 1577/1577
f 1577/1577 1685/1685 1686/1686
f 1577/1577 1686/1686 1578/1578
f 1578/1578 1686/1686 1687/1687
f 1578/1578 1687/1687 1579/1579
f 1579/1579 1687/1687 1688/1688
f 1579/1579 1688/1688 1580/1580
f 1580/1580 1688/1688 1689/1689
f 1580/1580 1689/1689 1581/1581
f 1581/1581 1689/1689 1690/1690
f 1581/1581 1690/1690 1582/1582
f 1582/1582 1690/1690 1691/1691
f 1582/1582 1691/1691 1583/1583
f 1583/1583 1691/1691 1692/1692
f 1583/1583 1692/1692 1584/1584
f 1584/1584 1692/1692 1693/1693
f 1584/1584 1693/1693 1585/1585
f 1585/1585 1693/1693 1694/1694
f 1585/1585 1694/1694 1586/1586
f 1586/1586 1694/1694 1695/1695
f 1586/1586 1695/1695 1587/1587
f 1587/1587 1695/1695 1696/1696
f 1587/1587 1696/1696 1588/1588
f 1588/1588 1696/1696 1697/1697
f 1588/1588 1697/1697 1589/1589
f 1589/1589 1697/1697 1698/1698
f 1589/1589 1698/1698 1590/1590
f 1590/1590 1698/1698 1699/1699
f 1590/1590 1699/1699 1591/1591
f 1591/1591 1699/1699 1700/1700
f 1591/1591 1700/1700 1592/1592
f 1592/1592 1700/1700 1701/1701
f 1592/1592 1701/1701 372/372
f 372/372 1701/1701 374/374
f 1593/1593 1702/1702 1594/1594
f 1594/1594 1702/1702 1703/1703
f 1594/1594 1703/1703 1595/1595
f 1595/1595 1703/1703 1704/1704
f 1595/1595 1704/1704 1596/1596
f 1596/1596 1704/1704 1705/1705
f 1596/1596 1705/1705 1597/1597
f 1597/1597 1705/1705 1706/1706
f 1597/1597 1706/1706 1598/1598
f 1598/1598 1706/1706 1707/1707
f 1598/1598 1707/1707 1599/1599
f 1599/1599 1707/1707 1708/1708
f 1599/1599 1708/1708 1600/1600
f 1600/1600 1708/1708 1709/1709
f 1600/1600 1709/1709 1601/1601
f 1601/1601 1709/1709 1710/1710
f 1601/1601 1710/1710 1602/1602
f 1602/1602 1710/1710 1711/1711
f 1602/1602 1711/1711 1603/1603
f 1603/1603 1711/1711 1712/1712
f 1603/1603 1712/1712 1604/1604
f 1604/1604 1712/1712 1713/1713
f 1604/1604 1713/1713 1605/1605
f 1605/1605 1713/1713 1714/1714
f 1605/1605 1714/1714 1606/1606
f 1606/1606 1714/1714 1715/1715
f 1606/1606 1715/1715 1607/1607
f 1607/1607 1715/1715 1716/1716
f 1607/1607 1716/1716 1608/1608
f 1608/1608 1716/1716 1717/1717
f 1608/1608 1717/1717 1609/1609
f 1609/1609 1717/1717 1718/1718
f 1609/1609 1718/1718 1610/1610
f 1610/1610 1718/1718 1719/1719
f 1610/1610 1719/1719 1611/1611
f 1611/1611 1719/1719 1720/1720
f 1611/1611 1720/1720 1612/1612
f 1612/1612 1720/1720 1721/1721
f 1612/1612 1721/1721 1613/1613
f 1613/1613 1721/1721 1722/1722
f 1613/1613 1722/1722 1614/1614
f 1614/1614 1722/1722 1723/1723
f 1614/1614 1723/1723 1615/1615
f 1615/1615 1723/1723 1724/1724
f 1615/1615 1724/1724 1616/1616
f 1616/1616 1724/1724 1725/1725
f 1616/1616 1725/1725 1617/1617
f 1617/1617 1725/1725 1726/1726
f 1617/1617 1726/1726 1618/1618
f 1618/1618 1726/1726 1727/1727
f 1618/1618 1727/1727 1619/1619
f 1619/1619 1727/1727 1728/1728
f 1619/1619 1728/1728 1620/1620
f 1620/1620 1728/1728 1729/1729
f 1620/1620 1729/1729 1621/1621
f 1621/1621 1729/1729 1730/1730
f 1621/1621 1730/1730 1622/1622
f 1622/1622 1730/1730 1731/1731
f 1622/1622 1731/1731 1623/1623
f 1623/1623 1731/1731 1732/1732
f 1623/1623 1732/1732 1624/1624
f 1624/1624 1732/1732 1733/1733
f 1624/1624 1733/1733 1625/1625
f 1625/1625 1733/1733 1734/1734
f 1625/1625 1734/1734 1626/1626
f 1626/1626 1734/1734 1735/1735
f 1626/1626 1735/1735 1627/1627
f 1627/1627 1735/1735 1736/1736
f 1627/1627 1736/1736 1628/1628
f 1628/1628 1736/1736 1737/1737
f 1628/1628 1737/1737 1629/1629
f 1629/1629 1737/1737 1738/1738
f 1629/1629 1738/1738 1630/1630
f 1630/1630 1738/1738 1739/1739
f 1630/1630 1739/1739 1631/1631
f 1631/1631 1739/1739 1740/1740
f 1631/1631 1740/1740 1632/1632
f 1632/1632 1740/1740 1741/1741
f 1632/1632 1741/1741 1633/1633
f 1633/1633 1741/1741 1742/1742
f 1633/1633 1742/1742 1634/1634
f 1634/1634 1742/1742 1743/1743
f 1634/1634 1743/1743 1635/1635
f 1635/1635 1743/1743 1744/1744
f 1635/1635 1744/1744 1636/1636
f 1636/1636 1744/1744 1745/1745
f 1636/1636 1745/1745 1637/1637
f 1637/1637 1745/1745 1746/1746
f 1637/1637 1746/1746 1638/1638
f 1638/1638 1746/1746 1747/1747
f 1638/1638 1747/1747 1639/1639
f 1639/1639 1747/1747 1748/1748
f 1639/1639 1748/1748 1640/1640
f 1640/1640 1748/1748 1749/1749
f 1640/1640 1749/1749 1641/1641
f 1641/1641 1749/1749 1750/1750
f 1641/1641 1750/1750 1642/1642
f 1642/1642 1750/1750 1751/1751
f 1642/1642 1751/1751 1643/1643
f 1643/1643 1751/1751 1752/1752
f 1643/1643 1752/1752 1644/1644
f 1644/1644 1752/1752 1753/1753
f 1644/1644 1753/1753 1645/1645
f 1645/1645 1753/1753 1754/1754
f 1645/1645 1754/1754 1646/1646
f 1646/1646 1754/1754 1755/1755
f 1646/1646 1755/1755 1647/1647
f 1647/1647 1755/1755 1756/1756
f 1647/1647 1756/1756 1648/1648
f 1648/1648 1756/1756 1757/1757
f 1648/1648 1757/1757 1649/1649
f 1649/1649 1757/1757 1758/1758
f 1649/1649 1758/1758 1650/1650
f 1650/1650 1758/1758 1759/1759
f 1650/1650 1759/1759 1651/1651
f 1651/1651 1759/1759 1760/1760
f 1651/1651 1760/1760 1652/1652
f 1652/1652 1760/1760 1761/1761
f 1652/1652 1761/1761 1653/1653
f 1653/1653 1761/1761 1762/1762
f 1653/1653 1762/1762 1654/1654
f 1654/1654 1762/1762 1763/1763
f 1654/1654 1763/1763 1655/1655
f 1655/1655 1763/1763 1764/1764
f 1655/1655 1764/1764 1656/1656
f 1656/1656 1764/1764 1765/1765
f 1656/1656 1765/1765 1657/1657
f 1657/1657 1765/1765 1766/1766
f 1657/1657 1766/1766 1658/1658
f 1658/1658 1766/1766 1767/1767
f 1658/1658 1767/1767 1659/1659
f 1659/1659 1767/1767 1768/1768
f 1659/1659 1768/1768 1660/1660
f 1660/1660 1768/1768 1769/1769
f 1660/1660 1769/1769 1661/1661
f 1661/1661 1769/1769 1770/1770
f 1661/1661 1770/1770 1662/1662
f 1662/1662 1770/1770 1771/1771
f 1662/1662 1771/1771 1663/1663
f 1663/1663 1771/1771 1772/1772
f 1663/1663 1772/1772 1664/1664
f 1664/1664 1772/1772 1773/1773
f 1664/1664 1773/1773 1665/1665
f 1665/1665 1773/1773 1774/1774
f 1665/1665 1774/1774 1666/1666
f 1666/1666 1774/1774 1775/1775
f 1666/1666 1775/1775 1667/1667
f 1667/1667 1775/1775 1776/1776
f 1667/1667 1776/1776 1668/1668
f 1668/1668 1776/1776 1777/1777
f 1668/1668 1777/1777 1669/1669
f 1669/1669 1777/1777 1778/1778
f 1669/1669 1778/1778 1670/1670
f 1670/1670 1778/1778 1779/1779
f 1670/1670 1779/1779 1671/1671
f 1671/1671 1779/1779 1780/1780
f 1671/1671 1780/1780 1672/1672
f 1672/1672 1780/1780 1781/1781
f 1672/1672 1781/1781 1673/1673
f 1673/1673 1781/1781 1782/1782
f 1673/1673 1782/1782 1674/1674
f 1674/1674 1782/1782 1783/1783
f 1674/1674 1783/1783 1675/1675
f 1675/1675 1783/1783 1784/1784
f 1675/1675 1784/1784 1676/1676
f 1676/1676 1784/1784 1785/1785
f 1676/1676 1785/1785 1677/1677
f 1677/1677 1785/1785 1786/1786
f 1677/1677 1786/1786 1678/1678
f 1678/1678 1786/1786 1787/1787
f 1678/1678 1787/1787 1679/1679
f 1679/1679 1787/1787 1788/1788
f 1679/1679 1788/1788 1680/1680
f 1680/1680 1788/1788 1789/1789
f 1680/1680 1789/1789 1681/1681
f 1681/1681 1789/1789 1790/1790
f 1681/1681 1790/1790 1682/1682
f 1682/1682 1790/1790 1791/1791
f 1682/1682 1791/1791 1683/1683
f 1683/1683 1791/1791 1792/1792
f 1683/1683 1792/1792 1684/1684
f 1684/1684 1792/1792 1793/1793
f 1684/1684 1793/1793 1685/1685
f 1685/1685 1793/1793 1794/1794
f 1685/1685 1794/1794 1686/1686
f 1686/1686 1794/1794 1795/1795
f 1686/1686 1795/1795 1687/1687
f 1687/1687 1795/1795 1796/1796
f 1687/1687 1796/1796 1688/1688
f 1688/1688 1796/1796 1797/1797
f 1688/1688 1797/1797 1689/1689
f 1689/1689 1797/1797 1798/1798
f 1689/1689 1798/1798 1690/1690
f 1690/1690 1798/1798 1799/1799
f 1690/1690 1799/1799 1691/1691
f 1691/1691 1799/1799 1800/1800
f 1691/1691 1800/1800 1692/1692
f 1692/1692 1800/1800 1801/1801
f 1692/1692 1801/1801 1693/1693
f 1693/1693 1801/1801 1802/1802
f 1693/1693 1802/1802 1694/1694
f 1694/1694 1802/1802 1803/1803
f 1694/1694 1803/1803 1695/1695
f 1695/1695 1803/1803 1804/1804
f 1695/1695 1804/1804 1696/1696
f 1696/1696 1804/1804 1805/1805
f 1696/1696 1805/1805 1697/1697
f 1697/1697 1805/1805 1806/1806
f 1697/1697 1806/1806 1698/1698
f 1698/1698 1806/1806 1807/1807
f 1698/1698 1807/1807 1699/1699
f 1699/1699 1807/1807 1808/1808
f 1699/1699 1808/1808 1700/1700
f 1700/1700 1808/1808 1809/1809
f 1700/1700 1809/1809 1701/1701
f 1701/1701 1809/1809 1810/1810
f 1701/1701 1810/1810 374/374
f 374/374 1810/1810 376/376
f 1702/1702 1811/1811 1703/1703
f 1703/1703 1811/1811 1812/1812
f 1703/1703 1812/1812 1704/1704
f 1704/1704 1812/1812 1813/1813
f 1704/1704 1813/1813 1705/1705
f 1705/1705 1813/1813 1814/1814
f 1705/1705 1814/1814 1706/1706
f 1706/1706 1814/1814 1815/1815
f 1706/1706 1815/1815 1707/1707
f 1707/1707 1815/1815 1816/1816
f 1707/1707 1816/1816 1708/1708
f 1708/1708 1816/1816 1817/1817
f 1708/1708 1817/1817 1709/1709
f 1709/1709 1817/1817 1818/1818
f 1709/1709 1818/1818 1710/1710
f 1710/1710 1818/1818 1819/1819
f 1710/1710 1819/1819 1711/1711
f 1711/1711 1819/1819 1820/1820
f 1711/1711 1820/1820 1712/1712
f 1712/1712 1820/1820 1821/1821
f 1712/1712 1821/1821 1713/1713
f 1713/1713 1821/1821 1822/1822
f 1713/1713 1822/1822 1714/1714
f 1714/1714 1822/1822 1823/1823
f 1714/1714 1823/1823 1715/1715
f 1715/1715 1823/1823 1824/1824
f 1715/1715 1824/1824 1716/1716
f 1716/1716 1824/1824 1825/1825
f 1716/1716 1825/1825 1717/1717
f 1717/1717 1825/1825 1826/1826
f 1717/1717 1826/1826 1718/1718
f 1718/1718 1826/1826 1827/1827
f 1718/1718 1827/1827 1719/1719
f 1719/1719 1827/1827 1828/1828
f 1719/1719 1828/1828 1720/1720
f 1720/1720 1828/1828 1829/1829
f 1720/1720 1829/1829 1721/1721
f 1721/1721 1829/1829 1830/1830
f 1721/1721 1830/1830 1722/1722
f 1722/1722 1830/1830 1831/1831
f 1722/1722 1831/1831 1723/1723
f 1723/1723 1831/1831 1832/1832
f 1723/1723 1832/1832 1724/1724
f 1724/1724 1832/1832 1833/1833
f 1724/1724 1833/1833 1725/1725
f 1725/1725 1833/1833 1834/1834
f 1725/1725 1834/1834 1726/1726
f 1726/1726 1834/1834 1835/1835
f 1726/1726 1835/1835 1727/1727
f 1727/1727 1835/1835 1836/1836
f 1727/1727 1836/1836 1728/1728
f 1728/1728 1836/1836 1837/1837
f 1728/1728 1837/1837 1729/1729
f 1729/1729 1837/1837 1838/1838
f 1729/1729 1838/1838 1730/1730
f 1730/1730 1838/1838 1839/1839
f 1730/1730 1839/1839 1731/1731
f 1731/1731 1839/1839 1840/1840
f 1731/1731 1840/1840 1732/1732
f 1732/1732 1840/1840 1841/1841
f 1732/1732 1841/1841 1733/1733
f 1733/1733 1841/1841 1842/1842
f 1733/1733 1842/1842 1734/1734
f 1734/1734 1842/1842 1843/1843
f 1734/1734 1843/1843 1735/1735
f 1735/1735 1843/1843 1844/1844
f 1735/1735 1844/1844 1736/1736
f 1736/1736 1844/1844 1845/1845
f 1736/1736 1845/1845 1737/1737
f 1737/1737 1845/1845 1846/1846
f 1737/1737 1846/1846 1738/1738
f 1738/1738 1846/1846 1847/1847
f 1738/1738 1847/1847 1739/1739
f 1739/1739 1847/1847 1848/1848
f 1739/1739 1848/1848 1740/1740
f 1740/1740 1848/1848 1849/1849
f 1740/1740 1849/1849 1741/1741
f 1741/1741 1849/1849 1850/1850
f 1741/1741 1850/1850 1742/1742
f 1742/1742 1850/1850 1851/1851
f 1742/1742 1851/1851 1743/1743
f 1743/1743 1851/1851 1852/1852
f 1743/1743 1852/1852 1744/1744
f 1744/1744 1852/1852 1853/1853
f 1744/1744 1853/1853 1745/1745
f 1745/1745 1853/1853 1854/1854
f 1745/1745 1854/1854 1746/1746
f 1746/1746 1854/1854 1855/1855
f 1746/1746 1855/1855 1747/1747
f 1747/1747 1855/1855 1856/1856
f 1747/1747 1856/1856 1748/1748
f 1748/1748 1856/1856 1857/1857
f 1748/1748 1857/1857 1749/1749
f 1749/1749 1857/1857 1858/1858
f 1749/1749 1858/1858 1750/1750
f 1750/1750 1858/1858 1859/1859
f 1750/1750 1859/1859 1751/1751
f 1751/1751 1859/1859 1860/1860
f 1751/1751 1860/1860 1752/1752
f 1752/1752 1860/1860 1861/1861
f 1752/1752 1861/1861 1753/1753
f 1753/1753 1861/1861 1862/1862
f 1753/1753 1862/1862 1754/1754
f 1754/1754 1862/1862 1863/1863
f 1754/1754 1863/1863 1755/1755
f 1755/1755 1863/1863 1864/1864
f 1755/1755 1864/1864 1756/1756
f 1756/1756 1864/1864 1865/1865
f 1756/1756 1865/1865 1757/1757
f 1757/1757 1865/1865 1866/1866
f 1757/1757 1866/1866 1758/1758
f 1758/1758 1866/1866 1867/1867
f 1758/1758 1867/1867 1759/1759
f 1759/1759 1867/1867 1868/1868
f 1759/1759 1868/1868 1760/1760
f 1760/1760 1868/1868 1869/1869
f 1760/1760 1869/1869 1761/1761
f 1761/1761 1869/1869 1870/1870
f 1761/1761 1870/1870 1762/1762
f 1762/1762 1870/1870 1871/1871
f 1762/1762 1871/1871 1763/1763
f 1763/1763 1871/1871 1872/1872
f 1763/1763 1872/1872 1764/1764
f 1764/1764 1872/1872 1873/1873
f 1764/1764 1873/1873 1765/1765
f 1765/1765 1873/1873 1874/1874
f 1765/1765 1874/1874 1766/1766
f 1766/1766 1874/1874 1875/1875
f 1766/1766 1875/1875 1767/1767
f 1767/1767 1875/1875 1876/1876
f 1767/1767 1876/1876 1768/1768
f 1768/1768 1876/1876 1877/1877
f 1768/1768 1877/1877 1769/1769
f 1769/1769 1877/1877 1878/1878
f 1769/1769 1878/1878 1770/1770
f 1770/1770 1878/1878 1879/1879
f 1770/1770 1879/1879 1771/1771
f 1771/1771 1879/1879 1880/1880
f 1771/1771 1880/1880 1772/1772
f 1772/1772 1880/1880 1881/1881
f 1772/1772 1881/1881 1773/1773
f 1773/1773 1881/1881 1882/1882
f 1773/1773 1882/1882 1774/1774
f 1774/1774 1882/1882 1883/1883
f 1774/1774 1883/1883 1775/1775
f 1775/1775 1883/1883 1884/1884
f 1775/1775 1884/1884 1776/1776
f 1776/1776 1884/1884 1885/1885
f 1776/1776 1885/1885 1777/1777
f 1777/1777 1885/1885 1886/1886
f 1777/1777 1886/1886 1778/1778
f 1778/1778 1886/1886 1887/1887
f 1778/1778 1887/1887 1779/1779
f 1779/1779 1887/1887 1888/1888
f 1779/1779 1888/1888 1780/1780
f 1780/1780 1888/1888 1889/1889
f 1780/1780 1889/1889 1781/1781
f 1781/1781 1889/1889 1890/1890
f 1781/1781 1890/1890 1782/1782
f 1782/1782 1890/1890 1891/1891
f 1782/1782 1891/1891 1783/1783
f 1783/1783 1891/1891 1892/1892
f 1783/1783 1892/1892 1784/1784
f 1784/1784 1892/1892 1893/1893
f 1784/1784 1893/1893 1785/1785
f 1785/1785 1893/1893 1894/1894
f 1785/1785 1894/1894 1786/1786
f 1786/1786 1894/1894 1895/1895
f 1786/1786 1895/1895 1787/1787
f 1787/1787 1895/1895 1896/1896
f 1787/1787 1896/1896 1788/1788
f 1788/1788 1896/1896 1897/1897
f 1788/1788 1897/1897 1789/1789
f 1789/1789 1897/1897 1898/1898
f 1789/1789 1898/1898 1790/1790
f 1790/1790 1898/1898 1899/1899
f 1790/1790 1899/1899 1791/1791
f 1791/1791 1899/1899 1900/1900
f 1791/1791 1900/1900 1792/1792
f 1792/1792 1900/1900 1901/1901
f 1792/1792 1901/1901 1793/1793
f 1793/1793 1901/1901 1902/1902
f 1793/1793 1902/1902 1794/1794
f 1794/1794 1902/1902 1903/1903
f 1794/1794 1903/1903 1795/1795
f 1795/1795 1903/1903 1904/1904
f 1795/1795 1904/1904 1796/1796
f 1796/1796 1904/1904 1905/1905
f 1796/1796 1905/1905 1797/1797
f 1797/1797 1905/1905 1906/1906
f 1797/1797 1906/1906 1798/1798
f 1798/1798 1906/1906 1907/1907
f 1798/1798 1907/1907 1799/1799
f 1799/1799 1907/1907 1908/1908
f 1799/1799 1908/1908 1800/1800
f 1800/1800 1908/1908 1909/1909
f 1800/1800 1909/1909 1801/1801
f 1801/1801 1909/1909 1910/1910
f 1801/1801 1910/1910 1802/1802
f 1802/1802 1910/1910 1911/1911
f 1802/1802 1911/1911 1803/1803
f 1803/1803 1911/1911 1912/1912
f 1803/1803 1912/1912 1804/1804
f 1804/1804 1912/1912 1913/1913
f 1804/1804 1913/1913 1805/1805
f 1805/1805 1913/1913 1914/1914
f 1805/1805 1914/1914 1806/1806
f 1806/1806 1914/1914 1915/1915
f 1806/1806 1915/1915 1807/1807
f 1807/1807 1915/1915 1916/1916
f 1807/1807 1916/1916 1808/1808
f 1808/1808 1916/1916 1917/1917
f 1808/1808 1917/1917 1809/1809
f 1809/1809 1917/1917 1918/1918
f 1809/1809 1918/1918 1810/1810
f 1810/1810 1918/1918 1919/1919
f 1810/1810 1919/1919 376/376
f 376/376 1919/1919 378/378
f 1811/1811 1920/1920 1812/1812
f 1812/1812 1920/1920 1921/1921
f 1812/1812 1921/1921 1813/1813
f 1813/1813 1921/1921 1922/1922
f 1813/1813 1922/1922 1814/1814
f 1814/1814 1922/1922 1923/1923
f 1814/1814 1923/1923 1815/1815
f 1815/1815 1923/1923 1924/1924
f 1815/1815 1924/1924 1816/1816
f 1816/1816 1924/1924 1925/1925
f 1816/1816 1925/1925 1817/1817
f 1817/1817 1925/1925 1926/1926
f 1817/1817 1926/1926 1818/1818
f 1818/1818 1926/1926 1927/1927
f 1818/1818 1927/1927 1819/1819
f 1819/1819 1927/1927 1928/1928
f 1819/1819 1928/1928 1820/1820
f 1820/1820 1928/1928 1929/1929
f 1820/1820 1929/1929 1821/1821
f 1821/1821 1929/1929 1930/1930
f 1821/1821 1930/1930 1822/1822
f 1822/1822 1930/1930 1931/1931
f 1822/1822 1931/1931 1823/1823
f 1823/1823 1931/1931 1932/1932
f 1823/1823 1932/1932 1824/1824
f 1824/1824 1932/1932 1933/1933
f 1824/1824 1933/1933 1825/1825
f 1825/1825 1933/1933 1934/1934
f 1825/1825 1934/1934 1826/1826
f 1826/1826 1934/1934 1935/1935
f 1826/1826 1935/1935 1827/1827
f 1827/1827 1935/1935 1936/1936
f 1827/1827 1936/1936 1828/1828
f 1828/1828 1936/1936 1937/1937
f 1828/1828 1937/1937 1829/1829
f 1829/1829 1937/1937 1938/1938
f 1829/1829 1938/1938 1830/1830
f 1830/1830 1938/1938 1939/1939
f 1830/1830 1939/1939 1831/1831
f 1831/1831 1939/1939 1940/1940
f 1831/1831 1940/1940 1832/1832
f 1832/1832 1940/1940 1941/1941
f 1832/1832 1941/1941 1833/1833
f 1833/1833 1941/1941 1942/1942
f 1833/1833 1942/1942 1834/1834
f 1834/1834 1942/1942 1943/1943
f 1834/1834 1943/1943 1835/1835
f 1835/1835 1943/1943 1944/1944
f 1835/1835 1944/1944 1836/1836
f 1836/1836 1944/1944 1945/1945
f 1836/1836 1945/1945 1837/1837
f 1837/1837 1945/1945 1946/1946
f 1837/1837 1946/1946 1838/1838
f 1838/1838 1946/1946 1947/1947
f 1838/1838 1947/1947 1839/1839
f 1839/1839 1947/1947 1948/1948
f 1839/1839 1948/1948 1840/1840
f 1840/1840 1948/1948 1949/1949
f 1840/1840 1949/1949 1841/1841
f 1841/1841 1949/1949 1950/1950
f 1841/1841 1950/1950 1842/1842
f 1842/1842 1950/1950 1951/1951
f 1842/1842 1951/1951 1843/1843
f 1843/1843 1951/1951 1952/1952
f 1843/1843 1952/1952 1844/1844
f 1844/1844 1952/1952 1953/1953
f 1844/1844 1953/1953 1845/1845
f 1845/1845 1953/1953 1954/1954
f 1845/1845 1954/1954 1846/1846
f 1846/1846 1954/1954 1955/1955
f 1846/1846 1955/1955 1847/1847
f 1847/1847 1955/1955 1956/1956
f 1847/1847 1956/1956 1848/1848
f 1848/1848 1956/1956 1957/1957
f 1848/1848 1957/1957 1849/1849
f 1849/1849 1957/1957 1958/1958
f 1849/1849 1958/1958 1850/1850
f 1850/1850 1958/1958 1959/1959
f 1850/1850 1959/1959 1851/1851
f 1851/1851 1959/1959 1960/1960
f 1851/1851 1960/1960 1852/1852
f 1852/1852 1960/1960 1961/1961
f 1852/1852 1961/1961 1853/1853
f 1853/1853 1961/1961 1962/1962
f 1853/1853 1962/1962 1854/1854
f 1854/1854 1962/1962 1963/1963
f 1854/1854 1963/1963 1855/1855
f 1855/1855 1963/1963 1964/1964
f 1855/1855 1964/1964 1856/1856
f 1856/1856 1964/1964 1965/1965
f 1856/1856 1965/1965 1857/1857
f 1857/1857 1965/1965 1966/1966
f 1857/1857 1966/1966 1858/1858
f 1858/1858 1966/1966 1967/1967
f 1858/1858 1967/1967 1859/1859
f 1859/1859 1967/1967 1968/1968
f 1859/1859 1968/1968 1860/1860
f 1860/1860 1968/1968 1969/1969
f 1860/1860 1969/1969 1861/1861
f 1861/1861 1969/1969 1970/1970
f 1861/1861 1970/1970 1862/1862
f 1862/1862 1970/1970 1971/1971
f 1862/1862 1971/1971 1863/1863
f 1863/1863 1971/1971 1972/1972
f 1863/1863 1972/1972 1864/1864
f 1864/1864 1972/1972 1973/1973
f 1864/1864 1973/1973 1865/1865
f 1865/1865 1973/1973 1974/1974
f 1865/1865 1974/1974 1866/1866
f 1866/1866 1974/1974 1975/1975
f 1866/1866 1975/1975 1867/1867
f 1867/1867 1975/1975 1976/1976
f 1867/1867 1976/1976 1868/1868
f 1868/1868 1976/1976 1977/1977
f 1868/1868 1977/1977 1869/1869
f 1869/1869 1977/1977 1978/1978
f 1869/1869 1978/1978 1870/1870
f 1870/1870 1978/1978 1979/1979
f 1870/1870 1979/1979 1871/1871
f 1871/1871 1979/1979 1980/1980
f 1871/1871 1980/1980 1872/1872
f 1872/1872 1980/1980 1981/1981
f 1872/1872 1981/1981 1873/1873
f 1873/1873 1981/1981 1982/1982
f 1873/1873 1982/1982 1874/1874
f 1874/1874 1982/1982 1983/1983
f 1874/1874 1983/1983 1875/1875
f 1875/1875 1983/1983 1984/1984
f 1875/1875 1984/1984 1876/1876
f 1876/1876 1984/1984 1985/1985
f 1876/1876 1985/1985 1877/1877
f 1877/1877 1985/1985 1986/1986
f 1877/1877 1986/1986 1878/1878
f 1878/1878 1986/1986 1987/1987
f 1878/1878 1987/1987 1879/1879
f 1879/1879 1987/1987 1988/1988
f 1879/1879 1988/1988 1880/1880
f 1880/1880 1988/1988 1989/1989
f 1880/1880 1989/1989 1881/1881
f 1881/1881 1989/1989 1990/1990
f 1881/1881 1990/1990 1882/1882
f 1882/1882 1990/1990 1991/1991
f 1882/1882 1991/1991 1883/1883
f 1883/1883 1991/1991 1992/1992
f 1883/1883 1992/1992 1884/1884
f 1884/1884 1992/1992 1993/1993
f 1884/1884 1993/1993 1885/1885
f 1885/1885 1993/1993 1994/1994
f 1885/1885 1994/1994 1886/1886
f 1886/1886 1994/1994 1995/1995
f 1886/1886 1995/1995 1887/1887
f 1887/1887 1995/1995 1996/1996
f 1887/1887 1996/1996 1888/1888
f 1888/1888 1996/1996 1997/1997
f 1888/1888 1997/1997 1889/1889
f 1889/1889 1997/1997 1998/1998
f 1889/1889 1998/1998 1890/1890
f 1890/1890 1998/1998 1999/1999
f 1890/1890 1999/1999 1891/1891
f 1891/1891 1999/1999 2000/2000
f 1891/1891 2000/2000 1892/1892
f 1892/1892 2000/2000 2001/2001
f 1892/1892 2001/2001 1893/1893
f 1893/1893 2001/2001 2002/2002
f 1893/1893 2002/2002 1894/1894
f 1894/1894 2002/2002 2003/2003
f 1894/1894 2003/2003 1895/1895
f 1895/1895 2003/2003 2004/2004
f 1895/1895 2004/2004 1896/1896
f 1896/1896 2004/2004 2005/2005
f 1896/1896 2005/2005 1897/1897
f 1897/1897 2005/2005 2006/2006
f 1897/1897 2006/2006 1898/1898
f 1898/1898 2006/2006 2007/2007
f 1898/1898 2007/2007 1899/1899
f 1899/1899 2007/2007 2008/2008
f 1899/1899 2008/2008 1900/1900
f 1900/1900 2008/2008 2009/2009
f 1900/1900 2009/2009 1901/1901
f 1901/1901 2009/2009 2010/2010
f 1901/1901 2010/2010 1902/1902
f 1902/1902 2010/2010 2011/2011
f 1902/1902 2011/2011 1903/1903
f 1903/1903 2011/2011 2012/2012
f 1903/1903 2012/2012 1904/1904
f 1904/1904 2012/2012 2013/2013
f 1904/1904 2013/2013 1905/1905
f 1905/1905 2013/2013 2014/2014
f 1905/1905 2014/2014 1906/1906
f 1906/1906 2014/2014 2015/2015
f 1906/1906 2015/2015 1907/1907
f 1907/1907 2015/2015 2016/2016
f 1907/1907 2016/2016 1908/1908
f 1908/1908 2016/2016 2017/2017
f 1908/1908 2017/2017 1909/1909
f 1909/1909 2017/2017 2018/2018
f 1909/1909 2018/2018 1910/1910
f 1910/1910 2018/2018 2019/2019
f 1910/1910 2019/2019 1911/1911
f 1911/1911 2019/2019 2020/2020
f 1911/1911 2020/2020 1912/1912
f 1912/1912 2020/2020 2021/2021
f 1912/1912 2021/2021 1913/1913
f 1913/1913 2021/2021 2022/2022
f 1913/1913 2022/2022 1914/1914
f 1914/1914 2022/2022 2023/2023
f 1914/1914 2023/2023 1915/1915
f 1915/1915 2023/2023 2024/2024
f 1915/1915 2024/2024 1916/1916
f 1916/1916 2024/2024 2025/2025
f 1916/1916 2025/2025 1917/1917
f 1917/1917 2025/2025 2026/2026
f 1917/1917 2026/2026 1918/1918
f 1918/1918 2026/2026 2027/2027
f 1918/1918 2027/2027 1919/1919
f 1919/1919 2027/2027 2028/2028
f 1919/1919 2028/2028 378/378
f 378/378 2028/2028 380/380
f 1920/1920 2029/2029 1921/1921
f 1921/1921 2029/2029 2030/2030
f 1921/1921 2030/2030 1922/1922
f 1922/1922 2030/2030 2031/2031
f 1922/1922 2031/2031 1923/1923
f 1923/1923 2031/2031 2032/2032
f 1923/1923 2032/2032 1924/1924
f 1924/1924 2032/2032 2033/2033
f 1924/1924 2033/2033 1925/1925
f 1925/1925 2033/2033 2034/2034
f 1925/1925 2034/2034 1926/1926
f 1926/1926 2034/2034 2035/2035
f 1926/1926 2035/2035 1927/1927
f 1927/1927 2035/2035 2036/2036
f 1927/1927 2036/2036 1928/1928
f 1928/1928 2036/2036 2037/2037
f 1928/1928 2037/2037 1929/1929
f 1929/1929 2037/2037 2038/2038
f 1929/1929 2038/2038 1930/1930
f 1930/1930 2038/2038 2039/2039
f 1930/1930 2039/2039 1931/1931
f 1931/1931 2039/2039 2040/2040
f 1931/1931 2040/2040 1932/1932
f 1932/1932 2040/2040 2041/2041
f 1932/1932 2041/2041 1933/1933
f 1933/1933 2041/2041 2042/2042
f 1933/1933 2042/2042 1934/1934
f 1934/1934 2042/2042 2043/2043
f 1934/1934 2043/2043 1935/1935
f 1935/1935 2043/2043 2044/2044
f 1935/1935 2044/2044 1936/1936
f 1936/1936 2044/2044 2045/2045
f 1936/1936 2045/2045 1937/1937
f 1937/1937 2045/2045 2046/2046
f 1937/1937 2046/2046 1938/1938
f 1938/1938 2046/2046 2047/2047
f 1938/1938 2047/2047 1939/1939
f 1939/1939 2047/2047 2048/2048
f 1939/1939 2048/2048 1940/1940
f 1940/1940 2048/2048 2049/2049
f 1940/1940 2049/2049 1941/1941
f 1941/1941 2049/2049 2050/2050
f 1941/1941 2050/2050 1942/1942
f 1942/1942 2050/2050 2051/2051
f 1942/1942 2051/2051 1943/1943
f 1943/1943 2051/2051 2052/2052
f 1943/1943 2052/2052 1944/1944
f 1944/1944 2052/2052 2053/2053
f 1944/1944 2053/2053 1945/1945
f 1945/1945 2053/2053 2054/2054
f 1945/1945 2054/2054 1946/1946
f 1946/1946 2054/2054 2055/2055
f 1946/1946 2055/2055 1947/1947
f 1947/1947 2055/2055 2056/2056
f 1947/1947 2056/2056 1948/1948
f 1948/1948 2056/2056 2057/2057
f 1948/1948 2057/2057 1949/1949
f 1949/1949 2057/2057 2058/2058
f 1949/1949 2058/2058 1950/1950
f 1950/1950 2058/2058 2059/2059
f 1950/1950 2059/2059 1951/1951
f 1951/1951 2059/2059 2060/2060
f 1951/1951 2060/2060 1952/1952
f 1952/1952 2060/2060 2061/2061
f 1952/1952 2061/2061 1953/1953
f 1953/1953 2061/2061 2062/2062
f 1953/1953 2062/2062 1954/1954
f 1954/1954 2062/2062 2063/2063
f 1954/1954 2063/2063 1955/1955
f 1955/1955 2063/2063 2064/2064
f 1955/1955 2064/2064 1956/1956
f 1956/1956 2064/2064 2065/2065
f 1956/1956 2065/2065 1957/1957
f 1957/1957 2065/2065 2066/2066
f 1957/1957 2066/2066 1958/1958
f 1958/1958 2066/2066 2067/2067
f 1958/1958 2067/2067 1959/1959
f 1959/1959 2067/2067 2068/2068
f 1959/1959 2068/2068 1960/1960
f 1960/1960 2068/2068 2069/2069
f 1960/1960 2069/2069 1961/1961
f 1961/1961 2069/2069 2070/2070
f 1961/1961 2070/2070 1962/1962
f 1962/1962 2070/2070 2071/2071
f 1962/1962 2071/2071 1963/1963
f 1963/1963 2071/2071 2072/2072
f 1963/1963 2072/2072 1964/1964
f 1964/1964 2072/2072 2073/2073
f 1964/1964 2073/2073 1965/1965
f 1965/1965 2073/2073 2074/2074
f 1965/1965 2074/2074 1966/1966
f 1966/1966 2074/2074 2075/2075
f 1966/1966 2075/2075 1967/1967
f 1967/1967 2075/2075 2076/2076
f 1967/1967 2076/2076 1968/1968
f 1968/1968 2076/2076 2077/2077
f 1968/1968 2077/2077 1969/1969
f 1969/1969 2077/2077 2078/2078
f 1969/1969 2078/2078 1970/1970
f 1970/1970 2078/2078 2079/2079
f 1970/1970 2079/2079 1971/1971
f 1971/1971 2079/2079 2080/2080
f 1971/1971 2080/2080 1972/1972
f 1972/1972 2080/2080 2081/2081
f 1972/1972 2081/2081 1973/1973
f 1973/1973 2081/2081 2082/2082
f 1973/1973 2082/2082 1974/1974
f 1974/1974 2082/2082 2083/2083
f 1974/1974 2083/2083 1975/1975
f 1975/1975 2083/2083 2084/2084
f 1975/1975 2084/2084 1976/1976
f 1976/1976 2084/2084 2085/2085
f 1976/1976 2085/2085 1977/1977
f 1977/1977 2085/2085 2086/2086
f 1977/1977 2086/2086 1978/1978
f 1978/1978 2086/2086 2087/2087
f 1978/1978 2087/2087 1979/1979
f 1979/1979 2087/2087 2088/2088
f 1979/1979 2088/2088 1980/1980
f 1980/1980 2088/2088 2089/2089
f 1980/1980 2089/2089 1981/1981
f 1981/1981 2089/2089 2090/2090
f 1981/1981 2090/2090 1982/1982
f 1982/1982 2090/2090 2091/2091
f 1982/1982 2091/2091 1983/1983
f 1983/1983 2091/2091 2092/2092
f 1983/1983 2092/2092 1984/1984
f 1984/1984 2092/2092 2093/2093
f 1984/1984 2093/2093 1985/1985
f 1985/1985 2093/2093 2094/2094
f 1985/1985 2094/2094 1986/1986
f 1986/1986 2094/2094 2095/2095
f 1986/1986 2095/2095 1987/1987
f 1987/1987 2095/2095 2096/2096
f 1987/1987 2096/2096 1988/1988
f 1988/1988 2096/2096 2097/2097
f 1988/1988 2097/2097 1989/1989
f 1989/1989 2097/2097 2098/2098
f 1989/1989 2098/2098 1990/1990
f 1990/1990 2098/2098 2099/2099
f 1990/1990 2099/2099 1991/1991
f 1991/1991 2099/2099 2100/2100
f 1991/1991 2100/2100 1992/1992
f 1992/1992 2100/2100 2101/2101
f 1992/1992 2101/2101 1993/1993
f 1993/1993 2101/2101 2102/2102
f 1993/1993 2102/2102 1994/1994
f 1994/1994 2102/2102 2103/2103
f 1994/1994 2103/2103 1995/1995
f 1995/1995 2103/2103 2104/2104
f 1995/1995 2104/2104 1996/1996
f 1996/1996 2104/2104 2105/2105
f 1996/1996 2105/2105 1997/1997
f 1997/1997 2105/2105 2106/2106
f 1997/1997 2106/2106 1998/1998
f 1998/1998 2106/2106 2107/2107
f 1998/1998 2107/2107 1999/1999
f 1999/1999 2107/2107 2108/2108
f 1999/1999 2108/2108 2000/2000
f 2000/2000 2108/2108 2109/2109
f 2000/2000 2109/2109 2001/2001
f 2001/2001 2109/2109 2110/2110
f 2001/2001 2110/2110 2002/2002
f 2002/2002 2110/2110 2111/2111
f 2002/2002 2111/2111 2003/2003
f 2003/2003 2111/2111 2112/2112
f 2003/2003 2112/2112 2004/2004
f 2004/2004 2112/2112 2113/2113
f 2004/2004 2113/2113 2005/2005
f 2005/2005 2113/2113 2114/2114
f 2005/2005 2114/2114 2006/2006
f 2006/2006 2114/2114 2115/2115
f 2006/2006 2115/2115 2007/2007
f 2007/2007 2115/2115 2116/2116
f 2007/2007 2116/2116 2008/2008
f 2008/2008 2116/2116 2117/2117
f 2008/2008 2117/2117 2009/2009
f 2009/2009 2117/2117 2118/2118
f 2009/2009 2118/2118 2010/2010
f 2010/2010 2118/2118 2119/2119
f 2010/2010 2119/2119 2011/2011
f 2011/2011 2119/2119 2120/2120
f 2011/2011 2120/2120 2012/2012
f 2012/2012 2120/2120 2121/2121
f 2012/2012 2121/2121 2013/2013
f 2013/2013 2121/2121 2122/2122
f 2013/2013 2122/2122 2014/2014
f 2014/2014 2122/2122 2123/2123
f 2014/2014 2123/2123 2015/2015
f 2015/2015 2123/2123 2124/2124
f 2015/2015 2124/2124 2016/2016
f 2016/2016 2124/2124 2125/2125
f 2016/2016 2125/2125 2017/2017
f 2017/2017 2125/2125 2126/2126
f 2017/2017 2126/2126 2018/2018
f 2018/2018 2126/2126 2127/2127
f 2018/2018 2127/2127 2019/2019
f 2019/2019 2127/2127 2128/2128
f 2019/2019 2128/2128 2020/2020
f 2020/2020 2128/2128 2129/2129
f 2020/2020 2129/2129 2021/2021
f 2021/2021 2129/2129 2130/2130
f 2021/2021 2130/2130 2022/2022
f 2022/2022 2130/2130 2131/2131
f 2022/2022 2131/2131 2023/2023
f 2023/2023 2131/2131 2132/2132
f 2023/2023 2132/2132 2024/2024
f 2024/2024 2132/2132 2133/2133
f 2024/2024 2133/2133 2025/2025
f 2025/2025 2133/2133 2134/2134
f 2025/2025 2134/2134 2026/2026
f 2026/2026 2134/2134 2135/2135
f 2026/2026 2135/2135 2027/2027
f 2027/2027 2135/2135 2136/2136
f 2027/2027 2136/2136 2028/2028
f 2028/2028 2136/2136 2137/2137
f 2028/2028 2137/2137 380/380
f 380/380 2137/2137 382/382
f 2029/2029 2138/2138 2030/2030
f 2030/2030 2138/2138 2139/2139
f 2030/2030 2139/2139 2031/2031
f 2031/2031 2139/2139 2140/2140
f 2031/2031 2140/2140 2032/2032
f 2032/2032 2140/2140 2141/2141
f 2032/2032 2141/2141 2033/2033
f 2033/2033 2141/2141 2142/2142
f 2033/2033 2142/2142 2034/2034
f 2034/2034 2142/2142 2143/2143
f 2034/2034 2143/2143 2035/2035
f 2035/2035 2143/2143 2144/2144
f 2035/2035 2144/2144 2036/2036
f 2036/2036 2144/2144 2145/2145
f 2036/2036 2145/2145 2037/2037
f 2037/2037 2145/2145 2146/2146
f 2037/2037 2146/2146 2038/2038
f 2038/2038 2146/2146 2147/2147
f 2038/2038 2147/2147 2039/2039
f 2039/2039 2147/2147 2148/2148
f 2039/2039 2148/2148 2040/2040
f 2040/2040 2148/2148 2149/2149
f 2040/2040 2149/2149 2041/2041
f 2041/2041 2149/2149 2150/2150
f 2041/2041 2150/2150 2042/2042
f 2042/2042 2150/2150 2151/2151
f 2042/2042 2151/2151 2043/2043
f 2043/2043 2151/2151 2152/2152
f 2043/2043 2152/2152 2044/2044
f 2044/2044 2152/2152 2153/2153
f 2044/2044 2153/2153 2045/2045
f 2045/2045 2153/2153 2154/2154
f 2045/2045 2154/2154 2046/2046
f 2046/2046 2154/2154 2155/2155
f 2046/2046 2155/2155 2047/2047
f 2047/2047 2155/2155 2156/2156
f 2047/2047 2156/2156 2048/2048
f 2048/2048 2156/2156 2157/2157
f 2048/2048 2157/2157 2049/2049
f 2049/2049 2157/2157 2158/2158
f 2049/2049 2158/2158 2050/2050
f 2050/2050 2158/2158 2159/2159
f 2050/2050 2159/2159 2051/2051
f 2051/2051 2159/2159 2160/2160
f 2051/2051 2160/2160 2052/2052
f 2052/2052 2160/2160 2161/2161
f 2052/2052 2161/2161 2053/2053
f 2053/2053 2161/2161 2162/2162
f 2053/2053 2162/2162 2054/2054
f 2054/2054 2162/2162 2163/2163
f 2054/2054 2163/2163 2055/2055
f 2055/2055 2163/2163 2164/2164
f 2055/2055 2164/2164 2056/2056
f 2056/2056 2164/2164 2165/2165
f 2056/2056 2165/2165 2057/2057
f 2057/2057 2165/2165 2166/2166
f 2057/2057 2166/2166 2058/2058
f 2058/2058 2166/2166 2167/2167
f 2058/2058 2167/2167 2059/2059
f 2059/2059 2167/2167 2168/2168
f 2059/2059 2168/2168 2060/2060
f 2060/2060 2168/2168 2169/2169
f 2060/2060 2169/2169 2061/2061
f 2061/2061 2169/2169 2170/2170
f 2061/2061 2170/2170 2062/2062
f 2062/2062 2170/2170 2171/2171
f 2062/2062 2171/2171 2063/2063
f 2063/2063 2171/2171 2172/2172
f 2063/2063 2172/2172 2064/2064
f 2064/2064 2172/2172 2173/2173
f 2064/2064 2173/2173 2065/2065
f 2065/2065 2173/2173 2174/2174
f 2065/2065 2174/2174 2066/2066
f 2066/2066 2174/2174 2175/2175
f 2066/2066 2175/2175 2067/2067
f 2067/2067 2175/2175 2176/2176
f 2067/2067 2176/2176 2068/2068
f 2068/2068 2176/2176 2177/2177
f 2068/2068 2177/2177 2069/2069
f 2069/2069 2177/2177 2178/2178
f 2069/2069 2178/2178 2070/2070
f 2070/2070 2178/2178 2179/2179
f 2070/2070 2179/2179 2071/2071
f 2071/2071 2179/2179 2180/2180
f 2071/2071 2180/2180 2072/2072
f 2072/2072 2180/2180 2181/2181
f 2072/2072 2181/2181 2073/2073
f 2073/2073 2181/2181 2182/2182
f 2073/2073 2182/2182 2074/2074
f 2074/2074 2182/2182 2183/2183
f 2074/2074 2183/2183 2075/2075
f 2075/2075 2183/2183 2184/2184
f 2075/2075 2184/2184 2076/2076
f 2076/2076 2184/2184 2185/2185
f 2076/2076 2185/2185 2077/2077
f 2077/2077 2185/2185 2186/2186
f 2077/2077 2186/2186 2078/2078
f 2078/2078 2186/2186 2187/2187
f 2078/2078 2187/2187 2079/2079
f 2079/2079 2187/2187 2188/2188
f 2079/2079 2188/2188 2080/2080
f 2080/2080 2188/2188 2189/2189
f 2080/2080 2189/2189 2081/2081
f 2081/2081 2189/2189 2190/2190
f 2081/2081 2190/2190 2082/2082
f 2082/2082 2190/2190 2191/2191
f 2082/2082 2191/2191 2083/2083
f 2083/2083 2191/2191 2192/2192
f 2083/2083 2192/2192 2084/2084
f 2084/2084 2192/2192 2193/2193
f 2084/2084 2193/2193 2085/2085
f 2085/2085 2193/2193 2194/2194
f 2085/2085 2194/2194 2086/2086
f 2086/2086 2194/2194 2195/2195
f 2086/2086 2195/2195 2087/2087
f 2087/2087 2195/2195 2196/2196
f 2087/2087 2196/2196 2088/2088
f 2088/2088 2196/2196 2197/2197
f 2088/2088 2197/2197 2089/2089
f 2089/2089 2197/2197 2198/2198
f 2089/2089 2198/2198 2090/2090
f 2090/2090 2198/2198 2199/2199
f 2090/2090 2199/2199 2091/2091
f 2091/2091 2199/2199 2200/2200
f 2091/2091 2200/2200 2092/2092
f 2092/2092 2200/2200 2201/2201
f 2092/2092 2201/2201 2093/2093
f 2093/2093 2201/2201 2202/2202
f 2093/2093 2202/2202 2094/2094
f 2094/2094 2202/2202 2203/2203
f 2094/2094 2203/2203 2095/2095
f 2095/2095 2203/2203 2204/2204
f 2095/2095 2204/2204 2096/2096
f 2096/2096 2204/2204 2205/2205
f 2096/2096 2205/2205 2097/2097
f 2097/2097 2205/2205 2206/2206
f 2097/2097 2206/2206 2098/2098
f 2098/2098 2206/2206 2207/2207
f 2098/2098 2207/2207 2099/2099
f 2099/2099 2207/2207 2208/2208
f 2099/2099 2208/2208 2100/2100
f 2100/2100 2208/2208 2209/2209
f 2100/2100 2209/2209 2101/2101
f 2101/2101 2209/2209 2210/2210
f 2101/2101 2210/2210 2102/2102
f 2102/2102 2210/2210 2211/2211
f 2102/2102 2211/2211 2103/2103
f 2103/2103 2211/2211 2212/2212
f 2103/2103 2212/2212 2104/2104
f 2104/2104 2212/2212 2213/2213
f 2104/2104 2213/2213 2105/2105
f 2105/2105 2213/2213 2214/2214
f 2105/2105 2214/2214 2106/2106
f 2106/2106 2214/2214 2215/2215
f 2106/2106 2215/2215 2107/2107
f 2107/2107 2215/2215 2216/2216
f 2107/2107 2216/2216 2108/2108
f 2108/2108 2216/2216 2217/2217
f 2108/2108 2217/2217 2109/2109
f 2109/2109 2217/2217 2218/2218
f 2109/2109 2218/2218 2110/2110
f 2110/2110 2218/2218 2219/2219
f 2110/2110 2219/2219 2111/2111
f 2111/2111 2219/2219 2220/2220
f 2111/2111 2220/2220 2112/2112
f 2112/2112 2220/2220 2221/2221
f 2112/2112 2221/2221 2113/2113
f 2113/2113 2221/2221 2222/2222
f 2113/2113 2222/2222 2114/2114
f 2114/2114 2222/2222 2223/2223
f 2114/2114 2223/2223 2115/2115
f 2115/2115 2223/2223 2224/2224
f 2115/2115 2224/2224 2116/2116
f 2116/2116 2224/2224 2225/2225
f 2116/2116 2225/2225 2117/2117
f 2117/2117 2225/2225 2226/2226
f 2117/2117 2226/2226 2118/2118
f 2118/2118 2226/2226 2227/2227
f 2118/2118 2227/2227 2119/2119
f 2119/2119 2227/2227 2228/2228
f 2119/2119 2228/2228 2120/2120
f 2120/2120 2228/2228 2229/2229
f 2120/2120 2229/2229 2121/2121
f 2121/2121 2229/2229 2230/2230
f 2121/2121 2230/2230 2122/2122
f 2122/2122 2230/2230 2231/2231
f 2122/2122 2231/2231 2123/2123
f 2123/2123 2231/2231 2232/2232
f 2123/2123 2232/2232 2124/2124
f 2124/2124 2232/2232 2233/2233
f 2124/2124 2233/2233 2125/2125
f 2125/2125 2233/2233 2234/2234
f 2125/2125 2234/2234 2126/2126
f 2126/2126 2234/2234 2235/2235
f 2126/2126 2235/2235 2127/2127
f 2127/2127 2235/2235 2236/2236
f 2127/2127 2236/2236 2128/2128
f 2128/2128 2236/2236 2237/2237
f 2128/2128 2237/2237 2129/2129
f 2129/2129 2237/2237 2238/2238
f 2129/2129 2238/2238 2130/2130
f 2130/2130 2238/2238 2239/2239
f 2130/2130 2239/2239 2131/2131
f 2131/2131 2239/2239 2240/2240
f 2131/2131 2240/2240 2132/2132
f 2132/2132 2240/2240 2241/2241
f 2132/2132 2241/2241 2133/2133
f 2133/2133 2241/2241 2242/2242
f 2133/2133 2242/2242 2134/2134
f 2134/2134 2242/2242 2243/2243
f 2134/2134 2243/2243 2135/2135
f 2135/2135 2243/2243 2244/2244
f 2135/2135 2244/2244 2136/2136
f 2136/2136 2244/2244 2245/2245
f 2136/2136 2245/2245 2137/2137
f 2137/2137 2245/2245 2246/2246
f 2137/2137 2246/2246 382/382
f 382/382 2246/2246 384/384
f 2138/2138 2247/2247 2139/2139
f 2139/2139 2247/2247 2248/2248
f 2139/2139 2248/2248 2140/2140
f 2140/2140 2248/2248 2249/2249
f 2140/2140 2249/2249 2141/2141
f 2141/2141 2249/2249 2250/2250
f 2141/2141 2250/2250 2142/2142
f 2142/2142 2250/2250 2251/2251
f 2142/2142 2251/2251 2143/2143
f 2143/2143 2251/2251 2252/2252
f 2143/2143 2252/2252 2144/2144
f 2144/2144 2252/2252 2253/2253
f 2144/2144 2253/2253 2145/2145
f 2145/2145 2253/2253 2254/2254
f 2145/2145 2254/2254 2146/2146
f 2146/2146 2254/2254 2255/2255
f 2146/2146 2255/2255 2147/2147
f 2147/2147 2255/2255 2256/2256
f 2147/2147 2256/2256 2148/2148
f 2148/2148 2256/2256 2257/2257
f 2148/2148 2257/2257 2149/2149
f 2149/2149 2257/2257 2258/2258
f 2149/2149 2258/2258 2150/2150
f 2150/2150 2258/2258 2259/2259
f 2150/2150 2259/2259 2151/2151
f 2151/2151 2259/2259 2260/2260
f 2151/2151 2260/2260 2152/2152
f 2152/2152 2260/2260 2261/2261
f 2152/2152 2261/2261 2153/2153
f 2153/2153 2261/2261 2262/2262
f 2153/2153 2262/2262 2154/2154
f 2154/2154 2262/2262 2263/2263
f 2154/2154 2263/2263 2155/2155
f 2155/2155 2263/2263 2264/2264
f 2155/2155 2264/2264 2156/2156
f 2156/2156 2264/2264 2265/2265
f 2156/2156 2265/2265 2157/2157
f 2157/2157 2265/2265 2266/2266
f 2157/2157 2266/2266 2158/2158
f 2158/2158 2266/2266 2267/2267
f 2158/2158 2267/2267 2159/2159
f 2159/2159 2267/2267 2268/2268
f 2159/2159 2268/2268 2160/2160
f 2160/2160 2268/2268 2269/2269
f 2160/2160 2269/2269 2161/2161
f 2161/2161 2269/2269 2270/2270
f 2161/2161 2270/2270 2162/2162
f 2162/2162 2270/2270 2271/2271
f 2162/2162 2271/2271 2163/2163
f 2163/2163 2271/2271 2272/2272
f 2163/2163 2272/2272 2164/2164
f 2164/2164 2272/2272 2273/2273
f 2164/2164 2273/2273 2165/2165
f 2165/2165 2273/2273 2274/2274
f 2165/2165 2274/2274 2166/2166
f 2166/2166 2274/2274 2275/2275
f 2166/2166 2275/2275 2167/2167
f 2167/2167 2275/2275 2276/2276
f 2167/2167 2276/2276 2168/2168
f 2168/2168 2276/2276 2277/2277
f 2168/2168 2277/2277 2169/2169
f 2169/2169 2277/2277 2278/2278
f 2169/2169 2278/2278 2170/2170
f 2170/2170 2278/2278 2279/2279
f 2170/2170 2279/2279 2171/2171
f 2171/2171 2279/2279 2280/2280
f 2171/2171 2280/2280 2172/2172
f 2172/2172 2280/2280 2281/2281
f 2172/2172 2281/2281 2173/2173
f 2173/2173 2281/2281 2282/2282
f 2173/2173 2282/2282 2174/2174
f 2174/2174 2282/2282 2283/2283
f 2174/2174 2283/2283 2175/2175
f 2175/2175 2283/2283 2284/2284
f 2175/2175 2284/2284 2176/2176
f 2176/2176 2284/2284 2285/2285
f 2176/2176 2285/2285 2177/2177
f 2177/2177 2285/2285 2286/2286
f 2177/2177 2286/2286 2178/2178
f 2178/2178 2286/2286 2287/2287
f 2178/2178 2287/2287 2179/2179
f 2179/2179 2287/2287 2288/2288
f 2179/2179 2288/2288 2180/2180
f 2180/2180 2288/2288 2289/2289
f 2180/2180 2289/2289 2181/2181
f 2181/2181 2289/2289 2290/2290
f 2181/2181 2290/2290 2182/2182
f 2182/2182 2290/2290 2291/2291
f 2182/2182 2291/2291 2183/2183
f 2183/2183 2291/2291 2292/2292
f 2183/2183 2292/2292 2184/2184
f 2184/2184 2292/2292 2293/2293
f 2184/2184 2293/2293 2185/2185
f 2185/2185 2293/2293 2294/2294
f 2185/2185 2294/2294 2186/2186
f 2186/2186 2294/2294 2295/2295
f 2186/2186 2295/2295 2187/2187
f 2187/2187 2295/2295 2296/2296
f 2187/2187 2296/2296 2188/2188
f 2188/2188 2296/2296 2297/2297
f 2188/2188 2297/2297 2189/2189
f 2189/2189 2297/2297 2298/2298
f 2189/2189 2298/2298 2190/2190
f 2190/2190 2298/2298 2299/2299
f 2190/2190 2299/2299 2191/2191
f 2191/2191 2299/2299 2300/2300
f 2191/2191 2300/2300 2192/2192
f 2192/2192 2300/2300 2301/2301
f 2192/2192 2301/2301 2193/2193
f 2193/2193 2301/2301 2302/2302
f 2193/2193 2302/2302 2194/2194
f 2194/2194 2302/2302 2303/2303
f 2194/2194 2303/2303 2195/2195
f 2195/2195 2303/2303 2304/2304
f 2195/2195 2304/2304 2196/2196
f 2196/2196 2304/2304 2305/2305
f 2196/2196 2305/2305 2197/2197
f 2197/2197 2305/2305 2306/2306
f 2197/2197 2306/2306 2198/2198
f 2198/2198 2306/2306 2307/2307
f 2198/2198 2307/2307 2199/2199
f 2199/2199 2307/2307 2308/2308
f 2199/2199 2308/2308 2200/2200
f 2200/2200 2308/2308 2309/2309
f 2200/2200 2309/2309 2201/2201
f 2201/2201 2309/2309 2310/2310
f 2201/2201 2310/2310 2202/2202
f 2202/2202 2310/2310 2311/2311
f 2202/2202 2311/2311 2203/2203
f 2203/2203 2311/2311 2312/2312
f 2203/2203 2312/2312 2204/2204
f 2204/2204 2312/2312 2313/2313
f 2204/2204 2313/2313 2205/2205
f 2205/2205 2313/2313 2314/2314
f 2205/2205 2314/2314 2206/2206
f 2206/2206 2314/2314 2315/2315
f 2206/2206 2315/2315 2207/2207
f 2207/2207 2315/2315 2316/2316
f 2207/2207 2316/2316 2208/2208
f 2208/2208 2316/2316 2317/2317
f 2208/2208 2317/2317 2209/2209
f 2209/2209 2317/2317 2318/2318
f 2209/2209 2318/2318 2210/2210
f 2210/2210 2318/2318 2319/2319
f 2210/2210 2319/2319 2211/2211
f 2211/2211 2319/2319 2320/2320
f 2211/2211 2320/2320 2212/2212
f 2212/2212 2320/2320 2321/2321
f 2212/2212 2321/2321 2213/2213
f 2213/2213 2321/2321 2322/2322
f 2213/2213 2322/2322 2214/2214
f 2214/2214 2322/2322 2323/2323
f 2214/2214 2323/2323 2215/2215
f 2215/2215 2323/2323 2324/2324
f 2215/2215 2324/2324 2216/2216
f 2216/2216 2324/2324 2325/2325
f 2216/2216 2325/2325 2217/2217
f 2217/2217 2325/2325 2326/2326
f 2217/2217 2326/2326 2218/2218
f 2218/2218 2326/2326 2327/2327
f 2218/2218 2327/2327 2219/2219
f 2219/2219 2327/2327 2328/2328
f 2219/2219 2328/2328 2220/2220
f 2220/2220 2328/2328 2329/2329
f 2220/2220 2329/2329 2221/2221
f 2221/2221 2329/2329 2330/2330
f 2221/2221 2330/2330 2222/2222
f 2222/2222 2330/2330 2331/2331
f 2222/2222 2331/2331 2223/2223
f 2223/2223 2331/2331 2332/2332
f 2223/2223 2332/2332 2224/2224
f 2224/2224 2332/2332 2333/2333
f 2224/2224 2333/2333 2225/2225
f 2225/2225 2333/2333 2334/2334
f 2225/2225 2334/2334 2226/2226
f 2226/2226 2334/2334 2335/2335
f 2226/2226 2335/2335 2227/2227
f 2227/2227 2335/2335 2336/2336
f 2227/2227 2336/2336 2228/2228
f 2228/2228 2336/2336 2337/2337
f 2228/2228 2337/2337 2229/2229
f 2229/2229 2337/2337 2338/2338
f 2229/2229 2338/2338 2230/2230
f 2230/2230 2338/2338 2339/2339
f 2230/2230 2339/2339 2231/2231
f 2231/2231 2339/2339 2340/2340
f 2231/2231 2340/2340 2232/2232
f 2232/2232 2340/2340 2341/2341
f 2232/2232 2341/2341 2233/2233
f 2233/2233 2341/2341 2342/2342
f 2233/2233 2342/2342 2234/2234
f 2234/2234 2342/2342 2343/2343
f 2234/2234 2343/2343 2235/2235
f 2235/2235 2343/2343 2344/2344
f 2235/2235 2344/2344 2236/2236
f 2236/2236 2344/2344 2345/2345
f 2236/2236 2345/2345 2237/2237
f 2237/2237 2345/2345 2346/2346
f 2237/2237 2346/2346 2238/2238
f 2238/2238 2346/2346 2347/2347
f 2238/2238 2347/2347 2239/2239
f 2239/2239 2347/2347 2348/2348
f 2239/2239 2348/2348 2240/2240
f 2240/2240 2348/2348 2349/2349
f 2240/2240 2349/2349 2241/2241
f 2241/2241 2349/2349 2350/2350
f 2241/2241 2350/2350 2242/2242
f 2242/2242 2350/2350 2351/2351
f 2242/2242 2351/2351 2243/2243
f 2243/2243 2351/2351 2352/2352
f 2243/2243 2352/2352 2244/2244
f 2244/2244 2352/2352 2353/2353
f 2244/2244 2353/2353 2245/2245
f 2245/2245 2353/2353 2354/2354
f 2245/2245 2354/2354 2246/2246
f 2246/2246 2354/2354 2355/2355
f 2246/2246 2355/2355 384/384
f 384/384 2355/2355 386/386
f 2247/2247 2356/2356 2248/2248
f 2248/2248 2356/2356 2357/2357
f 2248/2248 2357/2357 2249/2249
f 2249/2249 2357/2357 2358/2358
f 2249/2249 2358/2358 2250/2250
f 2250/2250 2358/2358 2359/2359
f 2250/2250 2359/2359 2251/2251
f 2251/2251 2359/2359 2360/2360
f 2251/2251 2360/2360 2252/2252
f 2252/2252 2360/2360 2361/2361
f 2252/2252 2361/2361 2253/2253
f 2253/2253 2361/2361 2362/2362
f 2253/2253 2362/2362 2254/2254
f 2254/2254 2362/2362 2363/2363
f 2254/2254 2363/2363 2255/2255
f 2255/2255 2363/2363 2364/2364
f 2255/2255 2364/2364 2256/2256
f 2256/2256 2364/2364 2365/2365
f 2256/2256 2365/2365 2257/2257
f 2257/2257 2365/2365 2366/2366
f 2257/2257 2366/2366 2258/2258
f 2258/2258 2366/2366 2367/2367
f 2258/2258 2367/2367 2259/2259
f 2259/2259 2367/2367 2368/2368
f 2259/2259 2368/2368 2260/2260
f 2260/2260 2368/2368 2369/2369
f 2260/2260 2369/2369 2261/2261
f 2261/2261 2369/2369 2370/2370
f 2261/2261 2370/2370 2262/2262
f 2262/2262 2370/2370 2371/2371
f 2262/2262 2371/2371 2263/2263
f 2263/2263 2371/2371 2372/2372
f 2263/2263 2372/2372 2264/2264
f 2264/2264 2372/2372 2373/2373
f 2264/2264 2373/2373 2265/2265
f 2265/2265 2373/2373 2374/2374
f 2265/2265 2374/2374 2266/2266
f 2266/2266 2374/2374 2375/2375
f 2266/2266 2375/2375 2267/2267
f 2267/2267 2375/2375 2376/2376
f 2267/2267 2376/2376 2268/2268
f 2268/2268 2376/2376 2377/2377
f 2268/2268 2377/2377 2269/2269
f 2269/2269 2377/2377 2378/2378
f 2269/2269 2378/2378 2270/2270
f 2270/2270 2378/2378 2379/2379
f 2270/2270 2379/2379 2271/2271
f 2271/2271 2379/2379 2380/2380
f 2271/2271 2380/2380 2272/2272
f 2272/2272 2380/2380 2381/2381
f 2272/2272 2381/2381 2273/2273
f 2273/2273 2381/2381 2382/2382
f 2273/2273 2382/2382 2274/2274
f 2274/2274 2382/2382 2383/2383
f 2274/2274 2383/2383 2275/2275
f 2275/2275 2383/2383 2384/2384
f 2275/2275 2384/2384 2276/2276
f 2276/2276 2384/2384 2385/2385
f 2276/2276 2385/2385 2277/2277
f 2277/2277 2385/2385 2386/2386
f 2277/2277 2386/2386 2278/2278
f 2278/2278 2386/2386 2387/2387
f 2278/2278 2387/2387 2279/2279
f 2279/2279 2387/2387 2388/2388
f 2279/2279 2388/2388 2280/2280
f 2280/2280 2388/2388 2389/2389
f 2280/2280 2389/2389 2281/2281
f 2281/2281 2389/2389 2390/2390
f 2281/2281 2390/2390 2282/2282
f 2282/2282 2390/2390 2391/2391
f 2282/2282 2391/2391 2283/2283
f 2283/2283 2391/2391 2392/2392
f 2283/2283 2392/2392 2284/2284
f 2284/2284 2392/2392 2393/2393
f 2284/2284 2393/2393 2285/2285
f 2285/2285 2393/2393 2394/2394
f 2285/2285 2394/2394 2286/2286
f 2286/2286 2394/2394 2395/2395
f 2286/2286 2395/2395 2287/2287
f 2287/2287 2395/2395 2396/2396
f 2287/2287 2396/2396 2288/2288
f 2288/2288 2396/2396 2397/2397
f 2288/2288 2397/2397 2289/2289
f 2289/2289 2397/2397 2398/2398
f 2289/2289 2398/2398 2290/2290
f 2290/2290 2398/2398 2399/2399
f 2290/2290 2399/2399 2291/2291
f 2291/2291 2399/2399 2400/2400
f 2291/2291 2400/2400 2292/2292
f 2292/2292 2400/2400 2401/2401
f 2292/2292 2401/2401 2293/2293
f 2293/2293 2401/2401 2402/2402
f 2293/2293 2402/2402 2294/2294
f 2294/2294 2402/2402 2403/2403
f 2294/2294 2403/2403 2295/2295
f 2295/2295 2403/2403 2404/2404
f 2295/2295 2404/2404 2296/2296
f 2296/2296 2404/2404 2405/2405
f 2296/2296 2405/2405 2297/2297
f 2297/2297 2405/2405 2406/2406
f 2297/2297 2406/2406 2298/2298
f 2298/2298 2406/2406 2407/2407
f 2298/2298 2407/2407 2299/2299
f 2299/2299 2407/2407 2408/2408
f 2299/2299 2408/2408 2300/2300
f 2300/2300 2408/2408 2409/2409
f 2300/2300 2409/2409 2301/2301
f 2301/2301 2409/2409 2410/2410
f 2301/2301 2410/2410 2302/2302
f 2302/2302 2410/2410 2411/2411
f 2302/2302 2411/2411 2303/2303
f 2303/2303 2411/2411 2412/2412
f 2303/2303 2412/2412 2304/2304
f 2304/2304 2412/2412 2413/2413
f 2304/2304 2413/2413 2305/2305
f 2305/2305 2413/2413 2414/2414
f 2305/2305 2414/2414 2306/2306
f 2306/2306 2414/2414 2415/2415
f 2306/2306 2415/2415 2307/2307
f 2307/2307 2415/2415 2416/2416
f 2307/2307 2416/2416 2308/2308
f 2308/2308 2416/2416 2417/2417
f 2308/2308 2417/2417 2309/2309
f 2309/2309 2417/2417 2418/2418
f 2309/2309 2418/2418 2310/2310
f 2310/2310 2418/2418 2419/2419
f 2310/2310 2419/2419 2311/2311
f 2311/2311 2419/2419 2420/2420
f 2311/2311 2420/2420 2312/2312
f 2312/2312 2420/2420 2421/2421
f 2312/2312 2421/2421 2313/2313
f 2313/2313 2421/2421 2422/2422
f 2313/2313 2422/2422 2314/2314
f 2314/2314 2422/2422 2423/2423
f 2314/2314 2423/2423 2315/2315
f 2315/2315 2423/2423 2424/2424
f 2315/2315 2424/2424 2316/2316
f 2316/2316 2424/2424 2425/2425
f 2316/2316 2425/2425 2317/2317
f 2317/2317 2425/2425 2426/2426
f 2317/2317 2426/2426 2318/2318
f 2318/2318 2426/2426 2427/2427
f 2318/2318 2427/2427 2319/2319
f 2319/2319 2427/2427 2428/2428
f 2319/2319 2428/2428 2320/2320
f 2320/2320 2428/2428 2429/2429
f 2320/2320 2429/2429 2321/2321
f 2321/2321 2429/2429 2430/2430
f 2321/2321 2430/2430 2322/2322
f 2322/2322 2430/2430 2431/2431
f 2322/2322 2431/2431 2323/2323
f 2323/2323 2431/2431 2432/2432
f 2323/2323 2432/2432 2324/2324
f 2324/2324 2432/2432 2433/2433
f 2324/2324 2433/2433 2325/2325
f 2325/2325 2433/2433 2434/2434
f 2325/2325 2434/2434 2326/2326
f 2326/2326 2434/2434 2435/2435
f 2326/2326 2435/2435 2327/2327
f 2327/2327 2435/2435 2436/2436
f 2327/2327 2436/2436 2328/2328
f 2328/2328 2436/2436 2437/2437
f 2328/2328 2437/2437 2329/2329
f 2329/2329 2437/2437 2438/2438
f 2329/2329 2438/2438 2330/2330
f 2330/2330 2438/2438 2439/2439
f 2330/2330 2439/2439 2331/2331
f 2331/2331 2439/2439 2440/2440
f 2331/2331 2440/2440 2332/2332
f 2332/2332 2440/2440 2441/2441
f 2332/2332 2441/2441 2333/2333
f 2333/2333 2441/2441 2442/2442
f 2333/2333 2442/2442 2334/2334
f 2334/2334 2442/2442 2443/2443
f 2334/2334 2443/2443 2335/2335
f 2335/2335 2443/2443 2444/2444
f 2335/2335 2444/2444 2336/2336
f 2336/2336 2444/2444 2445/2445
f 2336/2336 2445/2445 2337/2337
f 2337/2337 2445/2445 2446/2446
f 2337/2337 2446/2446 2338/2338
f 2338/2338 2446/2446 2447/2447
f 2338/2338 2447/2447 2339/2339
f 2339/2339 2447/2447 2448/2448
f 2339/2339 2448/2448 2340/2340
f 2340/2340 2448/2448 2449/2449
f 2340/2340 2449/2449 2341/2341
f 2341/2341 2449/2449 2450/2450
f 2341/2341 2450/2450 2342/2342
f 2342/2342 2450/2450 2451/2451
f 2342/2342 2451/2451 2343/2343
f 2343/2343 2451/2451 2452/2452
f 2343/2343 2452/2452 2344/2344
f 2344/2344 2452/2452 2453/2453
f 2344/2344 2453/2453 2345/2345
f 2345/2345 2453/2453 2454/2454
f 2345/2345 2454/2454 2346/2346
f 2346/2346 2454/2454 2455/2455
f 2346/2346 2455/2455 2347/2347
f 2347/2347 2455/2455 2456/2456
f 2347/2347 2456/2456 2348/2348
f 2348/2348 2456/2456 2457/2457
f 2348/2348 2457/2457 2349/2349
f 2349/2349 2457/2457 2458/2458
f 2349/2349 2458/2458 2350/2350
f 2350/2350 2458/2458 2459/2459
f 2350/2350 2459/2459 2351/2351
f 2351/2351 2459/2459 2460/2460
f 2351/2351 2460/2460 2352/2352
f 2352/2352 2460/2460 2461/2461
f 2352/2352 2461/2461 2353/2353
f 2353/2353 2461/2461 2462/2462
f 2353/2353 2462/2462 2354/2354
f 2354/2354 2462/2462 2463/2463
f 2354/2354 2463/2463 2355/2355
f 2355/2355 2463/2463 2464/2464
f 2355/2355 2464/2464 386/386
f 386/386 2464/2464 388/388
f 2356/2356 2465/2465 2357/2357
f 2357/2357 2465/2465 2466/2466
f 2357/2357 2466/2466 2358/2358
f 2358/2358 2466/2466 2467/2467
f 2358/2358 2467/2467 2359/2359
f 2359/2359 2467/2467 2468/2468
f 2359/2359 2468/2468 2360/2360
f 2360/2360 2468/2468 2469/2469
f 2360/2360 2469/2469 2361/2361
f 2361/2361 2469/2469 2470/2470
f 2361/2361 2470/2470 2362/2362
f 2362/2362 2470/2470 2471/2471
f 2362/2362 2471/2471 2363/2363
f 2363/2363 2471/2471 2472/2472
f 2363/2363 2472/2472 2364/2364
f 2364/2364 2472/2472 2473/2473
f 2364/2364 2473/2473 2365/2365
f 2365/2365 2473/2473 2474/2474
f 2365/2365 2474/2474 2366/2366
f 2366/2366 2474/2474 2475/2475
f 2366/2366 2475/2475 2367/2367
f 2367/2367 2475/2475 2476/2476
f 2367/2367 2476/2476 2368/2368
f 2368/2368 2476/2476 2477/2477
f 2368/2368 2477/2477 2369/2369
f 2369/2369 2477/2477 2478/2478
f 2369/2369 2478/2478 2370/2370
f 2370/2370 2478/2478 2479/2479
f 2370/2370 2479/2479 2371/2371
f 2371/2371 2479/2479 2480/2480
f 2371/2371 2480/2480 2372/2372
f 2372/2372 2480/2480 2481/2481
f 2372/2372 2481/2481 2373/2373
f 2373/2373 2481/2481 2482/2482
f 2373/2373 2482/2482 2374/2374
f 2374/2374 2482/2482 2483/2483
f 2374/2374 2483/2483 2375/2375
f 2375/2375 2483/2483 2484/2484
f 2375/2375 2484/2484 2376/2376
f 2376/2376 2484/2484 2485/2485
f 2376/2376 2485/2485 2377/2377
f 2377/2377 2485/2485 2486/2486
f 2377/2377 2486/2486 2378/2378
f 2378/2378 2486/2486 2487/2487
f 2378/2378 2487/2487 2379/2379
f 2379/2379 2487/2487 2488/2488
f 2379/2379 2488/2488 2380/2380
f 2380/2380 2488/2488 2489/2489
f 2380/2380 2489/2489 2381/2381
f 2381/2381 2489/2489 2490/2490
f 2381/2381 2490/2490 2382/2382
f 2382/2382 2490/2490 2491/2491
f 2382/2382 2491/2491 2383/2383
f 2383/2383 2491/2491 2492/2492
f 2383/2383 2492/2492 2384/2384
f 2384/2384 2492/2492 2493/2493
f 2384/2384 2493/2493 2385/2385
f 2385/2385 2493/2493 2494/2494
f 2385/2385 2494/2494 2386/2386
f 2386/2386 2494/2494 2495/2495
f 2386/2386 2495/2495 2387/2387
f 2387/2387 2495/2495 2496/2496
f 2387/2387 2496/2496 2388/2388
f 2388/2388 2496/2496 2497/2497
f 2388/2388 2497/2497 2389/2389
f 2389/2389 2497/2497 2498/2498
f 2389/2389 2498/2498 2390/2390
f 2390/2390 2498/2498 2499/2499
f 2390/2390 2499/2499 2391/2391
f 2391/2391 2499/2499 2500/2500
f 2391/2391 2500/2500 2392/2392
f 2392/2392 2500/2500 2501/2501
f 2392/2392 2501/2501 2393/2393
f 2393/2393 2501/2501 2502/2502
f 2393/2393 2502/2502 2394/2394
f 2394/2394 2502/2502 2503/2503
f 2394/2394 2503/2503 2395/2395
f 2395/2395 2503/2503 2504/2504
f 2395/2395 2504/2504 2396/2396
f 2396/2396 2504/2504 2505/2505
f 2396/2396 2505/2505 2397/2397
f 2397/2397 2505/2505 2506/2506
f 2397/2397 2506/2506 2398/2398
f 2398/2398 2506/2506 2507/2507
f 2398/2398 2507/2507 2399/2399
f 2399/2399 2507/2507 2508/2508
f 2399/2399 2508/2508 2400/2400
f 2400/2400 2508/2508 2509/2509
f 2400/2400 2509/2509 2401/2401
f 2401/2401 2509/2509 2510/2510
f 2401/2401 2510/2510 2402/2402
f 2402/2402 2510/2510 2511/2511
f 2402/2402 2511/2511 2403/2403
f 2403/2403 2511/2511 2512/2512
f 2403/2403 2512/2512 2404/2404
f 2404/2404 2512/2512 2513/2513
f 2404/2404 2513/2513 2405/2405
f 2405/2405 2513/2513 2514/2514
f 2405/2405 2514/2514 2406/2406
f 2406/2406 2514/2514 2515/2515
f 2406/2406 2515/2515 2407/2407
f 2407/2407 2515/2515 2516/2516
f 2407/2407 2516/2516 2408/2408
f 2408/2408 2516/2516 2517/2517
f 2408/2408 2517/2517 2409/2409
f 2409/2409 2517/2517 2518/2518
f 2409/2409 2518/2518 2410/2410
f 2410/2410 2518/2518 2519/2519
f 2410/2410 2519/2519 2411/2411
f 2411/2411 2519/2519 2520/2520
f 2411/2411 2520/2520 2412/2412
f 2412/2412 2520/2520 2521/2521
f 2412/2412 2521/2521 2413/2413
f 2413/2413 2521/2521 2522/2522
f 2413/2413 2522/2522 2414/2414
f 2414/2414 2522/2522 2523/2523
f 2414/2414 2523/2523 2415/2415
f 2415/2415 2523/2523 2524/2524
f 2415/2415 2524/2524 2416/2416
f 2416/2416 2524/2524 2525/2525
f 2416/2416 2525/2525 2417/2417
f 2417/2417 2525/2525 2526/2526
f 2417/2417 2526/2526 2418/2418
f 2418/2418 2526/2526 2527/2527
f 2418/2418 2527/2527 2419/2419
f 2419/2419 2527/2527 2528/2528
f 2419/2419 2528/2528 2420/2420
f 2420/2420 2528/2528 2529/2529
f 2420/2420 2529/2529 2421/2421
f 2421/2421 2529/2529 2530/2530
f 2421/2421 2530/2530 2422/2422
f 2422/2422 2530/2530 2531/2531
f 2422/2422 2531/2531 2423/2423
f 2423/2423 2531/2531 2532/2532
f 2423/2423 2532/2532 2424/2424
f 2424/2424 2532/2532 2533/2533
f 2424/2424 2533/2533 2425/2425
f 2425/2425 2533/2533 2534/2534
f 2425/2425 2534/2534 2426/2426
f 2426/2426 2534/2534 2535/2535
f 2426/2426 2535/2535 2427/2427
f 2427/2427 2535/2535 2536/2536
f 2427/2427 2536/2536 2428/2428
f 2428/2428 2536/2536 2537/2537
f 2428/2428 2537/2537 2429/2429
f 2429/2429 2537/2537 2538/2538
f 2429/2429 2538/2538 2430/2430
f 2430/2430 2538/2538 2539/2539
f 2430/2430 2539/2539 2431/2431
f 2431/2431 2539/2539 2540/2540
f 2431/2431 2540/2540 2432/2432
f 2432/2432 2540/2540 2541/2541
f 2432/2432 2541/2541 2433/2433
f 2433/2433 2541/2541 2542/2542
f 2433/2433 2542/2542 2434/2434
f 2434/2434 2542/2542 2543/2543
f 2434/2434 2543/2543 2435/2435
f 2435/2435 2543/2543 2544/2544
f 2435/2435 2544/2544 2436/2436
f 2436/2436 2544/2544 2545/2545
f 2436/2436 2545/2545 2437/2437
f 2437/2437 2545/2545 2546/2546
f 2437/2437 2546/2546 2438/2438
f 2438/2438 2546/2546 2547/2547
f 2438/2438 2547/2547 2439/2439
f 2439/2439 2547/2547 2548/2548
f 2439/2439 2548/2548 2440/2440
f 2440/2440 2548/2548 2549/2549
f 2440/2440 2549/2549 2441/2441
f 2441/2441 2549/2549 2550/2550
f 2441/2441 2550/2550 2442/2442
f 2442/2442 2550/2550 2551/2551
f 2442/2442 2551/2551 2443/2443
f 2443/2443 2551/2551 2552/2552
f 2443/2443 2552/2552 2444/2444
f 2444/2444 2552/2552 2553/2553
f 2444/2444 2553/2553 2445/2445
f 2445/2445 2553/2553 2554/2554
f 2445/2445 2554/2554 2446/2446
f 2446/2446 2554/2554 2555/2555
f 2446/2446 2555/2555 2447/2447
f 2447/2447 2555/2555 2556/2556
f 2447/2447 2556/2556 2448/2448
f 2448/2448 2556/2556 2557/2557
f 2448/2448 2557/2557 2449/2449
f 2449/2449 2557/2557 2558/2558
f 2449/2449 2558/2558 2450/2450
f 2450/2450 2558/2558 2559/2559
f 2450/2450 2559/2559 2451/2451
f 2451/2451 2559/2559 2560/2560
f 2451/2451 2560/2560 2452/2452
f 2452/2452 2560/2560 2561/2561
f 2452/2452 2561/2561 2453/2453
f 2453/2453 2561/2561 2562/2562
f 2453/2453 2562/2562 2454/2454
f 2454/2454 2562/2562 2563/2563
f 2454/2454 2563/2563 2455/2455
f 2455/2455 2563/2563 2564/2564
f 2455/2455 2564/2564 2456/2456
f 2456/2456 2564/2564 2565/2565
f 2456/2456 2565/2565 2457/2457
f 2457/2457 2565/2565 2566/2566
f 2457/2457 2566/2566 2458/2458
f 2458/2458 2566/2566 2567/2567
f 2458/2458 2567/2567 2459/2459
f 2459/2459 2567/2567 2568/2568
f 2459/2459 2568/2568 2460/2460
f 2460/2460 2568/2568 2569/2569
f 2460/2460 2569/2569 2461/2461
f 2461/2461 2569/2569 2570/2570
f 2461/2461 2570/2570 2462/2462
f 2462/2462 2570/2570 2571/2571
f 2462/2462 2571/2571 2463/2463
f 2463/2463 2571/2571 2572/2572
f 2463/2463 2572/2572 2464/2464
f 2464/2464 2572/2572 2573/2573
f 2464/2464 2573/2573 388/388
f 388/388 2573/2573 390/390
f 2465/2465 2574/2574 2466/2466
f 2466/2466 2574/2574 2575/2575
f 2466/2466 2575/2575 2467/2467
f 2467/2467 2575/2575 2576/2576
f 2467/2467 2576/2576 2468/2468
f 2468/2468 2576/2576 2577/2577
f 2468/2468 2577/2577 2469/2469
f 2469/2469 2577/2577 2578/2578
f 2469/2469 2578/2578 2470/2470
f 2470/2470 2578/2578 2579/2579
f 2470/2470 2579/2579 2471/2471
f 2471/2471 2579/2579 2580/2580
f 2471/2471 2580/2580 2472/2472
f 2472/2472 2580/2580 2581/2581
f 2472/2472 2581/2581 2473/2473
f 2473/2473 2581/2581 2582/2582
f 2473/2473 2582/2582 2474/2474
f 2474/2474 2582/2582 2583/2583
f 2474/2474 2583/2583 2475/2475
f 2475/2475 2583/2583 2584/2584
f 2475/2475 2584/2584 2476/2476
f 2476/2476 2584/2584 2585/2585
f 2476/2476 2585/2585 2477/2477
f 2477/2477 2585/2585 2586/2586
f 2477/2477 2586/2586 2478/2478
f 2478/2478 2586/2586 2587/2587
f 2478/2478 2587/2587 2479/2479
f 2479/2479 2587/2587 2588/2588
f 2479/2479 2588/2588 2480/2480
f 2480/2480 2588/2588 2589/2589
f 2480/2480 2589/2589 2481/2481
f 2481/2481 2589/2589 2590/2590
f 2481/2481 2590/2590 2482/2482
f 2482/2482 2590/2590 2591/2591
f 2482/2482 2591/2591 2483/2483
f 2483/2483 2591/2591 2592/2592
f 2483/2483 2592/2592 2484/2484
f 2484/2484 2592/2592 2593/2593
f 2484/2484 2593/2593 2485/2485
f 2485/2485 2593/2593 2594/2594
f 2485/2485 2594/2594 2486/2486
f 2486/2486 2594/2594 2595/2595
f 2486/2486 2595/2595 2487/2487
f 2487/2487 2595/2595 2596/2596
f 2487/2487 2596/2596 2488/2488
f 2488/2488 2596/2596 2597/2597
f 2488/2488 2597/2597 2489/2489
f 2489/2489 2597/2597 2598/2598
f 2489/2489 2598/2598 2490/2490
f 2490/2490 2598/2598 2599/2599
f 2490/2490 2599/2599 2491/2491
f 2491/2491 2599/2599 2600/2600
f 2491/2491 2600/2600 2492/2492
f 2492/2492 2600/2600 2601/2601
f 2492/2492 2601/2601 2493/2493
f 2493/2493 2601/2601 2602/2602
f 2493/2493 2602/2602 2494/2494
f 2494/2494 2602/2602 2603/2603
f 2494/2494 2603/2603 2495/2495
f 2495/2495 2603/2603 2604/2604
f 2495/2495 2604/2604 2496/2496
f 2496/2496 2604/2604 2605/2605
f 2496/2496 2605/2605 2497/2497
f 2497/2497 2605/2605 2606/2606
f 2497/2497 2606/2606 2498/2498
f 2498/2498 2606/2606 2607/2607
f 2498/2498 2607/2607 2499/2499
f 2499/2499 2607/2607 2608/2608
f 2499/2499 2608/2608 2500/2500
f 2500/2500 2608/2608 2609/2609
f 2500/2500 2609/2609 2501/2501
f 2501/2501 2609/2609 2610/2610
f 2501/2501 2610/2610 2502/2502
f 2502/2502 2610/2610 2611/2611
f 2502/2502 2611/2611 2503/2503
f 2503/2503 2611/2611 2612/2612
f 2503/2503 2612/2612 2504/2504
f 2504/2504 2612/2612 2613/2613
f 2504/2504 2613/2613 2505/2505
f 2505/2505 2613/2613 2614/2614
f 2505/2505 2614/2614 2506/2506
f 2506/2506 2614/2614 2615/2615
f 2506/2506 2615/2615 2507/2507
f 2507/2507 2615/2615 2616/2616
f 2507/2507 2616/2616 2508/2508
f 2508/2508 2616/2616 2617/2617
f 2508/2508 2617/2617 2509/2509
f 2509/2509 2617/2617 2618/2618
f 2509/2509 2618/2618 2510/2510
f 2510/2510 2618/2618 2619/2619
f 2510/2510 2619/2619 2511/2511
f 2511/2511 2619/2619 2620/2620
f 2511/2511 2620/2620 2512/2512
f 2512/2512 2620/2620 2621/2621
f 2512/2512 2621/2621 2513/2513
f 2513/2513 2621/2621 2622/2622
f 2513/2513 2622/2622 2514/2514
f 2514/2514 2622/2622 2623/2623
f 2514/2514 2623/2623 2515/2515
f 2515/2515 2623/2623 2624/2624
f 2515/2515 2624/2624 2516/2516
f 2516/2516 2624/2624 2625/2625
f 2516/2516 2625/2625 2517/2517
f 2517/2517 2625/2625 2626/2626
f 2517/2517 2626/2626 2518/2518
f 2518/2518 2626/2626 2627/2627
f 2518/2518 2627/2627 2519/2519
f 2519/2519 2627/2627 2628/2628
f 2519/2519 2628/2628 2520/2520
f 2520/2520 2628/2628 2629/2629
f 2520/2520 2629/2629 2521/2521
f 2521/2521 2629/2629 2630/2630
f 2521/2521 2630/2630 2522/2522
f 2522/2522 2630/2630 2631/2631
f 2522/2522 2631/2631 2523/2523
f 2523/2523 2631/2631 2632/2632
f 2523/2523 2632/2632 2524/2524
f 2524/2524 2632/2632 2633/2633
f 2524/2524 2633/2633 2525/2525
f 2525/2525 2633/2633 2634/2634
f 2525/2525 2634/2634 2526/2526
f 2526/2526 2634/2634 2635/2635
f 2526/2526 2635/2635 2527/2527
f 2527/2527 2635/2635 2636/2636
f 2527/2527 2636/2636 2528/2528
f 2528/2528 2636/2636 2637/2637
f 2528/2528 2637/2637 2529/2529
f 2529/2529 2637/2637 2638/2638
f 2529/2529 2638/2638 2530/2530
f 2530/2530 2638/2638 2639/2639
f 2530/2530 2639/2639 2531/2531
f 2531/2531 2639/2639 2640/2640
f 2531/2531 2640/2640 2532/2532
f 2532/2532 2640/2640 2641/2641
f 2532/2532 2641/2641 2533/2533
f 2533/2533 2641/2641 2642/2642
f 2533/2533 2642/2642 2534/2534
f 2534/2534 2642/2642 2643/2643
f 2534/2534 2643/2643 2535/2535
f 2535/2535 2643/2643 2644/2644
f 2535/2535 2644/2644 2536/2536
f 2536/2536 2644/2644 2645/2645
f 2536/2536 2645/2645 2537/2537
f 2537/2537 2645/2645 2646/2646
f 2537/2537 2646/2646 2538/2538
f 2538/2538 2646/2646 2647/2647
f 2538/2538 2647/2647 2539/2539
f 2539/2539 2647/2647 2648/2648
f 2539/2539 2648/2648 2540/2540
f 2540/2540 2648/2648 2649/2649
f 2540/2540 2649/2649 2541/2541
f 2541/2541 2649/2649 2650/2650
f 2541/2541 2650/2650 2542/2542
f 2542/2542 2650/2650 2651/2651
f 2542/2542 2651/2651 2543/2543
f 2543/2543 2651/2651 2652/2652
f 2543/2543 2652/2652 2544/2544
f 2544/2544 2652/2652 2653/2653
f 2544/2544 2653/2653 2545/2545
f 2545/2545 2653/2653 2654/2654
f 2545/2545 2654/2654 2546/2546
f 2546/2546 2654/2654 2655/2655
f 2546/2546 2655/2655 2547/2547
f 2547/2547 2655/2655 2656/2656
f 2547/2547 2656/2656 2548/2548
f 2548/2548 2656/2656 2657/2657
f 2548/2548 2657/2657 2549/2549
f 2549/2549 2657/2657 2658/2658
f 2549/2549 2658/2658 2550/2550
f 2550/2550 2658/2658 2659/2659
f 2550/2550 2659/2659 2551/2551
f 2551/2551 2659/2659 2660/2660
f 2551/2551 2660/2660 2552/2552
f 2552/2552 2660/2660 2661/2661
f 2552/2552 2661/2661 2553/2553
f 2553/2553 2661/2661 2662/2662
f 2553/2553 2662/2662 2554/2554
f 2554/2554 2662/2662 2663/2663
f 2554/2554 2663/2663 2555/2555
f 2555/2555 2663/2663 2664/2664
f 2555/2555 2664/2664 2556/2556
f 2556/2556 2664/2664 2665/2665
f 2556/2556 2665/2665 2557/2557
f 2557/2557 2665/2665 2666/2666
f 2557/2557 2666/2666 2558/2558
f 2558/2558 2666/2666 2667/2667
f 2558/2558 2667/2667 2559/2559
f 2559/2559 2667/2667 2668/2668
f 2559/2559 2668/2668 2560/2560
f 2560/2560 2668/2668 2669/2669
f 2560/2560 2669/2669 2561/2561
f 2561/2561 2669/2669 2670/2670
f 2561/2561 2670/2670 2562/2562
f 2562/2562 2670/2670 2671/2671
f 2562/2562 2671/2671 2563/2563
f 2563/2563 2671/2671 2672/2672
f 2563/2563 2672/2672 2564/2564
f 2564/2564 2672/2672 2673/2673
f 2564/2564 2673/2673 2565/2565
f 2565/2565 2673/2673 2674/2674
f 2565/2565 2674/2674 2566/2566
f 2566/2566 2674/2674 2675/2675
f 2566/2566 2675/2675 2567/2567
f 2567/2567 2675/2675 2676/2676
f 2567/2567 2676/2676 2568/2568
f 2568/2568 2676/2676 2677/2677
f 2568/2568 2677/2677 2569/2569
f 2569/2569 2677/2677 2678/2678
f 2569/2569 2678/2678 2570/2570
f 2570/2570 2678/2678 2679/2679
f 2570/2570 2679/2679 2571/2571
f 2571/2571 2679/2679 2680/2680
f 2571/2571 2680/2680 2572/2572
f 2572/2572 2680/2680 2681/2681
f 2572/2572 2681/2681 2573/2573
f 2573/2573 2681/2681 2682/2682
f 2573/2573 2682/2682 390/390
f 390/390 2682/2682 392/392
f 1/1 3/3 2574/2574
f 2574/2574 3/3 2575/2575
f 3/3 5/5 2575/2575
f 2575/2575 5/5 2576/2576
f 5/5 7/7 2576/2576
f 2576/2576 7/7 2577/2577
f 7/7 9/9 2577/2577
f 2577/2577 9/9 2578/2578
f 9/9 11/11 2578/2578
f 2578/2578 11/11 2579/2579
f 11/11 13/13 2579/2579
f 2579/2579 13/13 2580/2580
f 13/13 15/15 2580/2580
f 2580/2580 15/15 16/16
f 2580/2580 16/16 2581/2581
f 2581/2581 16/16 18/18
f 2581/2581 18/18 2582/2582
f 2582/2582 18/18 20/20
f 2582/2582 20/20 2583/2583
f 2583/2583 20/20 22/22
f 2583/2583 22/22 2584/2584
f 2584/2584 22/22 24/24
f 2584/2584 24/24 2585/2585
f 2585/2585 24/24 26/26
f 2585/2585 26/26 2586/2586
f 2586/2586 26/26 28/28
f 2586/2586 28/28 29/29
f 2586/2586 29/29 2587/2587
f 2587/2587 29/29 31/31
f 2587/2587 31/31 2588/2588
f 2588/2588 31/31 33/33
f 2588/2588 33/33 2589/2589
f 2589/2589 33/33 35/35
f 2589/2589 35/35 2590/2590
f 2590/2590 35/35 37/37
f 2590/2590 37/37 2591/2591
f 2591/2591 37/37 39/39
f 2591/2591 39/39 2592/2592
f 2592/2592 39/39 41/41
f 2592/2592 41/41 42/42
f 2592/2592 42/42 2593/2593
f 2593/2593 42/42 44/44
f 2593/2593 44/44 2594/2594
f 2594/2594 44/44 46/46
f 2594/2594 46/46 2595/2595
f 2595/2595 46/46 48/48
f 2595/2595 48/48 2596/2596
f 2596/2596 48/48 50/50
f 2596/2596 50/50 2597/2597
f 2597/2597 50/50 52/52
f 2597/2597 52/52 2598/2598
f 2598/2598 52/52 54/54
f 2598/2598 54/54 55/55
f 2598/2598 55/55 2599/2599
f 2599/2599 55/55 57/57
f 2599/2599 57/57 2600/2600
f 2600/2600 57/57 59/59
f 2600/2600 59/59 2601/2601
f 2601/2601 59/59 61/61
f 2601/2601 61/61 2602/2602
f 2602/2602 61/61 63/63
f 2602/2602 63/63 2603/2603
f 2603/2603 63/63 65/65
f 2603/2603 65/65 2604/2604
f 2604/2604 65/65 67/67
f 2604/2604 67/67 2605/2605
f 2605/2605 67/67 69/69
f 2605/2605 69/69 70/70
f 2605/2605 70/70 2606/2606
f 2606/2606 70/70 72/72
f 2606/2606 72/72 2607/2607
f 2607/2607 72/72 74/74
f 2607/2607 74/74 2608/2608
f 2608/2608 74/74 76/76
f 2608/2608 76/76 2609/2609
f 2609/2609 76/76 78/78
f 2609/2609 78/78 2610/2610
f 2610/2610 78/78 80/80
f 2610/2610 80/80 2611/2611
f 2611/2611 80/80 82/82
f 2611/2611 82/82 83/83
f 2611/2611 83/83 2612/2612
f 2612/2612 83/83 85/85
f 2612/2612 85/85 2613/2613
f 2613/2613 85/85 87/87
f 2613/2613 87/87 2614/2614
f 2614/2614 87/87 89/89
f 2614/2614 89/89 2615/2615
f 2615/2615 89/89 91/91
f 2615/2615 91/91 2616/2616
f 2616/2616 91/91 93/93
f 2616/2616 93/93 2617/2617
f 2617/2617 93/93 95/95
f 2617/2617 95/95 96/96
f 2617/2617 96/96 2618/2618
f 2618/2618 96/96 98/98
f 2618/2618 98/98 2619/2619
f 2619/2619 98/98 100/100
f 2619/2619 100/100 2620/2620
f 2620/2620 100/100 102/102
f 2620/2620 102/102 2621/2621
f 2621/2621 102/102 104/104
f 2621/2621 104/104 2622/2622
f 2622/2622 104/104 106/106
f 2622/2622 106/106 2623/2623
f 2623/2623 106/106 108/108
f 2623/2623 108/108 109/109
f 2623/2623 109/109 2624/2624
f 2624/2624 109/109 111/111
f 2624/2624 111/111 2625/2625
f 2625/2625 111/111 113/113
f 2625/2625 113/113 2626/2626
f 2626/2626 113/113 115/115
f 2626/2626 115/115 2627/2627
f 2627/2627 115/115 117/117
f 2627/2627 117/117 2628/2628
f 2628/2628 117/117 119/119
f 2628/2628 119/119 2629/2629
f 2629/2629 119/119 121/121
f 2629/2629 121/121 122/122
f 2629/2629 122/122 2630/2630
f 2630/2630 122/122 124/124
f 2630/2630 124/124 2631/2631
f 2631/2631 124/124 126/126
f 2631/2631 126/126 2632/2632
f 2632/2632 126/126 128/128
f 2632/2632 128/128 2633/2633
f 2633/2633 128/128 130/130
f 2633/2633 130/130 2634/2634
f 2634/2634 130/130 132/132
f 2634/2634 132/132 2635/2635
f 2635/2635 132/132 134/134
f 2635/2635 134/134 135/135
f 2635/2635 135/135 2636/2636
f 2636/2636 135/135 137/137
f 2636/2636 137/137 2637/2637
f 2637/2637 137/137 139/139
f 2637/2637 139/139 2638/2638
f 2638/2638 139/139 141/141
f 2638/2638 141/141 2639/2639
f 2639/2639 141/141 143/143
f 2639/2639 143/143 2640/2640
f 2640/2640 143/143 145/145
f 2640/2640 145/145 2641/2641
f 2641/2641 145/145 147/147
f 2641/2641 147/147 148/148
f 2641/2641 148/148 2642/2642
f 2642/2642 148/148 150/150
f 2642/2642 150/150 2643/2643
f 2643/2643 150/150 152/152
f 2643/2643 152/152 2644/2644
f 2644/2644 152/152 154/154
f 2644/2644 154/154 2645/2645
f 2645/2645 154/154 156/156
f 2645/2645 156/156 2646/2646
f 2646/2646 156/156 158/158
f 2646/2646 158/158 2647/2647
f 2647/2647 158/158 160/160
f 2647/2647 160/160 161/161
f 2647/2647 161/161 2648/2648
f 2648/2648 161/161 163/163
f 2648/2648 163/163 2649/2649
f 2649/2649 163/163 165/165
f 2649/2649 165/165 2650/2650
f 2650/2650 165/165 167/167
f 2650/2650 167/167 2651/2651
f 2651/2651 167/167 169/169
f 2651/2651 169/169 2652/2652
f 2652/2652 169/169 171/171
f 2652/2652 171/171 2653/2653
f 2653/2653 171/171 173/173
f 2653/2653 173/173 174/174
f 2653/2653 174/174 2654/2654
f 2654/2654 174/174 176/176
f 2654/2654 176/176 2655/2655
f 2655/2655 176/176 178/178
f 2655/2655 178/178 2656/2656
f 2656/2656 178/178 180/180
f 2656/2656 180/180 2657/2657
f 2657/2657 180/180 182/182
f 2657/2657 182/182 2658/2658
f 2658/2658 182/182 184/184
f 2658/2658 184/184 2659/2659
f 2659/2659 184/184 186/186
f 2659/2659 186/186 2660/2660
f 2660/2660 186/186 188/188
f 2660/2660 188/188 189/189
f 2660/2660 189/189 2661/2661
f 2661/2661 189/189 191/191
f 2661/2661 191/191 2662/2662
f 2662/2662 191/191 193/193
f 2662/2662 193/193 2663/2663
f 2663/2663 193/193 195/195
f 2663/2663 195/195 2664/2664
f 2664/2664 195/195 197/197
f 2664/2664 197/197 2665/2665
f 2665/2665 197/197 199/199
f 2665/2665 199/199 2666/2666
f 2666/2666 199/199 201/201
f 2666/2666 201/201 202/202
f 2666/2666 202/202 2667/2667
f 2667/2667 202/202 204/204
f 2667/2667 204/204 2668/2668
f 2668/2668 204/204 206/206
f 2668/2668 206/206 2669/2669
f 2669/2669 206/206 208/208
f 2669/2669 208/208 2670/2670
f 2670/2670 208/208 210/210
f 2670/2670 210/210 2671/2671
f 2671/2671 210/210 212/212
f 2671/2671 212/212 2672/2672
f 2672/2672 212/212 214/214
f 2672/2672 214/214 215/215
f 2672/2672 215/215 2673/2673
f 2673/2673 215/215 217/217
f 2673/2673 217/217 2674/2674
f 2674/2674 217/217 219/219
f 2674/2674 219/219 2675/2675
f 2675/2675 219/219 221/221
f 2675/2675 221/221 2676/2676
f 2676/2676 221/221 223/223
f 2676/2676 223/223 2677/2677
f 2677/2677 223/223 225/225
f 2677/2677 225/225 2678/2678
f 2678/2678 225/225 227/227
f 2678/2678 227/227 228/228
f 2678/2678 228/228 2679/2679
f 2679/2679 228/228 230/230
f 2679/2679 230/230 2680/2680
f 2680/2680 230/230 232/232
f 2680/2680 232/232 2681/2681
f 2681/2681 232/232 234/234
f 2681/2681 234/234 2682/2682
f 2682/2682 234/234 236/236
f 2682/2682 236/236 392/392
f 392/392 236/236 238/238
f 383/383 357/357 359/359
f 373/373 367/367 369/369
f 377/377 365/365 375/375
f 375/375 367/367 373/373
f 391/391 239/239 351/351
f 377/377 363/363 365/365
f 381/381 361/361 379/379
f 379/379 363/363 377/377
f 381/381 359/359 361/361
f 383/383 359/359 381/381
f 389/389 353/353 387/387
f 391/391 351/351 389/389
f 379/379 361/361 363/363
f 385/385 357/357 383/383
f 385/385 355/355 357/357
f 387/387 355/355 385/385
f 389/389 351/351 353/353
f 387/387 353/353 355/355
f 240/240 239/239 393/393
f 393/393 239/239 391/391
f 373/373 369/369 371/371
f 375/375 365/365 367/367
f 612/612 2138/2138 721/721
f 830/830 2029/2029 1920/1920
f 721/721 2029/2029 830/830
f 721/721 2138/2138 2029/2029
f 830/830 1920/1920 939/939
f 1048/1048 1811/1811 1702/1702
f 939/939 1811/1811 1048/1048
f 939/939 1920/1920 1811/1811
f 612/612 2247/2247 2138/2138
f 1/1 2574/2574 2/2
f 503/503 2247/2247 612/612
f 503/503 2356/2356 2247/2247
f 394/394 2356/2356 503/503
f 394/394 2465/2465 2356/2356
f 241/241 2465/2465 394/394
f 241/241 2574/2574 2465/2465
f 1266/1266 1484/1484 1375/1375
f 1048/1048 1702/1702 1157/1157
f 1266/1266 1593/1593 1484/1484
f 1157/1157 1593/1593 1266/1266
f 1157/1157 1702/1702 1593/1593
f 2/2 2574/2574 241/241

