# https://github.com/mikedh/trimesh
v -0.018750000000 -0.012187500000 -0.000000000000
v -0.018823000000 -0.012172500000 0.000598000000
v -0.018896000000 -0.012128500000 0.001195000000
v -0.018970000000 -0.012055500000 0.001788000000
v -0.019043000000 -0.011953500000 0.002378000000
v -0.019116000000 -0.011822500000 0.002961000000
v -0.019189000000 -0.011662500000 0.003538000000
v -0.018834000000 -0.011393500000 0.004179000000
v -0.019263000000 -0.011475500000 0.004106000000
v -0.019336000000 -0.011259500000 0.004664000000
v -0.018965000000 -0.010983500000 0.005163000000
v -0.019409000000 -0.011017500000 0.005211000000
v -0.019482000000 -0.010748500000 0.005745000000
v -0.019097000000 -0.010490500000 0.006108000000
v -0.019556000000 -0.010453500000 0.006266000000
v -0.019629000000 -0.010133500000 0.006771000000
v -0.019228000000 -0.009915500000 0.007007000000
v -0.019702000000 -0.009789500000 0.007260000000
v -0.019359000000 -0.009263500000 0.007850000000
v -0.019775000000 -0.009421500000 0.007732000000
v -0.019849000000 -0.009030500000 0.008185000000
v -0.019490000000 -0.008537500000 0.008631000000
v -0.019922000000 -0.008617500000 0.008618000000
v -0.019995000000 -0.008184500000 0.009030000000
v -0.019621000000 -0.007745500000 0.009345000000
v -0.020068000000 -0.007731500000 0.009421000000
v -0.020142000000 -0.007260500000 0.009789000000
v -0.019752000000 -0.006894500000 0.009988000000
v -0.020215000000 -0.006771500000 0.010134000000
v -0.020288000000 -0.006265500000 0.010454000000
v -0.019883000000 -0.005990500000 0.010554000000
v -0.020361000000 -0.005745500000 0.010748000000
v -0.020014000000 -0.005041500000 0.011041000000
v -0.020435000000 -0.005210500000 0.011017000000
v -0.020508000000 -0.004663500000 0.011260000000
v -0.020145000000 -0.004054500000 0.011443000000
v -0.020581000000 -0.004105500000 0.011475000000
v -0.020654000000 -0.003537500000 0.011663000000
v -0.020277000000 -0.003035500000 0.011757000000
v -0.020728000000 -0.002961500000 0.011822000000
v -0.020801000000 -0.002377500000 0.011953000000
v -0.020408000000 -0.001991500000 0.011977000000
v -0.020874000000 -0.001788500000 0.012056000000
v -0.020947000000 -0.001194500000 0.012129000000
v -0.020539000000 -0.000932500000 0.012103000000
v -0.021021000000 -0.000598500000 0.012173000000
v -0.020670000000 0.000132500000 0.012136000000
v -0.021094000000 -0.000000500000 0.012188000000
v -0.021167000000 0.000598500000 0.012173000000
v -0.020800000000 0.001189500000 0.012077000000
v -0.021240000000 0.001194500000 0.012129000000
v -0.021313000000 0.001788500000 0.012056000000
v -0.020932000000 0.002253500000 0.011925000000
v -0.021387000000 0.002377500000 0.011953000000
v -0.021460000000 0.002961500000 0.011822000000
v -0.021063000000 0.003292500000 0.011684000000
v -0.021533000000 0.003537500000 0.011663000000
v -0.021606000000 0.004105500000 0.011475000000
v -0.021194000000 0.004305500000 0.011352000000
v -0.021680000000 0.004663500000 0.011260000000
v -0.021326000000 0.005285500000 0.010931000000
v -0.021753000000 0.005210500000 0.011017000000
v -0.021826000000 0.005745500000 0.010748000000
v -0.021457000000 0.006223500000 0.010424000000
v -0.021899000000 0.006265500000 0.010454000000
v -0.021973000000 0.006771500000 0.010134000000
v -0.021588000000 0.007112500000 0.009836000000
v -0.022046000000 0.007260500000 0.009789000000
v -0.022119000000 0.007731500000 0.009421000000
v -0.021719000000 0.007947500000 0.009172000000
v -0.022192000000 0.008184500000 0.009030000000
v -0.021850000000 0.008721500000 0.008439000000
v -0.022266000000 0.008617500000 0.008618000000
v -0.022339000000 0.009030500000 0.008185000000
v -0.021981000000 0.009429500000 0.007641000000
v -0.022412000000 0.009421500000 0.007732000000
v -0.022485000000 0.009789500000 0.007260000000
v -0.022112000000 0.010065500000 0.006785000000
v -0.022559000000 0.010133500000 0.006771000000
v -0.022632000000 0.010453500000 0.006266000000
v -0.022243000000 0.010624500000 0.005877000000
v -0.022705000000 0.010748500000 0.005745000000
v -0.022778000000 0.011017500000 0.005211000000
v -0.022374000000 0.011099500000 0.004922000000
v -0.022852000000 0.011259500000 0.004664000000
v -0.022506000000 0.011486500000 0.003929000000
v -0.022925000000 0.011475500000 0.004106000000
v -0.022998000000 0.011662500000 0.003538000000
v -0.022637000000 0.011784500000 0.002905000000
v -0.023071000000 0.011822500000 0.002961000000
v -0.023145000000 0.011953500000 0.002378000000
v -0.022768000000 0.011992500000 0.001859000000
v -0.023218000000 0.012055500000 0.001788000000
v -0.023291000000 0.012128500000 0.001195000000
v -0.022899000000 0.012109500000 0.000799000000
v -0.023364000000 0.012172500000 0.000598000000
v -0.023438000000 0.012187500000 -0.000000000000
v -0.023030000000 0.012134500000 -0.000267000000
v -0.023511000000 0.012172500000 -0.000598000000
v -0.023161000000 0.012067500000 -0.001331000000
v -0.023584000000 0.012128500000 -0.001195000000
v -0.023657000000 0.012055500000 -0.001788000000
v -0.023292000000 0.011905500000 -0.002385000000
v -0.023730000000 0.011953500000 -0.002378000000
v -0.023804000000 0.011822500000 -0.002961000000
v -0.023423000000 0.011649500000 -0.003421000000
v -0.023877000000 0.011662500000 -0.003538000000
v -0.023950000000 0.011475500000 -0.004106000000
v -0.023555000000 0.011302500000 -0.004429000000
v -0.024023000000 0.011259500000 -0.004664000000
v -0.024097000000 0.011017500000 -0.005211000000
v -0.023686000000 0.010868500000 -0.005402000000
v -0.024170000000 0.010748500000 -0.005745000000
v -0.023817000000 0.010350500000 -0.006335000000
v -0.024243000000 0.010453500000 -0.006266000000
v -0.024316000000 0.010133500000 -0.006771000000
v -0.023948000000 0.009755500000 -0.007220000000
v -0.024390000000 0.009789500000 -0.007260000000
v -0.024463000000 0.009421500000 -0.007732000000
v -0.024079000000 0.009085500000 -0.008050000000
v -0.024536000000 0.009030500000 -0.008185000000
v -0.024609000000 0.008617500000 -0.008618000000
v -0.024210000000 0.008345500000 -0.008818000000
v -0.024683000000 0.008184500000 -0.009030000000
v -0.024341000000 0.007540500000 -0.009517000000
v -0.024756000000 0.007731500000 -0.009421000000
v -0.024829000000 0.007260500000 -0.009789000000
v -0.024472000000 0.006675500000 -0.010141000000
v -0.024902000000 0.006771500000 -0.010134000000
v -0.024976000000 0.006265500000 -0.010454000000
v -0.024604000000 0.005759500000 -0.010685000000
v -0.025049000000 0.005745500000 -0.010748000000
v -0.025122000000 0.005210500000 -0.011017000000
v -0.024735000000 0.004798500000 -0.011148000000
v -0.025195000000 0.004663500000 -0.011260000000
v -0.025269000000 0.004105500000 -0.011475000000
v -0.024866000000 0.003800500000 -0.011525000000
v -0.025342000000 0.003537500000 -0.011663000000
v -0.024997000000 0.002774500000 -0.011816000000
v -0.025415000000 0.002961500000 -0.011822000000
v -0.025488000000 0.002377500000 -0.011953000000
v -0.025128000000 0.001727500000 -0.012016000000
v -0.025562000000 0.001788500000 -0.012056000000
v -0.025635000000 0.001194500000 -0.012129000000
v -0.025259000000 0.000666500000 -0.012123000000
v -0.025708000000 0.000598500000 -0.012173000000
v -0.025781000000 -0.000000500000 -0.012187000000
v -0.025390000000 -0.000399500000 -0.012135000000
v -0.025854000000 -0.000598500000 -0.012173000000
v -0.025928000000 -0.001194500000 -0.012129000000
v -0.025521000000 -0.001462500000 -0.012052000000
v -0.026001000000 -0.001788500000 -0.012056000000
v -0.025652000000 -0.002514500000 -0.011874000000
v -0.026074000000 -0.002377500000 -0.011953000000
v -0.026147000000 -0.002961500000 -0.011822000000
v -0.025784000000 -0.003546500000 -0.011606000000
v -0.026221000000 -0.003537500000 -0.011663000000
v -0.026294000000 -0.004105500000 -0.011475000000
v -0.025915000000 -0.004551500000 -0.011250000000
v -0.026367000000 -0.004663500000 -0.011260000000
v -0.026440000000 -0.005210500000 -0.011017000000
v -0.026046000000 -0.005522500000 -0.010809000000
v -0.026514000000 -0.005745500000 -0.010748000000
v -0.026587000000 -0.006265500000 -0.010454000000
v -0.026177000000 -0.006451500000 -0.010284000000
v -0.026660000000 -0.006771500000 -0.010134000000
v -0.026308000000 -0.007329500000 -0.009680000000
v -0.026733000000 -0.007260500000 -0.009789000000
v -0.026807000000 -0.007731500000 -0.009421000000
v -0.026440000000 -0.008153500000 -0.008996000000
v -0.026880000000 -0.008184500000 -0.009030000000
v -0.026953000000 -0.008617500000 -0.008618000000
v -0.026570000000 -0.008906500000 -0.008248000000
v -0.027026000000 -0.009030500000 -0.008185000000
v -0.027100000000 -0.009421500000 -0.007732000000
v -0.026701000000 -0.009594500000 -0.007433000000
v -0.027173000000 -0.009789500000 -0.007260000000
v -0.026833000000 -0.010209500000 -0.006561000000
v -0.027246000000 -0.010133500000 -0.006771000000
v -0.027319000000 -0.010453500000 -0.006266000000
v -0.026964000000 -0.010746500000 -0.005640000000
v -0.027393000000 -0.010748500000 -0.005745000000
v -0.027466000000 -0.011017500000 -0.005211000000
v -0.027095000000 -0.011201500000 -0.004676000000
v -0.027539000000 -0.011259500000 -0.004664000000
v -0.027612000000 -0.011475500000 -0.004106000000
v -0.027226000000 -0.011571500000 -0.003675000000
v -0.027686000000 -0.011662500000 -0.003538000000
v -0.027759000000 -0.011822500000 -0.002961000000
v -0.027357000000 -0.011850500000 -0.002646000000
v -0.027832000000 -0.011953500000 -0.002378000000
v -0.027488000000 -0.012035500000 -0.001596000000
v -0.027905000000 -0.012055500000 -0.001788000000
v -0.027979000000 -0.012128500000 -0.001195000000
v -0.027619000000 -0.012126500000 -0.000534000000
v -0.028052000000 -0.012172500000 -0.000598000000
v -0.028125000000 -0.012187500000 -0.000000000000
v -0.027750000000 -0.012124500000 0.000533000000
v -0.028198000000 -0.012172500000 0.000598000000
v -0.028271000000 -0.012128500000 0.001195000000
v -0.027881000000 -0.012030500000 0.001595000000
v -0.028345000000 -0.012055500000 0.001788000000
v -0.028418000000 -0.011953500000 0.002378000000
v -0.028013000000 -0.011845500000 0.002645000000
v -0.028491000000 -0.011822500000 0.002961000000
v -0.028144000000 -0.011569500000 0.003676000000
v -0.028564000000 -0.011662500000 0.003538000000
v -0.028638000000 -0.011475500000 0.004106000000
v -0.028275000000 -0.011204500000 0.004677000000
v -0.028711000000 -0.011259500000 0.004664000000
v -0.028784000000 -0.011017500000 0.005211000000
v -0.028406000000 -0.010751500000 0.005643000000
v -0.028857000000 -0.010748500000 0.005745000000
v -0.028931000000 -0.010453500000 0.006266000000
v -0.028537000000 -0.010212500000 0.006563000000
v -0.029004000000 -0.010133500000 0.006771000000
v -0.029077000000 -0.009789500000 0.007260000000
v -0.028668000000 -0.009595500000 0.007432000000
v -0.029150000000 -0.009421500000 0.007732000000
v -0.028799000000 -0.008905500000 0.008245000000
v -0.029224000000 -0.009030500000 0.008185000000
v -0.029297000000 -0.008617500000 0.008618000000
v -0.028930000000 -0.008149500000 0.008992000000
v -0.029370000000 -0.008184500000 0.009030000000
v -0.029443000000 -0.007731500000 0.009421000000
v -0.029062000000 -0.007326500000 0.009677000000
v -0.029517000000 -0.007260500000 0.009789000000
v -0.029590000000 -0.006771500000 0.010134000000
v -0.029193000000 -0.006450500000 0.010285000000
v -0.029663000000 -0.006265500000 0.010454000000
v -0.029324000000 -0.005524500000 0.010813000000
v -0.029736000000 -0.005745500000 0.010748000000
v -0.029810000000 -0.005210500000 0.011017000000
v -0.029455000000 -0.004553500000 0.011255000000
v -0.029883000000 -0.004663500000 0.011260000000
v -0.029956000000 -0.004105500000 0.011475000000
v -0.029586000000 -0.003548500000 0.011609000000
v -0.030029000000 -0.003537500000 0.011663000000
v -0.030103000000 -0.002961500000 0.011822000000
v -0.029717000000 -0.002515500000 0.011873000000
v -0.030176000000 -0.002377500000 0.011953000000
v -0.030249000000 -0.001788500000 0.012056000000
v -0.029848000000 -0.001462500000 0.012047000000
v -0.030322000000 -0.001194500000 0.012129000000
v -0.029979000000 -0.000399500000 0.012130000000
v -0.030396000000 -0.000598500000 0.012173000000
v -0.030469000000 -0.000000500000 0.012188000000
v -0.030110000000 0.000666500000 0.012120000000
v -0.030542000000 0.000598500000 0.012173000000
v -0.030615000000 0.001194500000 0.012129000000
v -0.030242000000 0.001728500000 0.012018000000
v -0.030688000000 0.001788500000 0.012056000000
v -0.030762000000 0.002377500000 0.011953000000
v -0.030373000000 0.002776500000 0.011821000000
v -0.030835000000 0.002961500000 0.011822000000
v -0.030908000000 0.003537500000 0.011663000000
v -0.030504000000 0.003802500000 0.011530000000
v -0.030981000000 0.004105500000 0.011475000000
v -0.030635000000 0.004798500000 0.011150000000
v -0.031055000000 0.004663500000 0.011260000000
v -0.031128000000 0.005210500000 0.011017000000
v -0.030766000000 0.005757500000 0.010684000000
v -0.031201000000 0.005745500000 0.010748000000
v -0.031274000000 0.006265500000 0.010454000000
v -0.030897000000 0.006672500000 0.010137000000
v -0.031348000000 0.006771500000 0.010134000000
v -0.031421000000 0.007260500000 0.009789000000
v -0.031028000000 0.007537500000 0.009513000000
v -0.031494000000 0.007731500000 0.009421000000
v -0.031567000000 0.008184500000 0.009030000000
v -0.031159000000 0.008345500000 0.008816000000
v -0.031641000000 0.008617500000 0.008618000000
v -0.031291000000 0.009088500000 0.008051000000
v -0.031714000000 0.009030500000 0.008185000000
v -0.031787000000 0.009421500000 0.007732000000
v -0.031422000000 0.009759500000 0.007223000000
v -0.031860000000 0.009789500000 0.007260000000
v -0.031934000000 0.010133500000 0.006771000000
v -0.031553000000 0.010354500000 0.006338000000
v -0.032007000000 0.010453500000 0.006266000000
v -0.032080000000 0.010748500000 0.005745000000
v -0.031684000000 0.010868500000 0.005404000000
v -0.032153000000 0.011017500000 0.005211000000
v -0.031815000000 0.011299500000 0.004428000000
v -0.032227000000 0.011259500000 0.004664000000
v -0.032300000000 0.011475500000 0.004106000000
v -0.031946000000 0.011644500000 0.003419000000
v -0.032373000000 0.011662500000 0.003538000000
v -0.032446000000 0.011822500000 0.002961000000
v -0.032077000000 0.011901500000 0.002384000000
v -0.032520000000 0.011953500000 0.002378000000
v -0.032593000000 0.012055500000 0.001788000000
v -0.032208000000 0.012067500000 0.001331000000
v -0.032666000000 0.012128500000 0.001195000000
v -0.032739000000 0.012172500000 0.000598000000
v -0.032340000000 0.012139500000 0.000267000000
v -0.032813000000 0.012187500000 -0.000000000000
v -0.032471000000 0.012115500000 -0.000799000000
v -0.032886000000 0.012172500000 -0.000598000000
v -0.032959000000 0.012128500000 -0.001195000000
v -0.032602000000 0.011995500000 -0.001859000000
v -0.033032000000 0.012055500000 -0.001788000000
v -0.033105000000 0.011953500000 -0.002378000000
v -0.032733000000 0.011784500000 -0.002904000000
v -0.033179000000 0.011822500000 -0.002961000000
v -0.033252000000 0.011662500000 -0.003538000000
v -0.032864000000 0.011482500000 -0.003927000000
v -0.033325000000 0.011475500000 -0.004106000000
v -0.033398000000 0.011259500000 -0.004664000000
v -0.032995000000 0.011094500000 -0.004920000000
v -0.033472000000 0.011017500000 -0.005211000000
v -0.033126000000 0.010621500000 -0.005876000000
v -0.033545000000 0.010748500000 -0.005745000000
v -0.033618000000 0.010453500000 -0.006266000000
v -0.033257000000 0.010067500000 -0.006787000000
v -0.033691000000 0.010133500000 -0.006771000000
v -0.033765000000 0.009789500000 -0.007260000000
v -0.033388000000 0.009433500000 -0.007645000000
v -0.033838000000 0.009421500000 -0.007732000000
v -0.033911000000 0.009030500000 -0.008185000000
v -0.033520000000 0.008725500000 -0.008442000000
v -0.033984000000 0.008617500000 -0.008618000000
v -0.034058000000 0.008184500000 -0.009030000000
v -0.033651000000 0.007949500000 -0.009173000000
v -0.034131000000 0.007731500000 -0.009421000000
v -0.033782000000 0.007112500000 -0.009834000000
v -0.034204000000 0.007260500000 -0.009789000000
v -0.034277000000 0.006771500000 -0.010134000000
v -0.033913000000 0.006221500000 -0.010420000000
v -0.034351000000 0.006265500000 -0.010454000000
v -0.034424000000 0.005745500000 -0.010748000000
v -0.034044000000 0.005282500000 -0.010927000000
v -0.034497000000 0.005210500000 -0.011017000000
v -0.034570000000 0.004663500000 -0.011260000000
v -0.034175000000 0.004304500000 -0.011351000000
v -0.034644000000 0.004105500000 -0.011475000000
v -0.034717000000 0.003537500000 -0.011663000000
v -0.034306000000 0.003292500000 -0.011687000000
v -0.034790000000 0.002961500000 -0.011822000000
v -0.034437000000 0.002254500000 -0.011931000000
v -0.034863000000 0.002377500000 -0.011953000000
v -0.034937000000 0.001788500000 -0.012056000000
v -0.034570000000 0.001190500000 -0.012081000000
v -0.035010000000 0.001194500000 -0.012129000000
v -0.035083000000 0.000598500000 -0.012173000000
v -0.034700000000 0.000133500000 -0.012137000000
v -0.035156000000 -0.000000500000 -0.012187000000
v -0.035229000000 -0.000598500000 -0.012173000000
v -0.034831000000 -0.000932500000 -0.012100000000
v -0.035303000000 -0.001194500000 -0.012129000000
v -0.034962000000 -0.001990500000 -0.011972000000
v -0.035376000000 -0.001788500000 -0.012056000000
v -0.035449000000 -0.002377500000 -0.011953000000
v -0.035093000000 -0.003034500000 -0.011752000000
v -0.035522000000 -0.002961500000 -0.011822000000
v -0.035596000000 -0.003537500000 -0.011663000000
v -0.035224000000 -0.004054500000 -0.011443000000
v -0.035669000000 -0.004105500000 -0.011475000000
v -0.035742000000 -0.004663500000 -0.011260000000
v -0.035355000000 -0.005044500000 -0.011045000000
v -0.035815000000 -0.005210500000 -0.011017000000
v -0.035889000000 -0.005745500000 -0.010748000000
v -0.035486000000 -0.005993500000 -0.010559000000
v -0.035962000000 -0.006265500000 -0.010454000000
v -0.035617000000 -0.006895500000 -0.009990000000
v -0.036035000000 -0.006771500000 -0.010134000000
v -0.036108000000 -0.007260500000 -0.009789000000
v -0.035749000000 -0.007744500000 -0.009345000000
v -0.036182000000 -0.007731500000 -0.009421000000
v -0.036255000000 -0.008184500000 -0.009030000000
v -0.035880000000 -0.008534500000 -0.008628000000
v -0.036328000000 -0.008617500000 -0.008618000000
v -0.036401000000 -0.009030500000 -0.008185000000
v -0.036011000000 -0.009259500000 -0.007846000000
v -0.036475000000 -0.009421500000 -0.007732000000
v -0.036548000000 -0.009789500000 -0.007260000000
v -0.036142000000 -0.009913500000 -0.007005000000
v -0.036621000000 -0.010133500000 -0.006771000000
v -0.036273000000 -0.010492500000 -0.006109000000
v -0.036694000000 -0.010453500000 -0.006266000000
v -0.036768000000 -0.010748500000 -0.005745000000
v -0.036404000000 -0.010988500000 -0.005165000000
v -0.036841000000 -0.011017500000 -0.005211000000
v -0.036914000000 -0.011259500000 -0.004664000000
v -0.036535000000 -0.011399500000 -0.004181000000
v -0.036987000000 -0.011475500000 -0.004106000000
v -0.037061000000 -0.011662500000 -0.003538000000
v -0.036666000000 -0.011721500000 -0.003164000000
v -0.037134000000 -0.011822500000 -0.002961000000
v -0.037207000000 -0.011953500000 -0.002378000000
v -0.036798000000 -0.011954500000 -0.002123000000
v -0.037280000000 -0.012055500000 -0.001788000000
v -0.036929000000 -0.012094500000 -0.001066000000
v -0.037354000000 -0.012128500000 -0.001195000000
v -0.037427000000 -0.012172500000 -0.000598000000
v -0.037060000000 -0.012142500000 -0.000000000000
v -0.037500000000 -0.012187500000 -0.000000000000
v -0.018805000000 -0.009807500000 0.006930000000
v -0.018936000000 -0.009162500000 0.007764000000
v -0.019068000000 -0.008444500000 0.008537000000
v -0.019199000000 -0.007660500000 0.009243000000
v -0.019330000000 -0.006819500000 0.009879000000
v -0.019461000000 -0.005925500000 0.010439000000
v -0.019592000000 -0.004986500000 0.010921000000
v -0.019723000000 -0.004010500000 0.011318000000
v -0.019854000000 -0.003001500000 0.011628000000
v -0.019985000000 -0.001969500000 0.011847000000
v -0.020116000000 -0.000922500000 0.011971000000
v -0.020248000000 0.000131500000 0.012004000000
v -0.020378000000 0.001176500000 0.011946000000
v -0.020510000000 0.002228500000 0.011795000000
v -0.020641000000 0.003256500000 0.011556000000
v -0.020772000000 0.004258500000 0.011228000000
v -0.020903000000 0.005227500000 0.010812000000
v -0.021034000000 0.006155500000 0.010311000000
v -0.021165000000 0.007035500000 0.009729000000
v -0.021297000000 0.007860500000 0.009072000000
v -0.021428000000 0.008626500000 0.008347000000
v -0.021559000000 0.009326500000 0.007558000000
v -0.021690000000 0.009956500000 0.006711000000
v -0.021821000000 0.010508500000 0.005813000000
v -0.021952000000 0.010978500000 0.004869000000
v -0.022083000000 0.011361500000 0.003886000000
v -0.022214000000 0.011656500000 0.002874000000
v -0.022346000000 0.011861500000 0.001839000000
v -0.022477000000 0.011977500000 0.000790000000
v -0.022608000000 0.012002500000 -0.000264000000
v -0.022739000000 0.011935500000 -0.001317000000
v -0.022870000000 0.011775500000 -0.002359000000
v -0.023001000000 0.011522500000 -0.003383000000
v -0.023132000000 0.011179500000 -0.004380000000
v -0.023263000000 0.010749500000 -0.005344000000
v -0.023394000000 0.010238500000 -0.006266000000
v -0.023526000000 0.009648500000 -0.007141000000
v -0.023657000000 0.008986500000 -0.007962000000
v -0.023788000000 0.008254500000 -0.008722000000
v -0.023919000000 0.007458500000 -0.009413000000
v -0.024050000000 0.006603500000 -0.010030000000
v -0.024181000000 0.005696500000 -0.010569000000
v -0.024312000000 0.004745500000 -0.011026000000
v -0.024443000000 0.003759500000 -0.011400000000
v -0.024575000000 0.002744500000 -0.011687000000
v -0.024706000000 0.001708500000 -0.011885000000
v -0.024837000000 0.000659500000 -0.011991000000
v -0.024968000000 -0.000395500000 -0.012003000000
v -0.025099000000 -0.001446500000 -0.011920000000
v -0.025230000000 -0.002486500000 -0.011745000000
v -0.025361000000 -0.003507500000 -0.011480000000
v -0.025492000000 -0.004502500000 -0.011127000000
v -0.025623000000 -0.005462500000 -0.010691000000
v -0.025755000000 -0.006380500000 -0.010172000000
v -0.025886000000 -0.007249500000 -0.009575000000
v -0.026017000000 -0.008064500000 -0.008898000000
v -0.026148000000 -0.008809500000 -0.008158000000
v -0.026279000000 -0.009490500000 -0.007352000000
v -0.026410000000 -0.010097500000 -0.006490000000
v -0.026541000000 -0.010629500000 -0.005578000000
v -0.026672000000 -0.011079500000 -0.004625000000
v -0.026804000000 -0.011445500000 -0.003635000000
v -0.026935000000 -0.011721500000 -0.002617000000
v -0.027066000000 -0.011904500000 -0.001579000000
v -0.027197000000 -0.011994500000 -0.000528000000
v -0.027328000000 -0.011992500000 0.000527000000
v -0.027459000000 -0.011899500000 0.001578000000
v -0.027590000000 -0.011716500000 0.002617000000
v -0.027721000000 -0.011443500000 0.003635000000
v -0.027853000000 -0.011082500000 0.004626000000
v -0.027984000000 -0.010633500000 0.005581000000
v -0.028115000000 -0.010101500000 0.006491000000
v -0.028246000000 -0.009491500000 0.007351000000
v -0.028377000000 -0.008807500000 0.008155000000
v -0.028508000000 -0.008061500000 0.008894000000
v -0.028639000000 -0.007246500000 0.009572000000
v -0.028770000000 -0.006380500000 0.010173000000
v -0.028901000000 -0.005464500000 0.010695000000
v -0.029033000000 -0.004504500000 0.011132000000
v -0.029164000000 -0.003509500000 0.011482000000
v -0.029295000000 -0.002487500000 0.011744000000
v -0.029426000000 -0.001446500000 0.011916000000
v -0.029557000000 -0.000395500000 0.011998000000
v -0.029688000000 0.000659500000 0.011988000000
v -0.029819000000 0.001709500000 0.011886000000
v -0.029950000000 0.002745500000 0.011692000000
v -0.030082000000 0.003760500000 0.011404000000
v -0.030213000000 0.004745500000 0.011028000000
v -0.030344000000 0.005694500000 0.010567000000
v -0.030475000000 0.006600500000 0.010026000000
v -0.030606000000 0.007455500000 0.009409000000
v -0.030737000000 0.008254500000 0.008720000000
v -0.030868000000 0.008989500000 0.007964000000
v -0.030999000000 0.009653500000 0.007144000000
v -0.031130000000 0.010241500000 0.006269000000
v -0.031262000000 0.010749500000 0.005345000000
v -0.031393000000 0.011176500000 0.004380000000
v -0.031524000000 0.011517500000 0.003382000000
v -0.031655000000 0.011771500000 0.002358000000
v -0.031786000000 0.011935500000 0.001316000000
v -0.031917000000 0.012006500000 0.000264000000
v -0.032048000000 0.011982500000 -0.000791000000
v -0.032179000000 0.011865500000 -0.001839000000
v -0.032311000000 0.011655500000 -0.002872000000
v -0.032442000000 0.011357500000 -0.003884000000
v -0.032573000000 0.010973500000 -0.004867000000
v -0.032704000000 0.010505500000 -0.005812000000
v -0.032835000000 0.009957500000 -0.006713000000
v -0.032966000000 0.009330500000 -0.007561000000
v -0.033097000000 0.008630500000 -0.008350000000
v -0.033228000000 0.007862500000 -0.009073000000
v -0.033359000000 0.007034500000 -0.009727000000
v -0.033491000000 0.006153500000 -0.010306000000
v -0.033622000000 0.005225500000 -0.010808000000
v -0.033753000000 0.004257500000 -0.011227000000
v -0.033884000000 0.003256500000 -0.011559000000
v -0.034015000000 0.002229500000 -0.011801000000
v -0.034147000000 0.001177500000 -0.011950000000
v -0.034277000000 0.000132500000 -0.012004000000
v -0.034408000000 -0.000921500000 -0.011968000000
v -0.034540000000 -0.001969500000 -0.011841000000
v -0.034671000000 -0.003001500000 -0.011624000000
v -0.034802000000 -0.004010500000 -0.011318000000
v -0.034933000000 -0.004989500000 -0.010924000000
v -0.035064000000 -0.005928500000 -0.010444000000
v -0.035195000000 -0.006820500000 -0.009881000000
v -0.035326000000 -0.007659500000 -0.009243000000
v -0.035457000000 -0.008440500000 -0.008534000000
v -0.035589000000 -0.009158500000 -0.007761000000
v -0.035720000000 -0.009805500000 -0.006928000000
v -0.035851000000 -0.010378500000 -0.006042000000
v -0.035982000000 -0.010869500000 -0.005109000000
v -0.036113000000 -0.011274500000 -0.004135000000
v -0.036244000000 -0.011593500000 -0.003129000000
v -0.036375000000 -0.011823500000 -0.002100000000
v -0.036506000000 -0.011962500000 -0.001054000000
v -0.036637000000 -0.012010500000 -0.000000000000
v -0.036119000000 -0.011749500000 -0.001035000000
v -0.036250000000 -0.011795500000 -0.000000000000
v -0.035784000000 -0.011461500000 -0.001010000000
v -0.035915000000 -0.011507500000 -0.000000000000
v -0.035513000000 -0.011113500000 -0.000979000000
v -0.035644000000 -0.011157500000 -0.000000000000
v -0.035318000000 -0.010717500000 -0.000944000000
v -0.035449000000 -0.010759500000 -0.000000000000
v -0.035207000000 -0.010290500000 -0.000907000000
v -0.035338000000 -0.010331500000 -0.000000000000
v -0.035184000000 -0.009850500000 -0.000868000000
v -0.035315000000 -0.009889500000 -0.000000000000
v -0.035251000000 -0.009414500000 -0.000829000000
v -0.035382000000 -0.009451500000 -0.000000000000
v -0.035405000000 -0.009001500000 -0.000793000000
v -0.035536000000 -0.009036500000 -0.000000000000
v -0.035639000000 -0.008627500000 -0.000760000000
v -0.035770000000 -0.008661500000 -0.000000000000
v -0.035944000000 -0.008307500000 -0.000732000000
v -0.036075000000 -0.008340500000 -0.000000000000
v -0.036308000000 -0.008056500000 -0.000710000000
v -0.036438000000 -0.008087500000 -0.000000000000
v -0.036714000000 -0.007881500000 -0.000694000000
v -0.036845000000 -0.007912500000 -0.000000000000
v -0.037148000000 -0.007793500000 -0.000687000000
v -0.037279000000 -0.007823500000 -0.000000000000
v -0.037590000000 -0.007793500000 -0.000687000000
v -0.037721000000 -0.007823500000 -0.000000000000
v -0.038024000000 -0.007881500000 -0.000694000000
v -0.038155000000 -0.007912500000 -0.000000000000
v -0.038430000000 -0.008056500000 -0.000710000000
v -0.038562000000 -0.008087500000 -0.000000000000
v -0.038794000000 -0.008307500000 -0.000732000000
v -0.038925000000 -0.008340500000 -0.000000000000
v -0.039099000000 -0.008627500000 -0.000760000000
v -0.039230000000 -0.008661500000 -0.000000000000
v -0.039332000000 -0.009001500000 -0.000793000000
v -0.039464000000 -0.009036500000 -0.000000000000
v -0.039486000000 -0.009414500000 -0.000829000000
v -0.039618000000 -0.009451500000 -0.000000000000
v -0.039553000000 -0.009850500000 -0.000868000000
v -0.039685000000 -0.009889500000 -0.000000000000
v -0.039531000000 -0.010290500000 -0.000907000000
v -0.039662000000 -0.010331500000 -0.000000000000
v -0.039420000000 -0.010717500000 -0.000944000000
v -0.039551000000 -0.010759500000 -0.000000000000
v -0.039225000000 -0.011113500000 -0.000979000000
v -0.039356000000 -0.011157500000 -0.000000000000
v -0.038954000000 -0.011461500000 -0.001010000000
v -0.039085000000 -0.011507500000 -0.000000000000
v -0.038619000000 -0.011749500000 -0.001035000000
v -0.038750000000 -0.011795500000 -0.000000000000
v -0.038231000000 -0.011962500000 -0.001054000000
v -0.038363000000 -0.012010500000 -0.000000000000
v -0.037809000000 -0.012094500000 -0.001066000000
v -0.037940000000 -0.012142500000 -0.000000000000
v -0.018812000000 -0.007524500000 0.009078000000
v -0.018943000000 -0.006697500000 0.009702000000
v -0.019074000000 -0.005819500000 0.010253000000
v -0.019205000000 -0.004897500000 0.010726000000
v -0.019336000000 -0.003938500000 0.011116000000
v -0.019467000000 -0.002948500000 0.011421000000
v -0.019598000000 -0.001934500000 0.011635000000
v -0.019729000000 -0.000906500000 0.011758000000
v -0.019861000000 0.000129500000 0.011790000000
v -0.019991000000 0.001155500000 0.011732000000
v -0.020123000000 0.002189500000 0.011585000000
v -0.020254000000 0.003198500000 0.011350000000
v -0.020385000000 0.004182500000 0.011028000000
v -0.020516000000 0.005134500000 0.010619000000
v -0.020647000000 0.006045500000 0.010127000000
v -0.020778000000 0.006909500000 0.009555000000
v -0.020909000000 0.007720500000 0.008910000000
v -0.021041000000 0.008472500000 0.008198000000
v -0.021172000000 0.009160500000 0.007423000000
v -0.021303000000 0.009778500000 0.006592000000
v -0.021434000000 0.010320500000 0.005709000000
v -0.021565000000 0.010782500000 0.004782000000
v -0.021696000000 0.011158500000 0.003817000000
v -0.021827000000 0.011448500000 0.002822000000
v -0.021958000000 0.011650500000 0.001806000000
v -0.022090000000 0.011763500000 0.000776000000
v -0.022221000000 0.011788500000 -0.000259000000
v -0.022352000000 0.011722500000 -0.001293000000
v -0.022483000000 0.011565500000 -0.002317000000
v -0.022614000000 0.011316500000 -0.003323000000
v -0.022745000000 0.010979500000 -0.004302000000
v -0.022876000000 0.010557500000 -0.005248000000
v -0.023007000000 0.010055500000 -0.006154000000
v -0.023138000000 0.009476500000 -0.007014000000
v -0.023270000000 0.008825500000 -0.007820000000
v -0.023401000000 0.008107500000 -0.008566000000
v -0.023532000000 0.007325500000 -0.009245000000
v -0.023663000000 0.006485500000 -0.009851000000
v -0.023794000000 0.005594500000 -0.010380000000
v -0.023925000000 0.004661500000 -0.010829000000
v -0.024056000000 0.003692500000 -0.011196000000
v -0.024187000000 0.002695500000 -0.011478000000
v -0.024319000000 0.001677500000 -0.011673000000
v -0.024450000000 0.000647500000 -0.011777000000
v -0.024581000000 -0.000388500000 -0.011789000000
v -0.024712000000 -0.001421500000 -0.011707000000
v -0.024843000000 -0.002442500000 -0.011535000000
v -0.024974000000 -0.003445500000 -0.011275000000
v -0.025105000000 -0.004421500000 -0.010929000000
v -0.025236000000 -0.005364500000 -0.010500000000
v -0.025368000000 -0.006266500000 -0.009991000000
v -0.025499000000 -0.007120500000 -0.009404000000
v -0.025630000000 -0.007920500000 -0.008739000000
v -0.025761000000 -0.008652500000 -0.008012000000
v -0.025892000000 -0.009320500000 -0.007220000000
v -0.026023000000 -0.009917500000 -0.006374000000
v -0.026154000000 -0.010439500000 -0.005479000000
v -0.026285000000 -0.010882500000 -0.004542000000
v -0.026416000000 -0.011240500000 -0.003570000000
v -0.026548000000 -0.011511500000 -0.002571000000
v -0.026679000000 -0.011691500000 -0.001550000000
v -0.026810000000 -0.011780500000 -0.000518000000
v -0.026941000000 -0.011778500000 0.000518000000
v -0.027072000000 -0.011686500000 0.001550000000
v -0.027203000000 -0.011506500000 0.002570000000
v -0.027334000000 -0.011239500000 0.003571000000
v -0.027465000000 -0.010884500000 0.004544000000
v -0.027597000000 -0.010444500000 0.005481000000
v -0.027728000000 -0.009921500000 0.006376000000
v -0.027859000000 -0.009321500000 0.007220000000
v -0.027990000000 -0.008650500000 0.008010000000
v -0.028120000000 -0.007917500000 0.008736000000
v -0.028252000000 -0.007117500000 0.009401000000
v -0.028383000000 -0.006266500000 0.009991000000
v -0.028514000000 -0.005366500000 0.010504000000
v -0.028645000000 -0.004423500000 0.010934000000
v -0.028777000000 -0.003446500000 0.011277000000
v -0.028908000000 -0.002443500000 0.011534000000
v -0.029039000000 -0.001421500000 0.011703000000
v -0.029170000000 -0.000388500000 0.011783000000
v -0.029301000000 0.000647500000 0.011774000000
v -0.029432000000 0.001678500000 0.011674000000
v -0.029563000000 0.002696500000 0.011483000000
v -0.029694000000 0.003693500000 0.011201000000
v -0.029826000000 0.004661500000 0.010831000000
v -0.029957000000 0.005592500000 0.010379000000
v -0.030088000000 0.006482500000 0.009847000000
v -0.030219000000 0.007322500000 0.009241000000
v -0.030350000000 0.008106500000 0.008564000000
v -0.030481000000 0.008828500000 0.007821000000
v -0.030612000000 0.009481500000 0.007017000000
v -0.030743000000 0.010058500000 0.006157000000
v -0.030875000000 0.010557500000 0.005249000000
v -0.031006000000 0.010976500000 0.004302000000
v -0.031137000000 0.011311500000 0.003321000000
v -0.031268000000 0.011561500000 0.002316000000
v -0.031399000000 0.011722500000 0.001293000000
v -0.031530000000 0.011792500000 0.000259000000
v -0.031661000000 0.011768500000 -0.000777000000
v -0.031792000000 0.011653500000 -0.001806000000
v -0.031923000000 0.011447500000 -0.002821000000
v -0.032055000000 0.011154500000 -0.003815000000
v -0.032186000000 0.010777500000 -0.004780000000
v -0.032317000000 0.010318500000 -0.005708000000
v -0.032448000000 0.009779500000 -0.006593000000
v -0.032579000000 0.009164500000 -0.007426000000
v -0.032710000000 0.008476500000 -0.008201000000
v -0.032841000000 0.007722500000 -0.008911000000
v -0.032972000000 0.006909500000 -0.009553000000
v -0.033104000000 0.006043500000 -0.010122000000
v -0.033235000000 0.005131500000 -0.010615000000
v -0.033366000000 0.004181500000 -0.011027000000
v -0.033497000000 0.003198500000 -0.011353000000
v -0.033628000000 0.002189500000 -0.011590000000
v -0.033760000000 0.001156500000 -0.011736000000
v -0.033890000000 0.000129500000 -0.011790000000
v -0.034021000000 -0.000905500000 -0.011754000000
v -0.034152000000 -0.001934500000 -0.011630000000
v -0.034284000000 -0.002947500000 -0.011417000000
v -0.034415000000 -0.003939500000 -0.011116000000
v -0.034546000000 -0.004899500000 -0.010729000000
v -0.034677000000 -0.005822500000 -0.010257000000
v -0.034808000000 -0.006698500000 -0.009705000000
v -0.034939000000 -0.007522500000 -0.009078000000
v -0.035070000000 -0.008290500000 -0.008382000000
v -0.035201000000 -0.008994500000 -0.007622000000
v -0.035333000000 -0.009630500000 -0.006804000000
v -0.035464000000 -0.010192500000 -0.005934000000
v -0.035595000000 -0.010674500000 -0.005018000000
v -0.035726000000 -0.011073500000 -0.004061000000
v -0.035857000000 -0.011386500000 -0.003073000000
v -0.035988000000 -0.011612500000 -0.002062000000
v -0.018869000000 -0.004777500000 0.010463000000
v -0.019001000000 -0.003842500000 0.010844000000
v -0.019132000000 -0.002876500000 0.011141000000
v -0.019263000000 -0.001887500000 0.011350000000
v -0.019394000000 -0.000884500000 0.011470000000
v -0.019525000000 0.000125500000 0.011501000000
v -0.019655000000 0.001127500000 0.011445000000
v -0.019787000000 0.002135500000 0.011301000000
v -0.019918000000 0.003119500000 0.011072000000
v -0.020050000000 0.004080500000 0.010758000000
v -0.020181000000 0.005008500000 0.010359000000
v -0.020312000000 0.005897500000 0.009879000000
v -0.020443000000 0.006740500000 0.009321000000
v -0.020574000000 0.007531500000 0.008692000000
v -0.020705000000 0.008265500000 0.007997000000
v -0.020836000000 0.008936500000 0.007241000000
v -0.020967000000 0.009539500000 0.006430000000
v -0.021099000000 0.010068500000 0.005570000000
v -0.021230000000 0.010518500000 0.004665000000
v -0.021361000000 0.010885500000 0.003723000000
v -0.021492000000 0.011167500000 0.002753000000
v -0.021623000000 0.011365500000 0.001762000000
v -0.021754000000 0.011475500000 0.000757000000
v -0.021885000000 0.011499500000 -0.000253000000
v -0.022016000000 0.011435500000 -0.001262000000
v -0.022147000000 0.011282500000 -0.002260000000
v -0.022279000000 0.011040500000 -0.003241000000
v -0.022410000000 0.010710500000 -0.004197000000
v -0.022541000000 0.010299500000 -0.005120000000
v -0.022672000000 0.009809500000 -0.006004000000
v -0.022803000000 0.009244500000 -0.006842000000
v -0.022934000000 0.008609500000 -0.007628000000
v -0.023065000000 0.007909500000 -0.008356000000
v -0.023196000000 0.007146500000 -0.009019000000
v -0.023328000000 0.006326500000 -0.009610000000
v -0.023459000000 0.005457500000 -0.010126000000
v -0.023590000000 0.004547500000 -0.010564000000
v -0.023721000000 0.003601500000 -0.010922000000
v -0.023852000000 0.002629500000 -0.011197000000
v -0.023983000000 0.001636500000 -0.011387000000
v -0.024114000000 0.000631500000 -0.011489000000
v -0.024245000000 -0.000379500000 -0.011500000000
v -0.024376000000 -0.001386500000 -0.011421000000
v -0.024508000000 -0.002382500000 -0.011253000000
v -0.024639000000 -0.003360500000 -0.010999000000
v -0.024770000000 -0.004313500000 -0.010661000000
v -0.024901000000 -0.005233500000 -0.010243000000
v -0.025032000000 -0.006113500000 -0.009746000000
v -0.025163000000 -0.006946500000 -0.009173000000
v -0.025295000000 -0.007726500000 -0.008526000000
v -0.025425000000 -0.008440500000 -0.007816000000
v -0.025557000000 -0.009092500000 -0.007044000000
v -0.025688000000 -0.009674500000 -0.006218000000
v -0.025819000000 -0.010184500000 -0.005345000000
v -0.025950000000 -0.010615500000 -0.004431000000
v -0.026081000000 -0.010965500000 -0.003483000000
v -0.026212000000 -0.011230500000 -0.002508000000
v -0.026343000000 -0.011405500000 -0.001512000000
v -0.026474000000 -0.011491500000 -0.000506000000
v -0.026606000000 -0.011490500000 0.000505000000
v -0.026737000000 -0.011400500000 0.001512000000
v -0.026868000000 -0.011225500000 0.002507000000
v -0.026999000000 -0.010964500000 0.003483000000
v -0.027130000000 -0.010618500000 0.004433000000
v -0.027261000000 -0.010188500000 0.005347000000
v -0.027392000000 -0.009678500000 0.006220000000
v -0.027523000000 -0.009093500000 0.007043000000
v -0.027654000000 -0.008438500000 0.007814000000
v -0.027785000000 -0.007723500000 0.008522000000
v -0.027917000000 -0.006943500000 0.009171000000
v -0.028048000000 -0.006113500000 0.009746000000
v -0.028179000000 -0.005235500000 0.010247000000
v -0.028310000000 -0.004315500000 0.010666000000
v -0.028441000000 -0.003362500000 0.011001000000
v -0.028572000000 -0.002383500000 0.011252000000
v -0.028703000000 -0.001386500000 0.011417000000
v -0.028835000000 -0.000378500000 0.011495000000
v -0.028966000000 0.000631500000 0.011486000000
v -0.029097000000 0.001637500000 0.011389000000
v -0.029228000000 0.002630500000 0.011202000000
v -0.029359000000 0.003603500000 0.010927000000
v -0.029490000000 0.004547500000 0.010566000000
v -0.029621000000 0.005456500000 0.010125000000
v -0.029752000000 0.006323500000 0.009606000000
v -0.029883000000 0.007143500000 0.009015000000
v -0.030015000000 0.007908500000 0.008355000000
v -0.030146000000 0.008612500000 0.007630000000
v -0.030277000000 0.009249500000 0.006845000000
v -0.030408000000 0.009812500000 0.006006000000
v -0.030539000000 0.010299500000 0.005121000000
v -0.030670000000 0.010707500000 0.004196000000
v -0.030801000000 0.011035500000 0.003240000000
v -0.030932000000 0.011278500000 0.002259000000
v -0.031064000000 0.011435500000 0.001261000000
v -0.031195000000 0.011503500000 0.000253000000
v -0.031326000000 0.011480500000 -0.000758000000
v -0.031457000000 0.011367500000 -0.001762000000
v -0.031588000000 0.011167500000 -0.002752000000
v -0.031719000000 0.010881500000 -0.003722000000
v -0.031850000000 0.010513500000 -0.004663000000
v -0.031981000000 0.010065500000 -0.005569000000
v -0.032113000000 0.009540500000 -0.006432000000
v -0.032244000000 0.008939500000 -0.007245000000
v -0.032375000000 0.008268500000 -0.008000000000
v -0.032506000000 0.007533500000 -0.008693000000
v -0.032637000000 0.006739500000 -0.009319000000
v -0.032768000000 0.005895500000 -0.009875000000
v -0.032899000000 0.005006500000 -0.010355000000
v -0.033030000000 0.004079500000 -0.010757000000
v -0.033161000000 0.003120500000 -0.011075000000
v -0.033293000000 0.002136500000 -0.011306000000
v -0.033425000000 0.001128500000 -0.011449000000
v -0.033555000000 0.000126500000 -0.011501000000
v -0.033686000000 -0.000883500000 -0.011467000000
v -0.033817000000 -0.001886500000 -0.011345000000
v -0.033948000000 -0.002875500000 -0.011137000000
v -0.034079000000 -0.003842500000 -0.010844000000
v -0.034210000000 -0.004780500000 -0.010467000000
v -0.034342000000 -0.005679500000 -0.010006000000
v -0.034473000000 -0.006534500000 -0.009468000000
v -0.034604000000 -0.007338500000 -0.008856000000
v -0.034735000000 -0.008087500000 -0.008177000000
v -0.034866000000 -0.008774500000 -0.007436000000
v -0.034997000000 -0.009395500000 -0.006638000000
v -0.035128000000 -0.009943500000 -0.005789000000
v -0.035259000000 -0.010413500000 -0.004895000000
v -0.035390000000 -0.010802500000 -0.003962000000
v -0.035522000000 -0.011108500000 -0.002998000000
v -0.035653000000 -0.011328500000 -0.002012000000
v -0.018861000000 -0.002788500000 0.010803000000
v -0.018992000000 -0.001830500000 0.011005000000
v -0.019123000000 -0.000857500000 0.011121000000
v -0.019254000000 0.000122500000 0.011151000000
v -0.019384000000 0.001092500000 0.011097000000
v -0.019516000000 0.002070500000 0.010958000000
v -0.019647000000 0.003024500000 0.010735000000
v -0.019778000000 0.003956500000 0.010431000000
v -0.019910000000 0.004856500000 0.010044000000
v -0.020041000000 0.005718500000 0.009579000000
v -0.020172000000 0.006535500000 0.009038000000
v -0.020303000000 0.007302500000 0.008428000000
v -0.020434000000 0.008013500000 0.007754000000
v -0.020565000000 0.008664500000 0.007021000000
v -0.020696000000 0.009249500000 0.006235000000
v -0.020827000000 0.009762500000 0.005400000000
v -0.020959000000 0.010198500000 0.004523000000
v -0.021090000000 0.010554500000 0.003610000000
v -0.021221000000 0.010828500000 0.002669000000
v -0.021352000000 0.011019500000 0.001708000000
v -0.021483000000 0.011127500000 0.000734000000
v -0.021614000000 0.011150500000 -0.000245000000
v -0.021745000000 0.011087500000 -0.001223000000
v -0.021876000000 0.010939500000 -0.002192000000
v -0.022007000000 0.010704500000 -0.003143000000
v -0.022139000000 0.010385500000 -0.004069000000
v -0.022270000000 0.009986500000 -0.004964000000
v -0.022401000000 0.009511500000 -0.005821000000
v -0.022532000000 0.008963500000 -0.006634000000
v -0.022663000000 0.008348500000 -0.007396000000
v -0.022794000000 0.007668500000 -0.008102000000
v -0.022925000000 0.006928500000 -0.008745000000
v -0.023056000000 0.006134500000 -0.009318000000
v -0.023188000000 0.005291500000 -0.009818000000
v -0.023319000000 0.004408500000 -0.010243000000
v -0.023450000000 0.003492500000 -0.010590000000
v -0.023581000000 0.002549500000 -0.010857000000
v -0.023712000000 0.001587500000 -0.011041000000
v -0.023843000000 0.000612500000 -0.011140000000
v -0.023974000000 -0.000367500000 -0.011151000000
v -0.024105000000 -0.001344500000 -0.011074000000
v -0.024236000000 -0.002310500000 -0.010911000000
v -0.024368000000 -0.003258500000 -0.010664000000
v -0.024499000000 -0.004182500000 -0.010337000000
v -0.024630000000 -0.005074500000 -0.009931000000
v -0.024761000000 -0.005927500000 -0.009450000000
v -0.024892000000 -0.006735500000 -0.008895000000
v -0.025024000000 -0.007491500000 -0.008266000000
v -0.025154000000 -0.008184500000 -0.007578000000
v -0.025285000000 -0.008816500000 -0.006830000000
v -0.025417000000 -0.009380500000 -0.006029000000
v -0.025548000000 -0.009874500000 -0.005182000000
v -0.025679000000 -0.010292500000 -0.004296000000
v -0.025810000000 -0.010632500000 -0.003377000000
v -0.025941000000 -0.010888500000 -0.002431000000
v -0.026072000000 -0.011058500000 -0.001466000000
v -0.026203000000 -0.011142500000 -0.000490000000
v -0.026334000000 -0.011140500000 0.000490000000
v -0.026465000000 -0.011054500000 0.001466000000
v -0.026597000000 -0.010884500000 0.002431000000
v -0.026728000000 -0.010630500000 0.003377000000
v -0.026859000000 -0.010295500000 0.004298000000
v -0.026990000000 -0.009878500000 0.005185000000
v -0.027121000000 -0.009384500000 0.006030000000
v -0.027252000000 -0.008817500000 0.006829000000
v -0.027383000000 -0.008182500000 0.007576000000
v -0.027514000000 -0.007488500000 0.008263000000
v -0.027646000000 -0.006732500000 0.008892000000
v -0.027777000000 -0.005927500000 0.009450000000
v -0.027908000000 -0.005075500000 0.009935000000
v -0.028039000000 -0.004184500000 0.010342000000
v -0.028170000000 -0.003260500000 0.010667000000
v -0.028301000000 -0.002310500000 0.010910000000
v -0.028432000000 -0.001344500000 0.011070000000
v -0.028563000000 -0.000367500000 0.011146000000
v -0.028695000000 0.000612500000 0.011137000000
v -0.028826000000 0.001587500000 0.011042000000
v -0.028957000000 0.002550500000 0.010861000000
v -0.029088000000 0.003493500000 0.010594000000
v -0.029219000000 0.004408500000 0.010245000000
v -0.029350000000 0.005290500000 0.009817000000
v -0.029481000000 0.006131500000 0.009314000000
v -0.029612000000 0.006926500000 0.008741000000
v -0.029743000000 0.007668500000 0.008101000000
v -0.029875000000 0.008350500000 0.007398000000
v -0.030006000000 0.008967500000 0.006637000000
v -0.030137000000 0.009514500000 0.005823000000
v -0.030268000000 0.009986500000 0.004965000000
v -0.030399000000 0.010382500000 0.004069000000
v -0.030530000000 0.010699500000 0.003141000000
v -0.030661000000 0.010935500000 0.002190000000
v -0.030792000000 0.011088500000 0.001223000000
v -0.030924000000 0.011154500000 0.000245000000
v -0.031055000000 0.011131500000 -0.000735000000
v -0.031186000000 0.011022500000 -0.001708000000
v -0.031317000000 0.010827500000 -0.002668000000
v -0.031448000000 0.010551500000 -0.003609000000
v -0.031579000000 0.010194500000 -0.004521000000
v -0.031710000000 0.009759500000 -0.005399000000
v -0.031841000000 0.009250500000 -0.006236000000
v -0.031972000000 0.008667500000 -0.007024000000
v -0.032104000000 0.008017500000 -0.007757000000
v -0.032235000000 0.007304500000 -0.008429000000
v -0.032366000000 0.006535500000 -0.009036000000
v -0.032497000000 0.005716500000 -0.009574000000
v -0.032628000000 0.004854500000 -0.010040000000
v -0.032759000000 0.003955500000 -0.010430000000
v -0.032890000000 0.003025500000 -0.010739000000
v -0.033021000000 0.002071500000 -0.010963000000
v -0.033154000000 0.001093500000 -0.011101000000
v -0.033284000000 0.000122500000 -0.011152000000
v -0.033415000000 -0.000856500000 -0.011118000000
v -0.033546000000 -0.001829500000 -0.011000000000
v -0.033677000000 -0.002788500000 -0.010799000000
v -0.033808000000 -0.003725500000 -0.010515000000
v -0.033939000000 -0.004634500000 -0.010149000000
v -0.034070000000 -0.005507500000 -0.009702000000
v -0.034202000000 -0.006335500000 -0.009180000000
v -0.034333000000 -0.007115500000 -0.008587000000
v -0.034464000000 -0.007841500000 -0.007928000000
v -0.034595000000 -0.008507500000 -0.007210000000
v -0.034726000000 -0.009109500000 -0.006436000000
v -0.034857000000 -0.009640500000 -0.005613000000
v -0.034988000000 -0.010097500000 -0.004746000000
v -0.035119000000 -0.010474500000 -0.003841000000
v -0.035250000000 -0.010770500000 -0.002907000000
v -0.035382000000 -0.010983500000 -0.001951000000
v -0.018797000000 -0.001764500000 0.010613000000
v -0.018928000000 -0.000826500000 0.010725000000
v -0.019059000000 0.000117500000 0.010754000000
v -0.019189000000 0.001054500000 0.010702000000
v -0.019321000000 0.001996500000 0.010568000000
v -0.019452000000 0.002917500000 0.010353000000
v -0.019583000000 0.003815500000 0.010059000000
v -0.019715000000 0.004683500000 0.009687000000
v -0.019846000000 0.005514500000 0.009237000000
v -0.019977000000 0.006302500000 0.008716000000
v -0.020108000000 0.007042500000 0.008128000000
v -0.020239000000 0.007728500000 0.007478000000
v -0.020370000000 0.008356500000 0.006771000000
v -0.020501000000 0.008919500000 0.006013000000
v -0.020632000000 0.009414500000 0.005208000000
v -0.020763000000 0.009835500000 0.004362000000
v -0.020895000000 0.010178500000 0.003482000000
v -0.021026000000 0.010442500000 0.002574000000
v -0.021157000000 0.010627500000 0.001647000000
v -0.021288000000 0.010730500000 0.000708000000
v -0.021419000000 0.010753500000 -0.000237000000
v -0.021550000000 0.010693500000 -0.001180000000
v -0.021681000000 0.010549500000 -0.002114000000
v -0.021812000000 0.010323500000 -0.003031000000
v -0.021944000000 0.010015500000 -0.003924000000
v -0.022075000000 0.009630500000 -0.004787000000
v -0.022206000000 0.009172500000 -0.005614000000
v -0.022337000000 0.008644500000 -0.006398000000
v -0.022468000000 0.008051500000 -0.007133000000
v -0.022599000000 0.007395500000 -0.007814000000
v -0.022730000000 0.006682500000 -0.008433000000
v -0.022861000000 0.005915500000 -0.008986000000
v -0.022992000000 0.005103500000 -0.009468000000
v -0.023124000000 0.004251500000 -0.009878000000
v -0.023255000000 0.003368500000 -0.010213000000
v -0.023386000000 0.002458500000 -0.010470000000
v -0.023517000000 0.001530500000 -0.010648000000
v -0.023648000000 0.000590500000 -0.010743000000
v -0.023779000000 -0.000354500000 -0.010754000000
v -0.023910000000 -0.001296500000 -0.010679000000
v -0.024041000000 -0.002228500000 -0.010522000000
v -0.024173000000 -0.003142500000 -0.010285000000
v -0.024304000000 -0.004033500000 -0.009969000000
v -0.024435000000 -0.004893500000 -0.009578000000
v -0.024566000000 -0.005716500000 -0.009113000000
v -0.024697000000 -0.006495500000 -0.008578000000
v -0.024829000000 -0.007225500000 -0.007972000000
v -0.024959000000 -0.007892500000 -0.007309000000
v -0.025090000000 -0.008502500000 -0.006586000000
v -0.025222000000 -0.009046500000 -0.005814000000
v -0.025353000000 -0.009522500000 -0.004998000000
v -0.025484000000 -0.009926500000 -0.004143000000
v -0.025615000000 -0.010253500000 -0.003257000000
v -0.025746000000 -0.010501500000 -0.002345000000
v -0.025877000000 -0.010665500000 -0.001414000000
v -0.026008000000 -0.010745500000 -0.000473000000
v -0.026139000000 -0.010744500000 0.000472000000
v -0.026270000000 -0.010660500000 0.001414000000
v -0.026402000000 -0.010496500000 0.002344000000
v -0.026533000000 -0.010252500000 0.003257000000
v -0.026664000000 -0.009928500000 0.004145000000
v -0.026795000000 -0.009527500000 0.005000000000
v -0.026926000000 -0.009050500000 0.005816000000
v -0.027057000000 -0.008503500000 0.006586000000
v -0.027188000000 -0.007891500000 0.007306000000
v -0.027319000000 -0.007221500000 0.007969000000
v -0.027451000000 -0.006492500000 0.008575000000
v -0.027582000000 -0.005716500000 0.009114000000
v -0.027713000000 -0.004895500000 0.009582000000
v -0.027844000000 -0.004035500000 0.009974000000
v -0.027975000000 -0.003144500000 0.010287000000
v -0.028106000000 -0.002228500000 0.010521000000
v -0.028237000000 -0.001296500000 0.010676000000
v -0.028368000000 -0.000354500000 0.010749000000
v -0.028499000000 0.000590500000 0.010740000000
v -0.028631000000 0.001531500000 0.010649000000
v -0.028762000000 0.002460500000 0.010475000000
v -0.028893000000 0.003369500000 0.010217000000
v -0.029024000000 0.004251500000 0.009880000000
v -0.029155000000 0.005101500000 0.009467000000
v -0.029286000000 0.005913500000 0.008982000000
v -0.029417000000 0.006679500000 0.008430000000
v -0.029548000000 0.007395500000 0.007812000000
v -0.029680000000 0.008053500000 0.007135000000
v -0.029811000000 0.008648500000 0.006401000000
v -0.029942000000 0.009175500000 0.005616000000
v -0.030073000000 0.009630500000 0.004788000000
v -0.030204000000 0.010012500000 0.003924000000
v -0.030335000000 0.010318500000 0.003030000000
v -0.030466000000 0.010546500000 0.002112000000
v -0.030597000000 0.010693500000 0.001179000000
v -0.030729000000 0.010757500000 0.000236000000
v -0.030860000000 0.010735500000 -0.000708000000
v -0.030991000000 0.010629500000 -0.001647000000
v -0.031122000000 0.010442500000 -0.002573000000
v -0.031253000000 0.010175500000 -0.003480000000
v -0.031384000000 0.009831500000 -0.004360000000
v -0.031515000000 0.009412500000 -0.005207000000
v -0.031646000000 0.008920500000 -0.006014000000
v -0.031777000000 0.008359500000 -0.006774000000
v -0.031909000000 0.007731500000 -0.007481000000
v -0.032040000000 0.007044500000 -0.008129000000
v -0.032171000000 0.006302500000 -0.008714000000
v -0.032302000000 0.005512500000 -0.009234000000
v -0.032433000000 0.004681500000 -0.009683000000
v -0.032564000000 0.003814500000 -0.010058000000
v -0.032695000000 0.002917500000 -0.010356000000
v -0.032826000000 0.001997500000 -0.010572000000
v -0.032959000000 0.001054500000 -0.010706000000
v -0.033089000000 0.000118500000 -0.010755000000
v -0.033220000000 -0.000825500000 -0.010722000000
v -0.033351000000 -0.001764500000 -0.010609000000
v -0.033482000000 -0.002689500000 -0.010414000000
v -0.033613000000 -0.003593500000 -0.010140000000
v -0.033744000000 -0.004469500000 -0.009787000000
v -0.033875000000 -0.005310500000 -0.009357000000
v -0.034006000000 -0.006110500000 -0.008853000000
v -0.034138000000 -0.006862500000 -0.008281000000
v -0.034269000000 -0.007562500000 -0.007646000000
v -0.034400000000 -0.008204500000 -0.006953000000
v -0.034531000000 -0.008785500000 -0.006207000000
v -0.034662000000 -0.009297500000 -0.005413000000
v -0.034793000000 -0.009737500000 -0.004577000000
v -0.034924000000 -0.010101500000 -0.003705000000
v -0.035055000000 -0.010386500000 -0.002804000000
v -0.035187000000 -0.010592500000 -0.001881000000
v -0.018817000000 -0.000793500000 0.010298000000
v -0.018948000000 0.000113500000 0.010326000000
v -0.019079000000 0.001012500000 0.010276000000
v -0.019211000000 0.001917500000 0.010147000000
v -0.019342000000 0.002801500000 0.009941000000
v -0.019473000000 0.003663500000 0.009659000000
v -0.019604000000 0.004497500000 0.009301000000
v -0.019735000000 0.005295500000 0.008870000000
v -0.019866000000 0.006051500000 0.008369000000
v -0.019997000000 0.006761500000 0.007804000000
v -0.020129000000 0.007420500000 0.007180000000
v -0.020260000000 0.008023500000 0.006501000000
v -0.020391000000 0.008564500000 0.005773000000
v -0.020522000000 0.009039500000 0.005001000000
v -0.020653000000 0.009443500000 0.004188000000
v -0.020784000000 0.009773500000 0.003343000000
v -0.020915000000 0.010027500000 0.002472000000
v -0.021046000000 0.010203500000 0.001582000000
v -0.021177000000 0.010303500000 0.000680000000
v -0.021309000000 0.010324500000 -0.000227000000
v -0.021440000000 0.010267500000 -0.001133000000
v -0.021571000000 0.010129500000 -0.002029000000
v -0.021702000000 0.009912500000 -0.002910000000
v -0.021833000000 0.009616500000 -0.003768000000
v -0.021964000000 0.009247500000 -0.004597000000
v -0.022095000000 0.008807500000 -0.005390000000
v -0.022226000000 0.008300500000 -0.006143000000
v -0.022358000000 0.007730500000 -0.006849000000
v -0.022489000000 0.007101500000 -0.007502000000
v -0.022620000000 0.006415500000 -0.008097000000
v -0.022751000000 0.005680500000 -0.008628000000
v -0.022882000000 0.004900500000 -0.009091000000
v -0.023013000000 0.004082500000 -0.009485000000
v -0.023144000000 0.003233500000 -0.009806000000
v -0.023275000000 0.002360500000 -0.010053000000
v -0.023407000000 0.001469500000 -0.010224000000
v -0.023538000000 0.000566500000 -0.010315000000
v -0.023669000000 -0.000340500000 -0.010325000000
v -0.023800000000 -0.001244500000 -0.010254000000
v -0.023931000000 -0.002139500000 -0.010103000000
v -0.024062000000 -0.003017500000 -0.009875000000
v -0.024193000000 -0.003873500000 -0.009572000000
v -0.024324000000 -0.004699500000 -0.009196000000
v -0.024455000000 -0.005489500000 -0.008750000000
v -0.024587000000 -0.006236500000 -0.008236000000
v -0.024718000000 -0.006937500000 -0.007655000000
v -0.024849000000 -0.007578500000 -0.007018000000
v -0.024980000000 -0.008163500000 -0.006324000000
v -0.025111000000 -0.008686500000 -0.005583000000
v -0.025242000000 -0.009143500000 -0.004799000000
v -0.025373000000 -0.009531500000 -0.003978000000
v -0.025504000000 -0.009845500000 -0.003127000000
v -0.025636000000 -0.010082500000 -0.002251000000
v -0.025767000000 -0.010240500000 -0.001358000000
v -0.025898000000 -0.010317500000 -0.000454000000
v -0.026029000000 -0.010316500000 0.000453000000
v -0.026160000000 -0.010236500000 0.001357000000
v -0.026291000000 -0.010078500000 0.002251000000
v -0.026422000000 -0.009844500000 0.003127000000
v -0.026553000000 -0.009533500000 0.003980000000
v -0.026684000000 -0.009147500000 0.004801000000
v -0.026816000000 -0.008689500000 0.005584000000
v -0.026947000000 -0.008164500000 0.006324000000
v -0.027078000000 -0.007576500000 0.007015000000
v -0.027208000000 -0.006934500000 0.007651000000
v -0.027340000000 -0.006233500000 0.008234000000
v -0.027471000000 -0.005488500000 0.008751000000
v -0.027602000000 -0.004700500000 0.009200000000
v -0.027733000000 -0.003874500000 0.009576000000
v -0.027865000000 -0.003018500000 0.009877000000
v -0.027996000000 -0.002139500000 0.010102000000
v -0.028127000000 -0.001244500000 0.010250000000
v -0.028258000000 -0.000339500000 0.010321000000
v -0.028389000000 0.000567500000 0.010313000000
v -0.028520000000 0.001470500000 0.010225000000
v -0.028651000000 0.002362500000 0.010058000000
v -0.028782000000 0.003235500000 0.009810000000
v -0.028913000000 0.004082500000 0.009487000000
v -0.029045000000 0.004898500000 0.009090000000
v -0.029176000000 0.005677500000 0.008625000000
v -0.029307000000 0.006413500000 0.008094000000
v -0.029438000000 0.007100500000 0.007501000000
v -0.029569000000 0.007732500000 0.006850000000
v -0.029700000000 0.008304500000 0.006146000000
v -0.029831000000 0.008809500000 0.005392000000
v -0.029962000000 0.009247500000 0.004598000000
v -0.030094000000 0.009613500000 0.003768000000
v -0.030225000000 0.009907500000 0.002909000000
v -0.030356000000 0.010126500000 0.002028000000
v -0.030487000000 0.010267500000 0.001132000000
v -0.030618000000 0.010328500000 0.000227000000
v -0.030749000000 0.010308500000 -0.000680000000
v -0.030880000000 0.010206500000 -0.001582000000
v -0.031011000000 0.010026500000 -0.002471000000
v -0.031143000000 0.009770500000 -0.003341000000
v -0.031274000000 0.009439500000 -0.004187000000
v -0.031405000000 0.009037500000 -0.005000000000
v -0.031536000000 0.008565500000 -0.005775000000
v -0.031667000000 0.008026500000 -0.006505000000
v -0.031798000000 0.007423500000 -0.007183000000
v -0.031929000000 0.006763500000 -0.007805000000
v -0.032060000000 0.006051500000 -0.008367000000
v -0.032191000000 0.005293500000 -0.008866000000
v -0.032323000000 0.004494500000 -0.009297000000
v -0.032454000000 0.003662500000 -0.009658000000
v -0.032585000000 0.002801500000 -0.009944000000
v -0.032716000000 0.001918500000 -0.010151000000
v -0.032848000000 0.001012500000 -0.010279000000
v -0.032978000000 0.000113500000 -0.010326000000
v -0.033109000000 -0.000793500000 -0.010295000000
v -0.033240000000 -0.001693500000 -0.010186000000
v -0.033372000000 -0.002581500000 -0.010000000000
v -0.033503000000 -0.003450500000 -0.009736000000
v -0.033634000000 -0.004291500000 -0.009397000000
v -0.033765000000 -0.005099500000 -0.008984000000
v -0.033896000000 -0.005866500000 -0.008500000000
v -0.034027000000 -0.006589500000 -0.007951000000
v -0.034158000000 -0.007261500000 -0.007341000000
v -0.034289000000 -0.007878500000 -0.006676000000
v -0.034420000000 -0.008435500000 -0.005960000000
v -0.034552000000 -0.008927500000 -0.005198000000
v -0.034683000000 -0.009349500000 -0.004395000000
v -0.034814000000 -0.009698500000 -0.003557000000
v -0.034945000000 -0.009973500000 -0.002692000000
v -0.035076000000 -0.010171500000 -0.001806000000
v -0.018795000000 -0.000759500000 0.009858000000
v -0.018926000000 0.000108500000 0.009884000000
v -0.019056000000 0.000968500000 0.009836000000
v -0.019188000000 0.001835500000 0.009713000000
v -0.019319000000 0.002681500000 0.009516000000
v -0.019450000000 0.003506500000 0.009246000000
v -0.019581000000 0.004304500000 0.008903000000
v -0.019712000000 0.005068500000 0.008490000000
v -0.019843000000 0.005792500000 0.008011000000
v -0.019975000000 0.006472500000 0.007470000000
v -0.020106000000 0.007103500000 0.006873000000
v -0.020237000000 0.007679500000 0.006223000000
v -0.020368000000 0.008198500000 0.005526000000
v -0.020499000000 0.008653500000 0.004787000000
v -0.020630000000 0.009039500000 0.004009000000
v -0.020761000000 0.009355500000 0.003200000000
v -0.020892000000 0.009598500000 0.002366000000
v -0.021024000000 0.009767500000 0.001514000000
v -0.021155000000 0.009862500000 0.000651000000
v -0.021286000000 0.009883500000 -0.000218000000
v -0.021417000000 0.009827500000 -0.001084000000
v -0.021548000000 0.009696500000 -0.001943000000
v -0.021679000000 0.009488500000 -0.002786000000
v -0.021810000000 0.009205500000 -0.003607000000
v -0.021941000000 0.008851500000 -0.004400000000
v -0.022072000000 0.008430500000 -0.005160000000
v -0.022204000000 0.007945500000 -0.005880000000
v -0.022335000000 0.007399500000 -0.006556000000
v -0.022466000000 0.006797500000 -0.007182000000
v -0.022597000000 0.006141500000 -0.007751000000
v -0.022728000000 0.005437500000 -0.008259000000
v -0.022859000000 0.004690500000 -0.008702000000
v -0.022990000000 0.003907500000 -0.009079000000
v -0.023121000000 0.003095500000 -0.009387000000
v -0.023253000000 0.002259500000 -0.009623000000
v -0.023384000000 0.001406500000 -0.009786000000
v -0.023515000000 0.000542500000 -0.009874000000
v -0.023646000000 -0.000325500000 -0.009884000000
v -0.023777000000 -0.001191500000 -0.009815000000
v -0.023908000000 -0.002047500000 -0.009671000000
v -0.024039000000 -0.002888500000 -0.009453000000
v -0.024170000000 -0.003707500000 -0.009163000000
v -0.024302000000 -0.004497500000 -0.008803000000
v -0.024433000000 -0.005254500000 -0.008376000000
v -0.024564000000 -0.005969500000 -0.007884000000
v -0.024695000000 -0.006640500000 -0.007327000000
v -0.024826000000 -0.007254500000 -0.006717000000
v -0.024957000000 -0.007814500000 -0.006054000000
v -0.025088000000 -0.008314500000 -0.005344000000
v -0.025219000000 -0.008752500000 -0.004593000000
v -0.025350000000 -0.009123500000 -0.003808000000
v -0.025482000000 -0.009424500000 -0.002993000000
v -0.025613000000 -0.009651500000 -0.002155000000
v -0.025744000000 -0.009802500000 -0.001300000000
v -0.025875000000 -0.009876500000 -0.000435000000
v -0.026006000000 -0.009874500000 0.000434000000
v -0.026137000000 -0.009798500000 0.001299000000
v -0.026268000000 -0.009647500000 0.002155000000
v -0.026399000000 -0.009422500000 0.002994000000
v -0.026531000000 -0.009125500000 0.003809000000
v -0.026662000000 -0.008756500000 0.004596000000
v -0.026793000000 -0.008317500000 0.005345000000
v -0.026924000000 -0.007815500000 0.006053000000
v -0.027055000000 -0.007252500000 0.006715000000
v -0.027186000000 -0.006637500000 0.007324000000
v -0.027317000000 -0.005967500000 0.007881000000
v -0.027448000000 -0.005253500000 0.008376000000
v -0.027579000000 -0.004499500000 0.008806000000
v -0.027711000000 -0.003708500000 0.009167000000
v -0.027842000000 -0.002889500000 0.009455000000
v -0.027973000000 -0.002048500000 0.009670000000
v -0.028104000000 -0.001191500000 0.009812000000
v -0.028235000000 -0.000325500000 0.009879000000
v -0.028366000000 0.000543500000 0.009871000000
v -0.028497000000 0.001407500000 0.009788000000
v -0.028628000000 0.002261500000 0.009627000000
v -0.028760000000 0.003096500000 0.009391000000
v -0.028891000000 0.003907500000 0.009081000000
v -0.029022000000 0.004689500000 0.008701000000
v -0.029153000000 0.005434500000 0.008256000000
v -0.029284000000 0.006139500000 0.007748000000
v -0.029415000000 0.006796500000 0.007180000000
v -0.029546000000 0.007401500000 0.006557000000
v -0.029677000000 0.007948500000 0.005883000000
v -0.029808000000 0.008432500000 0.005162000000
v -0.029940000000 0.008851500000 0.004401000000
v -0.030071000000 0.009202500000 0.003606000000
v -0.030202000000 0.009483500000 0.002785000000
v -0.030333000000 0.009693500000 0.001942000000
v -0.030464000000 0.009828500000 0.001084000000
v -0.030595000000 0.009886500000 0.000217000000
v -0.030726000000 0.009867500000 -0.000651000000
v -0.030857000000 0.009769500000 -0.001514000000
v -0.030989000000 0.009597500000 -0.002365000000
v -0.031120000000 0.009352500000 -0.003198000000
v -0.031251000000 0.009035500000 -0.004007000000
v -0.031382000000 0.008650500000 -0.004786000000
v -0.031513000000 0.008199500000 -0.005528000000
v -0.031644000000 0.007683500000 -0.006226000000
v -0.031775000000 0.007106500000 -0.006875000000
v -0.031906000000 0.006474500000 -0.007471000000
v -0.032038000000 0.005792500000 -0.008009000000
v -0.032169000000 0.005066500000 -0.008487000000
v -0.032300000000 0.004302500000 -0.008900000000
v -0.032431000000 0.003505500000 -0.009245000000
v -0.032562000000 0.002681500000 -0.009518000000
v -0.032693000000 0.001835500000 -0.009717000000
v -0.032825000000 0.000969500000 -0.009840000000
v -0.032955000000 0.000108500000 -0.009885000000
v -0.033086000000 -0.000759500000 -0.009855000000
v -0.033218000000 -0.001621500000 -0.009750000000
v -0.033349000000 -0.002471500000 -0.009572000000
v -0.033480000000 -0.003302500000 -0.009320000000
v -0.033611000000 -0.004108500000 -0.008995000000
v -0.033742000000 -0.004881500000 -0.008600000000
v -0.033873000000 -0.005615500000 -0.008137000000
v -0.034004000000 -0.006307500000 -0.007611000000
v -0.034135000000 -0.006950500000 -0.007027000000
v -0.034267000000 -0.007541500000 -0.006390000000
v -0.034398000000 -0.008074500000 -0.005705000000
v -0.034529000000 -0.008545500000 -0.004975000000
v -0.034660000000 -0.008949500000 -0.004207000000
v -0.034791000000 -0.009284500000 -0.003405000000
v -0.034922000000 -0.009546500000 -0.002577000000
v -0.035053000000 -0.009735500000 -0.001729000000
v -0.018862000000 -0.000726500000 0.009422000000
v -0.018993000000 0.000103500000 0.009447000000
v -0.019123000000 0.000925500000 0.009401000000
v -0.019255000000 0.001754500000 0.009283000000
v -0.019386000000 0.002562500000 0.009095000000
v -0.019517000000 0.003351500000 0.008837000000
v -0.019648000000 0.004114500000 0.008509000000
v -0.019779000000 0.004844500000 0.008115000000
v -0.019911000000 0.005536500000 0.007657000000
v -0.020042000000 0.006186500000 0.007140000000
v -0.020173000000 0.006789500000 0.006569000000
v -0.020304000000 0.007340500000 0.005948000000
v -0.020435000000 0.007835500000 0.005282000000
v -0.020566000000 0.008270500000 0.004575000000
v -0.020697000000 0.008640500000 0.003832000000
v -0.020828000000 0.008941500000 0.003058000000
v -0.020959000000 0.009173500000 0.002261000000
v -0.021091000000 0.009335500000 0.001447000000
v -0.021222000000 0.009426500000 0.000622000000
v -0.021353000000 0.009445500000 -0.000208000000
v -0.021484000000 0.009393500000 -0.001036000000
v -0.021615000000 0.009267500000 -0.001857000000
v -0.021746000000 0.009068500000 -0.002663000000
v -0.021877000000 0.008798500000 -0.003447000000
v -0.022008000000 0.008460500000 -0.004205000000
v -0.022140000000 0.008057500000 -0.004931000000
v -0.022271000000 0.007593500000 -0.005620000000
v -0.022402000000 0.007072500000 -0.006266000000
v -0.022533000000 0.006496500000 -0.006864000000
v -0.022664000000 0.005869500000 -0.007408000000
v -0.022795000000 0.005196500000 -0.007894000000
v -0.022926000000 0.004483500000 -0.008318000000
v -0.023057000000 0.003735500000 -0.008678000000
v -0.023188000000 0.002958500000 -0.008972000000
v -0.023320000000 0.002159500000 -0.009198000000
v -0.023451000000 0.001344500000 -0.009353000000
v -0.023582000000 0.000518500000 -0.009437000000
v -0.023713000000 -0.000311500000 -0.009446000000
v -0.023844000000 -0.001138500000 -0.009381000000
v -0.023975000000 -0.001957500000 -0.009243000000
v -0.024106000000 -0.002760500000 -0.009035000000
v -0.024237000000 -0.003543500000 -0.008757000000
v -0.024369000000 -0.004299500000 -0.008414000000
v -0.024500000000 -0.005021500000 -0.008006000000
v -0.024631000000 -0.005705500000 -0.007535000000
v -0.024762000000 -0.006346500000 -0.007003000000
v -0.024893000000 -0.006933500000 -0.006420000000
v -0.025024000000 -0.007468500000 -0.005786000000
v -0.025155000000 -0.007947500000 -0.005107000000
v -0.025286000000 -0.008365500000 -0.004390000000
v -0.025418000000 -0.008719500000 -0.003640000000
v -0.025549000000 -0.009007500000 -0.002861000000
v -0.025680000000 -0.009224500000 -0.002060000000
v -0.025811000000 -0.009368500000 -0.001242000000
v -0.025942000000 -0.009439500000 -0.000415000000
v -0.026073000000 -0.009438500000 0.000415000000
v -0.026204000000 -0.009364500000 0.001242000000
v -0.026335000000 -0.009220500000 0.002059000000
v -0.026466000000 -0.009006500000 0.002861000000
v -0.026598000000 -0.008721500000 0.003641000000
v -0.026729000000 -0.008368500000 0.004392000000
v -0.026860000000 -0.007950500000 0.005109000000
v -0.026991000000 -0.007469500000 0.005786000000
v -0.027122000000 -0.006931500000 0.006418000000
v -0.027253000000 -0.006344500000 0.007000000000
v -0.027384000000 -0.005703500000 0.007533000000
v -0.027515000000 -0.005021500000 0.008006000000
v -0.027647000000 -0.004300500000 0.008417000000
v -0.027778000000 -0.003544500000 0.008761000000
v -0.027909000000 -0.002761500000 0.009037000000
v -0.028040000000 -0.001957500000 0.009242000000
v -0.028171000000 -0.001138500000 0.009378000000
v -0.028302000000 -0.000310500000 0.009442000000
v -0.028433000000 0.000519500000 0.009435000000
v -0.028564000000 0.001345500000 0.009355000000
v -0.028695000000 0.002161500000 0.009201000000
v -0.028827000000 0.002959500000 0.008975000000
v -0.028958000000 0.003735500000 0.008679000000
v -0.029089000000 0.004481500000 0.008316000000
v -0.029220000000 0.005194500000 0.007891000000
v -0.029351000000 0.005867500000 0.007405000000
v -0.029482000000 0.006496500000 0.006863000000
v -0.029613000000 0.007074500000 0.006267000000
v -0.029744000000 0.007597500000 0.005623000000
v -0.029876000000 0.008059500000 0.004933000000
v -0.030007000000 0.008460500000 0.004206000000
v -0.030138000000 0.008795500000 0.003447000000
v -0.030269000000 0.009064500000 0.002661000000
v -0.030400000000 0.009264500000 0.001856000000
v -0.030531000000 0.009393500000 0.001036000000
v -0.030662000000 0.009449500000 0.000208000000
v -0.030793000000 0.009430500000 -0.000622000000
v -0.030925000000 0.009337500000 -0.001447000000
v -0.031056000000 0.009173500000 -0.002261000000
v -0.031187000000 0.008938500000 -0.003057000000
v -0.031318000000 0.008636500000 -0.003830000000
v -0.031449000000 0.008268500000 -0.004574000000
v -0.031580000000 0.007836500000 -0.005283000000
v -0.031711000000 0.007343500000 -0.005951000000
v -0.031842000000 0.006791500000 -0.006571000000
v -0.031973000000 0.006187500000 -0.007141000000
v -0.032105000000 0.005536500000 -0.007655000000
v -0.032236000000 0.004842500000 -0.008111000000
v -0.032367000000 0.004112500000 -0.008506000000
v -0.032498000000 0.003350500000 -0.008836000000
v -0.032629000000 0.002562500000 -0.009097000000
v -0.032760000000 0.001754500000 -0.009287000000
v -0.032892000000 0.000926500000 -0.009404000000
v -0.033022000000 0.000104500000 -0.009447000000
v -0.033154000000 -0.000725500000 -0.009419000000
v -0.033285000000 -0.001549500000 -0.009319000000
v -0.033416000000 -0.002362500000 -0.009148000000
v -0.033547000000 -0.003156500000 -0.008908000000
v -0.033678000000 -0.003926500000 -0.008598000000
v -0.033809000000 -0.004665500000 -0.008219000000
v -0.033940000000 -0.005367500000 -0.007777000000
v -0.034071000000 -0.006028500000 -0.007274000000
v -0.034202000000 -0.006643500000 -0.006716000000
v -0.034334000000 -0.007207500000 -0.006108000000
v -0.034465000000 -0.007717500000 -0.005452000000
v -0.034596000000 -0.008167500000 -0.004755000000
v -0.034727000000 -0.008553500000 -0.004021000000
v -0.034858000000 -0.008873500000 -0.003254000000
v -0.034989000000 -0.009124500000 -0.002463000000
v -0.035120000000 -0.009305500000 -0.001652000000
v -0.018753000000 -0.002258500000 0.008750000000
v -0.018884000000 -0.001482500000 0.008914000000
v -0.019016000000 -0.000694500000 0.009008000000
v -0.019147000000 0.000098500000 0.009032000000
v -0.019277000000 0.000885500000 0.008989000000
v -0.019409000000 0.001677500000 0.008875000000
v -0.019540000000 0.002450500000 0.008695000000
v -0.019671000000 0.003204500000 0.008449000000
v -0.019802000000 0.003933500000 0.008136000000
v -0.019933000000 0.004631500000 0.007758000000
v -0.020065000000 0.005293500000 0.007321000000
v -0.020196000000 0.005914500000 0.006826000000
v -0.020327000000 0.006491500000 0.006281000000
v -0.020458000000 0.007018500000 0.005687000000
v -0.020589000000 0.007491500000 0.005050000000
v -0.020720000000 0.007907500000 0.004374000000
v -0.020851000000 0.008260500000 0.003664000000
v -0.020982000000 0.008549500000 0.002924000000
v -0.021114000000 0.008770500000 0.002162000000
v -0.021245000000 0.008925500000 0.001384000000
v -0.021376000000 0.009012500000 0.000595000000
v -0.021507000000 0.009031500000 -0.000199000000
v -0.021638000000 0.008980500000 -0.000991000000
v -0.021769000000 0.008860500000 -0.001775000000
v -0.021900000000 0.008670500000 -0.002546000000
v -0.022031000000 0.008411500000 -0.003296000000
v -0.022162000000 0.008088500000 -0.004021000000
v -0.022294000000 0.007703500000 -0.004715000000
v -0.022425000000 0.007260500000 -0.005373000000
v -0.022556000000 0.006761500000 -0.005991000000
v -0.022687000000 0.006211500000 -0.006563000000
v -0.022818000000 0.005612500000 -0.007083000000
v -0.022949000000 0.004968500000 -0.007547000000
v -0.023080000000 0.004286500000 -0.007952000000
v -0.023211000000 0.003571500000 -0.008297000000
v -0.023343000000 0.002828500000 -0.008578000000
v -0.023474000000 0.002064500000 -0.008794000000
v -0.023605000000 0.001285500000 -0.008943000000
v -0.023736000000 0.000495500000 -0.009023000000
v -0.023867000000 -0.000297500000 -0.009032000000
v -0.023998000000 -0.001088500000 -0.008969000000
v -0.024129000000 -0.001871500000 -0.008837000000
v -0.024260000000 -0.002639500000 -0.008638000000
v -0.024391000000 -0.003387500000 -0.008373000000
v -0.024523000000 -0.004110500000 -0.008044000000
v -0.024654000000 -0.004801500000 -0.007654000000
v -0.024785000000 -0.005455500000 -0.007204000000
v -0.024916000000 -0.006068500000 -0.006696000000
v -0.025047000000 -0.006629500000 -0.006138000000
v -0.025178000000 -0.007140500000 -0.005532000000
v -0.025309000000 -0.007598500000 -0.004883000000
v -0.025440000000 -0.007998500000 -0.004197000000
v -0.025572000000 -0.008337500000 -0.003480000000
v -0.025703000000 -0.008612500000 -0.002735000000
v -0.025834000000 -0.008819500000 -0.001969000000
v -0.025965000000 -0.008957500000 -0.001188000000
v -0.026096000000 -0.009025500000 -0.000397000000
v -0.026227000000 -0.009023500000 0.000397000000
v -0.026358000000 -0.008953500000 0.001187000000
v -0.026489000000 -0.008815500000 0.001969000000
v -0.026621000000 -0.008610500000 0.002736000000
v -0.026752000000 -0.008339500000 0.003481000000
v -0.026883000000 -0.008001500000 0.004200000000
v -0.027014000000 -0.007601500000 0.004885000000
v -0.027145000000 -0.007141500000 0.005532000000
v -0.027276000000 -0.006627500000 0.006136000000
v -0.027407000000 -0.006065500000 0.006693000000
v -0.027538000000 -0.005452500000 0.007202000000
v -0.027669000000 -0.004800500000 0.007654000000
v -0.027801000000 -0.004111500000 0.008047000000
v -0.027932000000 -0.003389500000 0.008377000000
v -0.028063000000 -0.002640500000 0.008640000000
v -0.028194000000 -0.001871500000 0.008837000000
v -0.028325000000 -0.001088500000 0.008966000000
v -0.028456000000 -0.000297500000 0.009028000000
v -0.028587000000 0.000496500000 0.009021000000
v -0.028718000000 0.001286500000 0.008944000000
v -0.028850000000 0.002066500000 0.008798000000
v -0.028981000000 0.002829500000 0.008581000000
v -0.029112000000 0.003571500000 0.008298000000
v -0.029243000000 0.004284500000 0.007951000000
v -0.029374000000 0.004966500000 0.007544000000
v -0.029505000000 0.005610500000 0.007080000000
v -0.029636000000 0.006211500000 0.006561000000
v -0.029767000000 0.006763500000 0.005992000000
v -0.029898000000 0.007263500000 0.005376000000
v -0.030030000000 0.007706500000 0.004717000000
v -0.030161000000 0.008088500000 0.004022000000
v -0.030292000000 0.008409500000 0.003296000000
v -0.030423000000 0.008666500000 0.002545000000
v -0.030554000000 0.008857500000 0.001774000000
v -0.030685000000 0.008981500000 0.000990000000
v -0.030816000000 0.009034500000 0.000199000000
v -0.030947000000 0.009016500000 -0.000595000000
v -0.031079000000 0.008927500000 -0.001384000000
v -0.031210000000 0.008770500000 -0.002161000000
v -0.031341000000 0.008546500000 -0.002923000000
v -0.031472000000 0.008257500000 -0.003662000000
v -0.031603000000 0.007905500000 -0.004373000000
v -0.031734000000 0.007492500000 -0.005051000000
v -0.031865000000 0.007020500000 -0.005690000000
v -0.031996000000 0.006493500000 -0.006283000000
v -0.032127000000 0.005916500000 -0.006827000000
v -0.032259000000 0.005293500000 -0.007319000000
v -0.032390000000 0.004630500000 -0.007755000000
v -0.032521000000 0.003931500000 -0.008133000000
v -0.032652000000 0.003203500000 -0.008448000000
v -0.032783000000 0.002450500000 -0.008698000000
v -0.032914000000 0.001677500000 -0.008880000000
v -0.033046000000 0.000885500000 -0.008992000000
v -0.033176000000 0.000099500000 -0.009033000000
v -0.033308000000 -0.000693500000 -0.009006000000
v -0.033439000000 -0.001481500000 -0.008910000000
v -0.033570000000 -0.002258500000 -0.008747000000
v -0.033701000000 -0.003017500000 -0.008517000000
v -0.033832000000 -0.003754500000 -0.008220000000
v -0.033963000000 -0.004460500000 -0.007859000000
v -0.034094000000 -0.005131500000 -0.007435000000
v -0.034225000000 -0.005763500000 -0.006955000000
v -0.034357000000 -0.006351500000 -0.006422000000
v -0.034488000000 -0.006891500000 -0.005840000000
v -0.034619000000 -0.007378500000 -0.005213000000
v -0.034750000000 -0.007809500000 -0.004547000000
v -0.034881000000 -0.008178500000 -0.003844000000
v -0.035012000000 -0.008483500000 -0.003111000000
v -0.035143000000 -0.008723500000 -0.002355000000
v -0.035274000000 -0.008896500000 -0.001580000000
v -0.018856000000 -0.002891500000 0.008162000000
v -0.018987000000 -0.002164500000 0.008386000000
v -0.019118000000 -0.001420500000 0.008543000000
v -0.019249000000 -0.000665500000 0.008633000000
v -0.019380000000 0.000094500000 0.008657000000
v -0.019510000000 0.000848500000 0.008615000000
v -0.019643000000 0.001607500000 0.008506000000
v -0.019774000000 0.002348500000 0.008334000000
v -0.019905000000 0.003071500000 0.008097000000
v -0.020036000000 0.003770500000 0.007797000000
v -0.020167000000 0.004439500000 0.007436000000
v -0.020298000000 0.005073500000 0.007016000000
v -0.020429000000 0.005668500000 0.006543000000
v -0.020560000000 0.006221500000 0.006019000000
v -0.020692000000 0.006726500000 0.005450000000
v -0.020823000000 0.007179500000 0.004840000000
v -0.020954000000 0.007578500000 0.004192000000
v -0.021085000000 0.007917500000 0.003511000000
v -0.021216000000 0.008193500000 0.002803000000
v -0.021347000000 0.008406500000 0.002072000000
v -0.021478000000 0.008554500000 0.001326000000
v -0.021609000000 0.008637500000 0.000570000000
v -0.021741000000 0.008655500000 -0.000191000000
v -0.021872000000 0.008607500000 -0.000950000000
v -0.022003000000 0.008492500000 -0.001701000000
v -0.022134000000 0.008309500000 -0.002440000000
v -0.022265000000 0.008062500000 -0.003159000000
v -0.022396000000 0.007752500000 -0.003854000000
v -0.022527000000 0.007383500000 -0.004519000000
v -0.022658000000 0.006958500000 -0.005150000000
v -0.022789000000 0.006480500000 -0.005742000000
v -0.022921000000 0.005953500000 -0.006290000000
v -0.023052000000 0.005378500000 -0.006788000000
v -0.023183000000 0.004761500000 -0.007233000000
v -0.023314000000 0.004107500000 -0.007622000000
v -0.023445000000 0.003422500000 -0.007952000000
v -0.023576000000 0.002711500000 -0.008221000000
v -0.023707000000 0.001979500000 -0.008428000000
v -0.023838000000 0.001231500000 -0.008571000000
v -0.023970000000 0.000475500000 -0.008648000000
v -0.024101000000 -0.000285500000 -0.008656000000
v -0.024232000000 -0.001043500000 -0.008596000000
v -0.024363000000 -0.001793500000 -0.008470000000
v -0.024494000000 -0.002529500000 -0.008279000000
v -0.024625000000 -0.003246500000 -0.008025000000
v -0.024756000000 -0.003939500000 -0.007710000000
v -0.024887000000 -0.004601500000 -0.007336000000
v -0.025018000000 -0.005228500000 -0.006905000000
v -0.025150000000 -0.005815500000 -0.006417000000
v -0.025281000000 -0.006353500000 -0.005883000000
v -0.025412000000 -0.006843500000 -0.005302000000
v -0.025543000000 -0.007282500000 -0.004680000000
v -0.025674000000 -0.007665500000 -0.004023000000
v -0.025805000000 -0.007990500000 -0.003335000000
v -0.025936000000 -0.008253500000 -0.002622000000
v -0.026067000000 -0.008452500000 -0.001887000000
v -0.026199000000 -0.008584500000 -0.001138000000
v -0.026330000000 -0.008649500000 -0.000381000000
v -0.026461000000 -0.008648500000 0.000380000000
v -0.026592000000 -0.008581500000 0.001138000000
v -0.026723000000 -0.008449500000 0.001887000000
v -0.026854000000 -0.008252500000 0.002622000000
v -0.026985000000 -0.007992500000 0.003336000000
v -0.027116000000 -0.007668500000 0.004025000000
v -0.027248000000 -0.007284500000 0.004681000000
v -0.027379000000 -0.006844500000 0.005302000000
v -0.027510000000 -0.006351500000 0.005881000000
v -0.027640000000 -0.005813500000 0.006414000000
v -0.027772000000 -0.005226500000 0.006903000000
v -0.027903000000 -0.004601500000 0.007336000000
v -0.028034000000 -0.003940500000 0.007713000000
v -0.028165000000 -0.003248500000 0.008028000000
v -0.028296000000 -0.002530500000 0.008281000000
v -0.028428000000 -0.001794500000 0.008469000000
v -0.028559000000 -0.001043500000 0.008593000000
v -0.028690000000 -0.000284500000 0.008652000000
v -0.028821000000 0.000475500000 0.008645000000
v -0.028952000000 0.001232500000 0.008572000000
v -0.029083000000 0.001980500000 0.008432000000
v -0.029214000000 0.002712500000 0.008224000000
v -0.029345000000 0.003422500000 0.007953000000
v -0.029477000000 0.004106500000 0.007621000000
v -0.029608000000 0.004759500000 0.007230000000
v -0.029739000000 0.005376500000 0.006785000000
v -0.029870000000 0.005952500000 0.006289000000
v -0.030001000000 0.006482500000 0.005743000000
v -0.030132000000 0.006961500000 0.005152000000
v -0.030263000000 0.007385500000 0.004521000000
v -0.030394000000 0.007752500000 0.003854000000
v -0.030525000000 0.008059500000 0.003158000000
v -0.030657000000 0.008306500000 0.002439000000
v -0.030788000000 0.008489500000 0.001700000000
v -0.030919000000 0.008607500000 0.000949000000
v -0.031050000000 0.008658500000 0.000190000000
v -0.031181000000 0.008641500000 -0.000570000000
v -0.031312000000 0.008556500000 -0.001326000000
v -0.031443000000 0.008405500000 -0.002072000000
v -0.031574000000 0.008190500000 -0.002801000000
v -0.031706000000 0.007913500000 -0.003510000000
v -0.031837000000 0.007576500000 -0.004192000000
v -0.031968000000 0.007180500000 -0.004841000000
v -0.032099000000 0.006728500000 -0.005453000000
v -0.032230000000 0.006223500000 -0.006022000000
v -0.032361000000 0.005670500000 -0.006543000000
v -0.032492000000 0.005073500000 -0.007015000000
v -0.032623000000 0.004437500000 -0.007433000000
v -0.032755000000 0.003768500000 -0.007794000000
v -0.032886000000 0.003070500000 -0.008097000000
v -0.033017000000 0.002348500000 -0.008336000000
v -0.033148000000 0.001607500000 -0.008510000000
v -0.033280000000 0.000849500000 -0.008618000000
v -0.033410000000 0.000095500000 -0.008657000000
v -0.033541000000 -0.000664500000 -0.008631000000
v -0.033672000000 -0.001420500000 -0.008539000000
v -0.033803000000 -0.002164500000 -0.008383000000
v -0.033935000000 -0.002892500000 -0.008162000000
v -0.034066000000 -0.003597500000 -0.007878000000
v -0.034197000000 -0.004275500000 -0.007532000000
v -0.034328000000 -0.004918500000 -0.007126000000
v -0.034459000000 -0.005523500000 -0.006666000000
v -0.034590000000 -0.006087500000 -0.006155000000
v -0.034721000000 -0.006604500000 -0.005597000000
v -0.034852000000 -0.007071500000 -0.004996000000
v -0.034984000000 -0.007484500000 -0.004357000000
v -0.035115000000 -0.007838500000 -0.003684000000
v -0.035246000000 -0.008131500000 -0.002982000000
v -0.035377000000 -0.008360500000 -0.002257000000
v -0.035508000000 -0.008526500000 -0.001514000000
v -0.018768000000 -0.004735500000 0.006861000000
v -0.018899000000 -0.004115500000 0.007250000000
v -0.019030000000 -0.003463500000 0.007584000000
v -0.019161000000 -0.002784500000 0.007860000000
v -0.019292000000 -0.002084500000 0.008076000000
v -0.019423000000 -0.001368500000 0.008227000000
v -0.019554000000 -0.000640500000 0.008314000000
v -0.019685000000 0.000091500000 0.008336000000
v -0.019816000000 0.000817500000 0.008296000000
v -0.019948000000 0.001547500000 0.008192000000
v -0.020079000000 0.002261500000 0.008025000000
v -0.020210000000 0.002957500000 0.007798000000
v -0.020341000000 0.003630500000 0.007509000000
v -0.020472000000 0.004274500000 0.007161000000
v -0.020603000000 0.004885500000 0.006756000000
v -0.020734000000 0.005459500000 0.006300000000
v -0.020866000000 0.005990500000 0.005797000000
v -0.020997000000 0.006477500000 0.005249000000
v -0.021128000000 0.006914500000 0.004661000000
v -0.021259000000 0.007297500000 0.004037000000
v -0.021390000000 0.007624500000 0.003381000000
v -0.021521000000 0.007890500000 0.002699000000
v -0.021652000000 0.008094500000 0.001996000000
v -0.021783000000 0.008237500000 0.001277000000
v -0.021914000000 0.008318500000 0.000549000000
v -0.022046000000 0.008335500000 -0.000183000000
v -0.022177000000 0.008288500000 -0.000914000000
v -0.022308000000 0.008177500000 -0.001638000000
v -0.022439000000 0.008002500000 -0.002350000000
v -0.022570000000 0.007763500000 -0.003042000000
v -0.022701000000 0.007465500000 -0.003711000000
v -0.022832000000 0.007110500000 -0.004352000000
v -0.022963000000 0.006700500000 -0.004959000000
v -0.023095000000 0.006240500000 -0.005529000000
v -0.023226000000 0.005732500000 -0.006057000000
v -0.023357000000 0.005179500000 -0.006537000000
v -0.023488000000 0.004585500000 -0.006966000000
v -0.023619000000 0.003955500000 -0.007340000000
v -0.023750000000 0.003295500000 -0.007657000000
v -0.023881000000 0.002610500000 -0.007917000000
v -0.024012000000 0.001905500000 -0.008116000000
v -0.024144000000 0.001186500000 -0.008254000000
v -0.024275000000 0.000457500000 -0.008328000000
v -0.024406000000 -0.000274500000 -0.008336000000
v -0.024537000000 -0.001004500000 -0.008278000000
v -0.024668000000 -0.001727500000 -0.008156000000
v -0.024799000000 -0.002436500000 -0.007972000000
v -0.024930000000 -0.003126500000 -0.007728000000
v -0.025061000000 -0.003793500000 -0.007424000000
v -0.025192000000 -0.004431500000 -0.007064000000
v -0.025324000000 -0.005034500000 -0.006649000000
v -0.025455000000 -0.005600500000 -0.006180000000
v -0.025586000000 -0.006118500000 -0.005665000000
v -0.025717000000 -0.006590500000 -0.005106000000
v -0.025848000000 -0.007012500000 -0.004507000000
v -0.025979000000 -0.007381500000 -0.003874000000
v -0.026110000000 -0.007694500000 -0.003212000000
v -0.026241000000 -0.007948500000 -0.002525000000
v -0.026373000000 -0.008140500000 -0.001818000000
v -0.026504000000 -0.008267500000 -0.001096000000
v -0.026635000000 -0.008329500000 -0.000367000000
v -0.026766000000 -0.008328500000 0.000366000000
v -0.026897000000 -0.008263500000 0.001096000000
v -0.027028000000 -0.008136500000 0.001817000000
v -0.027159000000 -0.007947500000 0.002525000000
v -0.027290000000 -0.007696500000 0.003213000000
v -0.027421000000 -0.007385500000 0.003876000000
v -0.027553000000 -0.007015500000 0.004508000000
v -0.027684000000 -0.006591500000 0.005105000000
v -0.027815000000 -0.006116500000 0.005664000000
v -0.027945000000 -0.005598500000 0.006177000000
v -0.028077000000 -0.005032500000 0.006647000000
v -0.028208000000 -0.004430500000 0.007065000000
v -0.028339000000 -0.003794500000 0.007427000000
v -0.028470000000 -0.003128500000 0.007731000000
v -0.028602000000 -0.002437500000 0.007974000000
v -0.028733000000 -0.001727500000 0.008156000000
v -0.028864000000 -0.001004500000 0.008275000000
v -0.028995000000 -0.000274500000 0.008332000000
v -0.029126000000 0.000458500000 0.008325000000
v -0.029257000000 0.001187500000 0.008255000000
v -0.029388000000 0.001906500000 0.008120000000
v -0.029519000000 0.002611500000 0.007920000000
v -0.029651000000 0.003295500000 0.007659000000
v -0.029782000000 0.003954500000 0.007339000000
v -0.029913000000 0.004583500000 0.006963000000
v -0.030044000000 0.005177500000 0.006534000000
v -0.030175000000 0.005732500000 0.006056000000
v -0.030306000000 0.006242500000 0.005531000000
v -0.030437000000 0.006704500000 0.004961000000
v -0.030568000000 0.007112500000 0.004353000000
v -0.030699000000 0.007465500000 0.003712000000
v -0.030831000000 0.007761500000 0.003042000000
v -0.030962000000 0.007998500000 0.002348000000
v -0.031093000000 0.008175500000 0.001637000000
v -0.031224000000 0.008289500000 0.000914000000
v -0.031355000000 0.008338500000 0.000183000000
v -0.031486000000 0.008321500000 -0.000549000000
v -0.031617000000 0.008239500000 -0.001277000000
v -0.031748000000 0.008094500000 -0.001995000000
v -0.031880000000 0.007887500000 -0.002698000000
v -0.032011000000 0.007620500000 -0.003380000000
v -0.032142000000 0.007295500000 -0.004036000000
v -0.032273000000 0.006915500000 -0.004662000000
v -0.032404000000 0.006479500000 -0.005251000000
v -0.032535000000 0.005993500000 -0.005799000000
v -0.032666000000 0.005460500000 -0.006301000000
v -0.032797000000 0.004885500000 -0.006755000000
v -0.032928000000 0.004273500000 -0.007158000000
v -0.033060000000 0.003628500000 -0.007506000000
v -0.033191000000 0.002956500000 -0.007797000000
v -0.033322000000 0.002261500000 -0.008028000000
v -0.033453000000 0.001548500000 -0.008195000000
v -0.033585000000 0.000817500000 -0.008299000000
v -0.033715000000 0.000091500000 -0.008337000000
v -0.033846000000 -0.000640500000 -0.008312000000
v -0.033977000000 -0.001367500000 -0.008223000000
v -0.034109000000 -0.002084500000 -0.008073000000
v -0.034240000000 -0.002785500000 -0.007860000000
v -0.034371000000 -0.003464500000 -0.007587000000
v -0.034502000000 -0.004116500000 -0.007253000000
v -0.034633000000 -0.004736500000 -0.006862000000
v -0.034764000000 -0.005319500000 -0.006419000000
v -0.034895000000 -0.005862500000 -0.005927000000
v -0.035026000000 -0.006360500000 -0.005390000000
v -0.035157000000 -0.006809500000 -0.004811000000
v -0.035289000000 -0.007207500000 -0.004196000000
v -0.035420000000 -0.007548500000 -0.003548000000
v -0.035551000000 -0.007830500000 -0.002872000000
v -0.035682000000 -0.008051500000 -0.002173000000
v -0.035813000000 -0.008211500000 -0.001458000000
v -0.018869000000 -0.005686500000 0.005749000000
v -0.019000000000 -0.005159500000 0.006225000000
v -0.019131000000 -0.004592500000 0.006653000000
v -0.019262000000 -0.003990500000 0.007030000000
v -0.019393000000 -0.003358500000 0.007354000000
v -0.019524000000 -0.002700500000 0.007622000000
v -0.019655000000 -0.002021500000 0.007831000000
v -0.019787000000 -0.001326500000 0.007978000000
v -0.019918000000 -0.000621500000 0.008062000000
v -0.020049000000 0.000088500000 0.008084000000
v -0.020179000000 0.000792500000 0.008045000000
v -0.020311000000 0.001501500000 0.007943000000
v -0.020442000000 0.002192500000 0.007782000000
v -0.020573000000 0.002867500000 0.007561000000
v -0.020704000000 0.003520500000 0.007281000000
v -0.020836000000 0.004145500000 0.006944000000
v -0.020967000000 0.004737500000 0.006552000000
v -0.021098000000 0.005293500000 0.006110000000
v -0.021229000000 0.005809500000 0.005621000000
v -0.021360000000 0.006281500000 0.005090000000
v -0.021491000000 0.006704500000 0.004520000000
v -0.021622000000 0.007076500000 0.003915000000
v -0.021753000000 0.007393500000 0.003279000000
v -0.021884000000 0.007651500000 0.002617000000
v -0.022016000000 0.007849500000 0.001935000000
v -0.022147000000 0.007988500000 0.001238000000
v -0.022278000000 0.008066500000 0.000532000000
v -0.022409000000 0.008082500000 -0.000178000000
v -0.022540000000 0.008037500000 -0.000887000000
v -0.022671000000 0.007930500000 -0.001589000000
v -0.022802000000 0.007759500000 -0.002278000000
v -0.022933000000 0.007528500000 -0.002950000000
v -0.023065000000 0.007239500000 -0.003599000000
v -0.023196000000 0.006894500000 -0.004220000000
v -0.023327000000 0.006497500000 -0.004809000000
v -0.023458000000 0.006051500000 -0.005362000000
v -0.023589000000 0.005559500000 -0.005873000000
v -0.023720000000 0.005022500000 -0.006339000000
v -0.023851000000 0.004446500000 -0.006755000000
v -0.023982000000 0.003836500000 -0.007117000000
v -0.024114000000 0.003196500000 -0.007425000000
v -0.024245000000 0.002531500000 -0.007677000000
v -0.024376000000 0.001848500000 -0.007870000000
v -0.024507000000 0.001150500000 -0.008004000000
v -0.024638000000 0.000443500000 -0.008075000000
v -0.024769000000 -0.000266500000 -0.008083000000
v -0.024900000000 -0.000974500000 -0.008027000000
v -0.025031000000 -0.001674500000 -0.007909000000
v -0.025162000000 -0.002362500000 -0.007731000000
v -0.025294000000 -0.003032500000 -0.007494000000
v -0.025425000000 -0.003678500000 -0.007199000000
v -0.025556000000 -0.004297500000 -0.006850000000
v -0.025687000000 -0.004882500000 -0.006448000000
v -0.025819000000 -0.005431500000 -0.005992000000
v -0.025949000000 -0.005932500000 -0.005494000000
v -0.026080000000 -0.006390500000 -0.004951000000
v -0.026211000000 -0.006800500000 -0.004370000000
v -0.026343000000 -0.007158500000 -0.003757000000
v -0.026474000000 -0.007461500000 -0.003114000000
v -0.026605000000 -0.007707500000 -0.002448000000
v -0.026736000000 -0.007893500000 -0.001763000000
v -0.026867000000 -0.008016500000 -0.001063000000
v -0.026998000000 -0.008077500000 -0.000355000000
v -0.027129000000 -0.008076500000 0.000355000000
v -0.027260000000 -0.008013500000 0.001063000000
v -0.027391000000 -0.007890500000 0.001762000000
v -0.027523000000 -0.007706500000 0.002448000000
v -0.027654000000 -0.007463500000 0.003116000000
v -0.027785000000 -0.007161500000 0.003758000000
v -0.027916000000 -0.006802500000 0.004372000000
v -0.028047000000 -0.006391500000 0.004951000000
v -0.028178000000 -0.005931500000 0.005492000000
v -0.028309000000 -0.005428500000 0.005990000000
v -0.028440000000 -0.004880500000 0.006446000000
v -0.028572000000 -0.004296500000 0.006851000000
v -0.028703000000 -0.003679500000 0.007202000000
v -0.028834000000 -0.003033500000 0.007497000000
v -0.028965000000 -0.002363500000 0.007733000000
v -0.029096000000 -0.001675500000 0.007909000000
v -0.029227000000 -0.000974500000 0.008025000000
v -0.029358000000 -0.000266500000 0.008080000000
v -0.029489000000 0.000444500000 0.008073000000
v -0.029621000000 0.001151500000 0.008005000000
v -0.029752000000 0.001849500000 0.007874000000
v -0.029883000000 0.002532500000 0.007680000000
v -0.030014000000 0.003196500000 0.007427000000
v -0.030145000000 0.003834500000 0.007116000000
v -0.030276000000 0.004444500000 0.006752000000
v -0.030407000000 0.005020500000 0.006336000000
v -0.030538000000 0.005558500000 0.005872000000
v -0.030669000000 0.006053500000 0.005363000000
v -0.030801000000 0.006500500000 0.004811000000
v -0.030932000000 0.006896500000 0.004222000000
v -0.031063000000 0.007239500000 0.003599000000
v -0.031194000000 0.007526500000 0.002949000000
v -0.031325000000 0.007756500000 0.002277000000
v -0.031456000000 0.007927500000 0.001588000000
v -0.031587000000 0.008037500000 0.000886000000
v -0.031718000000 0.008085500000 0.000178000000
v -0.031850000000 0.008069500000 -0.000533000000
v -0.031981000000 0.007990500000 -0.001238000000
v -0.032112000000 0.007849500000 -0.001934000000
v -0.032243000000 0.007648500000 -0.002616000000
v -0.032374000000 0.007389500000 -0.003277000000
v -0.032505000000 0.007074500000 -0.003914000000
v -0.032636000000 0.006705500000 -0.004521000000
v -0.032767000000 0.006283500000 -0.005092000000
v -0.032898000000 0.005811500000 -0.005623000000
v -0.033030000000 0.005294500000 -0.006110000000
v -0.033161000000 0.004737500000 -0.006550000000
v -0.033292000000 0.004143500000 -0.006941000000
v -0.033423000000 0.003518500000 -0.007278000000
v -0.033554000000 0.002867500000 -0.007561000000
v -0.033685000000 0.002193500000 -0.007785000000
v -0.033816000000 0.001501500000 -0.007947000000
v -0.033948000000 0.000792500000 -0.008047000000
v -0.034079000000 0.000089500000 -0.008084000000
v -0.034210000000 -0.000620500000 -0.008060000000
v -0.034341000000 -0.001326500000 -0.007974000000
v -0.034472000000 -0.002021500000 -0.007828000000
v -0.034603000000 -0.002700500000 -0.007622000000
v -0.034734000000 -0.003359500000 -0.007357000000
v -0.034865000000 -0.003992500000 -0.007033000000
v -0.034996000000 -0.004592500000 -0.006655000000
v -0.035128000000 -0.005158500000 -0.006225000000
v -0.035259000000 -0.005684500000 -0.005747000000
v -0.035390000000 -0.006167500000 -0.005226000000
v -0.035521000000 -0.006603500000 -0.004666000000
v -0.035652000000 -0.006988500000 -0.004069000000
v -0.035783000000 -0.007319500000 -0.003440000000
v -0.035914000000 -0.007592500000 -0.002785000000
v -0.036045000000 -0.007807500000 -0.002107000000
v -0.036176000000 -0.007962500000 -0.001414000000
v -0.018751000000 -0.007157500000 0.003365000000
v -0.018882000000 -0.006836500000 0.003981000000
v -0.019013000000 -0.006461500000 0.004566000000
v -0.019144000000 -0.006036500000 0.005116000000
v -0.019275000000 -0.005563500000 0.005625000000
v -0.019406000000 -0.005047500000 0.006090000000
v -0.019537000000 -0.004492500000 0.006509000000
v -0.019669000000 -0.003904500000 0.006878000000
v -0.019800000000 -0.003285500000 0.007195000000
v -0.019931000000 -0.002642500000 0.007457000000
v -0.020062000000 -0.001977500000 0.007662000000
v -0.020193000000 -0.001297500000 0.007805000000
v -0.020324000000 -0.000607500000 0.007887000000
v -0.020455000000 0.000086500000 0.007909000000
v -0.020585000000 0.000775500000 0.007871000000
v -0.020718000000 0.001468500000 0.007772000000
v -0.020849000000 0.002145500000 0.007614000000
v -0.020980000000 0.002805500000 0.007398000000
v -0.021111000000 0.003444500000 0.007124000000
v -0.021242000000 0.004055500000 0.006793000000
v -0.021373000000 0.004635500000 0.006410000000
v -0.021504000000 0.005179500000 0.005977000000
v -0.021635000000 0.005683500000 0.005499000000
v -0.021766000000 0.006145500000 0.004980000000
v -0.021898000000 0.006559500000 0.004422000000
v -0.022029000000 0.006923500000 0.003830000000
v -0.022160000000 0.007233500000 0.003208000000
v -0.022291000000 0.007485500000 0.002560000000
v -0.022422000000 0.007679500000 0.001893000000
v -0.022553000000 0.007815500000 0.001212000000
v -0.022684000000 0.007891500000 0.000521000000
v -0.022815000000 0.007907500000 -0.000174000000
v -0.022947000000 0.007863500000 -0.000868000000
v -0.023078000000 0.007758500000 -0.001554000000
v -0.023209000000 0.007591500000 -0.002229000000
v -0.023340000000 0.007365500000 -0.002886000000
v -0.023471000000 0.007082500000 -0.003521000000
v -0.023602000000 0.006745500000 -0.004129000000
v -0.023733000000 0.006357500000 -0.004705000000
v -0.023864000000 0.005920500000 -0.005246000000
v -0.023995000000 0.005438500000 -0.005746000000
v -0.024127000000 0.004914500000 -0.006202000000
v -0.024258000000 0.004350500000 -0.006608000000
v -0.024389000000 0.003753500000 -0.006963000000
v -0.024520000000 0.003126500000 -0.007265000000
v -0.024651000000 0.002476500000 -0.007511000000
v -0.024782000000 0.001808500000 -0.007700000000
v -0.024913000000 0.001125500000 -0.007831000000
v -0.025044000000 0.000434500000 -0.007901000000
v -0.025176000000 -0.000260500000 -0.007908000000
v -0.025307000000 -0.000953500000 -0.007854000000
v -0.025438000000 -0.001638500000 -0.007738000000
v -0.025569000000 -0.002311500000 -0.007563000000
v -0.025700000000 -0.002966500000 -0.007331000000
v -0.025831000000 -0.003599500000 -0.007044000000
v -0.025962000000 -0.004204500000 -0.006702000000
v -0.026093000000 -0.004776500000 -0.006308000000
v -0.026225000000 -0.005313500000 -0.005863000000
v -0.026356000000 -0.005804500000 -0.005375000000
v -0.026487000000 -0.006252500000 -0.004844000000
v -0.026618000000 -0.006653500000 -0.004276000000
v -0.026749000000 -0.007003500000 -0.003675000000
v -0.026880000000 -0.007300500000 -0.003047000000
v -0.027011000000 -0.007540500000 -0.002395000000
v -0.027142000000 -0.007722500000 -0.001724000000
v -0.027273000000 -0.007843500000 -0.001040000000
v -0.027405000000 -0.007902500000 -0.000348000000
v -0.027536000000 -0.007901500000 0.000347000000
v -0.027667000000 -0.007840500000 0.001040000000
v -0.027798000000 -0.007719500000 0.001724000000
v -0.027929000000 -0.007539500000 0.002395000000
v -0.028060000000 -0.007301500000 0.003048000000
v -0.028191000000 -0.007006500000 0.003677000000
v -0.028322000000 -0.006655500000 0.004277000000
v -0.028454000000 -0.006253500000 0.004844000000
v -0.028585000000 -0.005803500000 0.005373000000
v -0.028715000000 -0.005311500000 0.005860000000
v -0.028847000000 -0.004774500000 0.006306000000
v -0.028978000000 -0.004203500000 0.006702000000
v -0.029109000000 -0.003600500000 0.007046000000
v -0.029240000000 -0.002967500000 0.007335000000
v -0.029371000000 -0.002312500000 0.007565000000
v -0.029502000000 -0.001639500000 0.007738000000
v -0.029634000000 -0.000953500000 0.007851000000
v -0.029765000000 -0.000260500000 0.007905000000
v -0.029896000000 0.000434500000 0.007899000000
v -0.030027000000 0.001126500000 0.007832000000
v -0.030158000000 0.001809500000 0.007703000000
v -0.030289000000 0.002477500000 0.007514000000
v -0.030420000000 0.003126500000 0.007266000000
v -0.030551000000 0.003751500000 0.006962000000
v -0.030683000000 0.004348500000 0.006606000000
v -0.030814000000 0.004912500000 0.006199000000
v -0.030945000000 0.005438500000 0.005745000000
v -0.031076000000 0.005922500000 0.005247000000
v -0.031207000000 0.006360500000 0.004707000000
v -0.031338000000 0.006747500000 0.004130000000
v -0.031469000000 0.007082500000 0.003521000000
v -0.031600000000 0.007363500000 0.002886000000
v -0.031732000000 0.007588500000 0.002228000000
v -0.031863000000 0.007755500000 0.001554000000
v -0.031994000000 0.007863500000 0.000867000000
v -0.032125000000 0.007910500000 0.000174000000
v -0.032256000000 0.007895500000 -0.000521000000
v -0.032387000000 0.007817500000 -0.001211000000
v -0.032518000000 0.007679500000 -0.001893000000
v -0.032649000000 0.007483500000 -0.002559000000
v -0.032780000000 0.007229500000 -0.003207000000
v -0.032912000000 0.006921500000 -0.003829000000
v -0.033043000000 0.006560500000 -0.004423000000
v -0.033174000000 0.006147500000 -0.004982000000
v -0.033305000000 0.005686500000 -0.005501000000
v -0.033436000000 0.005180500000 -0.005978000000
v -0.033567000000 0.004634500000 -0.006409000000
v -0.033698000000 0.004054500000 -0.006791000000
v -0.033829000000 0.003442500000 -0.007121000000
v -0.033961000000 0.002805500000 -0.007397000000
v -0.034092000000 0.002145500000 -0.007616000000
v -0.034223000000 0.001469500000 -0.007775000000
v -0.034355000000 0.000775500000 -0.007873000000
v -0.034485000000 0.000087500000 -0.007909000000
v -0.034616000000 -0.000607500000 -0.007885000000
v -0.034747000000 -0.001297500000 -0.007802000000
v -0.034878000000 -0.001977500000 -0.007659000000
v -0.035009000000 -0.002642500000 -0.007457000000
v -0.035141000000 -0.003287500000 -0.007198000000
v -0.035272000000 -0.003905500000 -0.006881000000
v -0.035403000000 -0.004493500000 -0.006511000000
v -0.035534000000 -0.005046500000 -0.006090000000
v -0.035665000000 -0.005561500000 -0.005623000000
v -0.035796000000 -0.006034500000 -0.005113000000
v -0.035927000000 -0.006460500000 -0.004565000000
v -0.036058000000 -0.006837500000 -0.003981000000
v -0.036190000000 -0.007161500000 -0.003366000000
v -0.036321000000 -0.007428500000 -0.002724000000
v -0.036452000000 -0.007638500000 -0.002062000000
v -0.036583000000 -0.007790500000 -0.001383000000
v -0.018791000000 -0.007701500000 0.001367000000
v -0.018922000000 -0.007550500000 0.002038000000
v -0.019053000000 -0.007341500000 0.002693000000
v -0.019184000000 -0.007077500000 0.003327000000
v -0.019315000000 -0.006759500000 0.003936000000
v -0.019447000000 -0.006389500000 0.004515000000
v -0.019578000000 -0.005968500000 0.005058000000
v -0.019709000000 -0.005501500000 0.005562000000
v -0.019840000000 -0.004990500000 0.006022000000
v -0.019971000000 -0.004442500000 0.006436000000
v -0.020102000000 -0.003860500000 0.006801000000
v -0.020233000000 -0.003248500000 0.007115000000
v -0.020364000000 -0.002612500000 0.007374000000
v -0.020495000000 -0.001955500000 0.007576000000
v -0.020627000000 -0.001283500000 0.007718000000
v -0.020758000000 -0.000601500000 0.007799000000
v -0.020889000000 0.000085500000 0.007820000000
v -0.021019000000 0.000766500000 0.007782000000
v -0.021151000000 0.001452500000 0.007684000000
v -0.021282000000 0.002121500000 0.007529000000
v -0.021413000000 0.002774500000 0.007315000000
v -0.021544000000 0.003405500000 0.007044000000
v -0.021676000000 0.004010500000 0.006717000000
v -0.021807000000 0.004583500000 0.006338000000
v -0.021938000000 0.005121500000 0.005910000000
v -0.022069000000 0.005620500000 0.005438000000
v -0.022200000000 0.006076500000 0.004924000000
v -0.022331000000 0.006486500000 0.004372000000
v -0.022462000000 0.006846500000 0.003787000000
v -0.022593000000 0.007152500000 0.003172000000
v -0.022725000000 0.007401500000 0.002532000000
v -0.022856000000 0.007593500000 0.001872000000
v -0.022987000000 0.007727500000 0.001198000000
v -0.023118000000 0.007803500000 0.000515000000
v -0.023249000000 0.007819500000 -0.000172000000
v -0.023380000000 0.007775500000 -0.000858000000
v -0.023511000000 0.007671500000 -0.001537000000
v -0.023642000000 0.007506500000 -0.002204000000
v -0.023773000000 0.007283500000 -0.002854000000
v -0.023905000000 0.007003500000 -0.003481000000
v -0.024036000000 0.006669500000 -0.004082000000
v -0.024167000000 0.006286500000 -0.004652000000
v -0.024298000000 0.005854500000 -0.005187000000
v -0.024429000000 0.005377500000 -0.005682000000
v -0.024560000000 0.004859500000 -0.006132000000
v -0.024691000000 0.004301500000 -0.006534000000
v -0.024822000000 0.003711500000 -0.006885000000
v -0.024954000000 0.003091500000 -0.007183000000
v -0.025085000000 0.002449500000 -0.007427000000
v -0.025216000000 0.001787500000 -0.007614000000
v -0.025347000000 0.001112500000 -0.007743000000
v -0.025478000000 0.000429500000 -0.007812000000
v -0.025609000000 -0.000257500000 -0.007820000000
v -0.025740000000 -0.000942500000 -0.007766000000
v -0.025871000000 -0.001620500000 -0.007651000000
v -0.026002000000 -0.002285500000 -0.007479000000
v -0.026134000000 -0.002933500000 -0.007249000000
v -0.026265000000 -0.003558500000 -0.006965000000
v -0.026396000000 -0.004157500000 -0.006627000000
v -0.026527000000 -0.004723500000 -0.006238000000
v -0.026659000000 -0.005253500000 -0.005797000000
v -0.026789000000 -0.005739500000 -0.005315000000
v -0.026920000000 -0.006182500000 -0.004790000000
v -0.027051000000 -0.006578500000 -0.004228000000
v -0.027183000000 -0.006924500000 -0.003634000000
v -0.027314000000 -0.007218500000 -0.003013000000
v -0.027445000000 -0.007456500000 -0.002368000000
v -0.027576000000 -0.007636500000 -0.001705000000
v -0.027707000000 -0.007755500000 -0.001028000000
v -0.027838000000 -0.007814500000 -0.000344000000
v -0.027969000000 -0.007812500000 0.000343000000
v -0.028100000000 -0.007752500000 0.001028000000
v -0.028232000000 -0.007632500000 0.001705000000
v -0.028363000000 -0.007455500000 0.002368000000
v -0.028494000000 -0.007220500000 0.003014000000
v -0.028625000000 -0.006927500000 0.003636000000
v -0.028756000000 -0.006581500000 0.004229000000
v -0.028887000000 -0.006183500000 0.004789000000
v -0.029018000000 -0.005738500000 0.005313000000
v -0.029149000000 -0.005251500000 0.005795000000
v -0.029280000000 -0.004721500000 0.006236000000
v -0.029412000000 -0.004156500000 0.006627000000
v -0.029543000000 -0.003559500000 0.006967000000
v -0.029674000000 -0.002934500000 0.007253000000
v -0.029805000000 -0.002286500000 0.007481000000
v -0.029936000000 -0.001620500000 0.007651000000
v -0.030067000000 -0.000942500000 0.007763000000
v -0.030198000000 -0.000257500000 0.007816000000
v -0.030329000000 0.000429500000 0.007810000000
v -0.030461000000 0.001113500000 0.007744000000
v -0.030592000000 0.001788500000 0.007617000000
v -0.030723000000 0.002449500000 0.007430000000
v -0.030854000000 0.003091500000 0.007185000000
v -0.030985000000 0.003709500000 0.006884000000
v -0.031116000000 0.004299500000 0.006532000000
v -0.031247000000 0.004857500000 0.006130000000
v -0.031378000000 0.005377500000 0.005681000000
v -0.031509000000 0.005856500000 0.005188000000
v -0.031641000000 0.006289500000 0.004654000000
v -0.031772000000 0.006672500000 0.004084000000
v -0.031903000000 0.007003500000 0.003482000000
v -0.032034000000 0.007281500000 0.002853000000
v -0.032165000000 0.007503500000 0.002203000000
v -0.032296000000 0.007669500000 0.001536000000
v -0.032427000000 0.007775500000 0.000857000000
v -0.032558000000 0.007822500000 0.000172000000
v -0.032690000000 0.007806500000 -0.000515000000
v -0.032821000000 0.007729500000 -0.001198000000
v -0.032952000000 0.007593500000 -0.001871000000
v -0.033083000000 0.007399500000 -0.002531000000
v -0.033214000000 0.007148500000 -0.003171000000
v -0.033345000000 0.006844500000 -0.003787000000
v -0.033476000000 0.006486500000 -0.004373000000
v -0.033607000000 0.006078500000 -0.004926000000
v -0.033739000000 0.005622500000 -0.005440000000
v -0.033870000000 0.005122500000 -0.005911000000
v -0.034001000000 0.004582500000 -0.006337000000
v -0.034132000000 0.004008500000 -0.006714000000
v -0.034263000000 0.003404500000 -0.007041000000
v -0.034394000000 0.002773500000 -0.007314000000
v -0.034525000000 0.002121500000 -0.007531000000
v -0.034656000000 0.001452500000 -0.007688000000
v -0.034788000000 0.000767500000 -0.007785000000
v -0.034919000000 0.000086500000 -0.007821000000
v -0.035050000000 -0.000600500000 -0.007797000000
v -0.035181000000 -0.001282500000 -0.007714000000
v -0.035312000000 -0.001955500000 -0.007573000000
v -0.035443000000 -0.002612500000 -0.007374000000
v -0.035574000000 -0.003250500000 -0.007117000000
v -0.035705000000 -0.003861500000 -0.006804000000
v -0.035836000000 -0.004443500000 -0.006438000000
v -0.035968000000 -0.004990500000 -0.006022000000
v -0.036099000000 -0.005499500000 -0.005560000000
v -0.036230000000 -0.005966500000 -0.005056000000
v -0.036361000000 -0.006388500000 -0.004514000000
v -0.036492000000 -0.006761500000 -0.003936000000
v -0.036623000000 -0.007080500000 -0.003328000000
v -0.036754000000 -0.007345500000 -0.002694000000
v -0.036885000000 -0.007553500000 -0.002039000000
v -0.037016000000 -0.007702500000 -0.001368000000
v -0.018971000000 -0.007823500000 -0.000000000000
v -0.019102000000 -0.007793500000 0.000686000000
v -0.019234000000 -0.007701500000 0.001367000000
v -0.019365000000 -0.007550500000 0.002038000000
v -0.019496000000 -0.007341500000 0.002693000000
v -0.019627000000 -0.007077500000 0.003327000000
v -0.019758000000 -0.006759500000 0.003936000000
v -0.019889000000 -0.006389500000 0.004515000000
v -0.020020000000 -0.005968500000 0.005058000000
v -0.020151000000 -0.005501500000 0.005562000000
v -0.020282000000 -0.004990500000 0.006022000000
v -0.020414000000 -0.004442500000 0.006436000000
v -0.020545000000 -0.003860500000 0.006801000000
v -0.020676000000 -0.003248500000 0.007115000000
v -0.020807000000 -0.002612500000 0.007374000000
v -0.020938000000 -0.001955500000 0.007576000000
v -0.021069000000 -0.001283500000 0.007718000000
v -0.021200000000 -0.000601500000 0.007799000000
v -0.021331000000 0.000085500000 0.007820000000
v -0.021462000000 0.000766500000 0.007782000000
v -0.021594000000 0.001452500000 0.007684000000
v -0.021725000000 0.002121500000 0.007529000000
v -0.021856000000 0.002774500000 0.007315000000
v -0.021987000000 0.003405500000 0.007044000000
v -0.022118000000 0.004010500000 0.006717000000
v -0.022249000000 0.004583500000 0.006338000000
v -0.022380000000 0.005121500000 0.005910000000
v -0.022512000000 0.005620500000 0.005438000000
v -0.022643000000 0.006076500000 0.004924000000
v -0.022774000000 0.006486500000 0.004372000000
v -0.022905000000 0.006846500000 0.003787000000
v -0.023036000000 0.007152500000 0.003172000000
v -0.023167000000 0.007401500000 0.002532000000
v -0.023298000000 0.007593500000 0.001872000000
v -0.023429000000 0.007727500000 0.001198000000
v -0.023560000000 0.007803500000 0.000515000000
v -0.023692000000 0.007819500000 -0.000172000000
v -0.023823000000 0.007775500000 -0.000858000000
v -0.023954000000 0.007671500000 -0.001537000000
v -0.024085000000 0.007506500000 -0.002204000000
v -0.024216000000 0.007283500000 -0.002854000000
v -0.024347000000 0.007003500000 -0.003481000000
v -0.024478000000 0.006669500000 -0.004082000000
v -0.024609000000 0.006286500000 -0.004652000000
v -0.024741000000 0.005854500000 -0.005187000000
v -0.024872000000 0.005377500000 -0.005682000000
v -0.025003000000 0.004859500000 -0.006132000000
v -0.025134000000 0.004301500000 -0.006534000000
v -0.025265000000 0.003711500000 -0.006885000000
v -0.025396000000 0.003091500000 -0.007183000000
v -0.025527000000 0.002449500000 -0.007427000000
v -0.025658000000 0.001787500000 -0.007614000000
v -0.025789000000 0.001112500000 -0.007743000000
v -0.025921000000 0.000429500000 -0.007812000000
v -0.026052000000 -0.000257500000 -0.007820000000
v -0.026183000000 -0.000942500000 -0.007766000000
v -0.026314000000 -0.001620500000 -0.007651000000
v -0.026445000000 -0.002285500000 -0.007479000000
v -0.026576000000 -0.002933500000 -0.007249000000
v -0.026707000000 -0.003558500000 -0.006965000000
v -0.026838000000 -0.004157500000 -0.006627000000
v -0.026970000000 -0.004723500000 -0.006238000000
v -0.027101000000 -0.005253500000 -0.005797000000
v -0.027232000000 -0.005739500000 -0.005315000000
v -0.027363000000 -0.006182500000 -0.004790000000
v -0.027494000000 -0.006578500000 -0.004228000000
v -0.027625000000 -0.006924500000 -0.003634000000
v -0.027756000000 -0.007218500000 -0.003013000000
v -0.027887000000 -0.007456500000 -0.002368000000
v -0.028018000000 -0.007636500000 -0.001705000000
v -0.028150000000 -0.007755500000 -0.001028000000
v -0.028281000000 -0.007814500000 -0.000344000000
v -0.028412000000 -0.007812500000 0.000343000000
v -0.028543000000 -0.007752500000 0.001028000000
v -0.028674000000 -0.007632500000 0.001705000000
v -0.028805000000 -0.007455500000 0.002368000000
v -0.028936000000 -0.007220500000 0.003014000000
v -0.029067000000 -0.006927500000 0.003636000000
v -0.029199000000 -0.006581500000 0.004229000000
v -0.029330000000 -0.006183500000 0.004789000000
v -0.029461000000 -0.005738500000 0.005313000000
v -0.029591000000 -0.005251500000 0.005795000000
v -0.029723000000 -0.004721500000 0.006236000000
v -0.029854000000 -0.004156500000 0.006627000000
v -0.029985000000 -0.003559500000 0.006967000000
v -0.030116000000 -0.002934500000 0.007253000000
v -0.030248000000 -0.002286500000 0.007481000000
v -0.030379000000 -0.001620500000 0.007651000000
v -0.030510000000 -0.000942500000 0.007763000000
v -0.030641000000 -0.000257500000 0.007816000000
v -0.030772000000 0.000429500000 0.007810000000
v -0.030903000000 0.001113500000 0.007744000000
v -0.031034000000 0.001788500000 0.007617000000
v -0.031165000000 0.002449500000 0.007430000000
v -0.031296000000 0.003091500000 0.007185000000
v -0.031428000000 0.003709500000 0.006884000000
v -0.031559000000 0.004299500000 0.006532000000
v -0.031690000000 0.004857500000 0.006130000000
v -0.031821000000 0.005377500000 0.005681000000
v -0.031952000000 0.005856500000 0.005188000000
v -0.032083000000 0.006289500000 0.004654000000
v -0.032214000000 0.006672500000 0.004084000000
v -0.032345000000 0.007003500000 0.003482000000
v -0.032477000000 0.007281500000 0.002853000000
v -0.032608000000 0.007503500000 0.002203000000
v -0.032739000000 0.007669500000 0.001536000000
v -0.032870000000 0.007775500000 0.000857000000
v -0.033001000000 0.007822500000 0.000172000000
v -0.033132000000 0.007806500000 -0.000515000000
v -0.033263000000 0.007729500000 -0.001198000000
v -0.033394000000 0.007593500000 -0.001871000000
v -0.033525000000 0.007399500000 -0.002531000000
v -0.033657000000 0.007148500000 -0.003171000000
v -0.033788000000 0.006844500000 -0.003787000000
v -0.033919000000 0.006486500000 -0.004373000000
v -0.034050000000 0.006078500000 -0.004926000000
v -0.034181000000 0.005622500000 -0.005440000000
v -0.034312000000 0.005122500000 -0.005911000000
v -0.034443000000 0.004582500000 -0.006337000000
v -0.034574000000 0.004008500000 -0.006714000000
v -0.034706000000 0.003404500000 -0.007041000000
v -0.034837000000 0.002773500000 -0.007314000000
v -0.034968000000 0.002121500000 -0.007531000000
v -0.035099000000 0.001452500000 -0.007688000000
v -0.035231000000 0.000767500000 -0.007785000000
v -0.035361000000 0.000086500000 -0.007821000000
v -0.035492000000 -0.000600500000 -0.007797000000
v -0.035623000000 -0.001282500000 -0.007714000000
v -0.035755000000 -0.001955500000 -0.007573000000
v -0.035886000000 -0.002612500000 -0.007374000000
v -0.036017000000 -0.003250500000 -0.007117000000
v -0.036148000000 -0.003861500000 -0.006804000000
v -0.036279000000 -0.004443500000 -0.006438000000
v -0.036410000000 -0.004990500000 -0.006022000000
v -0.036541000000 -0.005499500000 -0.005560000000
v -0.036672000000 -0.005966500000 -0.005056000000
v -0.036803000000 -0.006388500000 -0.004514000000
v -0.036935000000 -0.006761500000 -0.003936000000
v -0.037066000000 -0.007080500000 -0.003328000000
v -0.037197000000 -0.007345500000 -0.002694000000
v -0.037328000000 -0.007553500000 -0.002039000000
v -0.037459000000 -0.007702500000 -0.001368000000
v -0.019405000000 -0.007912500000 -0.000000000000
v -0.019536000000 -0.007881500000 0.000694000000
v -0.019667000000 -0.007788500000 0.001383000000
v -0.019798000000 -0.007635500000 0.002061000000
v -0.019929000000 -0.007425500000 0.002723000000
v -0.020060000000 -0.007157500000 0.003365000000
v -0.020192000000 -0.006836500000 0.003981000000
v -0.020323000000 -0.006461500000 0.004566000000
v -0.020454000000 -0.006036500000 0.005116000000
v -0.020585000000 -0.005563500000 0.005625000000
v -0.020716000000 -0.005047500000 0.006090000000
v -0.020847000000 -0.004492500000 0.006509000000
v -0.020978000000 -0.003904500000 0.006878000000
v -0.021109000000 -0.003285500000 0.007195000000
v -0.021241000000 -0.002642500000 0.007457000000
v -0.021372000000 -0.001977500000 0.007662000000
v -0.021503000000 -0.001297500000 0.007805000000
v -0.021634000000 -0.000607500000 0.007887000000
v -0.021765000000 0.000086500000 0.007909000000
v -0.021895000000 0.000775500000 0.007871000000
v -0.022027000000 0.001468500000 0.007772000000
v -0.022158000000 0.002145500000 0.007614000000
v -0.022289000000 0.002805500000 0.007398000000
v -0.022421000000 0.003444500000 0.007124000000
v -0.022552000000 0.004055500000 0.006793000000
v -0.022683000000 0.004635500000 0.006410000000
v -0.022814000000 0.005179500000 0.005977000000
v -0.022945000000 0.005683500000 0.005499000000
v -0.023076000000 0.006145500000 0.004980000000
v -0.023207000000 0.006559500000 0.004422000000
v -0.023338000000 0.006923500000 0.003830000000
v -0.023470000000 0.007233500000 0.003208000000
v -0.023601000000 0.007485500000 0.002560000000
v -0.023732000000 0.007679500000 0.001893000000
v -0.023863000000 0.007815500000 0.001212000000
v -0.023994000000 0.007891500000 0.000521000000
v -0.024125000000 0.007907500000 -0.000174000000
v -0.024256000000 0.007863500000 -0.000868000000
v -0.024387000000 0.007758500000 -0.001554000000
v -0.024518000000 0.007591500000 -0.002229000000
v -0.024650000000 0.007365500000 -0.002886000000
v -0.024781000000 0.007082500000 -0.003521000000
v -0.024912000000 0.006745500000 -0.004129000000
v -0.025043000000 0.006357500000 -0.004705000000
v -0.025174000000 0.005920500000 -0.005246000000
v -0.025305000000 0.005438500000 -0.005746000000
v -0.025436000000 0.004914500000 -0.006202000000
v -0.025567000000 0.004350500000 -0.006608000000
v -0.025699000000 0.003753500000 -0.006963000000
v -0.025830000000 0.003126500000 -0.007265000000
v -0.025961000000 0.002476500000 -0.007511000000
v -0.026092000000 0.001808500000 -0.007700000000
v -0.026223000000 0.001125500000 -0.007831000000
v -0.026354000000 0.000434500000 -0.007901000000
v -0.026485000000 -0.000260500000 -0.007908000000
v -0.026616000000 -0.000953500000 -0.007854000000
v -0.026748000000 -0.001638500000 -0.007738000000
v -0.026879000000 -0.002311500000 -0.007563000000
v -0.027010000000 -0.002966500000 -0.007331000000
v -0.027141000000 -0.003599500000 -0.007044000000
v -0.027272000000 -0.004204500000 -0.006702000000
v -0.027403000000 -0.004776500000 -0.006308000000
v -0.027535000000 -0.005313500000 -0.005863000000
v -0.027665000000 -0.005804500000 -0.005375000000
v -0.027796000000 -0.006252500000 -0.004844000000
v -0.027928000000 -0.006653500000 -0.004276000000
v -0.028059000000 -0.007003500000 -0.003675000000
v -0.028190000000 -0.007300500000 -0.003047000000
v -0.028321000000 -0.007540500000 -0.002395000000
v -0.028452000000 -0.007722500000 -0.001724000000
v -0.028583000000 -0.007843500000 -0.001040000000
v -0.028714000000 -0.007902500000 -0.000348000000
v -0.028845000000 -0.007901500000 0.000347000000
v -0.028977000000 -0.007840500000 0.001040000000
v -0.029108000000 -0.007719500000 0.001724000000
v -0.029239000000 -0.007539500000 0.002395000000
v -0.029370000000 -0.007301500000 0.003048000000
v -0.029501000000 -0.007006500000 0.003677000000
v -0.029632000000 -0.006655500000 0.004277000000
v -0.029763000000 -0.006253500000 0.004844000000
v -0.029894000000 -0.005803500000 0.005373000000
v -0.030025000000 -0.005311500000 0.005860000000
v -0.030157000000 -0.004774500000 0.006306000000
v -0.030288000000 -0.004203500000 0.006702000000
v -0.030419000000 -0.003600500000 0.007046000000
v -0.030550000000 -0.002967500000 0.007335000000
v -0.030681000000 -0.002312500000 0.007565000000
v -0.030812000000 -0.001639500000 0.007738000000
v -0.030943000000 -0.000953500000 0.007851000000
v -0.031074000000 -0.000260500000 0.007905000000
v -0.031206000000 0.000434500000 0.007899000000
v -0.031337000000 0.001126500000 0.007832000000
v -0.031468000000 0.001809500000 0.007703000000
v -0.031599000000 0.002477500000 0.007514000000
v -0.031730000000 0.003126500000 0.007266000000
v -0.031861000000 0.003751500000 0.006962000000
v -0.031992000000 0.004348500000 0.006606000000
v -0.032123000000 0.004912500000 0.006199000000
v -0.032255000000 0.005438500000 0.005745000000
v -0.032386000000 0.005922500000 0.005247000000
v -0.032517000000 0.006360500000 0.004707000000
v -0.032648000000 0.006747500000 0.004130000000
v -0.032779000000 0.007082500000 0.003521000000
v -0.032910000000 0.007363500000 0.002886000000
v -0.033041000000 0.007588500000 0.002228000000
v -0.033172000000 0.007755500000 0.001554000000
v -0.033303000000 0.007863500000 0.000867000000
v -0.033435000000 0.007910500000 0.000174000000
v -0.033566000000 0.007895500000 -0.000521000000
v -0.033697000000 0.007817500000 -0.001211000000
v -0.033828000000 0.007679500000 -0.001893000000
v -0.033959000000 0.007483500000 -0.002559000000
v -0.034090000000 0.007229500000 -0.003207000000
v -0.034221000000 0.006921500000 -0.003829000000
v -0.034352000000 0.006560500000 -0.004423000000
v -0.034484000000 0.006147500000 -0.004982000000
v -0.034615000000 0.005686500000 -0.005501000000
v -0.034746000000 0.005180500000 -0.005978000000
v -0.034877000000 0.004634500000 -0.006409000000
v -0.035008000000 0.004054500000 -0.006791000000
v -0.035139000000 0.003442500000 -0.007121000000
v -0.035270000000 0.002805500000 -0.007397000000
v -0.035401000000 0.002145500000 -0.007616000000
v -0.035532000000 0.001469500000 -0.007775000000
v -0.035665000000 0.000775500000 -0.007873000000
v -0.035795000000 0.000087500000 -0.007909000000
v -0.035926000000 -0.000607500000 -0.007885000000
v -0.036057000000 -0.001297500000 -0.007802000000
v -0.036188000000 -0.001977500000 -0.007659000000
v -0.036319000000 -0.002642500000 -0.007457000000
v -0.036450000000 -0.003287500000 -0.007198000000
v -0.036581000000 -0.003905500000 -0.006881000000
v -0.036713000000 -0.004493500000 -0.006511000000
v -0.036844000000 -0.005046500000 -0.006090000000
v -0.036975000000 -0.005561500000 -0.005623000000
v -0.037106000000 -0.006034500000 -0.005113000000
v -0.037237000000 -0.006460500000 -0.004565000000
v -0.037368000000 -0.006837500000 -0.003981000000
v -0.037499000000 -0.007161500000 -0.003366000000
v -0.037630000000 -0.007428500000 -0.002724000000
v -0.037762000000 -0.007638500000 -0.002062000000
v -0.037893000000 -0.007790500000 -0.001383000000
v -0.019812000000 -0.008087500000 -0.000000000000
v -0.019942000000 -0.008055500000 0.000710000000
v -0.020074000000 -0.007960500000 0.001413000000
v -0.020205000000 -0.007804500000 0.002106000000
v -0.020336000000 -0.007589500000 0.002783000000
v -0.020467000000 -0.007316500000 0.003439000000
v -0.020598000000 -0.006987500000 0.004069000000
v -0.020729000000 -0.006604500000 0.004667000000
v -0.020860000000 -0.006170500000 0.005229000000
v -0.020991000000 -0.005686500000 0.005749000000
v -0.021122000000 -0.005159500000 0.006225000000
v -0.021254000000 -0.004592500000 0.006653000000
v -0.021385000000 -0.003990500000 0.007030000000
v -0.021516000000 -0.003358500000 0.007354000000
v -0.021647000000 -0.002700500000 0.007622000000
v -0.021778000000 -0.002021500000 0.007831000000
v -0.021909000000 -0.001326500000 0.007978000000
v -0.022040000000 -0.000621500000 0.008062000000
v -0.022171000000 0.000088500000 0.008084000000
v -0.022302000000 0.000792500000 0.008045000000
v -0.022434000000 0.001501500000 0.007943000000
v -0.022565000000 0.002192500000 0.007782000000
v -0.022696000000 0.002867500000 0.007561000000
v -0.022827000000 0.003520500000 0.007281000000
v -0.022958000000 0.004145500000 0.006944000000
v -0.023089000000 0.004737500000 0.006552000000
v -0.023220000000 0.005293500000 0.006110000000
v -0.023352000000 0.005809500000 0.005621000000
v -0.023483000000 0.006281500000 0.005090000000
v -0.023614000000 0.006704500000 0.004520000000
v -0.023745000000 0.007076500000 0.003915000000
v -0.023876000000 0.007393500000 0.003279000000
v -0.024007000000 0.007651500000 0.002617000000
v -0.024138000000 0.007849500000 0.001935000000
v -0.024269000000 0.007988500000 0.001238000000
v -0.024400000000 0.008066500000 0.000532000000
v -0.024532000000 0.008082500000 -0.000178000000
v -0.024663000000 0.008037500000 -0.000887000000
v -0.024794000000 0.007930500000 -0.001589000000
v -0.024925000000 0.007759500000 -0.002278000000
v -0.025056000000 0.007528500000 -0.002950000000
v -0.025187000000 0.007239500000 -0.003599000000
v -0.025318000000 0.006894500000 -0.004220000000
v -0.025449000000 0.006497500000 -0.004809000000
v -0.025581000000 0.006051500000 -0.005362000000
v -0.025712000000 0.005559500000 -0.005873000000
v -0.025843000000 0.005022500000 -0.006339000000
v -0.025974000000 0.004446500000 -0.006755000000
v -0.026105000000 0.003836500000 -0.007117000000
v -0.026236000000 0.003196500000 -0.007425000000
v -0.026367000000 0.002531500000 -0.007677000000
v -0.026498000000 0.001848500000 -0.007870000000
v -0.026629000000 0.001150500000 -0.008004000000
v -0.026761000000 0.000443500000 -0.008075000000
v -0.026892000000 -0.000266500000 -0.008083000000
v -0.027023000000 -0.000974500000 -0.008027000000
v -0.027154000000 -0.001674500000 -0.007909000000
v -0.027285000000 -0.002362500000 -0.007731000000
v -0.027416000000 -0.003032500000 -0.007494000000
v -0.027547000000 -0.003678500000 -0.007199000000
v -0.027678000000 -0.004297500000 -0.006850000000
v -0.027810000000 -0.004882500000 -0.006448000000
v -0.027941000000 -0.005431500000 -0.005992000000
v -0.028072000000 -0.005932500000 -0.005494000000
v -0.028203000000 -0.006390500000 -0.004951000000
v -0.028334000000 -0.006800500000 -0.004370000000
v -0.028465000000 -0.007158500000 -0.003757000000
v -0.028596000000 -0.007461500000 -0.003114000000
v -0.028727000000 -0.007707500000 -0.002448000000
v -0.028859000000 -0.007893500000 -0.001763000000
v -0.028990000000 -0.008016500000 -0.001063000000
v -0.029121000000 -0.008077500000 -0.000355000000
v -0.029252000000 -0.008076500000 0.000355000000
v -0.029383000000 -0.008013500000 0.001063000000
v -0.029514000000 -0.007890500000 0.001762000000
v -0.029645000000 -0.007706500000 0.002448000000
v -0.029776000000 -0.007463500000 0.003116000000
v -0.029907000000 -0.007161500000 0.003758000000
v -0.030039000000 -0.006802500000 0.004372000000
v -0.030170000000 -0.006391500000 0.004951000000
v -0.030301000000 -0.005931500000 0.005492000000
v -0.030431000000 -0.005428500000 0.005990000000
v -0.030563000000 -0.004880500000 0.006446000000
v -0.030694000000 -0.004296500000 0.006851000000
v -0.030825000000 -0.003679500000 0.007202000000
v -0.030956000000 -0.003033500000 0.007497000000
v -0.031088000000 -0.002363500000 0.007733000000
v -0.031219000000 -0.001675500000 0.007909000000
v -0.031350000000 -0.000974500000 0.008025000000
v -0.031481000000 -0.000266500000 0.008080000000
v -0.031612000000 0.000444500000 0.008073000000
v -0.031743000000 0.001151500000 0.008005000000
v -0.031874000000 0.001849500000 0.007874000000
v -0.032005000000 0.002532500000 0.007680000000
v -0.032136000000 0.003196500000 0.007427000000
v -0.032268000000 0.003834500000 0.007116000000
v -0.032399000000 0.004444500000 0.006752000000
v -0.032530000000 0.005020500000 0.006336000000
v -0.032661000000 0.005558500000 0.005872000000
v -0.032792000000 0.006053500000 0.005363000000
v -0.032923000000 0.006500500000 0.004811000000
v -0.033054000000 0.006896500000 0.004222000000
v -0.033185000000 0.007239500000 0.003599000000
v -0.033317000000 0.007526500000 0.002949000000
v -0.033448000000 0.007756500000 0.002277000000
v -0.033579000000 0.007927500000 0.001588000000
v -0.033710000000 0.008037500000 0.000886000000
v -0.033841000000 0.008085500000 0.000178000000
v -0.033972000000 0.008069500000 -0.000533000000
v -0.034103000000 0.007990500000 -0.001238000000
v -0.034234000000 0.007849500000 -0.001934000000
v -0.034366000000 0.007648500000 -0.002616000000
v -0.034497000000 0.007389500000 -0.003277000000
v -0.034628000000 0.007074500000 -0.003914000000
v -0.034759000000 0.006705500000 -0.004521000000
v -0.034890000000 0.006283500000 -0.005092000000
v -0.035021000000 0.005811500000 -0.005623000000
v -0.035152000000 0.005294500000 -0.006110000000
v -0.035283000000 0.004737500000 -0.006550000000
v -0.035414000000 0.004143500000 -0.006941000000
v -0.035546000000 0.003518500000 -0.007278000000
v -0.035677000000 0.002867500000 -0.007561000000
v -0.035808000000 0.002193500000 -0.007785000000
v -0.035939000000 0.001501500000 -0.007947000000
v -0.036071000000 0.000792500000 -0.008047000000
v -0.036201000000 0.000089500000 -0.008084000000
v -0.036332000000 -0.000620500000 -0.008060000000
v -0.036463000000 -0.001326500000 -0.007974000000
v -0.036595000000 -0.002021500000 -0.007828000000
v -0.036726000000 -0.002700500000 -0.007622000000
v -0.036857000000 -0.003359500000 -0.007357000000
v -0.036988000000 -0.003992500000 -0.007033000000
v -0.037119000000 -0.004592500000 -0.006655000000
v -0.037250000000 -0.005158500000 -0.006225000000
v -0.037381000000 -0.005684500000 -0.005747000000
v -0.037512000000 -0.006167500000 -0.005226000000
v -0.037643000000 -0.006603500000 -0.004666000000
v -0.037775000000 -0.006988500000 -0.004069000000
v -0.037906000000 -0.007319500000 -0.003440000000
v -0.038037000000 -0.007592500000 -0.002785000000
v -0.038168000000 -0.007807500000 -0.002107000000
v -0.038299000000 -0.007962500000 -0.001414000000
v -0.020175000000 -0.008340500000 -0.000000000000
v -0.020306000000 -0.008307500000 0.000732000000
v -0.020437000000 -0.008209500000 0.001458000000
v -0.020568000000 -0.008048500000 0.002172000000
v -0.020699000000 -0.007826500000 0.002870000000
v -0.020830000000 -0.007544500000 0.003547000000
v -0.020961000000 -0.007205500000 0.004196000000
v -0.021093000000 -0.006811500000 0.004813000000
v -0.021224000000 -0.006362500000 0.005392000000
v -0.021355000000 -0.005864500000 0.005929000000
v -0.021486000000 -0.005320500000 0.006419000000
v -0.021617000000 -0.004735500000 0.006861000000
v -0.021748000000 -0.004115500000 0.007250000000
v -0.021879000000 -0.003463500000 0.007584000000
v -0.022010000000 -0.002784500000 0.007860000000
v -0.022141000000 -0.002084500000 0.008076000000
v -0.022273000000 -0.001368500000 0.008227000000
v -0.022404000000 -0.000640500000 0.008314000000
v -0.022535000000 0.000091500000 0.008336000000
v -0.022665000000 0.000817500000 0.008296000000
v -0.022797000000 0.001547500000 0.008192000000
v -0.022928000000 0.002261500000 0.008025000000
v -0.023059000000 0.002957500000 0.007798000000
v -0.023190000000 0.003630500000 0.007509000000
v -0.023322000000 0.004274500000 0.007161000000
v -0.023453000000 0.004885500000 0.006756000000
v -0.023584000000 0.005459500000 0.006300000000
v -0.023715000000 0.005990500000 0.005797000000
v -0.023846000000 0.006477500000 0.005249000000
v -0.023977000000 0.006914500000 0.004661000000
v -0.024108000000 0.007297500000 0.004037000000
v -0.024239000000 0.007624500000 0.003381000000
v -0.024370000000 0.007890500000 0.002699000000
v -0.024502000000 0.008094500000 0.001996000000
v -0.024633000000 0.008237500000 0.001277000000
v -0.024764000000 0.008318500000 0.000549000000
v -0.024895000000 0.008335500000 -0.000183000000
v -0.025026000000 0.008288500000 -0.000914000000
v -0.025157000000 0.008177500000 -0.001638000000
v -0.025288000000 0.008002500000 -0.002350000000
v -0.025419000000 0.007763500000 -0.003042000000
v -0.025551000000 0.007465500000 -0.003711000000
v -0.025682000000 0.007110500000 -0.004352000000
v -0.025813000000 0.006700500000 -0.004959000000
v -0.025944000000 0.006240500000 -0.005529000000
v -0.026075000000 0.005732500000 -0.006057000000
v -0.026206000000 0.005179500000 -0.006537000000
v -0.026337000000 0.004585500000 -0.006966000000
v -0.026468000000 0.003955500000 -0.007340000000
v -0.026600000000 0.003295500000 -0.007657000000
v -0.026731000000 0.002610500000 -0.007917000000
v -0.026862000000 0.001905500000 -0.008116000000
v -0.026993000000 0.001186500000 -0.008254000000
v -0.027124000000 0.000457500000 -0.008328000000
v -0.027255000000 -0.000274500000 -0.008336000000
v -0.027386000000 -0.001004500000 -0.008278000000
v -0.027517000000 -0.001727500000 -0.008156000000
v -0.027648000000 -0.002436500000 -0.007972000000
v -0.027780000000 -0.003126500000 -0.007728000000
v -0.027911000000 -0.003793500000 -0.007424000000
v -0.028042000000 -0.004431500000 -0.007064000000
v -0.028173000000 -0.005034500000 -0.006649000000
v -0.028305000000 -0.005600500000 -0.006180000000
v -0.028435000000 -0.006118500000 -0.005665000000
v -0.028566000000 -0.006590500000 -0.005106000000
v -0.028697000000 -0.007012500000 -0.004507000000
v -0.028829000000 -0.007381500000 -0.003874000000
v -0.028960000000 -0.007694500000 -0.003212000000
v -0.029091000000 -0.007948500000 -0.002525000000
v -0.029222000000 -0.008140500000 -0.001818000000
v -0.029353000000 -0.008267500000 -0.001096000000
v -0.029484000000 -0.008329500000 -0.000367000000
v -0.029615000000 -0.008328500000 0.000366000000
v -0.029746000000 -0.008263500000 0.001096000000
v -0.029877000000 -0.008136500000 0.001817000000
v -0.030009000000 -0.007947500000 0.002525000000
v -0.030140000000 -0.007696500000 0.003213000000
v -0.030271000000 -0.007385500000 0.003876000000
v -0.030402000000 -0.007015500000 0.004508000000
v -0.030533000000 -0.006591500000 0.005105000000
v -0.030664000000 -0.006116500000 0.005664000000
v -0.030795000000 -0.005598500000 0.006177000000
v -0.030926000000 -0.005032500000 0.006647000000
v -0.031058000000 -0.004430500000 0.007065000000
v -0.031189000000 -0.003794500000 0.007427000000
v -0.031320000000 -0.003128500000 0.007731000000
v -0.031451000000 -0.002437500000 0.007974000000
v -0.031582000000 -0.001727500000 0.008156000000
v -0.031713000000 -0.001004500000 0.008275000000
v -0.031844000000 -0.000274500000 0.008332000000
v -0.031975000000 0.000458500000 0.008325000000
v -0.032106000000 0.001187500000 0.008255000000
v -0.032238000000 0.001906500000 0.008120000000
v -0.032369000000 0.002611500000 0.007920000000
v -0.032500000000 0.003295500000 0.007659000000
v -0.032631000000 0.003954500000 0.007339000000
v -0.032762000000 0.004583500000 0.006963000000
v -0.032893000000 0.005177500000 0.006534000000
v -0.033024000000 0.005732500000 0.006056000000
v -0.033155000000 0.006242500000 0.005531000000
v -0.033287000000 0.006704500000 0.004961000000
v -0.033418000000 0.007112500000 0.004353000000
v -0.033549000000 0.007465500000 0.003712000000
v -0.033680000000 0.007761500000 0.003042000000
v -0.033811000000 0.007998500000 0.002348000000
v -0.033942000000 0.008175500000 0.001637000000
v -0.034073000000 0.008289500000 0.000914000000
v -0.034204000000 0.008338500000 0.000183000000
v -0.034336000000 0.008321500000 -0.000549000000
v -0.034467000000 0.008239500000 -0.001277000000
v -0.034598000000 0.008094500000 -0.001995000000
v -0.034729000000 0.007887500000 -0.002698000000
v -0.034860000000 0.007620500000 -0.003380000000
v -0.034991000000 0.007295500000 -0.004036000000
v -0.035122000000 0.006915500000 -0.004662000000
v -0.035253000000 0.006479500000 -0.005251000000
v -0.035384000000 0.005993500000 -0.005799000000
v -0.035516000000 0.005460500000 -0.006301000000
v -0.035647000000 0.004885500000 -0.006755000000
v -0.035778000000 0.004273500000 -0.007158000000
v -0.035909000000 0.003628500000 -0.007506000000
v -0.036040000000 0.002956500000 -0.007797000000
v -0.036171000000 0.002261500000 -0.008028000000
v -0.036302000000 0.001548500000 -0.008195000000
v -0.036434000000 0.000817500000 -0.008299000000
v -0.036565000000 0.000091500000 -0.008337000000
v -0.036696000000 -0.000640500000 -0.008312000000
v -0.036827000000 -0.001367500000 -0.008223000000
v -0.036958000000 -0.002084500000 -0.008073000000
v -0.037089000000 -0.002785500000 -0.007860000000
v -0.037220000000 -0.003464500000 -0.007587000000
v -0.037351000000 -0.004116500000 -0.007253000000
v -0.037482000000 -0.004736500000 -0.006862000000
v -0.037613000000 -0.005319500000 -0.006419000000
v -0.037745000000 -0.005862500000 -0.005927000000
v -0.037876000000 -0.006360500000 -0.005390000000
v -0.038007000000 -0.006809500000 -0.004811000000
v -0.038138000000 -0.007207500000 -0.004196000000
v -0.038269000000 -0.007548500000 -0.003548000000
v -0.038400000000 -0.007830500000 -0.002872000000
v -0.038531000000 -0.008051500000 -0.002173000000
v -0.038662000000 -0.008211500000 -0.001458000000
v -0.020480000000 -0.008661500000 -0.000000000000
v -0.020611000000 -0.008626500000 0.000760000000
v -0.020742000000 -0.008525500000 0.001514000000
v -0.020873000000 -0.008357500000 0.002256000000
v -0.021004000000 -0.008127500000 0.002981000000
v -0.021135000000 -0.007834500000 0.003683000000
v -0.021266000000 -0.007482500000 0.004357000000
v -0.021398000000 -0.007073500000 0.004998000000
v -0.021529000000 -0.006607500000 0.005599000000
v -0.021660000000 -0.006089500000 0.006157000000
v -0.021791000000 -0.005524500000 0.006666000000
v -0.021922000000 -0.004917500000 0.007124000000
v -0.022053000000 -0.004273500000 0.007528000000
v -0.022184000000 -0.003596500000 0.007876000000
v -0.022315000000 -0.002891500000 0.008162000000
v -0.022447000000 -0.002164500000 0.008386000000
v -0.022578000000 -0.001420500000 0.008543000000
v -0.022709000000 -0.000665500000 0.008633000000
v -0.022840000000 0.000094500000 0.008657000000
v -0.022970000000 0.000848500000 0.008615000000
v -0.023102000000 0.001607500000 0.008506000000
v -0.023233000000 0.002348500000 0.008334000000
v -0.023364000000 0.003071500000 0.008097000000
v -0.023495000000 0.003770500000 0.007797000000
v -0.023627000000 0.004439500000 0.007436000000
v -0.023758000000 0.005073500000 0.007016000000
v -0.023889000000 0.005668500000 0.006543000000
v -0.024020000000 0.006221500000 0.006019000000
v -0.024151000000 0.006726500000 0.005450000000
v -0.024282000000 0.007179500000 0.004840000000
v -0.024413000000 0.007578500000 0.004192000000
v -0.024544000000 0.007917500000 0.003511000000
v -0.024676000000 0.008193500000 0.002803000000
v -0.024807000000 0.008406500000 0.002072000000
v -0.024938000000 0.008554500000 0.001326000000
v -0.025069000000 0.008637500000 0.000570000000
v -0.025200000000 0.008655500000 -0.000191000000
v -0.025331000000 0.008607500000 -0.000950000000
v -0.025462000000 0.008492500000 -0.001701000000
v -0.025593000000 0.008309500000 -0.002440000000
v -0.025725000000 0.008062500000 -0.003159000000
v -0.025856000000 0.007752500000 -0.003854000000
v -0.025987000000 0.007383500000 -0.004519000000
v -0.026118000000 0.006958500000 -0.005150000000
v -0.026249000000 0.006480500000 -0.005742000000
v -0.026380000000 0.005953500000 -0.006290000000
v -0.026511000000 0.005378500000 -0.006788000000
v -0.026642000000 0.004761500000 -0.007233000000
v -0.026773000000 0.004107500000 -0.007622000000
v -0.026905000000 0.003422500000 -0.007952000000
v -0.027036000000 0.002711500000 -0.008221000000
v -0.027167000000 0.001979500000 -0.008428000000
v -0.027298000000 0.001231500000 -0.008571000000
v -0.027429000000 0.000475500000 -0.008648000000
v -0.027560000000 -0.000285500000 -0.008656000000
v -0.027691000000 -0.001043500000 -0.008596000000
v -0.027822000000 -0.001793500000 -0.008470000000
v -0.027954000000 -0.002529500000 -0.008279000000
v -0.028085000000 -0.003246500000 -0.008025000000
v -0.028216000000 -0.003939500000 -0.007710000000
v -0.028347000000 -0.004601500000 -0.007336000000
v -0.028478000000 -0.005228500000 -0.006905000000
v -0.028610000000 -0.005815500000 -0.006417000000
v -0.028740000000 -0.006353500000 -0.005883000000
v -0.028871000000 -0.006843500000 -0.005302000000
v -0.029002000000 -0.007282500000 -0.004680000000
v -0.029134000000 -0.007665500000 -0.004023000000
v -0.029265000000 -0.007990500000 -0.003335000000
v -0.029396000000 -0.008253500000 -0.002622000000
v -0.029527000000 -0.008452500000 -0.001887000000
v -0.029658000000 -0.008584500000 -0.001138000000
v -0.029789000000 -0.008649500000 -0.000381000000
v -0.029920000000 -0.008648500000 0.000380000000
v -0.030051000000 -0.008581500000 0.001138000000
v -0.030183000000 -0.008449500000 0.001887000000
v -0.030314000000 -0.008252500000 0.002622000000
v -0.030445000000 -0.007992500000 0.003336000000
v -0.030576000000 -0.007668500000 0.004025000000
v -0.030707000000 -0.007284500000 0.004681000000
v -0.030838000000 -0.006844500000 0.005302000000
v -0.030969000000 -0.006351500000 0.005881000000
v -0.031100000000 -0.005813500000 0.006414000000
v -0.031232000000 -0.005226500000 0.006903000000
v -0.031363000000 -0.004601500000 0.007336000000
v -0.031494000000 -0.003940500000 0.007713000000
v -0.031625000000 -0.003248500000 0.008028000000
v -0.031756000000 -0.002530500000 0.008281000000
v -0.031887000000 -0.001794500000 0.008469000000
v -0.032018000000 -0.001043500000 0.008593000000
v -0.032149000000 -0.000284500000 0.008652000000
v -0.032280000000 0.000475500000 0.008645000000
v -0.032412000000 0.001232500000 0.008572000000
v -0.032543000000 0.001980500000 0.008432000000
v -0.032674000000 0.002712500000 0.008224000000
v -0.032805000000 0.003422500000 0.007953000000
v -0.032936000000 0.004106500000 0.007621000000
v -0.033067000000 0.004759500000 0.007230000000
v -0.033198000000 0.005376500000 0.006785000000
v -0.033329000000 0.005952500000 0.006289000000
v -0.033461000000 0.006482500000 0.005743000000
v -0.033592000000 0.006961500000 0.005152000000
v -0.033723000000 0.007385500000 0.004521000000
v -0.033854000000 0.007752500000 0.003854000000
v -0.033985000000 0.008059500000 0.003158000000
v -0.034116000000 0.008306500000 0.002439000000
v -0.034247000000 0.008489500000 0.001700000000
v -0.034378000000 0.008607500000 0.000949000000
v -0.034509000000 0.008658500000 0.000190000000
v -0.034641000000 0.008641500000 -0.000570000000
v -0.034772000000 0.008556500000 -0.001326000000
v -0.034903000000 0.008405500000 -0.002072000000
v -0.035034000000 0.008190500000 -0.002801000000
v -0.035165000000 0.007913500000 -0.003510000000
v -0.035296000000 0.007576500000 -0.004192000000
v -0.035427000000 0.007180500000 -0.004841000000
v -0.035558000000 0.006728500000 -0.005453000000
v -0.035690000000 0.006223500000 -0.006022000000
v -0.035821000000 0.005670500000 -0.006543000000
v -0.035952000000 0.005073500000 -0.007015000000
v -0.036083000000 0.004437500000 -0.007433000000
v -0.036214000000 0.003768500000 -0.007794000000
v -0.036345000000 0.003070500000 -0.008097000000
v -0.036476000000 0.002348500000 -0.008336000000
v -0.036607000000 0.001607500000 -0.008510000000
v -0.036740000000 0.000849500000 -0.008618000000
v -0.036870000000 0.000095500000 -0.008657000000
v -0.037001000000 -0.000664500000 -0.008631000000
v -0.037132000000 -0.001420500000 -0.008539000000
v -0.037263000000 -0.002164500000 -0.008383000000
v -0.037394000000 -0.002892500000 -0.008162000000
v -0.037525000000 -0.003597500000 -0.007878000000
v -0.037656000000 -0.004275500000 -0.007532000000
v -0.037787000000 -0.004918500000 -0.007126000000
v -0.037919000000 -0.005523500000 -0.006666000000
v -0.038050000000 -0.006087500000 -0.006155000000
v -0.038181000000 -0.006604500000 -0.005597000000
v -0.038312000000 -0.007071500000 -0.004996000000
v -0.038443000000 -0.007484500000 -0.004357000000
v -0.038574000000 -0.007838500000 -0.003684000000
v -0.038705000000 -0.008131500000 -0.002982000000
v -0.038836000000 -0.008360500000 -0.002257000000
v -0.038968000000 -0.008526500000 -0.001514000000
v -0.020714000000 -0.009036500000 -0.000000000000
v -0.020845000000 -0.009001500000 0.000793000000
v -0.020976000000 -0.008894500000 0.001579000000
v -0.021107000000 -0.008720500000 0.002354000000
v -0.021238000000 -0.008479500000 0.003110000000
v -0.021369000000 -0.008174500000 0.003843000000
v -0.021500000000 -0.007807500000 0.004546000000
v -0.021631000000 -0.007379500000 0.005215000000
v -0.021762000000 -0.006894500000 0.005842000000
v -0.021893000000 -0.006353500000 0.006424000000
v -0.022025000000 -0.005764500000 0.006955000000
v -0.022156000000 -0.005131500000 0.007433000000
v -0.022287000000 -0.004458500000 0.007855000000
v -0.022418000000 -0.003752500000 0.008217000000
v -0.022549000000 -0.003017500000 0.008517000000
v -0.022680000000 -0.002258500000 0.008750000000
v -0.022811000000 -0.001482500000 0.008914000000
v -0.022942000000 -0.000694500000 0.009008000000
v -0.023074000000 0.000098500000 0.009032000000
v -0.023204000000 0.000885500000 0.008989000000
v -0.023336000000 0.001677500000 0.008875000000
v -0.023467000000 0.002450500000 0.008695000000
v -0.023598000000 0.003204500000 0.008449000000
v -0.023729000000 0.003933500000 0.008136000000
v -0.023860000000 0.004631500000 0.007758000000
v -0.023991000000 0.005293500000 0.007321000000
v -0.024123000000 0.005914500000 0.006826000000
v -0.024254000000 0.006491500000 0.006281000000
v -0.024385000000 0.007018500000 0.005687000000
v -0.024516000000 0.007491500000 0.005050000000
v -0.024647000000 0.007907500000 0.004374000000
v -0.024778000000 0.008260500000 0.003664000000
v -0.024909000000 0.008549500000 0.002924000000
v -0.025040000000 0.008770500000 0.002162000000
v -0.025171000000 0.008925500000 0.001384000000
v -0.025303000000 0.009012500000 0.000595000000
v -0.025434000000 0.009031500000 -0.000199000000
v -0.025565000000 0.008980500000 -0.000991000000
v -0.025696000000 0.008860500000 -0.001775000000
v -0.025827000000 0.008670500000 -0.002546000000
v -0.025958000000 0.008411500000 -0.003296000000
v -0.026089000000 0.008088500000 -0.004021000000
v -0.026220000000 0.007703500000 -0.004715000000
v -0.026352000000 0.007260500000 -0.005373000000
v -0.026483000000 0.006761500000 -0.005991000000
v -0.026614000000 0.006211500000 -0.006563000000
v -0.026745000000 0.005612500000 -0.007083000000
v -0.026876000000 0.004968500000 -0.007547000000
v -0.027007000000 0.004286500000 -0.007952000000
v -0.027138000000 0.003571500000 -0.008297000000
v -0.027269000000 0.002828500000 -0.008578000000
v -0.027400000000 0.002064500000 -0.008794000000
v -0.027532000000 0.001285500000 -0.008943000000
v -0.027663000000 0.000495500000 -0.009023000000
v -0.027794000000 -0.000297500000 -0.009032000000
v -0.027925000000 -0.001088500000 -0.008969000000
v -0.028056000000 -0.001871500000 -0.008837000000
v -0.028187000000 -0.002639500000 -0.008638000000
v -0.028318000000 -0.003387500000 -0.008373000000
v -0.028449000000 -0.004110500000 -0.008044000000
v -0.028581000000 -0.004801500000 -0.007654000000
v -0.028712000000 -0.005455500000 -0.007204000000
v -0.028843000000 -0.006068500000 -0.006696000000
v -0.028974000000 -0.006629500000 -0.006138000000
v -0.029105000000 -0.007140500000 -0.005532000000
v -0.029236000000 -0.007598500000 -0.004883000000
v -0.029367000000 -0.007998500000 -0.004197000000
v -0.029498000000 -0.008337500000 -0.003480000000
v -0.029629000000 -0.008612500000 -0.002735000000
v -0.029761000000 -0.008819500000 -0.001969000000
v -0.029892000000 -0.008957500000 -0.001188000000
v -0.030023000000 -0.009025500000 -0.000397000000
v -0.030154000000 -0.009023500000 0.000397000000
v -0.030285000000 -0.008953500000 0.001187000000
v -0.030416000000 -0.008815500000 0.001969000000
v -0.030547000000 -0.008610500000 0.002736000000
v -0.030678000000 -0.008339500000 0.003481000000
v -0.030810000000 -0.008001500000 0.004200000000
v -0.030941000000 -0.007601500000 0.004885000000
v -0.031072000000 -0.007141500000 0.005532000000
v -0.031203000000 -0.006627500000 0.006136000000
v -0.031334000000 -0.006065500000 0.006693000000
v -0.031465000000 -0.005452500000 0.007202000000
v -0.031596000000 -0.004800500000 0.007654000000
v -0.031727000000 -0.004111500000 0.008047000000
v -0.031859000000 -0.003389500000 0.008377000000
v -0.031990000000 -0.002640500000 0.008640000000
v -0.032121000000 -0.001871500000 0.008837000000
v -0.032252000000 -0.001088500000 0.008966000000
v -0.032383000000 -0.000297500000 0.009028000000
v -0.032514000000 0.000496500000 0.009021000000
v -0.032645000000 0.001286500000 0.008944000000
v -0.032776000000 0.002066500000 0.008798000000
v -0.032907000000 0.002829500000 0.008581000000
v -0.033039000000 0.003571500000 0.008298000000
v -0.033170000000 0.004284500000 0.007951000000
v -0.033301000000 0.004966500000 0.007544000000
v -0.033432000000 0.005610500000 0.007080000000
v -0.033563000000 0.006211500000 0.006561000000
v -0.033694000000 0.006763500000 0.005992000000
v -0.033825000000 0.007263500000 0.005376000000
v -0.033956000000 0.007706500000 0.004717000000
v -0.034088000000 0.008088500000 0.004022000000
v -0.034219000000 0.008409500000 0.003296000000
v -0.034350000000 0.008666500000 0.002545000000
v -0.034481000000 0.008857500000 0.001774000000
v -0.034612000000 0.008981500000 0.000990000000
v -0.034743000000 0.009034500000 0.000199000000
v -0.034874000000 0.009016500000 -0.000595000000
v -0.035005000000 0.008927500000 -0.001384000000
v -0.035136000000 0.008770500000 -0.002161000000
v -0.035268000000 0.008546500000 -0.002923000000
v -0.035399000000 0.008257500000 -0.003662000000
v -0.035530000000 0.007905500000 -0.004373000000
v -0.035661000000 0.007492500000 -0.005051000000
v -0.035792000000 0.007020500000 -0.005690000000
v -0.035923000000 0.006493500000 -0.006283000000
v -0.036054000000 0.005916500000 -0.006827000000
v -0.036185000000 0.005293500000 -0.007319000000
v -0.036317000000 0.004630500000 -0.007755000000
v -0.036448000000 0.003931500000 -0.008133000000
v -0.036579000000 0.003203500000 -0.008448000000
v -0.036710000000 0.002450500000 -0.008698000000
v -0.036841000000 0.001677500000 -0.008880000000
v -0.036973000000 0.000885500000 -0.008992000000
v -0.037103000000 0.000099500000 -0.009033000000
v -0.037234000000 -0.000693500000 -0.009006000000
v -0.037366000000 -0.001481500000 -0.008910000000
v -0.037497000000 -0.002258500000 -0.008747000000
v -0.037628000000 -0.003017500000 -0.008517000000
v -0.037759000000 -0.003754500000 -0.008220000000
v -0.037890000000 -0.004460500000 -0.007859000000
v -0.038021000000 -0.005131500000 -0.007435000000
v -0.038152000000 -0.005763500000 -0.006955000000
v -0.038283000000 -0.006351500000 -0.006422000000
v -0.038414000000 -0.006891500000 -0.005840000000
v -0.038546000000 -0.007378500000 -0.005213000000
v -0.038677000000 -0.007809500000 -0.004547000000
v -0.038808000000 -0.008178500000 -0.003844000000
v -0.038939000000 -0.008483500000 -0.003111000000
v -0.039070000000 -0.008723500000 -0.002355000000
v -0.039201000000 -0.008896500000 -0.001580000000
v -0.020868000000 -0.009451500000 -0.000000000000
v -0.020999000000 -0.009414500000 0.000829000000
v -0.021130000000 -0.009303500000 0.001652000000
v -0.021261000000 -0.009120500000 0.002462000000
v -0.021392000000 -0.008869500000 0.003253000000
v -0.021523000000 -0.008550500000 0.004019000000
v -0.021654000000 -0.008165500000 0.004755000000
v -0.021785000000 -0.007718500000 0.005454000000
v -0.021916000000 -0.007210500000 0.006111000000
v -0.022048000000 -0.006645500000 0.006719000000
v -0.022179000000 -0.006029500000 0.007274000000
v -0.022310000000 -0.005366500000 0.007775000000
v -0.022441000000 -0.004663500000 0.008216000000
v -0.022572000000 -0.003924500000 0.008595000000
v -0.022703000000 -0.003155500000 0.008908000000
v -0.022834000000 -0.002362500000 0.009152000000
v -0.022965000000 -0.001550500000 0.009323000000
v -0.023096000000 -0.000726500000 0.009422000000
v -0.023228000000 0.000103500000 0.009447000000
v -0.023358000000 0.000925500000 0.009401000000
v -0.023490000000 0.001754500000 0.009283000000
v -0.023621000000 0.002562500000 0.009095000000
v -0.023752000000 0.003351500000 0.008837000000
v -0.023883000000 0.004114500000 0.008509000000
v -0.024014000000 0.004844500000 0.008115000000
v -0.024145000000 0.005536500000 0.007657000000
v -0.024277000000 0.006186500000 0.007140000000
v -0.024408000000 0.006789500000 0.006569000000
v -0.024539000000 0.007340500000 0.005948000000
v -0.024670000000 0.007835500000 0.005282000000
v -0.024801000000 0.008270500000 0.004575000000
v -0.024932000000 0.008640500000 0.003832000000
v -0.025063000000 0.008941500000 0.003058000000
v -0.025194000000 0.009173500000 0.002261000000
v -0.025325000000 0.009335500000 0.001447000000
v -0.025457000000 0.009426500000 0.000622000000
v -0.025588000000 0.009445500000 -0.000208000000
v -0.025719000000 0.009393500000 -0.001036000000
v -0.025850000000 0.009267500000 -0.001857000000
v -0.025981000000 0.009068500000 -0.002663000000
v -0.026112000000 0.008798500000 -0.003447000000
v -0.026243000000 0.008460500000 -0.004205000000
v -0.026374000000 0.008057500000 -0.004931000000
v -0.026506000000 0.007593500000 -0.005620000000
v -0.026637000000 0.007072500000 -0.006266000000
v -0.026768000000 0.006496500000 -0.006864000000
v -0.026899000000 0.005869500000 -0.007408000000
v -0.027030000000 0.005196500000 -0.007894000000
v -0.027161000000 0.004483500000 -0.008318000000
v -0.027292000000 0.003735500000 -0.008678000000
v -0.027423000000 0.002958500000 -0.008972000000
v -0.027555000000 0.002159500000 -0.009198000000
v -0.027686000000 0.001344500000 -0.009353000000
v -0.027817000000 0.000518500000 -0.009437000000
v -0.027948000000 -0.000311500000 -0.009446000000
v -0.028079000000 -0.001138500000 -0.009381000000
v -0.028210000000 -0.001957500000 -0.009243000000
v -0.028341000000 -0.002760500000 -0.009035000000
v -0.028472000000 -0.003543500000 -0.008757000000
v -0.028603000000 -0.004299500000 -0.008414000000
v -0.028735000000 -0.005021500000 -0.008006000000
v -0.028866000000 -0.005705500000 -0.007535000000
v -0.028997000000 -0.006346500000 -0.007003000000
v -0.029128000000 -0.006933500000 -0.006420000000
v -0.029259000000 -0.007468500000 -0.005786000000
v -0.029390000000 -0.007947500000 -0.005107000000
v -0.029521000000 -0.008365500000 -0.004390000000
v -0.029652000000 -0.008719500000 -0.003640000000
v -0.029784000000 -0.009007500000 -0.002861000000
v -0.029915000000 -0.009224500000 -0.002060000000
v -0.030046000000 -0.009368500000 -0.001242000000
v -0.030177000000 -0.009439500000 -0.000415000000
v -0.030308000000 -0.009438500000 0.000415000000
v -0.030439000000 -0.009364500000 0.001242000000
v -0.030570000000 -0.009220500000 0.002059000000
v -0.030701000000 -0.009006500000 0.002861000000
v -0.030832000000 -0.008721500000 0.003641000000
v -0.030964000000 -0.008368500000 0.004392000000
v -0.031095000000 -0.007950500000 0.005109000000
v -0.031226000000 -0.007469500000 0.005786000000
v -0.031357000000 -0.006931500000 0.006418000000
v -0.031488000000 -0.006344500000 0.007000000000
v -0.031619000000 -0.005703500000 0.007533000000
v -0.031750000000 -0.005021500000 0.008006000000
v -0.031881000000 -0.004300500000 0.008417000000
v -0.032013000000 -0.003544500000 0.008761000000
v -0.032144000000 -0.002761500000 0.009037000000
v -0.032275000000 -0.001957500000 0.009242000000
v -0.032406000000 -0.001138500000 0.009378000000
v -0.032537000000 -0.000310500000 0.009442000000
v -0.032668000000 0.000519500000 0.009435000000
v -0.032799000000 0.001345500000 0.009355000000
v -0.032930000000 0.002161500000 0.009201000000
v -0.033062000000 0.002959500000 0.008975000000
v -0.033193000000 0.003735500000 0.008679000000
v -0.033324000000 0.004481500000 0.008316000000
v -0.033455000000 0.005194500000 0.007891000000
v -0.033586000000 0.005867500000 0.007405000000
v -0.033717000000 0.006496500000 0.006863000000
v -0.033848000000 0.007074500000 0.006267000000
v -0.033979000000 0.007597500000 0.005623000000
v -0.034110000000 0.008059500000 0.004933000000
v -0.034242000000 0.008460500000 0.004206000000
v -0.034373000000 0.008795500000 0.003447000000
v -0.034504000000 0.009064500000 0.002661000000
v -0.034635000000 0.009264500000 0.001856000000
v -0.034766000000 0.009393500000 0.001036000000
v -0.034897000000 0.009449500000 0.000208000000
v -0.035028000000 0.009430500000 -0.000622000000
v -0.035159000000 0.009337500000 -0.001447000000
v -0.035291000000 0.009173500000 -0.002261000000
v -0.035422000000 0.008938500000 -0.003057000000
v -0.035553000000 0.008636500000 -0.003830000000
v -0.035684000000 0.008268500000 -0.004574000000
v -0.035815000000 0.007836500000 -0.005283000000
v -0.035946000000 0.007343500000 -0.005951000000
v -0.036077000000 0.006791500000 -0.006571000000
v -0.036208000000 0.006187500000 -0.007141000000
v -0.036339000000 0.005536500000 -0.007655000000
v -0.036471000000 0.004842500000 -0.008111000000
v -0.036602000000 0.004112500000 -0.008506000000
v -0.036733000000 0.003350500000 -0.008836000000
v -0.036864000000 0.002562500000 -0.009097000000
v -0.036995000000 0.001754500000 -0.009287000000
v -0.037127000000 0.000926500000 -0.009404000000
v -0.037257000000 0.000104500000 -0.009447000000
v -0.037388000000 -0.000725500000 -0.009419000000
v -0.037520000000 -0.001549500000 -0.009319000000
v -0.037651000000 -0.002362500000 -0.009148000000
v -0.037782000000 -0.003156500000 -0.008908000000
v -0.037913000000 -0.003926500000 -0.008598000000
v -0.038044000000 -0.004665500000 -0.008219000000
v -0.038175000000 -0.005367500000 -0.007777000000
v -0.038306000000 -0.006028500000 -0.007274000000
v -0.038437000000 -0.006643500000 -0.006716000000
v -0.038569000000 -0.007207500000 -0.006108000000
v -0.038700000000 -0.007717500000 -0.005452000000
v -0.038831000000 -0.008167500000 -0.004755000000
v -0.038962000000 -0.008553500000 -0.004021000000
v -0.039093000000 -0.008873500000 -0.003254000000
v -0.039224000000 -0.009124500000 -0.002463000000
v -0.039355000000 -0.009305500000 -0.001652000000
v -0.020935000000 -0.009889500000 -0.000000000000
v -0.021066000000 -0.009849500000 0.000868000000
v -0.021197000000 -0.009733500000 0.001728000000
v -0.021328000000 -0.009543500000 0.002575000000
v -0.021459000000 -0.009279500000 0.003403000000
v -0.021590000000 -0.008945500000 0.004205000000
v -0.021721000000 -0.008543500000 0.004975000000
v -0.021852000000 -0.008075500000 0.005707000000
v -0.021983000000 -0.007544500000 0.006393000000
v -0.022115000000 -0.006953500000 0.007030000000
v -0.022246000000 -0.006308500000 0.007611000000
v -0.022377000000 -0.005614500000 0.008134000000
v -0.022508000000 -0.004879500000 0.008596000000
v -0.022639000000 -0.004106500000 0.008992000000
v -0.022770000000 -0.003301500000 0.009320000000
v -0.022901000000 -0.002471500000 0.009575000000
v -0.023032000000 -0.001622500000 0.009755000000
v -0.023164000000 -0.000759500000 0.009858000000
v -0.023295000000 0.000108500000 0.009884000000
v -0.023425000000 0.000968500000 0.009836000000
v -0.023557000000 0.001835500000 0.009713000000
v -0.023688000000 0.002681500000 0.009516000000
v -0.023819000000 0.003506500000 0.009246000000
v -0.023950000000 0.004304500000 0.008903000000
v -0.024081000000 0.005068500000 0.008490000000
v -0.024212000000 0.005792500000 0.008011000000
v -0.024344000000 0.006472500000 0.007470000000
v -0.024475000000 0.007103500000 0.006873000000
v -0.024606000000 0.007679500000 0.006223000000
v -0.024737000000 0.008198500000 0.005526000000
v -0.024868000000 0.008653500000 0.004787000000
v -0.024999000000 0.009039500000 0.004009000000
v -0.025130000000 0.009355500000 0.003200000000
v -0.025261000000 0.009598500000 0.002366000000
v -0.025393000000 0.009767500000 0.001514000000
v -0.025524000000 0.009862500000 0.000651000000
v -0.025655000000 0.009883500000 -0.000218000000
v -0.025786000000 0.009827500000 -0.001084000000
v -0.025917000000 0.009696500000 -0.001943000000
v -0.026048000000 0.009488500000 -0.002786000000
v -0.026179000000 0.009205500000 -0.003607000000
v -0.026310000000 0.008851500000 -0.004400000000
v -0.026442000000 0.008430500000 -0.005160000000
v -0.026573000000 0.007945500000 -0.005880000000
v -0.026704000000 0.007399500000 -0.006556000000
v -0.026835000000 0.006797500000 -0.007182000000
v -0.026966000000 0.006141500000 -0.007751000000
v -0.027097000000 0.005437500000 -0.008259000000
v -0.027228000000 0.004690500000 -0.008702000000
v -0.027359000000 0.003907500000 -0.009079000000
v -0.027490000000 0.003095500000 -0.009387000000
v -0.027622000000 0.002259500000 -0.009623000000
v -0.027753000000 0.001406500000 -0.009786000000
v -0.027884000000 0.000542500000 -0.009874000000
v -0.028015000000 -0.000325500000 -0.009884000000
v -0.028146000000 -0.001191500000 -0.009815000000
v -0.028277000000 -0.002047500000 -0.009671000000
v -0.028408000000 -0.002888500000 -0.009453000000
v -0.028539000000 -0.003707500000 -0.009163000000
v -0.028671000000 -0.004497500000 -0.008803000000
v -0.028802000000 -0.005254500000 -0.008376000000
v -0.028933000000 -0.005969500000 -0.007884000000
v -0.029064000000 -0.006640500000 -0.007327000000
v -0.029195000000 -0.007254500000 -0.006717000000
v -0.029326000000 -0.007814500000 -0.006054000000
v -0.029457000000 -0.008314500000 -0.005344000000
v -0.029588000000 -0.008752500000 -0.004593000000
v -0.029719000000 -0.009123500000 -0.003808000000
v -0.029851000000 -0.009424500000 -0.002993000000
v -0.029982000000 -0.009651500000 -0.002155000000
v -0.030113000000 -0.009802500000 -0.001300000000
v -0.030244000000 -0.009876500000 -0.000435000000
v -0.030375000000 -0.009874500000 0.000434000000
v -0.030506000000 -0.009798500000 0.001299000000
v -0.030637000000 -0.009647500000 0.002155000000
v -0.030768000000 -0.009422500000 0.002994000000
v -0.030900000000 -0.009125500000 0.003809000000
v -0.031031000000 -0.008756500000 0.004596000000
v -0.031162000000 -0.008317500000 0.005345000000
v -0.031293000000 -0.007815500000 0.006053000000
v -0.031424000000 -0.007252500000 0.006715000000
v -0.031555000000 -0.006637500000 0.007324000000
v -0.031686000000 -0.005967500000 0.007881000000
v -0.031817000000 -0.005253500000 0.008376000000
v -0.031949000000 -0.004499500000 0.008806000000
v -0.032080000000 -0.003708500000 0.009167000000
v -0.032211000000 -0.002889500000 0.009455000000
v -0.032342000000 -0.002048500000 0.009670000000
v -0.032473000000 -0.001191500000 0.009812000000
v -0.032604000000 -0.000325500000 0.009879000000
v -0.032735000000 0.000543500000 0.009871000000
v -0.032866000000 0.001407500000 0.009788000000
v -0.032997000000 0.002261500000 0.009627000000
v -0.033129000000 0.003096500000 0.009391000000
v -0.033260000000 0.003907500000 0.009081000000
v -0.033391000000 0.004689500000 0.008701000000
v -0.033522000000 0.005434500000 0.008256000000
v -0.033653000000 0.006139500000 0.007748000000
v -0.033784000000 0.006796500000 0.007180000000
v -0.033915000000 0.007401500000 0.006557000000
v -0.034046000000 0.007948500000 0.005883000000
v -0.034178000000 0.008432500000 0.005162000000
v -0.034309000000 0.008851500000 0.004401000000
v -0.034440000000 0.009202500000 0.003606000000
v -0.034571000000 0.009483500000 0.002785000000
v -0.034702000000 0.009693500000 0.001942000000
v -0.034833000000 0.009828500000 0.001084000000
v -0.034964000000 0.009886500000 0.000217000000
v -0.035095000000 0.009867500000 -0.000651000000
v -0.035226000000 0.009769500000 -0.001514000000
v -0.035358000000 0.009597500000 -0.002365000000
v -0.035489000000 0.009352500000 -0.003198000000
v -0.035620000000 0.009035500000 -0.004007000000
v -0.035751000000 0.008650500000 -0.004786000000
v -0.035882000000 0.008199500000 -0.005528000000
v -0.036013000000 0.007683500000 -0.006226000000
v -0.036144000000 0.007106500000 -0.006875000000
v -0.036275000000 0.006474500000 -0.007471000000
v -0.036407000000 0.005792500000 -0.008009000000
v -0.036538000000 0.005066500000 -0.008487000000
v -0.036669000000 0.004302500000 -0.008900000000
v -0.036800000000 0.003505500000 -0.009245000000
v -0.036931000000 0.002681500000 -0.009518000000
v -0.037062000000 0.001835500000 -0.009717000000
v -0.037194000000 0.000969500000 -0.009840000000
v -0.037324000000 0.000108500000 -0.009885000000
v -0.037455000000 -0.000759500000 -0.009855000000
v -0.037587000000 -0.001621500000 -0.009750000000
v -0.037718000000 -0.002471500000 -0.009572000000
v -0.037849000000 -0.003302500000 -0.009320000000
v -0.037980000000 -0.004108500000 -0.008995000000
v -0.038111000000 -0.004881500000 -0.008600000000
v -0.038242000000 -0.005615500000 -0.008137000000
v -0.038373000000 -0.006307500000 -0.007611000000
v -0.038504000000 -0.006950500000 -0.007027000000
v -0.038636000000 -0.007541500000 -0.006390000000
v -0.038767000000 -0.008074500000 -0.005705000000
v -0.038898000000 -0.008545500000 -0.004975000000
v -0.039029000000 -0.008949500000 -0.004207000000
v -0.039160000000 -0.009284500000 -0.003405000000
v -0.039291000000 -0.009546500000 -0.002577000000
v -0.039422000000 -0.009735500000 -0.001729000000
v -0.020912000000 -0.010331500000 -0.000000000000
v -0.021043000000 -0.010290500000 0.000906000000
v -0.021174000000 -0.010168500000 0.001805000000
v -0.021305000000 -0.009969500000 0.002691000000
v -0.021436000000 -0.009694500000 0.003555000000
v -0.021567000000 -0.009345500000 0.004393000000
v -0.021698000000 -0.008925500000 0.005197000000
v -0.021830000000 -0.008436500000 0.005962000000
v -0.021961000000 -0.007881500000 0.006679000000
v -0.022092000000 -0.007263500000 0.007344000000
v -0.022223000000 -0.006590500000 0.007951000000
v -0.022354000000 -0.005865500000 0.008498000000
v -0.022485000000 -0.005097500000 0.008980000000
v -0.022616000000 -0.004289500000 0.009394000000
v -0.022747000000 -0.003449500000 0.009736000000
v -0.022878000000 -0.002582500000 0.010003000000
v -0.023010000000 -0.001694500000 0.010191000000
v -0.023141000000 -0.000793500000 0.010298000000
v -0.023272000000 0.000113500000 0.010326000000
v -0.023402000000 0.001012500000 0.010276000000
v -0.023534000000 0.001917500000 0.010147000000
v -0.023665000000 0.002801500000 0.009941000000
v -0.023796000000 0.003663500000 0.009659000000
v -0.023927000000 0.004497500000 0.009301000000
v -0.024059000000 0.005295500000 0.008870000000
v -0.024190000000 0.006051500000 0.008369000000
v -0.024321000000 0.006761500000 0.007804000000
v -0.024452000000 0.007420500000 0.007180000000
v -0.024583000000 0.008023500000 0.006501000000
v -0.024714000000 0.008564500000 0.005773000000
v -0.024845000000 0.009039500000 0.005001000000
v -0.024976000000 0.009443500000 0.004188000000
v -0.025107000000 0.009773500000 0.003343000000
v -0.025239000000 0.010027500000 0.002472000000
v -0.025370000000 0.010203500000 0.001582000000
v -0.025501000000 0.010303500000 0.000680000000
v -0.025632000000 0.010324500000 -0.000227000000
v -0.025763000000 0.010267500000 -0.001133000000
v -0.025894000000 0.010129500000 -0.002029000000
v -0.026025000000 0.009912500000 -0.002910000000
v -0.026156000000 0.009616500000 -0.003768000000
v -0.026288000000 0.009247500000 -0.004597000000
v -0.026419000000 0.008807500000 -0.005390000000
v -0.026550000000 0.008300500000 -0.006143000000
v -0.026681000000 0.007730500000 -0.006849000000
v -0.026812000000 0.007101500000 -0.007502000000
v -0.026943000000 0.006415500000 -0.008097000000
v -0.027074000000 0.005680500000 -0.008628000000
v -0.027205000000 0.004900500000 -0.009091000000
v -0.027337000000 0.004082500000 -0.009485000000
v -0.027468000000 0.003233500000 -0.009806000000
v -0.027599000000 0.002360500000 -0.010053000000
v -0.027730000000 0.001469500000 -0.010224000000
v -0.027861000000 0.000566500000 -0.010315000000
v -0.027992000000 -0.000340500000 -0.010325000000
v -0.028123000000 -0.001244500000 -0.010254000000
v -0.028254000000 -0.002139500000 -0.010103000000
v -0.028385000000 -0.003017500000 -0.009875000000
v -0.028517000000 -0.003873500000 -0.009572000000
v -0.028648000000 -0.004699500000 -0.009196000000
v -0.028779000000 -0.005489500000 -0.008750000000
v -0.028910000000 -0.006236500000 -0.008236000000
v -0.029042000000 -0.006937500000 -0.007655000000
v -0.029172000000 -0.007578500000 -0.007018000000
v -0.029303000000 -0.008163500000 -0.006324000000
v -0.029434000000 -0.008686500000 -0.005583000000
v -0.029566000000 -0.009143500000 -0.004799000000
v -0.029697000000 -0.009531500000 -0.003978000000
v -0.029828000000 -0.009845500000 -0.003127000000
v -0.029959000000 -0.010082500000 -0.002251000000
v -0.030090000000 -0.010240500000 -0.001358000000
v -0.030221000000 -0.010317500000 -0.000454000000
v -0.030352000000 -0.010316500000 0.000453000000
v -0.030483000000 -0.010236500000 0.001357000000
v -0.030614000000 -0.010078500000 0.002251000000
v -0.030746000000 -0.009844500000 0.003127000000
v -0.030877000000 -0.009533500000 0.003980000000
v -0.031008000000 -0.009147500000 0.004801000000
v -0.031139000000 -0.008689500000 0.005584000000
v -0.031270000000 -0.008164500000 0.006324000000
v -0.031401000000 -0.007576500000 0.007015000000
v -0.031532000000 -0.006934500000 0.007651000000
v -0.031663000000 -0.006233500000 0.008234000000
v -0.031795000000 -0.005488500000 0.008751000000
v -0.031926000000 -0.004700500000 0.009200000000
v -0.032057000000 -0.003874500000 0.009576000000
v -0.032188000000 -0.003018500000 0.009877000000
v -0.032319000000 -0.002139500000 0.010102000000
v -0.032450000000 -0.001244500000 0.010250000000
v -0.032581000000 -0.000339500000 0.010321000000
v -0.032712000000 0.000567500000 0.010313000000
v -0.032843000000 0.001470500000 0.010225000000
v -0.032975000000 0.002362500000 0.010058000000
v -0.033106000000 0.003235500000 0.009810000000
v -0.033237000000 0.004082500000 0.009487000000
v -0.033368000000 0.004898500000 0.009090000000
v -0.033499000000 0.005677500000 0.008625000000
v -0.033630000000 0.006413500000 0.008094000000
v -0.033761000000 0.007100500000 0.007501000000
v -0.033892000000 0.007732500000 0.006850000000
v -0.034024000000 0.008304500000 0.006146000000
v -0.034155000000 0.008809500000 0.005392000000
v -0.034286000000 0.009247500000 0.004598000000
v -0.034417000000 0.009613500000 0.003768000000
v -0.034548000000 0.009907500000 0.002909000000
v -0.034679000000 0.010126500000 0.002028000000
v -0.034810000000 0.010267500000 0.001132000000
v -0.034941000000 0.010328500000 0.000227000000
v -0.035073000000 0.010308500000 -0.000680000000
v -0.035204000000 0.010206500000 -0.001582000000
v -0.035335000000 0.010026500000 -0.002471000000
v -0.035466000000 0.009770500000 -0.003341000000
v -0.035597000000 0.009439500000 -0.004187000000
v -0.035728000000 0.009037500000 -0.005000000000
v -0.035859000000 0.008565500000 -0.005775000000
v -0.035990000000 0.008026500000 -0.006505000000
v -0.036121000000 0.007423500000 -0.007183000000
v -0.036253000000 0.006763500000 -0.007805000000
v -0.036384000000 0.006051500000 -0.008367000000
v -0.036515000000 0.005293500000 -0.008866000000
v -0.036646000000 0.004494500000 -0.009297000000
v -0.036777000000 0.003662500000 -0.009658000000
v -0.036908000000 0.002801500000 -0.009944000000
v -0.037039000000 0.001918500000 -0.010151000000
v -0.037171000000 0.001012500000 -0.010279000000
v -0.037302000000 0.000113500000 -0.010326000000
v -0.037433000000 -0.000793500000 -0.010295000000
v -0.037564000000 -0.001693500000 -0.010186000000
v -0.037695000000 -0.002581500000 -0.010000000000
v -0.037826000000 -0.003450500000 -0.009736000000
v -0.037957000000 -0.004291500000 -0.009397000000
v -0.038088000000 -0.005099500000 -0.008984000000
v -0.038219000000 -0.005866500000 -0.008500000000
v -0.038350000000 -0.006589500000 -0.007951000000
v -0.038482000000 -0.007261500000 -0.007341000000
v -0.038613000000 -0.007878500000 -0.006676000000
v -0.038744000000 -0.008435500000 -0.005960000000
v -0.038875000000 -0.008927500000 -0.005198000000
v -0.039006000000 -0.009349500000 -0.004395000000
v -0.039137000000 -0.009698500000 -0.003557000000
v -0.039268000000 -0.009973500000 -0.002692000000
v -0.039399000000 -0.010171500000 -0.001806000000
v -0.020801000000 -0.010759500000 -0.000000000000
v -0.020932000000 -0.010717500000 0.000944000000
v -0.021063000000 -0.010590500000 0.001880000000
v -0.021195000000 -0.010383500000 0.002802000000
v -0.021326000000 -0.010096500000 0.003703000000
v -0.021457000000 -0.009733500000 0.004575000000
v -0.021588000000 -0.009295500000 0.005413000000
v -0.021719000000 -0.008786500000 0.006209000000
v -0.021850000000 -0.008208500000 0.006956000000
v -0.021981000000 -0.007565500000 0.007648000000
v -0.022112000000 -0.006863500000 0.008281000000
v -0.022244000000 -0.006109500000 0.008850000000
v -0.022375000000 -0.005308500000 0.009353000000
v -0.022506000000 -0.004467500000 0.009784000000
v -0.022637000000 -0.003592500000 0.010140000000
v -0.022768000000 -0.002689500000 0.010418000000
v -0.022899000000 -0.001764500000 0.010613000000
v -0.023030000000 -0.000826500000 0.010725000000
v -0.023161000000 0.000117500000 0.010754000000
v -0.023291000000 0.001054500000 0.010702000000
v -0.023424000000 0.001996500000 0.010568000000
v -0.023555000000 0.002917500000 0.010353000000
v -0.023686000000 0.003815500000 0.010059000000
v -0.023817000000 0.004683500000 0.009687000000
v -0.023948000000 0.005514500000 0.009237000000
v -0.024079000000 0.006302500000 0.008716000000
v -0.024210000000 0.007042500000 0.008128000000
v -0.024341000000 0.007728500000 0.007478000000
v -0.024473000000 0.008356500000 0.006771000000
v -0.024604000000 0.008919500000 0.006013000000
v -0.024735000000 0.009414500000 0.005208000000
v -0.024866000000 0.009835500000 0.004362000000
v -0.024997000000 0.010178500000 0.003482000000
v -0.025128000000 0.010442500000 0.002574000000
v -0.025259000000 0.010627500000 0.001647000000
v -0.025390000000 0.010730500000 0.000708000000
v -0.025521000000 0.010753500000 -0.000237000000
v -0.025653000000 0.010693500000 -0.001180000000
v -0.025784000000 0.010549500000 -0.002114000000
v -0.025915000000 0.010323500000 -0.003031000000
v -0.026046000000 0.010015500000 -0.003924000000
v -0.026177000000 0.009630500000 -0.004787000000
v -0.026308000000 0.009172500000 -0.005614000000
v -0.026439000000 0.008644500000 -0.006398000000
v -0.026570000000 0.008051500000 -0.007133000000
v -0.026702000000 0.007395500000 -0.007814000000
v -0.026833000000 0.006682500000 -0.008433000000
v -0.026964000000 0.005915500000 -0.008986000000
v -0.027095000000 0.005103500000 -0.009468000000
v -0.027226000000 0.004251500000 -0.009878000000
v -0.027357000000 0.003368500000 -0.010213000000
v -0.027488000000 0.002458500000 -0.010470000000
v -0.027619000000 0.001530500000 -0.010648000000
v -0.027751000000 0.000590500000 -0.010743000000
v -0.027882000000 -0.000354500000 -0.010754000000
v -0.028013000000 -0.001296500000 -0.010679000000
v -0.028144000000 -0.002228500000 -0.010522000000
v -0.028275000000 -0.003142500000 -0.010285000000
v -0.028406000000 -0.004033500000 -0.009969000000
v -0.028537000000 -0.004893500000 -0.009578000000
v -0.028668000000 -0.005716500000 -0.009113000000
v -0.028799000000 -0.006495500000 -0.008578000000
v -0.028931000000 -0.007225500000 -0.007972000000
v -0.029062000000 -0.007892500000 -0.007309000000
v -0.029193000000 -0.008502500000 -0.006586000000
v -0.029324000000 -0.009046500000 -0.005814000000
v -0.029455000000 -0.009522500000 -0.004998000000
v -0.029586000000 -0.009926500000 -0.004143000000
v -0.029717000000 -0.010253500000 -0.003257000000
v -0.029848000000 -0.010501500000 -0.002345000000
v -0.029980000000 -0.010665500000 -0.001414000000
v -0.030111000000 -0.010745500000 -0.000473000000
v -0.030242000000 -0.010744500000 0.000472000000
v -0.030373000000 -0.010660500000 0.001414000000
v -0.030504000000 -0.010496500000 0.002344000000
v -0.030635000000 -0.010252500000 0.003257000000
v -0.030766000000 -0.009928500000 0.004145000000
v -0.030897000000 -0.009527500000 0.005000000000
v -0.031028000000 -0.009050500000 0.005816000000
v -0.031160000000 -0.008503500000 0.006586000000
v -0.031291000000 -0.007891500000 0.007306000000
v -0.031421000000 -0.007221500000 0.007969000000
v -0.031553000000 -0.006492500000 0.008575000000
v -0.031684000000 -0.005716500000 0.009114000000
v -0.031815000000 -0.004895500000 0.009582000000
v -0.031946000000 -0.004035500000 0.009974000000
v -0.032077000000 -0.003144500000 0.010287000000
v -0.032209000000 -0.002228500000 0.010521000000
v -0.032340000000 -0.001296500000 0.010676000000
v -0.032471000000 -0.000354500000 0.010749000000
v -0.032602000000 0.000590500000 0.010740000000
v -0.032733000000 0.001531500000 0.010649000000
v -0.032864000000 0.002460500000 0.010475000000
v -0.032995000000 0.003369500000 0.010217000000
v -0.033126000000 0.004251500000 0.009880000000
v -0.033258000000 0.005101500000 0.009467000000
v -0.033389000000 0.005913500000 0.008982000000
v -0.033520000000 0.006679500000 0.008430000000
v -0.033651000000 0.007395500000 0.007812000000
v -0.033782000000 0.008053500000 0.007135000000
v -0.033913000000 0.008648500000 0.006401000000
v -0.034044000000 0.009175500000 0.005616000000
v -0.034175000000 0.009630500000 0.004788000000
v -0.034306000000 0.010012500000 0.003924000000
v -0.034438000000 0.010318500000 0.003030000000
v -0.034569000000 0.010546500000 0.002112000000
v -0.034700000000 0.010693500000 0.001179000000
v -0.034831000000 0.010757500000 0.000236000000
v -0.034962000000 0.010735500000 -0.000708000000
v -0.035093000000 0.010629500000 -0.001647000000
v -0.035224000000 0.010442500000 -0.002573000000
v -0.035355000000 0.010175500000 -0.003480000000
v -0.035487000000 0.009831500000 -0.004360000000
v -0.035618000000 0.009412500000 -0.005207000000
v -0.035749000000 0.008920500000 -0.006014000000
v -0.035880000000 0.008359500000 -0.006774000000
v -0.036011000000 0.007731500000 -0.007481000000
v -0.036142000000 0.007044500000 -0.008129000000
v -0.036273000000 0.006302500000 -0.008714000000
v -0.036404000000 0.005512500000 -0.009234000000
v -0.036535000000 0.004681500000 -0.009683000000
v -0.036667000000 0.003814500000 -0.010058000000
v -0.036798000000 0.002917500000 -0.010356000000
v -0.036929000000 0.001997500000 -0.010572000000
v -0.037061000000 0.001054500000 -0.010706000000
v -0.037191000000 0.000118500000 -0.010755000000
v -0.037322000000 -0.000825500000 -0.010722000000
v -0.037453000000 -0.001764500000 -0.010609000000
v -0.037584000000 -0.002689500000 -0.010414000000
v -0.037716000000 -0.003593500000 -0.010140000000
v -0.037847000000 -0.004469500000 -0.009787000000
v -0.037978000000 -0.005310500000 -0.009357000000
v -0.038109000000 -0.006110500000 -0.008853000000
v -0.038240000000 -0.006862500000 -0.008281000000
v -0.038371000000 -0.007562500000 -0.007646000000
v -0.038502000000 -0.008204500000 -0.006953000000
v -0.038633000000 -0.008785500000 -0.006207000000
v -0.038765000000 -0.009297500000 -0.005413000000
v -0.038896000000 -0.009737500000 -0.004577000000
v -0.039027000000 -0.010101500000 -0.003705000000
v -0.039158000000 -0.010386500000 -0.002804000000
v -0.039289000000 -0.010592500000 -0.001881000000
v -0.020606000000 -0.011157500000 -0.000000000000
v -0.020737000000 -0.011112500000 0.000979000000
v -0.020868000000 -0.010981500000 0.001950000000
v -0.021000000000 -0.010766500000 0.002906000000
v -0.021131000000 -0.010469500000 0.003840000000
v -0.021262000000 -0.010092500000 0.004744000000
v -0.021393000000 -0.009639500000 0.005613000000
v -0.021524000000 -0.009111500000 0.006438000000
v -0.021655000000 -0.008511500000 0.007213000000
v -0.021786000000 -0.007844500000 0.007931000000
v -0.021917000000 -0.007116500000 0.008587000000
v -0.022048000000 -0.006334500000 0.009177000000
v -0.022180000000 -0.005504500000 0.009698000000
v -0.022311000000 -0.004632500000 0.010145000000
v -0.022442000000 -0.003725500000 0.010515000000
v -0.022573000000 -0.002788500000 0.010803000000
v -0.022704000000 -0.001830500000 0.011005000000
v -0.022835000000 -0.000857500000 0.011121000000
v -0.022966000000 0.000122500000 0.011151000000
v -0.023096000000 0.001092500000 0.011097000000
v -0.023229000000 0.002070500000 0.010958000000
v -0.023360000000 0.003024500000 0.010735000000
v -0.023491000000 0.003956500000 0.010431000000
v -0.023622000000 0.004856500000 0.010044000000
v -0.023753000000 0.005718500000 0.009579000000
v -0.023884000000 0.006535500000 0.009038000000
v -0.024015000000 0.007302500000 0.008428000000
v -0.024146000000 0.008013500000 0.007754000000
v -0.024278000000 0.008664500000 0.007021000000
v -0.024409000000 0.009249500000 0.006235000000
v -0.024540000000 0.009762500000 0.005400000000
v -0.024671000000 0.010198500000 0.004523000000
v -0.024802000000 0.010554500000 0.003610000000
v -0.024933000000 0.010828500000 0.002669000000
v -0.025064000000 0.011019500000 0.001708000000
v -0.025195000000 0.011127500000 0.000734000000
v -0.025326000000 0.011150500000 -0.000245000000
v -0.025458000000 0.011087500000 -0.001223000000
v -0.025589000000 0.010939500000 -0.002192000000
v -0.025720000000 0.010704500000 -0.003143000000
v -0.025851000000 0.010385500000 -0.004069000000
v -0.025982000000 0.009986500000 -0.004964000000
v -0.026113000000 0.009511500000 -0.005821000000
v -0.026244000000 0.008963500000 -0.006634000000
v -0.026375000000 0.008348500000 -0.007396000000
v -0.026507000000 0.007668500000 -0.008102000000
v -0.026638000000 0.006928500000 -0.008745000000
v -0.026769000000 0.006134500000 -0.009318000000
v -0.026900000000 0.005291500000 -0.009818000000
v -0.027031000000 0.004408500000 -0.010243000000
v -0.027162000000 0.003492500000 -0.010590000000
v -0.027293000000 0.002549500000 -0.010857000000
v -0.027424000000 0.001587500000 -0.011041000000
v -0.027555000000 0.000612500000 -0.011140000000
v -0.027687000000 -0.000367500000 -0.011151000000
v -0.027818000000 -0.001344500000 -0.011074000000
v -0.027949000000 -0.002310500000 -0.010911000000
v -0.028080000000 -0.003258500000 -0.010664000000
v -0.028211000000 -0.004182500000 -0.010337000000
v -0.028342000000 -0.005074500000 -0.009931000000
v -0.028473000000 -0.005927500000 -0.009450000000
v -0.028604000000 -0.006735500000 -0.008895000000
v -0.028736000000 -0.007491500000 -0.008266000000
v -0.028867000000 -0.008184500000 -0.007578000000
v -0.028998000000 -0.008816500000 -0.006830000000
v -0.029129000000 -0.009380500000 -0.006029000000
v -0.029260000000 -0.009874500000 -0.005182000000
v -0.029391000000 -0.010292500000 -0.004296000000
v -0.029522000000 -0.010632500000 -0.003377000000
v -0.029653000000 -0.010888500000 -0.002431000000
v -0.029785000000 -0.011058500000 -0.001466000000
v -0.029916000000 -0.011142500000 -0.000490000000
v -0.030047000000 -0.011140500000 0.000490000000
v -0.030178000000 -0.011054500000 0.001466000000
v -0.030309000000 -0.010884500000 0.002431000000
v -0.030440000000 -0.010630500000 0.003377000000
v -0.030571000000 -0.010295500000 0.004298000000
v -0.030702000000 -0.009878500000 0.005185000000
v -0.030833000000 -0.009384500000 0.006030000000
v -0.030965000000 -0.008817500000 0.006829000000
v -0.031096000000 -0.008182500000 0.007576000000
v -0.031226000000 -0.007488500000 0.008263000000
v -0.031358000000 -0.006732500000 0.008892000000
v -0.031489000000 -0.005927500000 0.009450000000
v -0.031620000000 -0.005075500000 0.009935000000
v -0.031751000000 -0.004184500000 0.010342000000
v -0.031882000000 -0.003260500000 0.010667000000
v -0.032014000000 -0.002310500000 0.010910000000
v -0.032145000000 -0.001344500000 0.011070000000
v -0.032276000000 -0.000367500000 0.011146000000
v -0.032407000000 0.000612500000 0.011137000000
v -0.032538000000 0.001587500000 0.011042000000
v -0.032669000000 0.002550500000 0.010861000000
v -0.032800000000 0.003493500000 0.010594000000
v -0.032931000000 0.004408500000 0.010245000000
v -0.033062000000 0.005290500000 0.009817000000
v -0.033194000000 0.006131500000 0.009314000000
v -0.033325000000 0.006926500000 0.008741000000
v -0.033456000000 0.007668500000 0.008101000000
v -0.033587000000 0.008350500000 0.007398000000
v -0.033718000000 0.008967500000 0.006637000000
v -0.033849000000 0.009514500000 0.005823000000
v -0.033980000000 0.009986500000 0.004965000000
v -0.034111000000 0.010382500000 0.004069000000
v -0.034243000000 0.010699500000 0.003141000000
v -0.034374000000 0.010935500000 0.002190000000
v -0.034505000000 0.011088500000 0.001223000000
v -0.034636000000 0.011154500000 0.000245000000
v -0.034767000000 0.011131500000 -0.000735000000
v -0.034898000000 0.011022500000 -0.001708000000
v -0.035029000000 0.010827500000 -0.002668000000
v -0.035160000000 0.010551500000 -0.003609000000
v -0.035291000000 0.010194500000 -0.004521000000
v -0.035423000000 0.009759500000 -0.005399000000
v -0.035554000000 0.009250500000 -0.006236000000
v -0.035685000000 0.008667500000 -0.007024000000
v -0.035816000000 0.008017500000 -0.007757000000
v -0.035947000000 0.007304500000 -0.008429000000
v -0.036078000000 0.006535500000 -0.009036000000
v -0.036209000000 0.005716500000 -0.009574000000
v -0.036340000000 0.004854500000 -0.010040000000
v -0.036472000000 0.003955500000 -0.010430000000
v -0.036603000000 0.003025500000 -0.010739000000
v -0.036734000000 0.002071500000 -0.010963000000
v -0.036866000000 0.001093500000 -0.011101000000
v -0.036996000000 0.000122500000 -0.011152000000
v -0.037127000000 -0.000856500000 -0.011118000000
v -0.037258000000 -0.001829500000 -0.011000000000
v -0.037389000000 -0.002788500000 -0.010799000000
v -0.037521000000 -0.003725500000 -0.010515000000
v -0.037652000000 -0.004634500000 -0.010149000000
v -0.037783000000 -0.005507500000 -0.009702000000
v -0.037914000000 -0.006335500000 -0.009180000000
v -0.038045000000 -0.007115500000 -0.008587000000
v -0.038176000000 -0.007841500000 -0.007928000000
v -0.038307000000 -0.008507500000 -0.007210000000
v -0.038438000000 -0.009109500000 -0.006436000000
v -0.038569000000 -0.009640500000 -0.005613000000
v -0.038701000000 -0.010097500000 -0.004746000000
v -0.038832000000 -0.010474500000 -0.003841000000
v -0.038963000000 -0.010770500000 -0.002907000000
v -0.039094000000 -0.010983500000 -0.001951000000
v -0.020335000000 -0.011507500000 -0.000000000000
v -0.020466000000 -0.011461500000 0.001010000000
v -0.020597000000 -0.011326500000 0.002011000000
v -0.020728000000 -0.011103500000 0.002997000000
v -0.020860000000 -0.010797500000 0.003960000000
v -0.020991000000 -0.010409500000 0.004893000000
v -0.021122000000 -0.009941500000 0.005789000000
v -0.021253000000 -0.009396500000 0.006640000000
v -0.021384000000 -0.008778500000 0.007439000000
v -0.021515000000 -0.008090500000 0.008179000000
v -0.021646000000 -0.007340500000 0.008856000000
v -0.021777000000 -0.006533500000 0.009465000000
v -0.021908000000 -0.005677500000 0.010002000000
v -0.022040000000 -0.004777500000 0.010463000000
v -0.022171000000 -0.003842500000 0.010844000000
v -0.022302000000 -0.002876500000 0.011141000000
v -0.022433000000 -0.001887500000 0.011350000000
v -0.022564000000 -0.000884500000 0.011470000000
v -0.022695000000 0.000125500000 0.011501000000
v -0.022825000000 0.001127500000 0.011445000000
v -0.022957000000 0.002135500000 0.011301000000
v -0.023089000000 0.003119500000 0.011072000000
v -0.023220000000 0.004080500000 0.010758000000
v -0.023351000000 0.005008500000 0.010359000000
v -0.023482000000 0.005897500000 0.009879000000
v -0.023613000000 0.006740500000 0.009321000000
v -0.023744000000 0.007531500000 0.008692000000
v -0.023875000000 0.008265500000 0.007997000000
v -0.024006000000 0.008936500000 0.007241000000
v -0.024138000000 0.009539500000 0.006430000000
v -0.024269000000 0.010068500000 0.005570000000
v -0.024400000000 0.010518500000 0.004665000000
v -0.024531000000 0.010885500000 0.003723000000
v -0.024662000000 0.011167500000 0.002753000000
v -0.024793000000 0.011365500000 0.001762000000
v -0.024924000000 0.011475500000 0.000757000000
v -0.025055000000 0.011499500000 -0.000253000000
v -0.025186000000 0.011435500000 -0.001262000000
v -0.025318000000 0.011282500000 -0.002260000000
v -0.025449000000 0.011040500000 -0.003241000000
v -0.025580000000 0.010710500000 -0.004197000000
v -0.025711000000 0.010299500000 -0.005120000000
v -0.025842000000 0.009809500000 -0.006004000000
v -0.025973000000 0.009244500000 -0.006842000000
v -0.026104000000 0.008609500000 -0.007628000000
v -0.026235000000 0.007909500000 -0.008356000000
v -0.026367000000 0.007146500000 -0.009019000000
v -0.026498000000 0.006326500000 -0.009610000000
v -0.026629000000 0.005457500000 -0.010126000000
v -0.026760000000 0.004547500000 -0.010564000000
v -0.026891000000 0.003601500000 -0.010922000000
v -0.027022000000 0.002629500000 -0.011197000000
v -0.027153000000 0.001636500000 -0.011387000000
v -0.027284000000 0.000631500000 -0.011489000000
v -0.027415000000 -0.000379500000 -0.011500000000
v -0.027547000000 -0.001386500000 -0.011421000000
v -0.027678000000 -0.002382500000 -0.011253000000
v -0.027809000000 -0.003360500000 -0.010999000000
v -0.027940000000 -0.004313500000 -0.010661000000
v -0.028071000000 -0.005233500000 -0.010243000000
v -0.028202000000 -0.006113500000 -0.009746000000
v -0.028333000000 -0.006946500000 -0.009173000000
v -0.028465000000 -0.007726500000 -0.008526000000
v -0.028596000000 -0.008440500000 -0.007816000000
v -0.028727000000 -0.009092500000 -0.007044000000
v -0.028858000000 -0.009674500000 -0.006218000000
v -0.028989000000 -0.010184500000 -0.005345000000
v -0.029120000000 -0.010615500000 -0.004431000000
v -0.029251000000 -0.010965500000 -0.003483000000
v -0.029382000000 -0.011230500000 -0.002508000000
v -0.029513000000 -0.011405500000 -0.001512000000
v -0.029644000000 -0.011491500000 -0.000506000000
v -0.029776000000 -0.011490500000 0.000505000000
v -0.029907000000 -0.011400500000 0.001512000000
v -0.030038000000 -0.011225500000 0.002507000000
v -0.030169000000 -0.010964500000 0.003483000000
v -0.030300000000 -0.010618500000 0.004433000000
v -0.030431000000 -0.010188500000 0.005347000000
v -0.030562000000 -0.009678500000 0.006220000000
v -0.030693000000 -0.009093500000 0.007043000000
v -0.030825000000 -0.008438500000 0.007814000000
v -0.030955000000 -0.007723500000 0.008522000000
v -0.031087000000 -0.006943500000 0.009171000000
v -0.031218000000 -0.006113500000 0.009746000000
v -0.031349000000 -0.005235500000 0.010247000000
v -0.031480000000 -0.004315500000 0.010666000000
v -0.031611000000 -0.003362500000 0.011001000000
v -0.031742000000 -0.002383500000 0.011252000000
v -0.031874000000 -0.001386500000 0.011417000000
v -0.032005000000 -0.000378500000 0.011495000000
v -0.032136000000 0.000631500000 0.011486000000
v -0.032267000000 0.001637500000 0.011389000000
v -0.032398000000 0.002630500000 0.011202000000
v -0.032529000000 0.003603500000 0.010927000000
v -0.032660000000 0.004547500000 0.010566000000
v -0.032791000000 0.005456500000 0.010125000000
v -0.032922000000 0.006323500000 0.009606000000
v -0.033054000000 0.007143500000 0.009015000000
v -0.033185000000 0.007908500000 0.008355000000
v -0.033316000000 0.008612500000 0.007630000000
v -0.033447000000 0.009249500000 0.006845000000
v -0.033578000000 0.009812500000 0.006006000000
v -0.033709000000 0.010299500000 0.005121000000
v -0.033840000000 0.010707500000 0.004196000000
v -0.033971000000 0.011035500000 0.003240000000
v -0.034103000000 0.011278500000 0.002259000000
v -0.034234000000 0.011435500000 0.001261000000
v -0.034365000000 0.011503500000 0.000253000000
v -0.034496000000 0.011480500000 -0.000758000000
v -0.034627000000 0.011367500000 -0.001762000000
v -0.034758000000 0.011167500000 -0.002752000000
v -0.034889000000 0.010881500000 -0.003722000000
v -0.035020000000 0.010513500000 -0.004663000000
v -0.035151000000 0.010065500000 -0.005569000000
v -0.035283000000 0.009540500000 -0.006432000000
v -0.035414000000 0.008939500000 -0.007245000000
v -0.035545000000 0.008268500000 -0.008000000000
v -0.035676000000 0.007533500000 -0.008693000000
v -0.035807000000 0.006739500000 -0.009319000000
v -0.035938000000 0.005895500000 -0.009875000000
v -0.036069000000 0.005006500000 -0.010355000000
v -0.036200000000 0.004079500000 -0.010757000000
v -0.036332000000 0.003120500000 -0.011075000000
v -0.036463000000 0.002136500000 -0.011306000000
v -0.036595000000 0.001128500000 -0.011449000000
v -0.036725000000 0.000126500000 -0.011501000000
v -0.036856000000 -0.000883500000 -0.011467000000
v -0.036987000000 -0.001886500000 -0.011345000000
v -0.037118000000 -0.002875500000 -0.011137000000
v -0.037249000000 -0.003842500000 -0.010844000000
v -0.037381000000 -0.004780500000 -0.010467000000
v -0.037512000000 -0.005679500000 -0.010006000000
v -0.037643000000 -0.006534500000 -0.009468000000
v -0.037774000000 -0.007338500000 -0.008856000000
v -0.037905000000 -0.008087500000 -0.008177000000
v -0.038036000000 -0.008774500000 -0.007436000000
v -0.038167000000 -0.009395500000 -0.006638000000
v -0.038298000000 -0.009943500000 -0.005789000000
v -0.038429000000 -0.010413500000 -0.004895000000
v -0.038561000000 -0.010802500000 -0.003962000000
v -0.038692000000 -0.011108500000 -0.002998000000
v -0.038823000000 -0.011328500000 -0.002012000000
v -0.020000000000 -0.011795500000 -0.000000000000
v -0.020131000000 -0.011748500000 0.001035000000
v -0.020262000000 -0.011610500000 0.002061000000
v -0.020393000000 -0.011382500000 0.003072000000
v -0.020524000000 -0.011068500000 0.004059000000
v -0.020655000000 -0.010670500000 0.005016000000
v -0.020786000000 -0.010190500000 0.005934000000
v -0.020917000000 -0.009632500000 0.006807000000
v -0.021049000000 -0.008998500000 0.007626000000
v -0.021180000000 -0.008293500000 0.008385000000
v -0.021311000000 -0.007524500000 0.009078000000
v -0.021442000000 -0.006697500000 0.009702000000
v -0.021573000000 -0.005819500000 0.010253000000
v -0.021704000000 -0.004897500000 0.010726000000
v -0.021835000000 -0.003938500000 0.011116000000
v -0.021966000000 -0.002948500000 0.011421000000
v -0.022098000000 -0.001934500000 0.011635000000
v -0.022229000000 -0.000906500000 0.011758000000
v -0.022360000000 0.000129500000 0.011790000000
v -0.022490000000 0.001155500000 0.011732000000
v -0.022622000000 0.002189500000 0.011585000000
v -0.022753000000 0.003198500000 0.011350000000
v -0.022884000000 0.004182500000 0.011028000000
v -0.023015000000 0.005134500000 0.010619000000
v -0.023146000000 0.006045500000 0.010127000000
v -0.023278000000 0.006909500000 0.009555000000
v -0.023409000000 0.007720500000 0.008910000000
v -0.023540000000 0.008472500000 0.008198000000
v -0.023671000000 0.009160500000 0.007423000000
v -0.023802000000 0.009778500000 0.006592000000
v -0.023933000000 0.010320500000 0.005709000000
v -0.024064000000 0.010782500000 0.004782000000
v -0.024195000000 0.011158500000 0.003817000000
v -0.024327000000 0.011448500000 0.002822000000
v -0.024458000000 0.011650500000 0.001806000000
v -0.024589000000 0.011763500000 0.000776000000
v -0.024720000000 0.011788500000 -0.000259000000
v -0.024851000000 0.011722500000 -0.001293000000
v -0.024982000000 0.011565500000 -0.002317000000
v -0.025113000000 0.011316500000 -0.003323000000
v -0.025244000000 0.010979500000 -0.004302000000
v -0.025376000000 0.010557500000 -0.005248000000
v -0.025507000000 0.010055500000 -0.006154000000
v -0.025638000000 0.009476500000 -0.007014000000
v -0.025769000000 0.008825500000 -0.007820000000
v -0.025900000000 0.008107500000 -0.008566000000
v -0.026031000000 0.007325500000 -0.009245000000
v -0.026162000000 0.006485500000 -0.009851000000
v -0.026293000000 0.005594500000 -0.010380000000
v -0.026424000000 0.004661500000 -0.010829000000
v -0.026556000000 0.003692500000 -0.011196000000
v -0.026687000000 0.002695500000 -0.011478000000
v -0.026818000000 0.001677500000 -0.011673000000
v -0.026949000000 0.000647500000 -0.011777000000
v -0.027080000000 -0.000388500000 -0.011789000000
v -0.027211000000 -0.001421500000 -0.011707000000
v -0.027342000000 -0.002442500000 -0.011535000000
v -0.027473000000 -0.003445500000 -0.011275000000
v -0.027605000000 -0.004421500000 -0.010929000000
v -0.027736000000 -0.005364500000 -0.010500000000
v -0.027867000000 -0.006266500000 -0.009991000000
v -0.027998000000 -0.007120500000 -0.009404000000
v -0.028130000000 -0.007920500000 -0.008739000000
v -0.028260000000 -0.008652500000 -0.008012000000
v -0.028391000000 -0.009320500000 -0.007220000000
v -0.028522000000 -0.009917500000 -0.006374000000
v -0.028653000000 -0.010439500000 -0.005479000000
v -0.028785000000 -0.010882500000 -0.004542000000
v -0.028916000000 -0.011240500000 -0.003570000000
v -0.029047000000 -0.011511500000 -0.002571000000
v -0.029178000000 -0.011691500000 -0.001550000000
v -0.029309000000 -0.011780500000 -0.000518000000
v -0.029440000000 -0.011778500000 0.000518000000
v -0.029571000000 -0.011686500000 0.001550000000
v -0.029702000000 -0.011506500000 0.002570000000
v -0.029834000000 -0.011239500000 0.003571000000
v -0.029965000000 -0.010884500000 0.004544000000
v -0.030096000000 -0.010444500000 0.005481000000
v -0.030227000000 -0.009921500000 0.006376000000
v -0.030358000000 -0.009321500000 0.007220000000
v -0.030489000000 -0.008650500000 0.008010000000
v -0.030620000000 -0.007917500000 0.008736000000
v -0.030751000000 -0.007117500000 0.009401000000
v -0.030882000000 -0.006266500000 0.009991000000
v -0.031014000000 -0.005366500000 0.010504000000
v -0.031145000000 -0.004423500000 0.010934000000
v -0.031276000000 -0.003446500000 0.011277000000
v -0.031407000000 -0.002443500000 0.011534000000
v -0.031538000000 -0.001421500000 0.011703000000
v -0.031669000000 -0.000388500000 0.011783000000
v -0.031800000000 0.000647500000 0.011774000000
v -0.031931000000 0.001678500000 0.011674000000
v -0.032063000000 0.002696500000 0.011483000000
v -0.032194000000 0.003693500000 0.011201000000
v -0.032325000000 0.004661500000 0.010831000000
v -0.032456000000 0.005592500000 0.010379000000
v -0.032587000000 0.006482500000 0.009847000000
v -0.032718000000 0.007322500000 0.009241000000
v -0.032849000000 0.008106500000 0.008564000000
v -0.032980000000 0.008828500000 0.007821000000
v -0.033112000000 0.009481500000 0.007017000000
v -0.033243000000 0.010058500000 0.006157000000
v -0.033374000000 0.010557500000 0.005249000000
v -0.033505000000 0.010976500000 0.004302000000
v -0.033636000000 0.011311500000 0.003321000000
v -0.033767000000 0.011561500000 0.002316000000
v -0.033898000000 0.011722500000 0.001293000000
v -0.034029000000 0.011792500000 0.000259000000
v -0.034160000000 0.011768500000 -0.000777000000
v -0.034292000000 0.011653500000 -0.001806000000
v -0.034423000000 0.011447500000 -0.002821000000
v -0.034554000000 0.011154500000 -0.003815000000
v -0.034685000000 0.010777500000 -0.004780000000
v -0.034816000000 0.010318500000 -0.005708000000
v -0.034947000000 0.009779500000 -0.006593000000
v -0.035078000000 0.009164500000 -0.007426000000
v -0.035209000000 0.008476500000 -0.008201000000
v -0.035341000000 0.007722500000 -0.008911000000
v -0.035472000000 0.006909500000 -0.009553000000
v -0.035603000000 0.006043500000 -0.010122000000
v -0.035734000000 0.005131500000 -0.010615000000
v -0.035865000000 0.004181500000 -0.011027000000
v -0.035996000000 0.003198500000 -0.011353000000
v -0.036127000000 0.002189500000 -0.011590000000
v -0.036259000000 0.001156500000 -0.011736000000
v -0.036389000000 0.000129500000 -0.011790000000
v -0.036521000000 -0.000905500000 -0.011754000000
v -0.036652000000 -0.001934500000 -0.011630000000
v -0.036783000000 -0.002947500000 -0.011417000000
v -0.036914000000 -0.003939500000 -0.011116000000
v -0.037045000000 -0.004899500000 -0.010729000000
v -0.037176000000 -0.005822500000 -0.010257000000
v -0.037307000000 -0.006698500000 -0.009705000000
v -0.037438000000 -0.007522500000 -0.009078000000
v -0.037570000000 -0.008290500000 -0.008382000000
v -0.037701000000 -0.008994500000 -0.007622000000
v -0.037832000000 -0.009630500000 -0.006804000000
v -0.037963000000 -0.010192500000 -0.005934000000
v -0.038094000000 -0.010674500000 -0.005018000000
v -0.038225000000 -0.011073500000 -0.004061000000
v -0.038356000000 -0.011386500000 -0.003073000000
v -0.038487000000 -0.011612500000 -0.002062000000
v -0.019613000000 -0.012010500000 -0.000000000000
v -0.019744000000 -0.011962500000 0.001054000000
v -0.019875000000 -0.011821500000 0.002099000000
v -0.020006000000 -0.011589500000 0.003128000000
v -0.020137000000 -0.011269500000 0.004133000000
v -0.020268000000 -0.010864500000 0.005107000000
v -0.020399000000 -0.010376500000 0.006042000000
v -0.020530000000 -0.009807500000 0.006930000000
v -0.020661000000 -0.009162500000 0.007764000000
v -0.020793000000 -0.008444500000 0.008537000000
v -0.020924000000 -0.007660500000 0.009243000000
v -0.021055000000 -0.006819500000 0.009879000000
v -0.021186000000 -0.005925500000 0.010439000000
v -0.021317000000 -0.004986500000 0.010921000000
v -0.021448000000 -0.004010500000 0.011318000000
v -0.021579000000 -0.003001500000 0.011628000000
v -0.021710000000 -0.001969500000 0.011847000000
v -0.021842000000 -0.000922500000 0.011971000000
v -0.021973000000 0.000131500000 0.012004000000
v -0.022103000000 0.001176500000 0.011946000000
v -0.022235000000 0.002228500000 0.011795000000
v -0.022366000000 0.003256500000 0.011556000000
v -0.022497000000 0.004258500000 0.011228000000
v -0.022628000000 0.005227500000 0.010812000000
v -0.022759000000 0.006155500000 0.010311000000
v -0.022890000000 0.007035500000 0.009729000000
v -0.023022000000 0.007860500000 0.009072000000
v -0.023153000000 0.008626500000 0.008347000000
v -0.023284000000 0.009326500000 0.007558000000
v -0.023415000000 0.009956500000 0.006711000000
v -0.023546000000 0.010508500000 0.005813000000
v -0.023677000000 0.010978500000 0.004869000000
v -0.023808000000 0.011361500000 0.003886000000
v -0.023939000000 0.011656500000 0.002874000000
v -0.024071000000 0.011861500000 0.001839000000
v -0.024202000000 0.011977500000 0.000790000000
v -0.024333000000 0.012002500000 -0.000264000000
v -0.024464000000 0.011935500000 -0.001317000000
v -0.024595000000 0.011775500000 -0.002359000000
v -0.024726000000 0.011522500000 -0.003383000000
v -0.024857000000 0.011179500000 -0.004380000000
v -0.024988000000 0.010749500000 -0.005344000000
v -0.025120000000 0.010238500000 -0.006266000000
v -0.025251000000 0.009648500000 -0.007141000000
v -0.025382000000 0.008986500000 -0.007962000000
v -0.025513000000 0.008254500000 -0.008722000000
v -0.025644000000 0.007458500000 -0.009413000000
v -0.025775000000 0.006603500000 -0.010030000000
v -0.025906000000 0.005696500000 -0.010569000000
v -0.026037000000 0.004745500000 -0.011026000000
v -0.026168000000 0.003759500000 -0.011400000000
v -0.026300000000 0.002744500000 -0.011687000000
v -0.026431000000 0.001708500000 -0.011885000000
v -0.026562000000 0.000659500000 -0.011991000000
v -0.026693000000 -0.000395500000 -0.012003000000
v -0.026824000000 -0.001446500000 -0.011920000000
v -0.026955000000 -0.002486500000 -0.011745000000
v -0.027086000000 -0.003507500000 -0.011480000000
v -0.027217000000 -0.004502500000 -0.011127000000
v -0.027349000000 -0.005462500000 -0.010691000000
v -0.027480000000 -0.006380500000 -0.010172000000
v -0.027611000000 -0.007249500000 -0.009575000000
v -0.027742000000 -0.008064500000 -0.008898000000
v -0.027873000000 -0.008809500000 -0.008158000000
v -0.028004000000 -0.009490500000 -0.007352000000
v -0.028135000000 -0.010097500000 -0.006490000000
v -0.028266000000 -0.010629500000 -0.005578000000
v -0.028397000000 -0.011079500000 -0.004625000000
v -0.028529000000 -0.011445500000 -0.003635000000
v -0.028660000000 -0.011721500000 -0.002617000000
v -0.028791000000 -0.011904500000 -0.001579000000
v -0.028922000000 -0.011994500000 -0.000528000000
v -0.029053000000 -0.011992500000 0.000527000000
v -0.029184000000 -0.011899500000 0.001578000000
v -0.029315000000 -0.011716500000 0.002617000000
v -0.029446000000 -0.011443500000 0.003635000000
v -0.029578000000 -0.011082500000 0.004626000000
v -0.029709000000 -0.010633500000 0.005581000000
v -0.029840000000 -0.010101500000 0.006491000000
v -0.029971000000 -0.009491500000 0.007351000000
v -0.030102000000 -0.008807500000 0.008155000000
v -0.030233000000 -0.008061500000 0.008894000000
v -0.030364000000 -0.007246500000 0.009572000000
v -0.030495000000 -0.006380500000 0.010173000000
v -0.030627000000 -0.005464500000 0.010695000000
v -0.030758000000 -0.004504500000 0.011132000000
v -0.030889000000 -0.003509500000 0.011482000000
v -0.031020000000 -0.002487500000 0.011744000000
v -0.031151000000 -0.001446500000 0.011916000000
v -0.031282000000 -0.000395500000 0.011998000000
v -0.031413000000 0.000659500000 0.011988000000
v -0.031544000000 0.001709500000 0.011886000000
v -0.031675000000 0.002745500000 0.011692000000
v -0.031807000000 0.003760500000 0.011404000000
v -0.031938000000 0.004745500000 0.011028000000
v -0.032069000000 0.005694500000 0.010567000000
v -0.032200000000 0.006600500000 0.010026000000
v -0.032331000000 0.007455500000 0.009409000000
v -0.032462000000 0.008254500000 0.008720000000
v -0.032593000000 0.008989500000 0.007964000000
v -0.032724000000 0.009653500000 0.007144000000
v -0.032856000000 0.010241500000 0.006269000000
v -0.032987000000 0.010749500000 0.005345000000
v -0.033118000000 0.011176500000 0.004380000000
v -0.033249000000 0.011517500000 0.003382000000
v -0.033380000000 0.011771500000 0.002358000000
v -0.033511000000 0.011935500000 0.001316000000
v -0.033642000000 0.012006500000 0.000264000000
v -0.033773000000 0.011982500000 -0.000791000000
v -0.033904000000 0.011865500000 -0.001839000000
v -0.034036000000 0.011655500000 -0.002872000000
v -0.034167000000 0.011357500000 -0.003884000000
v -0.034298000000 0.010973500000 -0.004867000000
v -0.034429000000 0.010505500000 -0.005812000000
v -0.034560000000 0.009957500000 -0.006713000000
v -0.034691000000 0.009330500000 -0.007561000000
v -0.034822000000 0.008630500000 -0.008350000000
v -0.034953000000 0.007862500000 -0.009073000000
v -0.035085000000 0.007034500000 -0.009727000000
v -0.035216000000 0.006153500000 -0.010306000000
v -0.035347000000 0.005225500000 -0.010808000000
v -0.035478000000 0.004257500000 -0.011227000000
v -0.035609000000 0.003256500000 -0.011559000000
v -0.035740000000 0.002229500000 -0.011801000000
v -0.035872000000 0.001177500000 -0.011950000000
v -0.036002000000 0.000132500000 -0.012004000000
v -0.036134000000 -0.000921500000 -0.011968000000
v -0.036265000000 -0.001969500000 -0.011841000000
v -0.036396000000 -0.003001500000 -0.011624000000
v -0.036527000000 -0.004010500000 -0.011318000000
v -0.036658000000 -0.004989500000 -0.010924000000
v -0.036789000000 -0.005928500000 -0.010444000000
v -0.036920000000 -0.006820500000 -0.009881000000
v -0.037051000000 -0.007659500000 -0.009243000000
v -0.037182000000 -0.008440500000 -0.008534000000
v -0.037314000000 -0.009158500000 -0.007761000000
v -0.037445000000 -0.009805500000 -0.006928000000
v -0.037576000000 -0.010378500000 -0.006042000000
v -0.037707000000 -0.010869500000 -0.005109000000
v -0.037838000000 -0.011274500000 -0.004135000000
v -0.037969000000 -0.011593500000 -0.003129000000
v -0.038100000000 -0.011823500000 -0.002100000000
v -0.019190000000 -0.012142500000 -0.000000000000
v -0.019321000000 -0.012094500000 0.001065000000
v -0.019452000000 -0.011951500000 0.002122000000
v -0.019584000000 -0.011717500000 0.003162000000
v -0.019715000000 -0.011393500000 0.004179000000
v -0.019846000000 -0.010983500000 0.005163000000
v -0.019977000000 -0.010490500000 0.006108000000
v -0.020108000000 -0.009915500000 0.007007000000
v -0.020239000000 -0.009263500000 0.007850000000
v -0.020370000000 -0.008537500000 0.008631000000
v -0.020501000000 -0.007745500000 0.009345000000
v -0.020633000000 -0.006894500000 0.009988000000
v -0.020764000000 -0.005990500000 0.010554000000
v -0.020895000000 -0.005041500000 0.011041000000
v -0.021026000000 -0.004054500000 0.011443000000
v -0.021157000000 -0.003035500000 0.011757000000
v -0.021288000000 -0.001991500000 0.011977000000
v -0.021419000000 -0.000932500000 0.012103000000
v -0.021550000000 0.000132500000 0.012136000000
v -0.021680000000 0.001189500000 0.012077000000
v -0.021813000000 0.002253500000 0.011925000000
v -0.021944000000 0.003292500000 0.011684000000
v -0.022075000000 0.004305500000 0.011352000000
v -0.022206000000 0.005285500000 0.010931000000
v -0.022337000000 0.006223500000 0.010424000000
v -0.022468000000 0.007112500000 0.009836000000
v -0.022599000000 0.007947500000 0.009172000000
v -0.022730000000 0.008721500000 0.008439000000
v -0.022862000000 0.009429500000 0.007641000000
v -0.022993000000 0.010065500000 0.006785000000
v -0.023124000000 0.010624500000 0.005877000000
v -0.023255000000 0.011099500000 0.004922000000
v -0.023386000000 0.011486500000 0.003929000000
v -0.023517000000 0.011784500000 0.002905000000
v -0.023648000000 0.011992500000 0.001859000000
v -0.023779000000 0.012109500000 0.000799000000
v -0.023910000000 0.012134500000 -0.000267000000
v -0.024042000000 0.012067500000 -0.001331000000
v -0.024173000000 0.011905500000 -0.002385000000
v -0.024304000000 0.011649500000 -0.003421000000
v -0.024435000000 0.011302500000 -0.004429000000
v -0.024566000000 0.010868500000 -0.005402000000
v -0.024697000000 0.010350500000 -0.006335000000
v -0.024828000000 0.009755500000 -0.007220000000
v -0.024959000000 0.009085500000 -0.008050000000
v -0.025091000000 0.008345500000 -0.008818000000
v -0.025222000000 0.007540500000 -0.009517000000
v -0.025353000000 0.006675500000 -0.010141000000
v -0.025484000000 0.005759500000 -0.010685000000
v -0.025615000000 0.004798500000 -0.011148000000
v -0.025746000000 0.003800500000 -0.011525000000
v -0.025877000000 0.002774500000 -0.011816000000
v -0.026008000000 0.001727500000 -0.012016000000
v -0.026140000000 0.000666500000 -0.012123000000
v -0.026271000000 -0.000399500000 -0.012135000000
v -0.026402000000 -0.001462500000 -0.012052000000
v -0.026533000000 -0.002514500000 -0.011874000000
v -0.026664000000 -0.003546500000 -0.011606000000
v -0.026795000000 -0.004551500000 -0.011250000000
v -0.026926000000 -0.005522500000 -0.010809000000
v -0.027057000000 -0.006451500000 -0.010284000000
v -0.027188000000 -0.007329500000 -0.009680000000
v -0.027320000000 -0.008153500000 -0.008996000000
v -0.027451000000 -0.008906500000 -0.008248000000
v -0.027582000000 -0.009594500000 -0.007433000000
v -0.027713000000 -0.010209500000 -0.006561000000
v -0.027844000000 -0.010746500000 -0.005640000000
v -0.027975000000 -0.011201500000 -0.004676000000
v -0.028106000000 -0.011571500000 -0.003675000000
v -0.028237000000 -0.011850500000 -0.002646000000
v -0.028369000000 -0.012035500000 -0.001596000000
v -0.028500000000 -0.012126500000 -0.000534000000
v -0.028631000000 -0.012124500000 0.000533000000
v -0.028762000000 -0.012030500000 0.001595000000
v -0.028893000000 -0.011845500000 0.002645000000
v -0.029024000000 -0.011569500000 0.003676000000
v -0.029155000000 -0.011204500000 0.004677000000
v -0.029286000000 -0.010751500000 0.005643000000
v -0.029417000000 -0.010212500000 0.006563000000
v -0.029549000000 -0.009595500000 0.007432000000
v -0.029680000000 -0.008905500000 0.008245000000
v -0.029810000000 -0.008149500000 0.008992000000
v -0.029942000000 -0.007326500000 0.009677000000
v -0.030073000000 -0.006450500000 0.010285000000
v -0.030204000000 -0.005524500000 0.010813000000
v -0.030335000000 -0.004553500000 0.011255000000
v -0.030466000000 -0.003548500000 0.011609000000
v -0.030598000000 -0.002515500000 0.011873000000
v -0.030729000000 -0.001462500000 0.012047000000
v -0.030860000000 -0.000399500000 0.012130000000
v -0.030991000000 0.000666500000 0.012120000000
v -0.031122000000 0.001728500000 0.012018000000
v -0.031253000000 0.002776500000 0.011821000000
v -0.031384000000 0.003802500000 0.011530000000
v -0.031515000000 0.004798500000 0.011150000000
v -0.031647000000 0.005757500000 0.010684000000
v -0.031778000000 0.006672500000 0.010137000000
v -0.031909000000 0.007537500000 0.009513000000
v -0.032040000000 0.008345500000 0.008816000000
v -0.032171000000 0.009088500000 0.008051000000
v -0.032302000000 0.009759500000 0.007223000000
v -0.032433000000 0.010354500000 0.006338000000
v -0.032564000000 0.010868500000 0.005404000000
v -0.032695000000 0.011299500000 0.004428000000
v -0.032827000000 0.011644500000 0.003419000000
v -0.032958000000 0.011901500000 0.002384000000
v -0.033089000000 0.012067500000 0.001331000000
v -0.033220000000 0.012139500000 0.000267000000
v -0.033351000000 0.012115500000 -0.000799000000
v -0.033482000000 0.011995500000 -0.001859000000
v -0.033613000000 0.011784500000 -0.002904000000
v -0.033744000000 0.011482500000 -0.003927000000
v -0.033876000000 0.011094500000 -0.004920000000
v -0.034007000000 0.010621500000 -0.005876000000
v -0.034138000000 0.010067500000 -0.006787000000
v -0.034269000000 0.009433500000 -0.007645000000
v -0.034400000000 0.008725500000 -0.008442000000
v -0.034531000000 0.007949500000 -0.009173000000
v -0.034662000000 0.007112500000 -0.009834000000
v -0.034793000000 0.006221500000 -0.010420000000
v -0.034924000000 0.005282500000 -0.010927000000
v -0.035056000000 0.004304500000 -0.011351000000
v -0.035187000000 0.003292500000 -0.011687000000
v -0.035318000000 0.002254500000 -0.011931000000
v -0.035450000000 0.001190500000 -0.012081000000
v -0.035580000000 0.000133500000 -0.012137000000
v -0.035711000000 -0.000932500000 -0.012100000000
v -0.035842000000 -0.001990500000 -0.011972000000
v -0.035973000000 -0.003034500000 -0.011752000000
v -0.036105000000 -0.004054500000 -0.011443000000
v -0.036236000000 -0.005044500000 -0.011045000000
v -0.036367000000 -0.005993500000 -0.010559000000
v -0.036498000000 -0.006895500000 -0.009990000000
v -0.036629000000 -0.007744500000 -0.009345000000
v -0.036760000000 -0.008534500000 -0.008628000000
v -0.036891000000 -0.009259500000 -0.007846000000
v -0.037022000000 -0.009913500000 -0.007005000000
v -0.037153000000 -0.010492500000 -0.006109000000
v -0.037285000000 -0.010988500000 -0.005165000000
v -0.037416000000 -0.011399500000 -0.004181000000
v -0.037547000000 -0.011721500000 -0.003164000000
v -0.037678000000 -0.011954500000 -0.002123000000
v -0.018750000000 -0.012157590000 0.000687240000
v -0.018750000000 -0.012117590000 0.001153290000
v -0.018750000000 -0.012071720000 0.001487320000
v -0.018750000000 -0.011998010000 0.001972620000
v -0.018750000000 -0.011952260000 0.002218750000
v -0.018750000000 -0.011750120000 0.003053620000
v -0.018750000000 -0.011729450000 0.003139130000
v -0.018750000000 -0.011712180000 0.003198360000
v -0.018750000000 -0.011601260000 0.003526880000
v -0.018750000000 -0.011368820000 0.004169840000
v -0.018750000000 -0.011094690000 0.004762550000
v -0.018750000000 -0.010922870000 0.005134470000
v -0.018750000000 -0.010724760000 0.005481020000
v -0.018750000000 -0.010396980000 0.006053860000
v -0.018750000000 -0.010313260000 0.006174380000
v -0.018750000000 -0.010046390000 0.006557180000
v -0.018750000000 -0.009782630000 0.006912520000
v -0.018750000000 -0.009331260000 0.007420370000
v -0.018750000000 -0.009083680000 0.007697670000
v -0.018750000000 -0.008783950000 0.007978820000
v -0.018750000000 -0.008320740000 0.008412420000
v -0.018750000000 -0.008208120000 0.008500720000
v -0.018750000000 -0.007885700000 0.008752500000
v -0.018750000000 -0.007490550000 0.009037040000
v -0.018750000000 -0.006963240000 0.009352370000
v -0.018750000000 -0.006603300000 0.009565870000
v -0.018750000000 -0.006314870000 0.009706290000
v -0.018750000000 -0.005682570000 0.010010960000
v -0.018750000000 -0.005657460000 0.010020600000
v -0.018750000000 -0.005595060000 0.010044230000
v -0.018750000000 -0.004713830000 0.010323360000
v -0.018750000000 -0.004334530000 0.010408640000
v -0.018750000000 -0.003734530000 0.010540400000
v -0.018750000000 -0.003681260000 0.010547620000
v -0.018750000000 -0.003576430000 0.010560820000
v -0.018750000000 -0.002732150000 0.010583850000
v -0.018750000000 -0.002468160000 0.010569250000
v -0.018750000000 -0.002096370000 0.010543040000
v -0.018750000000 -0.001734860000 0.010434320000
v -0.018750000000 -0.001464950000 0.010332220000
v -0.018750000000 -0.001254320000 0.010243270000
v -0.018750000000 -0.001154170000 0.010061760000
v -0.018750000000 -0.001053700000 0.009822890000
v -0.018750000000 -0.001307120000 0.009487620000
v -0.018750000000 -0.001425650000 0.009338000000
v -0.018750000000 -0.001541670000 0.009269880000
v -0.018750000000 -0.002166150000 0.008824740000
v -0.018750000000 -0.002275880000 0.008744660000
v -0.018750000000 -0.002948580000 0.008322810000
v -0.018750000000 -0.004192690000 0.007385810000
v -0.018750000000 -0.004687710000 0.006930000000
v -0.018750000000 -0.003585600000 0.007852070000
v -0.018750000000 -0.003671070000 0.007786060000
v -0.018750000000 -0.003461960000 0.007930580000
v -0.018750000000 -0.005270380000 0.006358610000
v -0.018750000000 -0.005498770000 0.006092660000
v -0.018750000000 -0.004815880000 0.006800270000
v -0.018750000000 -0.006885470000 0.004009540000
v -0.018750000000 -0.007156880000 0.003367550000
v -0.018750000000 -0.006554130000 0.004631430000
v -0.018750000000 -0.006725140000 0.004310280000
v -0.018750000000 -0.006166540000 0.005225660000
v -0.018750000000 -0.006183200000 0.005200070000
v -0.018750000000 -0.006126160000 0.005276630000
v -0.018750000000 -0.007584260000 0.002047140000
v -0.018750000000 -0.007692540000 0.001461220000
v -0.018750000000 -0.007400280000 0.002713990000
v -0.018750000000 -0.007479310000 0.002428130000
v -0.018750000000 -0.007159550000 0.003360100000
v -0.018750000000 -0.007793500000 0.000686000000
v -0.018750000000 -0.007802180000 0.000487480000
v -0.018750000000 -0.007730290000 0.001153860000
v -0.018750000000 -0.012010500000 0.000000000000
v -0.018750000000 -0.012097930000 0.000000000000
v -0.018750000000 -0.011795500000 0.000000000000
v -0.018750000000 -0.011922690000 0.000000000000
v -0.018750000000 -0.011507500000 0.000000000000
v -0.018750000000 -0.011668520000 0.000000000000
v -0.018750000000 -0.011157500000 0.000000000000
v -0.018750000000 -0.011346280000 0.000000000000
v -0.018750000000 -0.010759500000 0.000000000000
v -0.018750000000 -0.010968430000 0.000000000000
v -0.018750000000 -0.010331500000 0.000000000000
v -0.018750000000 -0.010551140000 0.000000000000
v -0.018750000000 -0.009889500000 0.000000000000
v -0.018750000000 -0.010111670000 0.000000000000
v -0.018750000000 -0.009451500000 0.000000000000
v -0.018750000000 -0.009667090000 0.000000000000
v -0.018750000000 -0.009036500000 0.000000000000
v -0.018750000000 -0.009236170000 0.000000000000
v -0.018750000000 -0.008661500000 0.000000000000
v -0.018750000000 -0.008837120000 0.000000000000
v -0.018750000000 -0.008340500000 0.000000000000
v -0.018750000000 -0.008485480000 0.000000000000
v -0.018750000000 -0.008087500000 0.000000000000
v -0.018750000000 -0.008195540000 0.000000000000
v -0.018750000000 -0.007912500000 0.000000000000
v -0.018750000000 -0.007979260000 0.000000000000
v -0.018750000000 -0.007823500000 0.000000000000
v -0.018750000000 -0.007845950000 0.000000000000
v -0.018750000000 -0.012168230000 0.000512900000
v -0.018750000000 -0.011423270000 0.004019350000
v -0.018750000000 -0.009848170000 0.006824250000
v -0.018750000000 -0.007599640000 0.008958650000
v -0.018750000000 -0.004992710000 0.010236540000
v -0.018750000000 -0.003061420000 0.010577940000
v -0.018750000000 -0.001923370000 0.010494530000
v -0.018750000000 -0.002260530000 0.008757830000
v -0.018750000000 -0.004746240000 0.006876520000
v -0.018750000000 -0.005744690000 0.005807850000
v -0.018750000000 -0.007157890000 0.003365180000
v -0.018750000000 -0.007709720000 0.001368510000
v -0.018750000000 -0.012142500000 0.000000000000
f 7 8 9
f 9 8 10
f 10 8 11
f 10 11 12
f 12 11 13
f 13 11 14
f 13 14 15
f 15 14 16
f 16 14 17
f 16 17 18
f 18 17 19
f 18 19 20
f 20 19 21
f 21 19 22
f 21 22 23
f 23 22 24
f 24 22 25
f 24 25 26
f 26 25 27
f 27 25 28
f 27 28 29
f 29 28 30
f 30 28 31
f 30 31 32
f 32 31 33
f 32 33 34
f 34 33 35
f 35 33 36
f 35 36 37
f 37 36 38
f 38 36 39
f 38 39 40
f 40 39 41
f 41 39 42
f 41 42 43
f 43 42 44
f 44 42 45
f 44 45 46
f 46 45 47
f 46 47 48
f 48 47 49
f 49 47 50
f 49 50 51
f 51 50 52
f 52 50 53
f 52 53 54
f 54 53 55
f 55 53 56
f 55 56 57
f 57 56 58
f 58 56 59
f 58 59 60
f 60 59 61
f 60 61 62
f 62 61 63
f 63 61 64
f 63 64 65
f 65 64 66
f 66 64 67
f 66 67 68
f 68 67 69
f 69 67 70
f 69 70 71
f 71 70 72
f 71 72 73
f 73 72 74
f 74 72 75
f 74 75 76
f 76 75 77
f 77 75 78
f 77 78 79
f 79 78 80
f 80 78 81
f 80 81 82
f 82 81 83
f 83 81 84
f 83 84 85
f 85 84 86
f 85 86 87
f 87 86 88
f 88 86 89
f 88 89 90
f 90 89 91
f 91 89 92
f 91 92 93
f 93 92 94
f 94 92 95
f 94 95 96
f 96 95 97
f 97 95 98
f 97 98 99
f 99 98 100
f 99 100 101
f 101 100 102
f 102 100 103
f 102 103 104
f 104 103 105
f 105 103 106
f 105 106 107
f 107 106 108
f 108 106 109
f 108 109 110
f 110 109 111
f 111 109 112
f 111 112 113
f 113 112 114
f 113 114 115
f 115 114 116
f 116 114 117
f 116 117 118
f 118 117 119
f 119 117 120
f 119 120 121
f 121 120 122
f 122 120 123
f 122 123 124
f 124 123 125
f 124 125 126
f 126 125 127
f 127 125 128
f 127 128 129
f 129 128 130
f 130 128 131
f 130 131 132
f 132 131 133
f 133 131 134
f 133 134 135
f 135 134 136
f 136 134 137
f 136 137 138
f 138 137 139
f 138 139 140
f 140 139 141
f 141 139 142
f 141 142 143
f 143 142 144
f 144 142 145
f 144 145 146
f 146 145 147
f 147 145 148
f 147 148 149
f 149 148 150
f 150 148 151
f 150 151 152
f 152 151 153
f 152 153 154
f 154 153 155
f 155 153 156
f 155 156 157
f 157 156 158
f 158 156 159
f 158 159 160
f 160 159 161
f 161 159 162
f 161 162 163
f 163 162 164
f 164 162 165
f 164 165 166
f 166 165 167
f 166 167 168
f 168 167 169
f 169 167 170
f 169 170 171
f 171 170 172
f 172 170 173
f 172 173 174
f 174 173 175
f 175 173 176
f 175 176 177
f 177 176 178
f 177 178 179
f 179 178 180
f 180 178 181
f 180 181 182
f 182 181 183
f 183 181 184
f 183 184 185
f 185 184 186
f 186 184 187
f 186 187 188
f 188 187 189
f 189 187 190
f 189 190 191
f 191 190 192
f 191 192 193
f 193 192 194
f 194 192 195
f 194 195 196
f 196 195 197
f 197 195 198
f 197 198 199
f 199 198 200
f 200 198 201
f 200 201 202
f 202 201 203
f 203 201 204
f 203 204 205
f 205 204 206
f 205 206 207
f 207 206 208
f 208 206 209
f 208 209 210
f 210 209 211
f 211 209 212
f 211 212 213
f 213 212 214
f 214 212 215
f 214 215 216
f 216 215 217
f 217 215 218
f 217 218 219
f 219 218 220
f 219 220 221
f 221 220 222
f 222 220 223
f 222 223 224
f 224 223 225
f 225 223 226
f 225 226 227
f 227 226 228
f 228 226 229
f 228 229 230
f 230 229 231
f 230 231 232
f 232 231 233
f 233 231 234
f 233 234 235
f 235 234 236
f 236 234 237
f 236 237 238
f 238 237 239
f 239 237 240
f 239 240 241
f 241 240 242
f 242 240 243
f 242 243 244
f 244 243 245
f 244 245 246
f 246 245 247
f 247 245 248
f 247 248 249
f 249 248 250
f 250 248 251
f 250 251 252
f 252 251 253
f 253 251 254
f 253 254 255
f 255 254 256
f 256 254 257
f 256 257 258
f 258 257 259
f 258 259 260
f 260 259 261
f 261 259 262
f 261 262 263
f 263 262 264
f 264 262 265
f 264 265 266
f 266 265 267
f 267 265 268
f 267 268 269
f 269 268 270
f 270 268 271
f 270 271 272
f 272 271 273
f 272 273 274
f 274 273 275
f 275 273 276
f 275 276 277
f 277 276 278
f 278 276 279
f 278 279 280
f 280 279 281
f 281 279 282
f 281 282 283
f 283 282 284
f 283 284 285
f 285 284 286
f 286 284 287
f 286 287 288
f 288 287 289
f 289 287 290
f 289 290 291
f 291 290 292
f 292 290 293
f 292 293 294
f 294 293 295
f 295 293 296
f 295 296 297
f 297 296 298
f 297 298 299
f 299 298 300
f 300 298 301
f 300 301 302
f 302 301 303
f 303 301 304
f 303 304 305
f 305 304 306
f 306 304 307
f 306 307 308
f 308 307 309
f 309 307 310
f 309 310 311
f 311 310 312
f 311 312 313
f 313 312 314
f 314 312 315
f 314 315 316
f 316 315 317
f 317 315 318
f 317 318 319
f 319 318 320
f 320 318 321
f 320 321 322
f 322 321 323
f 323 321 324
f 323 324 325
f 325 324 326
f 325 326 327
f 327 326 328
f 328 326 329
f 328 329 330
f 330 329 331
f 331 329 332
f 331 332 333
f 333 332 334
f 334 332 335
f 334 335 336
f 336 335 337
f 337 335 338
f 337 338 339
f 339 338 340
f 339 340 341
f 341 340 342
f 342 340 343
f 342 343 344
f 344 343 345
f 345 343 346
f 345 346 347
f 347 346 348
f 348 346 349
f 348 349 350
f 350 349 351
f 350 351 352
f 352 351 353
f 353 351 354
f 353 354 355
f 355 354 356
f 356 354 357
f 356 357 358
f 358 357 359
f 359 357 360
f 359 360 361
f 361 360 362
f 362 360 363
f 362 363 364
f 364 363 365
f 364 365 366
f 366 365 367
f 367 365 368
f 367 368 369
f 369 368 370
f 370 368 371
f 370 371 372
f 372 371 373
f 373 371 374
f 373 374 375
f 375 374 376
f 376 374 377
f 376 377 378
f 378 377 379
f 378 379 380
f 380 379 381
f 381 379 382
f 381 382 383
f 383 382 384
f 384 382 385
f 384 385 386
f 386 385 387
f 387 385 388
f 387 388 389
f 389 388 390
f 390 388 391
f 390 391 392
f 392 391 393
f 392 393 394
f 394 393 395
f 395 393 396
f 395 396 397
f 17 398 19
f 19 398 399
f 19 399 22
f 22 399 400
f 22 400 25
f 25 400 401
f 25 401 28
f 28 401 402
f 28 402 31
f 31 402 403
f 31 403 33
f 33 403 404
f 33 404 36
f 36 404 405
f 36 405 39
f 39 405 406
f 39 406 42
f 42 406 407
f 42 407 45
f 45 407 408
f 45 408 47
f 47 408 409
f 47 409 50
f 50 409 410
f 50 410 53
f 53 410 411
f 53 411 56
f 56 411 412
f 56 412 59
f 59 412 413
f 59 413 61
f 61 413 414
f 61 414 64
f 64 414 415
f 64 415 67
f 67 415 416
f 67 416 70
f 70 416 417
f 70 417 72
f 72 417 418
f 72 418 75
f 75 418 419
f 75 419 78
f 78 419 420
f 78 420 81
f 81 420 421
f 81 421 84
f 84 421 422
f 84 422 86
f 86 422 423
f 86 423 89
f 89 423 424
f 89 424 92
f 92 424 425
f 92 425 95
f 95 425 426
f 95 426 98
f 98 426 427
f 98 427 100
f 100 427 428
f 100 428 103
f 103 428 429
f 103 429 106
f 106 429 430
f 106 430 109
f 109 430 431
f 109 431 112
f 112 431 432
f 112 432 114
f 114 432 433
f 114 433 117
f 117 433 434
f 117 434 120
f 120 434 435
f 120 435 123
f 123 435 436
f 123 436 125
f 125 436 437
f 125 437 128
f 128 437 438
f 128 438 131
f 131 438 439
f 131 439 134
f 134 439 440
f 134 440 137
f 137 440 441
f 137 441 139
f 139 441 442
f 139 442 142
f 142 442 443
f 142 443 145
f 145 443 444
f 145 444 148
f 148 444 445
f 148 445 151
f 151 445 446
f 151 446 153
f 153 446 447
f 153 447 156
f 156 447 448
f 156 448 159
f 159 448 449
f 159 449 162
f 162 449 450
f 162 450 165
f 165 450 451
f 165 451 167
f 167 451 452
f 167 452 170
f 170 452 453
f 170 453 173
f 173 453 454
f 173 454 176
f 176 454 455
f 176 455 178
f 178 455 456
f 178 456 181
f 181 456 457
f 181 457 184
f 184 457 458
f 184 458 187
f 187 458 459
f 187 459 190
f 190 459 460
f 190 460 192
f 192 460 461
f 192 461 195
f 195 461 462
f 195 462 198
f 198 462 463
f 198 463 201
f 201 463 464
f 201 464 204
f 204 464 465
f 204 465 206
f 206 465 466
f 206 466 209
f 209 466 467
f 209 467 212
f 212 467 468
f 212 468 215
f 215 468 469
f 215 469 218
f 218 469 470
f 218 470 220
f 220 470 471
f 220 471 223
f 223 471 472
f 223 472 226
f 226 472 473
f 226 473 229
f 229 473 474
f 229 474 231
f 231 474 475
f 231 475 234
f 234 475 476
f 234 476 237
f 237 476 477
f 237 477 240
f 240 477 478
f 240 478 243
f 243 478 479
f 243 479 245
f 245 479 480
f 245 480 248
f 248 480 481
f 248 481 251
f 251 481 482
f 251 482 254
f 254 482 483
f 254 483 257
f 257 483 484
f 257 484 259
f 259 484 485
f 259 485 262
f 262 485 486
f 262 486 265
f 265 486 487
f 265 487 268
f 268 487 488
f 268 488 271
f 271 488 489
f 271 489 273
f 273 489 490
f 273 490 276
f 276 490 491
f 276 491 279
f 279 491 492
f 279 492 282
f 282 492 493
f 282 493 284
f 284 493 494
f 284 494 287
f 287 494 495
f 287 495 290
f 290 495 496
f 290 496 293
f 293 496 497
f 293 497 296
f 296 497 498
f 296 498 298
f 298 498 499
f 298 499 301
f 301 499 500
f 301 500 304
f 304 500 501
f 304 501 307
f 307 501 502
f 307 502 310
f 310 502 503
f 310 503 312
f 312 503 504
f 312 504 315
f 315 504 505
f 315 505 318
f 318 505 506
f 318 506 321
f 321 506 507
f 321 507 324
f 324 507 508
f 324 508 326
f 326 508 509
f 326 509 329
f 329 509 510
f 329 510 332
f 332 510 511
f 332 511 335
f 335 511 512
f 335 512 338
f 338 512 513
f 338 513 340
f 340 513 514
f 340 514 343
f 343 514 515
f 343 515 346
f 346 515 516
f 346 516 349
f 349 516 517
f 349 517 351
f 351 517 518
f 351 518 354
f 354 518 519
f 354 519 357
f 357 519 520
f 357 520 360
f 360 520 521
f 360 521 363
f 363 521 522
f 363 522 365
f 365 522 523
f 365 523 368
f 368 523 524
f 368 524 371
f 371 524 525
f 371 525 374
f 374 525 526
f 374 526 377
f 377 526 527
f 377 527 379
f 379 527 528
f 379 528 382
f 382 528 529
f 382 529 385
f 385 529 530
f 385 530 388
f 388 530 531
f 388 531 391
f 391 531 532
f 391 532 393
f 393 532 533
f 393 533 396
f 396 533 534
f 534 533 535
f 534 535 536
f 536 535 537
f 536 537 538
f 538 537 539
f 538 539 540
f 540 539 541
f 540 541 542
f 542 541 543
f 542 543 544
f 544 543 545
f 544 545 546
f 546 545 547
f 546 547 548
f 548 547 549
f 548 549 550
f 550 549 551
f 550 551 552
f 552 551 553
f 552 553 554
f 554 553 555
f 554 555 556
f 556 555 557
f 556 557 558
f 558 557 559
f 558 559 560
f 560 559 561
f 560 561 562
f 562 561 563
f 562 563 564
f 564 563 565
f 564 565 566
f 566 565 567
f 566 567 568
f 568 567 569
f 568 569 570
f 570 569 571
f 570 571 572
f 572 571 573
f 572 573 574
f 574 573 575
f 574 575 576
f 576 575 577
f 576 577 578
f 578 577 579
f 578 579 580
f 580 579 581
f 580 581 582
f 582 581 583
f 582 583 584
f 584 583 585
f 584 585 586
f 586 585 587
f 586 587 588
f 588 587 589
f 588 589 590
f 590 589 395
f 590 395 397
f 401 591 402
f 402 591 592
f 402 592 403
f 403 592 593
f 403 593 404
f 404 593 594
f 404 594 405
f 405 594 595
f 405 595 406
f 406 595 596
f 406 596 407
f 407 596 597
f 407 597 408
f 408 597 598
f 408 598 409
f 409 598 599
f 409 599 410
f 410 599 600
f 410 600 411
f 411 600 601
f 411 601 412
f 412 601 602
f 412 602 413
f 413 602 603
f 413 603 414
f 414 603 604
f 414 604 415
f 415 604 605
f 415 605 416
f 416 605 606
f 416 606 417
f 417 606 607
f 417 607 418
f 418 607 608
f 418 608 419
f 419 608 609
f 419 609 420
f 420 609 610
f 420 610 421
f 421 610 611
f 421 611 422
f 422 611 612
f 422 612 423
f 423 612 613
f 423 613 424
f 424 613 614
f 424 614 425
f 425 614 615
f 425 615 426
f 426 615 616
f 426 616 427
f 427 616 617
f 427 617 428
f 428 617 618
f 428 618 429
f 429 618 619
f 429 619 430
f 430 619 620
f 430 620 431
f 431 620 621
f 431 621 432
f 432 621 622
f 432 622 433
f 433 622 623
f 433 623 434
f 434 623 624
f 434 624 435
f 435 624 625
f 435 625 436
f 436 625 626
f 436 626 437
f 437 626 627
f 437 627 438
f 438 627 628
f 438 628 439
f 439 628 629
f 439 629 440
f 440 629 630
f 440 630 441
f 441 630 631
f 441 631 442
f 442 631 632
f 442 632 443
f 443 632 633
f 443 633 444
f 444 633 634
f 444 634 445
f 445 634 635
f 445 635 446
f 446 635 636
f 446 636 447
f 447 636 637
f 447 637 448
f 448 637 638
f 448 638 449
f 449 638 639
f 449 639 450
f 450 639 640
f 450 640 451
f 451 640 641
f 451 641 452
f 452 641 642
f 452 642 453
f 453 642 643
f 453 643 454
f 454 643 644
f 454 644 455
f 455 644 645
f 455 645 456
f 456 645 646
f 456 646 457
f 457 646 647
f 457 647 458
f 458 647 648
f 458 648 459
f 459 648 649
f 459 649 460
f 460 649 650
f 460 650 461
f 461 650 651
f 461 651 462
f 462 651 652
f 462 652 463
f 463 652 653
f 463 653 464
f 464 653 654
f 464 654 465
f 465 654 655
f 465 655 466
f 466 655 656
f 466 656 467
f 467 656 657
f 467 657 468
f 468 657 658
f 468 658 469
f 469 658 659
f 469 659 470
f 470 659 660
f 470 660 471
f 471 660 661
f 471 661 472
f 472 661 662
f 472 662 473
f 473 662 663
f 473 663 474
f 474 663 664
f 474 664 475
f 475 664 665
f 475 665 476
f 476 665 666
f 476 666 477
f 477 666 667
f 477 667 478
f 478 667 668
f 478 668 479
f 479 668 669
f 479 669 480
f 480 669 670
f 480 670 481
f 481 670 671
f 481 671 482
f 482 671 672
f 482 672 483
f 483 672 673
f 483 673 484
f 484 673 674
f 484 674 485
f 485 674 675
f 485 675 486
f 486 675 676
f 486 676 487
f 487 676 677
f 487 677 488
f 488 677 678
f 488 678 489
f 489 678 679
f 489 679 490
f 490 679 680
f 490 680 491
f 491 680 681
f 491 681 492
f 492 681 682
f 492 682 493
f 493 682 683
f 493 683 494
f 494 683 684
f 494 684 495
f 495 684 685
f 495 685 496
f 496 685 686
f 496 686 497
f 497 686 687
f 497 687 498
f 498 687 688
f 498 688 499
f 499 688 689
f 499 689 500
f 500 689 690
f 500 690 501
f 501 690 691
f 501 691 502
f 502 691 692
f 502 692 503
f 503 692 693
f 503 693 504
f 504 693 694
f 504 694 505
f 505 694 695
f 505 695 506
f 506 695 696
f 506 696 507
f 507 696 697
f 507 697 508
f 508 697 698
f 508 698 509
f 509 698 699
f 509 699 510
f 510 699 700
f 510 700 511
f 511 700 701
f 511 701 512
f 512 701 702
f 512 702 513
f 513 702 703
f 513 703 514
f 514 703 704
f 514 704 515
f 515 704 705
f 515 705 516
f 516 705 706
f 516 706 517
f 517 706 707
f 517 707 518
f 518 707 708
f 518 708 519
f 519 708 709
f 519 709 520
f 520 709 710
f 520 710 521
f 521 710 711
f 521 711 522
f 522 711 712
f 522 712 523
f 523 712 713
f 523 713 524
f 524 713 714
f 524 714 525
f 525 714 715
f 525 715 526
f 526 715 716
f 526 716 527
f 527 716 717
f 527 717 528
f 528 717 718
f 528 718 529
f 529 718 719
f 529 719 530
f 530 719 720
f 530 720 531
f 531 720 721
f 531 721 532
f 532 721 722
f 532 722 533
f 533 722 535
f 594 723 595
f 595 723 724
f 595 724 596
f 596 724 725
f 596 725 597
f 597 725 726
f 597 726 598
f 598 726 727
f 598 727 599
f 599 727 728
f 599 728 600
f 600 728 729
f 600 729 601
f 601 729 730
f 601 730 602
f 602 730 731
f 602 731 603
f 603 731 732
f 603 732 604
f 604 732 733
f 604 733 605
f 605 733 734
f 605 734 606
f 606 734 735
f 606 735 607
f 607 735 736
f 607 736 608
f 608 736 737
f 608 737 609
f 609 737 738
f 609 738 610
f 610 738 739
f 610 739 611
f 611 739 740
f 611 740 612
f 612 740 741
f 612 741 613
f 613 741 742
f 613 742 614
f 614 742 743
f 614 743 615
f 615 743 744
f 615 744 616
f 616 744 745
f 616 745 617
f 617 745 746
f 617 746 618
f 618 746 747
f 618 747 619
f 619 747 748
f 619 748 620
f 620 748 749
f 620 749 621
f 621 749 750
f 621 750 622
f 622 750 751
f 622 751 623
f 623 751 752
f 623 752 624
f 624 752 753
f 624 753 625
f 625 753 754
f 625 754 626
f 626 754 755
f 626 755 627
f 627 755 756
f 627 756 628
f 628 756 757
f 628 757 629
f 629 757 758
f 629 758 630
f 630 758 759
f 630 759 631
f 631 759 760
f 631 760 632
f 632 760 761
f 632 761 633
f 633 761 762
f 633 762 634
f 634 762 763
f 634 763 635
f 635 763 764
f 635 764 636
f 636 764 765
f 636 765 637
f 637 765 766
f 637 766 638
f 638 766 767
f 638 767 639
f 639 767 768
f 639 768 640
f 640 768 769
f 640 769 641
f 641 769 770
f 641 770 642
f 642 770 771
f 642 771 643
f 643 771 772
f 643 772 644
f 644 772 773
f 644 773 645
f 645 773 774
f 645 774 646
f 646 774 775
f 646 775 647
f 647 775 776
f 647 776 648
f 648 776 777
f 648 777 649
f 649 777 778
f 649 778 650
f 650 778 779
f 650 779 651
f 651 779 780
f 651 780 652
f 652 780 781
f 652 781 653
f 653 781 782
f 653 782 654
f 654 782 783
f 654 783 655
f 655 783 784
f 655 784 656
f 656 784 785
f 656 785 657
f 657 785 786
f 657 786 658
f 658 786 787
f 658 787 659
f 659 787 788
f 659 788 660
f 660 788 789
f 660 789 661
f 661 789 790
f 661 790 662
f 662 790 791
f 662 791 663
f 663 791 792
f 663 792 664
f 664 792 793
f 664 793 665
f 665 793 794
f 665 794 666
f 666 794 795
f 666 795 667
f 667 795 796
f 667 796 668
f 668 796 797
f 668 797 669
f 669 797 798
f 669 798 670
f 670 798 799
f 670 799 671
f 671 799 800
f 671 800 672
f 672 800 801
f 672 801 673
f 673 801 802
f 673 802 674
f 674 802 803
f 674 803 675
f 675 803 804
f 675 804 676
f 676 804 805
f 676 805 677
f 677 805 806
f 677 806 678
f 678 806 807
f 678 807 679
f 679 807 808
f 679 808 680
f 680 808 809
f 680 809 681
f 681 809 810
f 681 810 682
f 682 810 811
f 682 811 683
f 683 811 812
f 683 812 684
f 684 812 813
f 684 813 685
f 685 813 814
f 685 814 686
f 686 814 815
f 686 815 687
f 687 815 816
f 687 816 688
f 688 816 817
f 688 817 689
f 689 817 818
f 689 818 690
f 690 818 819
f 690 819 691
f 691 819 820
f 691 820 692
f 692 820 821
f 692 821 693
f 693 821 822
f 693 822 694
f 694 822 823
f 694 823 695
f 695 823 824
f 695 824 696
f 696 824 825
f 696 825 697
f 697 825 826
f 697 826 698
f 698 826 827
f 698 827 699
f 699 827 828
f 699 828 700
f 700 828 829
f 700 829 701
f 701 829 830
f 701 830 702
f 702 830 831
f 702 831 703
f 703 831 832
f 703 832 704
f 704 832 833
f 704 833 705
f 705 833 834
f 705 834 706
f 706 834 835
f 706 835 707
f 707 835 836
f 707 836 708
f 708 836 837
f 708 837 709
f 709 837 838
f 709 838 710
f 710 838 839
f 710 839 711
f 711 839 840
f 711 840 712
f 712 840 841
f 712 841 713
f 713 841 842
f 713 842 714
f 714 842 843
f 714 843 715
f 715 843 844
f 715 844 716
f 716 844 845
f 716 845 717
f 717 845 846
f 717 846 718
f 718 846 847
f 718 847 719
f 719 847 848
f 719 848 720
f 720 848 849
f 720 849 721
f 721 849 850
f 721 850 722
f 722 850 851
f 722 851 535
f 535 851 537
f 725 852 726
f 726 852 853
f 726 853 727
f 727 853 854
f 727 854 728
f 728 854 855
f 728 855 729
f 729 855 856
f 729 856 730
f 730 856 857
f 730 857 731
f 731 857 858
f 731 858 732
f 732 858 859
f 732 859 733
f 733 859 860
f 733 860 734
f 734 860 861
f 734 861 735
f 735 861 862
f 735 862 736
f 736 862 863
f 736 863 737
f 737 863 864
f 737 864 738
f 738 864 865
f 738 865 739
f 739 865 866
f 739 866 740
f 740 866 867
f 740 867 741
f 741 867 868
f 741 868 742
f 742 868 869
f 742 869 743
f 743 869 870
f 743 870 744
f 744 870 871
f 744 871 745
f 745 871 872
f 745 872 746
f 746 872 873
f 746 873 747
f 747 873 874
f 747 874 748
f 748 874 875
f 748 875 749
f 749 875 876
f 749 876 750
f 750 876 877
f 750 877 751
f 751 877 878
f 751 878 752
f 752 878 879
f 752 879 753
f 753 879 880
f 753 880 754
f 754 880 881
f 754 881 755
f 755 881 882
f 755 882 756
f 756 882 883
f 756 883 757
f 757 883 884
f 757 884 758
f 758 884 885
f 758 885 759
f 759 885 886
f 759 886 760
f 760 886 887
f 760 887 761
f 761 887 888
f 761 888 762
f 762 888 889
f 762 889 763
f 763 889 890
f 763 890 764
f 764 890 891
f 764 891 765
f 765 891 892
f 765 892 766
f 766 892 893
f 766 893 767
f 767 893 894
f 767 894 768
f 768 894 895
f 768 895 769
f 769 895 896
f 769 896 770
f 770 896 897
f 770 897 771
f 771 897 898
f 771 898 772
f 772 898 899
f 772 899 773
f 773 899 900
f 773 900 774
f 774 900 901
f 774 901 775
f 775 901 902
f 775 902 776
f 776 902 903
f 776 903 777
f 777 903 904
f 777 904 778
f 778 904 905
f 778 905 779
f 779 905 906
f 779 906 780
f 780 906 907
f 780 907 781
f 781 907 908
f 781 908 782
f 782 908 909
f 782 909 783
f 783 909 910
f 783 910 784
f 784 910 911
f 784 911 785
f 785 911 912
f 785 912 786
f 786 912 913
f 786 913 787
f 787 913 914
f 787 914 788
f 788 914 915
f 788 915 789
f 789 915 916
f 789 916 790
f 790 916 917
f 790 917 791
f 791 917 918
f 791 918 792
f 792 918 919
f 792 919 793
f 793 919 920
f 793 920 794
f 794 920 921
f 794 921 795
f 795 921 922
f 795 922 796
f 796 922 923
f 796 923 797
f 797 923 924
f 797 924 798
f 798 924 925
f 798 925 799
f 799 925 926
f 799 926 800
f 800 926 927
f 800 927 801
f 801 927 928
f 801 928 802
f 802 928 929
f 802 929 803
f 803 929 930
f 803 930 804
f 804 930 931
f 804 931 805
f 805 931 932
f 805 932 806
f 806 932 933
f 806 933 807
f 807 933 934
f 807 934 808
f 808 934 935
f 808 935 809
f 809 935 936
f 809 936 810
f 810 936 937
f 810 937 811
f 811 937 938
f 811 938 812
f 812 938 939
f 812 939 813
f 813 939 940
f 813 940 814
f 814 940 941
f 814 941 815
f 815 941 942
f 815 942 816
f 816 942 943
f 816 943 817
f 817 943 944
f 817 944 818
f 818 944 945
f 818 945 819
f 819 945 946
f 819 946 820
f 820 946 947
f 820 947 821
f 821 947 948
f 821 948 822
f 822 948 949
f 822 949 823
f 823 949 950
f 823 950 824
f 824 950 951
f 824 951 825
f 825 951 952
f 825 952 826
f 826 952 953
f 826 953 827
f 827 953 954
f 827 954 828
f 828 954 955
f 828 955 829
f 829 955 956
f 829 956 830
f 830 956 957
f 830 957 831
f 831 957 958
f 831 958 832
f 832 958 959
f 832 959 833
f 833 959 960
f 833 960 834
f 834 960 961
f 834 961 835
f 835 961 962
f 835 962 836
f 836 962 963
f 836 963 837
f 837 963 964
f 837 964 838
f 838 964 965
f 838 965 839
f 839 965 966
f 839 966 840
f 840 966 967
f 840 967 841
f 841 967 968
f 841 968 842
f 842 968 969
f 842 969 843
f 843 969 970
f 843 970 844
f 844 970 971
f 844 971 845
f 845 971 972
f 845 972 846
f 846 972 973
f 846 973 847
f 847 973 974
f 847 974 848
f 848 974 975
f 848 975 849
f 849 975 976
f 849 976 850
f 850 976 977
f 850 977 851
f 851 977 978
f 851 978 537
f 537 978 539
f 853 979 854
f 854 979 980
f 854 980 855
f 855 980 981
f 855 981 856
f 856 981 982
f 856 982 857
f 857 982 983
f 857 983 858
f 858 983 984
f 858 984 859
f 859 984 985
f 859 985 860
f 860 985 986
f 860 986 861
f 861 986 987
f 861 987 862
f 862 987 988
f 862 988 863
f 863 988 989
f 863 989 864
f 864 989 990
f 864 990 865
f 865 990 991
f 865 991 866
f 866 991 992
f 866 992 867
f 867 992 993
f 867 993 868
f 868 993 994
f 868 994 869
f 869 994 995
f 869 995 870
f 870 995 996
f 870 996 871
f 871 996 997
f 871 997 872
f 872 997 998
f 872 998 873
f 873 998 999
f 873 999 874
f 874 999 1000
f 874 1000 875
f 875 1000 1001
f 875 1001 876
f 876 1001 1002
f 876 1002 877
f 877 1002 1003
f 877 1003 878
f 878 1003 1004
f 878 1004 879
f 879 1004 1005
f 879 1005 880
f 880 1005 1006
f 880 1006 881
f 881 1006 1007
f 881 1007 882
f 882 1007 1008
f 882 1008 883
f 883 1008 1009
f 883 1009 884
f 884 1009 1010
f 884 1010 885
f 885 1010 1011
f 885 1011 886
f 886 1011 1012
f 886 1012 887
f 887 1012 1013
f 887 1013 888
f 888 1013 1014
f 888 1014 889
f 889 1014 1015
f 889 1015 890
f 890 1015 1016
f 890 1016 891
f 891 1016 1017
f 891 1017 892
f 892 1017 1018
f 892 1018 893
f 893 1018 1019
f 893 1019 894
f 894 1019 1020
f 894 1020 895
f 895 1020 1021
f 895 1021 896
f 896 1021 1022
f 896 1022 897
f 897 1022 1023
f 897 1023 898
f 898 1023 1024
f 898 1024 899
f 899 1024 1025
f 899 1025 900
f 900 1025 1026
f 900 1026 901
f 901 1026 1027
f 901 1027 902
f 902 1027 1028
f 902 1028 903
f 903 1028 1029
f 903 1029 904
f 904 1029 1030
f 904 1030 905
f 905 1030 1031
f 905 1031 906
f 906 1031 1032
f 906 1032 907
f 907 1032 1033
f 907 1033 908
f 908 1033 1034
f 908 1034 909
f 909 1034 1035
f 909 1035 910
f 910 1035 1036
f 910 1036 911
f 911 1036 1037
f 911 1037 912
f 912 1037 1038
f 912 1038 913
f 913 1038 1039
f 913 1039 914
f 914 1039 1040
f 914 1040 915
f 915 1040 1041
f 915 1041 916
f 916 1041 1042
f 916 1042 917
f 917 1042 1043
f 917 1043 918
f 918 1043 1044
f 918 1044 919
f 919 1044 1045
f 919 1045 920
f 920 1045 1046
f 920 1046 921
f 921 1046 1047
f 921 1047 922
f 922 1047 1048
f 922 1048 923
f 923 1048 1049
f 923 1049 924
f 924 1049 1050
f 924 1050 925
f 925 1050 1051
f 925 1051 926
f 926 1051 1052
f 926 1052 927
f 927 1052 1053
f 927 1053 928
f 928 1053 1054
f 928 1054 929
f 929 1054 1055
f 929 1055 930
f 930 1055 1056
f 930 1056 931
f 931 1056 1057
f 931 1057 932
f 932 1057 1058
f 932 1058 933
f 933 1058 1059
f 933 1059 934
f 934 1059 1060
f 934 1060 935
f 935 1060 1061
f 935 1061 936
f 936 1061 1062
f 936 1062 937
f 937 1062 1063
f 937 1063 938
f 938 1063 1064
f 938 1064 939
f 939 1064 1065
f 939 1065 940
f 940 1065 1066
f 940 1066 941
f 941 1066 1067
f 941 1067 942
f 942 1067 1068
f 942 1068 943
f 943 1068 1069
f 943 1069 944
f 944 1069 1070
f 944 1070 945
f 945 1070 1071
f 945 1071 946
f 946 1071 1072
f 946 1072 947
f 947 1072 1073
f 947 1073 948
f 948 1073 1074
f 948 1074 949
f 949 1074 1075
f 949 1075 950
f 950 1075 1076
f 950 1076 951
f 951 1076 1077
f 951 1077 952
f 952 1077 1078
f 952 1078 953
f 953 1078 1079
f 953 1079 954
f 954 1079 1080
f 954 1080 955
f 955 1080 1081
f 955 1081 956
f 956 1081 1082
f 956 1082 957
f 957 1082 1083
f 957 1083 958
f 958 1083 1084
f 958 1084 959
f 959 1084 1085
f 959 1085 960
f 960 1085 1086
f 960 1086 961
f 961 1086 1087
f 961 1087 962
f 962 1087 1088
f 962 1088 963
f 963 1088 1089
f 963 1089 964
f 964 1089 1090
f 964 1090 965
f 965 1090 1091
f 965 1091 966
f 966 1091 1092
f 966 1092 967
f 967 1092 1093
f 967 1093 968
f 968 1093 1094
f 968 1094 969
f 969 1094 1095
f 969 1095 970
f 970 1095 1096
f 970 1096 971
f 971 1096 1097
f 971 1097 972
f 972 1097 1098
f 972 1098 973
f 973 1098 1099
f 973 1099 974
f 974 1099 1100
f 974 1100 975
f 975 1100 1101
f 975 1101 976
f 976 1101 1102
f 976 1102 977
f 977 1102 1103
f 977 1103 978
f 978 1103 1104
f 978 1104 539
f 539 1104 541
f 980 1105 981
f 981 1105 1106
f 981 1106 982
f 982 1106 1107
f 982 1107 983
f 983 1107 1108
f 983 1108 984
f 984 1108 1109
f 984 1109 985
f 985 1109 1110
f 985 1110 986
f 986 1110 1111
f 986 1111 987
f 987 1111 1112
f 987 1112 988
f 988 1112 1113
f 988 1113 989
f 989 1113 1114
f 989 1114 990
f 990 1114 1115
f 990 1115 991
f 991 1115 1116
f 991 1116 992
f 992 1116 1117
f 992 1117 993
f 993 1117 1118
f 993 1118 994
f 994 1118 1119
f 994 1119 995
f 995 1119 1120
f 995 1120 996
f 996 1120 1121
f 996 1121 997
f 997 1121 1122
f 997 1122 998
f 998 1122 1123
f 998 1123 999
f 999 1123 1124
f 999 1124 1000
f 1000 1124 1125
f 1000 1125 1001
f 1001 1125 1126
f 1001 1126 1002
f 1002 1126 1127
f 1002 1127 1003
f 1003 1127 1128
f 1003 1128 1004
f 1004 1128 1129
f 1004 1129 1005
f 1005 1129 1130
f 1005 1130 1006
f 1006 1130 1131
f 1006 1131 1007
f 1007 1131 1132
f 1007 1132 1008
f 1008 1132 1133
f 1008 1133 1009
f 1009 1133 1134
f 1009 1134 1010
f 1010 1134 1135
f 1010 1135 1011
f 1011 1135 1136
f 1011 1136 1012
f 1012 1136 1137
f 1012 1137 1013
f 1013 1137 1138
f 1013 1138 1014
f 1014 1138 1139
f 1014 1139 1015
f 1015 1139 1140
f 1015 1140 1016
f 1016 1140 1141
f 1016 1141 1017
f 1017 1141 1142
f 1017 1142 1018
f 1018 1142 1143
f 1018 1143 1019
f 1019 1143 1144
f 1019 1144 1020
f 1020 1144 1145
f 1020 1145 1021
f 1021 1145 1146
f 1021 1146 1022
f 1022 1146 1147
f 1022 1147 1023
f 1023 1147 1148
f 1023 1148 1024
f 1024 1148 1149
f 1024 1149 1025
f 1025 1149 1150
f 1025 1150 1026
f 1026 1150 1151
f 1026 1151 1027
f 1027 1151 1152
f 1027 1152 1028
f 1028 1152 1153
f 1028 1153 1029
f 1029 1153 1154
f 1029 1154 1030
f 1030 1154 1155
f 1030 1155 1031
f 1031 1155 1156
f 1031 1156 1032
f 1032 1156 1157
f 1032 1157 1033
f 1033 1157 1158
f 1033 1158 1034
f 1034 1158 1159
f 1034 1159 1035
f 1035 1159 1160
f 1035 1160 1036
f 1036 1160 1161
f 1036 1161 1037
f 1037 1161 1162
f 1037 1162 1038
f 1038 1162 1163
f 1038 1163 1039
f 1039 1163 1164
f 1039 1164 1040
f 1040 1164 1165
f 1040 1165 1041
f 1041 1165 1166
f 1041 1166 1042
f 1042 1166 1167
f 1042 1167 1043
f 1043 1167 1168
f 1043 1168 1044
f 1044 1168 1169
f 1044 1169 1045
f 1045 1169 1170
f 1045 1170 1046
f 1046 1170 1171
f 1046 1171 1047
f 1047 1171 1172
f 1047 1172 1048
f 1048 1172 1173
f 1048 1173 1049
f 1049 1173 1174
f 1049 1174 1050
f 1050 1174 1175
f 1050 1175 1051
f 1051 1175 1176
f 1051 1176 1052
f 1052 1176 1177
f 1052 1177 1053
f 1053 1177 1178
f 1053 1178 1054
f 1054 1178 1179
f 1054 1179 1055
f 1055 1179 1180
f 1055 1180 1056
f 1056 1180 1181
f 1056 1181 1057
f 1057 1181 1182
f 1057 1182 1058
f 1058 1182 1183
f 1058 1183 1059
f 1059 1183 1184
f 1059 1184 1060
f 1060 1184 1185
f 1060 1185 1061
f 1061 1185 1186
f 1061 1186 1062
f 1062 1186 1187
f 1062 1187 1063
f 1063 1187 1188
f 1063 1188 1064
f 1064 1188 1189
f 1064 1189 1065
f 1065 1189 1190
f 1065 1190 1066
f 1066 1190 1191
f 1066 1191 1067
f 1067 1191 1192
f 1067 1192 1068
f 1068 1192 1193
f 1068 1193 1069
f 1069 1193 1194
f 1069 1194 1070
f 1070 1194 1195
f 1070 1195 1071
f 1071 1195 1196
f 1071 1196 1072
f 1072 1196 1197
f 1072 1197 1073
f 1073 1197 1198
f 1073 1198 1074
f 1074 1198 1199
f 1074 1199 1075
f 1075 1199 1200
f 1075 1200 1076
f 1076 1200 1201
f 1076 1201 1077
f 1077 1201 1202
f 1077 1202 1078
f 1078 1202 1203
f 1078 1203 1079
f 1079 1203 1204
f 1079 1204 1080
f 1080 1204 1205
f 1080 1205 1081
f 1081 1205 1206
f 1081 1206 1082
f 1082 1206 1207
f 1082 1207 1083
f 1083 1207 1208
f 1083 1208 1084
f 1084 1208 1209
f 1084 1209 1085
f 1085 1209 1210
f 1085 1210 1086
f 1086 1210 1211
f 1086 1211 1087
f 1087 1211 1212
f 1087 1212 1088
f 1088 1212 1213
f 1088 1213 1089
f 1089 1213 1214
f 1089 1214 1090
f 1090 1214 1215
f 1090 1215 1091
f 1091 1215 1216
f 1091 1216 1092
f 1092 1216 1217
f 1092 1217 1093
f 1093 1217 1218
f 1093 1218 1094
f 1094 1218 1219
f 1094 1219 1095
f 1095 1219 1220
f 1095 1220 1096
f 1096 1220 1221
f 1096 1221 1097
f 1097 1221 1222
f 1097 1222 1098
f 1098 1222 1223
f 1098 1223 1099
f 1099 1223 1224
f 1099 1224 1100
f 1100 1224 1225
f 1100 1225 1101
f 1101 1225 1226
f 1101 1226 1102
f 1102 1226 1227
f 1102 1227 1103
f 1103 1227 1228
f 1103 1228 1104
f 1104 1228 1229
f 1104 1229 541
f 541 1229 543
f 1105 1230 1106
f 1106 1230 1231
f 1106 1231 1107
f 1107 1231 1232
f 1107 1232 1108
f 1108 1232 1233
f 1108 1233 1109
f 1109 1233 1234
f 1109 1234 1110
f 1110 1234 1235
f 1110 1235 1111
f 1111 1235 1236
f 1111 1236 1112
f 1112 1236 1237
f 1112 1237 1113
f 1113 1237 1238
f 1113 1238 1114
f 1114 1238 1239
f 1114 1239 1115
f 1115 1239 1240
f 1115 1240 1116
f 1116 1240 1241
f 1116 1241 1117
f 1117 1241 1242
f 1117 1242 1118
f 1118 1242 1243
f 1118 1243 1119
f 1119 1243 1244
f 1119 1244 1120
f 1120 1244 1245
f 1120 1245 1121
f 1121 1245 1246
f 1121 1246 1122
f 1122 1246 1247
f 1122 1247 1123
f 1123 1247 1248
f 1123 1248 1124
f 1124 1248 1249
f 1124 1249 1125
f 1125 1249 1250
f 1125 1250 1126
f 1126 1250 1251
f 1126 1251 1127
f 1127 1251 1252
f 1127 1252 1128
f 1128 1252 1253
f 1128 1253 1129
f 1129 1253 1254
f 1129 1254 1130
f 1130 1254 1255
f 1130 1255 1131
f 1131 1255 1256
f 1131 1256 1132
f 1132 1256 1257
f 1132 1257 1133
f 1133 1257 1258
f 1133 1258 1134
f 1134 1258 1259
f 1134 1259 1135
f 1135 1259 1260
f 1135 1260 1136
f 1136 1260 1261
f 1136 1261 1137
f 1137 1261 1262
f 1137 1262 1138
f 1138 1262 1263
f 1138 1263 1139
f 1139 1263 1264
f 1139 1264 1140
f 1140 1264 1265
f 1140 1265 1141
f 1141 1265 1266
f 1141 1266 1142
f 1142 1266 1267
f 1142 1267 1143
f 1143 1267 1268
f 1143 1268 1144
f 1144 1268 1269
f 1144 1269 1145
f 1145 1269 1270
f 1145 1270 1146
f 1146 1270 1271
f 1146 1271 1147
f 1147 1271 1272
f 1147 1272 1148
f 1148 1272 1273
f 1148 1273 1149
f 1149 1273 1274
f 1149 1274 1150
f 1150 1274 1275
f 1150 1275 1151
f 1151 1275 1276
f 1151 1276 1152
f 1152 1276 1277
f 1152 1277 1153
f 1153 1277 1278
f 1153 1278 1154
f 1154 1278 1279
f 1154 1279 1155
f 1155 1279 1280
f 1155 1280 1156
f 1156 1280 1281
f 1156 1281 1157
f 1157 1281 1282
f 1157 1282 1158
f 1158 1282 1283
f 1158 1283 1159
f 1159 1283 1284
f 1159 1284 1160
f 1160 1284 1285
f 1160 1285 1161
f 1161 1285 1286
f 1161 1286 1162
f 1162 1286 1287
f 1162 1287 1163
f 1163 1287 1288
f 1163 1288 1164
f 1164 1288 1289
f 1164 1289 1165
f 1165 1289 1290
f 1165 1290 1166
f 1166 1290 1291
f 1166 1291 1167
f 1167 1291 1292
f 1167 1292 1168
f 1168 1292 1293
f 1168 1293 1169
f 1169 1293 1294
f 1169 1294 1170
f 1170 1294 1295
f 1170 1295 1171
f 1171 1295 1296
f 1171 1296 1172
f 1172 1296 1297
f 1172 1297 1173
f 1173 1297 1298
f 1173 1298 1174
f 1174 1298 1299
f 1174 1299 1175
f 1175 1299 1300
f 1175 1300 1176
f 1176 1300 1301
f 1176 1301 1177
f 1177 1301 1302
f 1177 1302 1178
f 1178 1302 1303
f 1178 1303 1179
f 1179 1303 1304
f 1179 1304 1180
f 1180 1304 1305
f 1180 1305 1181
f 1181 1305 1306
f 1181 1306 1182
f 1182 1306 1307
f 1182 1307 1183
f 1183 1307 1308
f 1183 1308 1184
f 1184 1308 1309
f 1184 1309 1185
f 1185 1309 1310
f 1185 1310 1186
f 1186 1310 1311
f 1186 1311 1187
f 1187 1311 1312
f 1187 1312 1188
f 1188 1312 1313
f 1188 1313 1189
f 1189 1313 1314
f 1189 1314 1190
f 1190 1314 1315
f 1190 1315 1191
f 1191 1315 1316
f 1191 1316 1192
f 1192 1316 1317
f 1192 1317 1193
f 1193 1317 1318
f 1193 1318 1194
f 1194 1318 1319
f 1194 1319 1195
f 1195 1319 1320
f 1195 1320 1196
f 1196 1320 1321
f 1196 1321 1197
f 1197 1321 1322
f 1197 1322 1198
f 1198 1322 1323
f 1198 1323 1199
f 1199 1323 1324
f 1199 1324 1200
f 1200 1324 1325
f 1200 1325 1201
f 1201 1325 1326
f 1201 1326 1202
f 1202 1326 1327
f 1202 1327 1203
f 1203 1327 1328
f 1203 1328 1204
f 1204 1328 1329
f 1204 1329 1205
f 1205 1329 1330
f 1205 1330 1206
f 1206 1330 1331
f 1206 1331 1207
f 1207 1331 1332
f 1207 1332 1208
f 1208 1332 1333
f 1208 1333 1209
f 1209 1333 1334
f 1209 1334 1210
f 1210 1334 1335
f 1210 1335 1211
f 1211 1335 1336
f 1211 1336 1212
f 1212 1336 1337
f 1212 1337 1213
f 1213 1337 1338
f 1213 1338 1214
f 1214 1338 1339
f 1214 1339 1215
f 1215 1339 1340
f 1215 1340 1216
f 1216 1340 1341
f 1216 1341 1217
f 1217 1341 1342
f 1217 1342 1218
f 1218 1342 1343
f 1218 1343 1219
f 1219 1343 1344
f 1219 1344 1220
f 1220 1344 1345
f 1220 1345 1221
f 1221 1345 1346
f 1221 1346 1222
f 1222 1346 1347
f 1222 1347 1223
f 1223 1347 1348
f 1223 1348 1224
f 1224 1348 1349
f 1224 1349 1225
f 1225 1349 1350
f 1225 1350 1226
f 1226 1350 1351
f 1226 1351 1227
f 1227 1351 1352
f 1227 1352 1228
f 1228 1352 1353
f 1228 1353 1229
f 1229 1353 1354
f 1229 1354 543
f 543 1354 545
f 1230 1355 1231
f 1231 1355 1356
f 1231 1356 1232
f 1232 1356 1357
f 1232 1357 1233
f 1233 1357 1358
f 1233 1358 1234
f 1234 1358 1359
f 1234 1359 1235
f 1235 1359 1360
f 1235 1360 1236
f 1236 1360 1361
f 1236 1361 1237
f 1237 1361 1362
f 1237 1362 1238
f 1238 1362 1363
f 1238 1363 1239
f 1239 1363 1364
f 1239 1364 1240
f 1240 1364 1365
f 1240 1365 1241
f 1241 1365 1366
f 1241 1366 1242
f 1242 1366 1367
f 1242 1367 1243
f 1243 1367 1368
f 1243 1368 1244
f 1244 1368 1369
f 1244 1369 1245
f 1245 1369 1370
f 1245 1370 1246
f 1246 1370 1371
f 1246 1371 1247
f 1247 1371 1372
f 1247 1372 1248
f 1248 1372 1373
f 1248 1373 1249
f 1249 1373 1374
f 1249 1374 1250
f 1250 1374 1375
f 1250 1375 1251
f 1251 1375 1376
f 1251 1376 1252
f 1252 1376 1377
f 1252 1377 1253
f 1253 1377 1378
f 1253 1378 1254
f 1254 1378 1379
f 1254 1379 1255
f 1255 1379 1380
f 1255 1380 1256
f 1256 1380 1381
f 1256 1381 1257
f 1257 1381 1382
f 1257 1382 1258
f 1258 1382 1383
f 1258 1383 1259
f 1259 1383 1384
f 1259 1384 1260
f 1260 1384 1385
f 1260 1385 1261
f 1261 1385 1386
f 1261 1386 1262
f 1262 1386 1387
f 1262 1387 1263
f 1263 1387 1388
f 1263 1388 1264
f 1264 1388 1389
f 1264 1389 1265
f 1265 1389 1390
f 1265 1390 1266
f 1266 1390 1391
f 1266 1391 1267
f 1267 1391 1392
f 1267 1392 1268
f 1268 1392 1393
f 1268 1393 1269
f 1269 1393 1394
f 1269 1394 1270
f 1270 1394 1395
f 1270 1395 1271
f 1271 1395 1396
f 1271 1396 1272
f 1272 1396 1397
f 1272 1397 1273
f 1273 1397 1398
f 1273 1398 1274
f 1274 1398 1399
f 1274 1399 1275
f 1275 1399 1400
f 1275 1400 1276
f 1276 1400 1401
f 1276 1401 1277
f 1277 1401 1402
f 1277 1402 1278
f 1278 1402 1403
f 1278 1403 1279
f 1279 1403 1404
f 1279 1404 1280
f 1280 1404 1405
f 1280 1405 1281
f 1281 1405 1406
f 1281 1406 1282
f 1282 1406 1407
f 1282 1407 1283
f 1283 1407 1408
f 1283 1408 1284
f 1284 1408 1409
f 1284 1409 1285
f 1285 1409 1410
f 1285 1410 1286
f 1286 1410 1411
f 1286 1411 1287
f 1287 1411 1412
f 1287 1412 1288
f 1288 1412 1413
f 1288 1413 1289
f 1289 1413 1414
f 1289 1414 1290
f 1290 1414 1415
f 1290 1415 1291
f 1291 1415 1416
f 1291 1416 1292
f 1292 1416 1417
f 1292 1417 1293
f 1293 1417 1418
f 1293 1418 1294
f 1294 1418 1419
f 1294 1419 1295
f 1295 1419 1420
f 1295 1420 1296
f 1296 1420 1421
f 1296 1421 1297
f 1297 1421 1422
f 1297 1422 1298
f 1298 1422 1423
f 1298 1423 1299
f 1299 1423 1424
f 1299 1424 1300
f 1300 1424 1425
f 1300 1425 1301
f 1301 1425 1426
f 1301 1426 1302
f 1302 1426 1427
f 1302 1427 1303
f 1303 1427 1428
f 1303 1428 1304
f 1304 1428 1429
f 1304 1429 1305
f 1305 1429 1430
f 1305 1430 1306
f 1306 1430 1431
f 1306 1431 1307
f 1307 1431 1432
f 1307 1432 1308
f 1308 1432 1433
f 1308 1433 1309
f 1309 1433 1434
f 1309 1434 1310
f 1310 1434 1435
f 1310 1435 1311
f 1311 1435 1436
f 1311 1436 1312
f 1312 1436 1437
f 1312 1437 1313
f 1313 1437 1438
f 1313 1438 1314
f 1314 1438 1439
f 1314 1439 1315
f 1315 1439 1440
f 1315 1440 1316
f 1316 1440 1441
f 1316 1441 1317
f 1317 1441 1442
f 1317 1442 1318
f 1318 1442 1443
f 1318 1443 1319
f 1319 1443 1444
f 1319 1444 1320
f 1320 1444 1445
f 1320 1445 1321
f 1321 1445 1446
f 1321 1446 1322
f 1322 1446 1447
f 1322 1447 1323
f 1323 1447 1448
f 1323 1448 1324
f 1324 1448 1449
f 1324 1449 1325
f 1325 1449 1450
f 1325 1450 1326
f 1326 1450 1451
f 1326 1451 1327
f 1327 1451 1452
f 1327 1452 1328
f 1328 1452 1453
f 1328 1453 1329
f 1329 1453 1454
f 1329 1454 1330
f 1330 1454 1455
f 1330 1455 1331
f 1331 1455 1456
f 1331 1456 1332
f 1332 1456 1457
f 1332 1457 1333
f 1333 1457 1458
f 1333 1458 1334
f 1334 1458 1459
f 1334 1459 1335
f 1335 1459 1460
f 1335 1460 1336
f 1336 1460 1461
f 1336 1461 1337
f 1337 1461 1462
f 1337 1462 1338
f 1338 1462 1463
f 1338 1463 1339
f 1339 1463 1464
f 1339 1464 1340
f 1340 1464 1465
f 1340 1465 1341
f 1341 1465 1466
f 1341 1466 1342
f 1342 1466 1467
f 1342 1467 1343
f 1343 1467 1468
f 1343 1468 1344
f 1344 1468 1469
f 1344 1469 1345
f 1345 1469 1470
f 1345 1470 1346
f 1346 1470 1471
f 1346 1471 1347
f 1347 1471 1472
f 1347 1472 1348
f 1348 1472 1473
f 1348 1473 1349
f 1349 1473 1474
f 1349 1474 1350
f 1350 1474 1475
f 1350 1475 1351
f 1351 1475 1476
f 1351 1476 1352
f 1352 1476 1477
f 1352 1477 1353
f 1353 1477 1478
f 1353 1478 1354
f 1354 1478 1479
f 1354 1479 545
f 545 1479 547
f 1355 1481 1482
f 1355 1482 1356
f 1356 1482 1483
f 1356 1483 1357
f 1357 1483 1484
f 1357 1484 1358
f 1358 1484 1485
f 1358 1485 1359
f 1359 1485 1486
f 1359 1486 1360
f 1360 1486 1487
f 1360 1487 1361
f 1361 1487 1488
f 1361 1488 1362
f 1362 1488 1489
f 1362 1489 1363
f 1363 1489 1490
f 1363 1490 1364
f 1364 1490 1491
f 1364 1491 1365
f 1365 1491 1492
f 1365 1492 1366
f 1366 1492 1493
f 1366 1493 1367
f 1367 1493 1494
f 1367 1494 1368
f 1368 1494 1495
f 1368 1495 1369
f 1369 1495 1496
f 1369 1496 1370
f 1370 1496 1497
f 1370 1497 1371
f 1371 1497 1498
f 1371 1498 1372
f 1372 1498 1499
f 1372 1499 1373
f 1373 1499 1500
f 1373 1500 1374
f 1374 1500 1501
f 1374 1501 1375
f 1375 1501 1502
f 1375 1502 1376
f 1376 1502 1503
f 1376 1503 1377
f 1377 1503 1504
f 1377 1504 1378
f 1378 1504 1505
f 1378 1505 1379
f 1379 1505 1506
f 1379 1506 1380
f 1380 1506 1507
f 1380 1507 1381
f 1381 1507 1508
f 1381 1508 1382
f 1382 1508 1509
f 1382 1509 1383
f 1383 1509 1510
f 1383 1510 1384
f 1384 1510 1511
f 1384 1511 1385
f 1385 1511 1512
f 1385 1512 1386
f 1386 1512 1513
f 1386 1513 1387
f 1387 1513 1514
f 1387 1514 1388
f 1388 1514 1515
f 1388 1515 1389
f 1389 1515 1516
f 1389 1516 1390
f 1390 1516 1517
f 1390 1517 1391
f 1391 1517 1518
f 1391 1518 1392
f 1392 1518 1519
f 1392 1519 1393
f 1393 1519 1520
f 1393 1520 1394
f 1394 1520 1521
f 1394 1521 1395
f 1395 1521 1522
f 1395 1522 1396
f 1396 1522 1523
f 1396 1523 1397
f 1397 1523 1524
f 1397 1524 1398
f 1398 1524 1525
f 1398 1525 1399
f 1399 1525 1526
f 1399 1526 1400
f 1400 1526 1527
f 1400 1527 1401
f 1401 1527 1528
f 1401 1528 1402
f 1402 1528 1529
f 1402 1529 1403
f 1403 1529 1530
f 1403 1530 1404
f 1404 1530 1531
f 1404 1531 1405
f 1405 1531 1532
f 1405 1532 1406
f 1406 1532 1533
f 1406 1533 1407
f 1407 1533 1534
f 1407 1534 1408
f 1408 1534 1535
f 1408 1535 1409
f 1409 1535 1536
f 1409 1536 1410
f 1410 1536 1537
f 1410 1537 1411
f 1411 1537 1538
f 1411 1538 1412
f 1412 1538 1539
f 1412 1539 1413
f 1413 1539 1540
f 1413 1540 1414
f 1414 1540 1541
f 1414 1541 1415
f 1415 1541 1542
f 1415 1542 1416
f 1416 1542 1543
f 1416 1543 1417
f 1417 1543 1544
f 1417 1544 1418
f 1418 1544 1545
f 1418 1545 1419
f 1419 1545 1546
f 1419 1546 1420
f 1420 1546 1547
f 1420 1547 1421
f 1421 1547 1548
f 1421 1548 1422
f 1422 1548 1549
f 1422 1549 1423
f 1423 1549 1550
f 1423 1550 1424
f 1424 1550 1551
f 1424 1551 1425
f 1425 1551 1552
f 1425 1552 1426
f 1426 1552 1553
f 1426 1553 1427
f 1427 1553 1554
f 1427 1554 1428
f 1428 1554 1555
f 1428 1555 1429
f 1429 1555 1556
f 1429 1556 1430
f 1430 1556 1557
f 1430 1557 1431
f 1431 1557 1558
f 1431 1558 1432
f 1432 1558 1559
f 1432 1559 1433
f 1433 1559 1560
f 1433 1560 1434
f 1434 1560 1561
f 1434 1561 1435
f 1435 1561 1562
f 1435 1562 1436
f 1436 1562 1563
f 1436 1563 1437
f 1437 1563 1564
f 1437 1564 1438
f 1438 1564 1565
f 1438 1565 1439
f 1439 1565 1566
f 1439 1566 1440
f 1440 1566 1567
f 1440 1567 1441
f 1441 1567 1568
f 1441 1568 1442
f 1442 1568 1569
f 1442 1569 1443
f 1443 1569 1570
f 1443 1570 1444
f 1444 1570 1571
f 1444 1571 1445
f 1445 1571 1572
f 1445 1572 1446
f 1446 1572 1573
f 1446 1573 1447
f 1447 1573 1574
f 1447 1574 1448
f 1448 1574 1575
f 1448 1575 1449
f 1449 1575 1576
f 1449 1576 1450
f 1450 1576 1577
f 1450 1577 1451
f 1451 1577 1578
f 1451 1578 1452
f 1452 1578 1579
f 1452 1579 1453
f 1453 1579 1580
f 1453 1580 1454
f 1454 1580 1581
f 1454 1581 1455
f 1455 1581 1582
f 1455 1582 1456
f 1456 1582 1583
f 1456 1583 1457
f 1457 1583 1584
f 1457 1584 1458
f 1458 1584 1585
f 1458 1585 1459
f 1459 1585 1586
f 1459 1586 1460
f 1460 1586 1587
f 1460 1587 1461
f 1461 1587 1588
f 1461 1588 1462
f 1462 1588 1589
f 1462 1589 1463
f 1463 1589 1590
f 1463 1590 1464
f 1464 1590 1591
f 1464 1591 1465
f 1465 1591 1592
f 1465 1592 1466
f 1466 1592 1593
f 1466 1593 1467
f 1467 1593 1594
f 1467 1594 1468
f 1468 1594 1595
f 1468 1595 1469
f 1469 1595 1596
f 1469 1596 1470
f 1470 1596 1597
f 1470 1597 1471
f 1471 1597 1598
f 1471 1598 1472
f 1472 1598 1599
f 1472 1599 1473
f 1473 1599 1600
f 1473 1600 1474
f 1474 1600 1601
f 1474 1601 1475
f 1475 1601 1602
f 1475 1602 1476
f 1476 1602 1603
f 1476 1603 1477
f 1477 1603 1604
f 1477 1604 1478
f 1478 1604 1605
f 1478 1605 1479
f 1479 1605 1606
f 1479 1606 547
f 547 1606 549
f 1480 1607 1608
f 1480 1608 1481
f 1481 1608 1609
f 1481 1609 1482
f 1482 1609 1610
f 1482 1610 1483
f 1483 1610 1611
f 1483 1611 1484
f 1484 1611 1612
f 1484 1612 1485
f 1485 1612 1613
f 1485 1613 1486
f 1486 1613 1614
f 1486 1614 1487
f 1487 1614 1615
f 1487 1615 1488
f 1488 1615 1616
f 1488 1616 1489
f 1489 1616 1617
f 1489 1617 1490
f 1490 1617 1618
f 1490 1618 1491
f 1491 1618 1619
f 1491 1619 1492
f 1492 1619 1620
f 1492 1620 1493
f 1493 1620 1621
f 1493 1621 1494
f 1494 1621 1622
f 1494 1622 1495
f 1495 1622 1623
f 1495 1623 1496
f 1496 1623 1624
f 1496 1624 1497
f 1497 1624 1625
f 1497 1625 1498
f 1498 1625 1626
f 1498 1626 1499
f 1499 1626 1627
f 1499 1627 1500
f 1500 1627 1628
f 1500 1628 1501
f 1501 1628 1629
f 1501 1629 1502
f 1502 1629 1630
f 1502 1630 1503
f 1503 1630 1631
f 1503 1631 1504
f 1504 1631 1632
f 1504 1632 1505
f 1505 1632 1633
f 1505 1633 1506
f 1506 1633 1634
f 1506 1634 1507
f 1507 1634 1635
f 1507 1635 1508
f 1508 1635 1636
f 1508 1636 1509
f 1509 1636 1637
f 1509 1637 1510
f 1510 1637 1638
f 1510 1638 1511
f 1511 1638 1639
f 1511 1639 1512
f 1512 1639 1640
f 1512 1640 1513
f 1513 1640 1641
f 1513 1641 1514
f 1514 1641 1642
f 1514 1642 1515
f 1515 1642 1643
f 1515 1643 1516
f 1516 1643 1644
f 1516 1644 1517
f 1517 1644 1645
f 1517 1645 1518
f 1518 1645 1646
f 1518 1646 1519
f 1519 1646 1647
f 1519 1647 1520
f 1520 1647 1648
f 1520 1648 1521
f 1521 1648 1649
f 1521 1649 1522
f 1522 1649 1650
f 1522 1650 1523
f 1523 1650 1651
f 1523 1651 1524
f 1524 1651 1652
f 1524 1652 1525
f 1525 1652 1653
f 1525 1653 1526
f 1526 1653 1654
f 1526 1654 1527
f 1527 1654 1655
f 1527 1655 1528
f 1528 1655 1656
f 1528 1656 1529
f 1529 1656 1657
f 1529 1657 1530
f 1530 1657 1658
f 1530 1658 1531
f 1531 1658 1659
f 1531 1659 1532
f 1532 1659 1660
f 1532 1660 1533
f 1533 1660 1661
f 1533 1661 1534
f 1534 1661 1662
f 1534 1662 1535
f 1535 1662 1663
f 1535 1663 1536
f 1536 1663 1664
f 1536 1664 1537
f 1537 1664 1665
f 1537 1665 1538
f 1538 1665 1666
f 1538 1666 1539
f 1539 1666 1667
f 1539 1667 1540
f 1540 1667 1668
f 1540 1668 1541
f 1541 1668 1669
f 1541 1669 1542
f 1542 1669 1670
f 1542 1670 1543
f 1543 1670 1671
f 1543 1671 1544
f 1544 1671 1672
f 1544 1672 1545
f 1545 1672 1673
f 1545 1673 1546
f 1546 1673 1674
f 1546 1674 1547
f 1547 1674 1675
f 1547 1675 1548
f 1548 1675 1676
f 1548 1676 1549
f 1549 1676 1677
f 1549 1677 1550
f 1550 1677 1678
f 1550 1678 1551
f 1551 1678 1679
f 1551 1679 1552
f 1552 1679 1680
f 1552 1680 1553
f 1553 1680 1681
f 1553 1681 1554
f 1554 1681 1682
f 1554 1682 1555
f 1555 1682 1683
f 1555 1683 1556
f 1556 1683 1684
f 1556 1684 1557
f 1557 1684 1685
f 1557 1685 1558
f 1558 1685 1686
f 1558 1686 1559
f 1559 1686 1687
f 1559 1687 1560
f 1560 1687 1688
f 1560 1688 1561
f 1561 1688 1689
f 1561 1689 1562
f 1562 1689 1690
f 1562 1690 1563
f 1563 1690 1691
f 1563 1691 1564
f 1564 1691 1692
f 1564 1692 1565
f 1565 1692 1693
f 1565 1693 1566
f 1566 1693 1694
f 1566 1694 1567
f 1567 1694 1695
f 1567 1695 1568
f 1568 1695 1696
f 1568 1696 1569
f 1569 1696 1697
f 1569 1697 1570
f 1570 1697 1698
f 1570 1698 1571
f 1571 1698 1699
f 1571 1699 1572
f 1572 1699 1700
f 1572 1700 1573
f 1573 1700 1701
f 1573 1701 1574
f 1574 1701 1702
f 1574 1702 1575
f 1575 1702 1703
f 1575 1703 1576
f 1576 1703 1704
f 1576 1704 1577
f 1577 1704 1705
f 1577 1705 1578
f 1578 1705 1706
f 1578 1706 1579
f 1579 1706 1707
f 1579 1707 1580
f 1580 1707 1708
f 1580 1708 1581
f 1581 1708 1709
f 1581 1709 1582
f 1582 1709 1710
f 1582 1710 1583
f 1583 1710 1711
f 1583 1711 1584
f 1584 1711 1712
f 1584 1712 1585
f 1585 1712 1713
f 1585 1713 1586
f 1586 1713 1714
f 1586 1714 1587
f 1587 1714 1715
f 1587 1715 1588
f 1588 1715 1716
f 1588 1716 1589
f 1589 1716 1717
f 1589 1717 1590
f 1590 1717 1718
f 1590 1718 1591
f 1591 1718 1719
f 1591 1719 1592
f 1592 1719 1720
f 1592 1720 1593
f 1593 1720 1721
f 1593 1721 1594
f 1594 1721 1722
f 1594 1722 1595
f 1595 1722 1723
f 1595 1723 1596
f 1596 1723 1724
f 1596 1724 1597
f 1597 1724 1725
f 1597 1725 1598
f 1598 1725 1726
f 1598 1726 1599
f 1599 1726 1727
f 1599 1727 1600
f 1600 1727 1728
f 1600 1728 1601
f 1601 1728 1729
f 1601 1729 1602
f 1602 1729 1730
f 1602 1730 1603
f 1603 1730 1731
f 1603 1731 1604
f 1604 1731 1732
f 1604 1732 1605
f 1605 1732 1733
f 1605 1733 1606
f 1606 1733 1734
f 1606 1734 549
f 549 1734 551
f 1607 1737 1738
f 1607 1738 1608
f 1608 1738 1739
f 1608 1739 1609
f 1609 1739 1740
f 1609 1740 1610
f 1610 1740 1741
f 1610 1741 1611
f 1611 1741 1742
f 1611 1742 1612
f 1612 1742 1743
f 1612 1743 1613
f 1613 1743 1744
f 1613 1744 1614
f 1614 1744 1745
f 1614 1745 1615
f 1615 1745 1746
f 1615 1746 1616
f 1616 1746 1747
f 1616 1747 1617
f 1617 1747 1748
f 1617 1748 1618
f 1618 1748 1749
f 1618 1749 1619
f 1619 1749 1750
f 1619 1750 1620
f 1620 1750 1751
f 1620 1751 1621
f 1621 1751 1752
f 1621 1752 1622
f 1622 1752 1753
f 1622 1753 1623
f 1623 1753 1754
f 1623 1754 1624
f 1624 1754 1755
f 1624 1755 1625
f 1625 1755 1756
f 1625 1756 1626
f 1626 1756 1757
f 1626 1757 1627
f 1627 1757 1758
f 1627 1758 1628
f 1628 1758 1759
f 1628 1759 1629
f 1629 1759 1760
f 1629 1760 1630
f 1630 1760 1761
f 1630 1761 1631
f 1631 1761 1762
f 1631 1762 1632
f 1632 1762 1763
f 1632 1763 1633
f 1633 1763 1764
f 1633 1764 1634
f 1634 1764 1765
f 1634 1765 1635
f 1635 1765 1766
f 1635 1766 1636
f 1636 1766 1767
f 1636 1767 1637
f 1637 1767 1768
f 1637 1768 1638
f 1638 1768 1769
f 1638 1769 1639
f 1639 1769 1770
f 1639 1770 1640
f 1640 1770 1771
f 1640 1771 1641
f 1641 1771 1772
f 1641 1772 1642
f 1642 1772 1773
f 1642 1773 1643
f 1643 1773 1774
f 1643 1774 1644
f 1644 1774 1775
f 1644 1775 1645
f 1645 1775 1776
f 1645 1776 1646
f 1646 1776 1777
f 1646 1777 1647
f 1647 1777 1778
f 1647 1778 1648
f 1648 1778 1779
f 1648 1779 1649
f 1649 1779 1780
f 1649 1780 1650
f 1650 1780 1781
f 1650 1781 1651
f 1651 1781 1782
f 1651 1782 1652
f 1652 1782 1783
f 1652 1783 1653
f 1653 1783 1784
f 1653 1784 1654
f 1654 1784 1785
f 1654 1785 1655
f 1655 1785 1786
f 1655 1786 1656
f 1656 1786 1787
f 1656 1787 1657
f 1657 1787 1788
f 1657 1788 1658
f 1658 1788 1789
f 1658 1789 1659
f 1659 1789 1790
f 1659 1790 1660
f 1660 1790 1791
f 1660 1791 1661
f 1661 1791 1792
f 1661 1792 1662
f 1662 1792 1793
f 1662 1793 1663
f 1663 1793 1794
f 1663 1794 1664
f 1664 1794 1795
f 1664 1795 1665
f 1665 1795 1796
f 1665 1796 1666
f 1666 1796 1797
f 1666 1797 1667
f 1667 1797 1798
f 1667 1798 1668
f 1668 1798 1799
f 1668 1799 1669
f 1669 1799 1800
f 1669 1800 1670
f 1670 1800 1801
f 1670 1801 1671
f 1671 1801 1802
f 1671 1802 1672
f 1672 1802 1803
f 1672 1803 1673
f 1673 1803 1804
f 1673 1804 1674
f 1674 1804 1805
f 1674 1805 1675
f 1675 1805 1806
f 1675 1806 1676
f 1676 1806 1807
f 1676 1807 1677
f 1677 1807 1808
f 1677 1808 1678
f 1678 1808 1809
f 1678 1809 1679
f 1679 1809 1810
f 1679 1810 1680
f 1680 1810 1811
f 1680 1811 1681
f 1681 1811 1812
f 1681 1812 1682
f 1682 1812 1813
f 1682 1813 1683
f 1683 1813 1814
f 1683 1814 1684
f 1684 1814 1815
f 1684 1815 1685
f 1685 1815 1816
f 1685 1816 1686
f 1686 1816 1817
f 1686 1817 1687
f 1687 1817 1818
f 1687 1818 1688
f 1688 1818 1819
f 1688 1819 1689
f 1689 1819 1820
f 1689 1820 1690
f 1690 1820 1821
f 1690 1821 1691
f 1691 1821 1822
f 1691 1822 1692
f 1692 1822 1823
f 1692 1823 1693
f 1693 1823 1824
f 1693 1824 1694
f 1694 1824 1825
f 1694 1825 1695
f 1695 1825 1826
f 1695 1826 1696
f 1696 1826 1827
f 1696 1827 1697
f 1697 1827 1828
f 1697 1828 1698
f 1698 1828 1829
f 1698 1829 1699
f 1699 1829 1830
f 1699 1830 1700
f 1700 1830 1831
f 1700 1831 1701
f 1701 1831 1832
f 1701 1832 1702
f 1702 1832 1833
f 1702 1833 1703
f 1703 1833 1834
f 1703 1834 1704
f 1704 1834 1835
f 1704 1835 1705
f 1705 1835 1836
f 1705 1836 1706
f 1706 1836 1837
f 1706 1837 1707
f 1707 1837 1838
f 1707 1838 1708
f 1708 1838 1839
f 1708 1839 1709
f 1709 1839 1840
f 1709 1840 1710
f 1710 1840 1841
f 1710 1841 1711
f 1711 1841 1842
f 1711 1842 1712
f 1712 1842 1843
f 1712 1843 1713
f 1713 1843 1844
f 1713 1844 1714
f 1714 1844 1845
f 1714 1845 1715
f 1715 1845 1846
f 1715 1846 1716
f 1716 1846 1847
f 1716 1847 1717
f 1717 1847 1848
f 1717 1848 1718
f 1718 1848 1849
f 1718 1849 1719
f 1719 1849 1850
f 1719 1850 1720
f 1720 1850 1851
f 1720 1851 1721
f 1721 1851 1852
f 1721 1852 1722
f 1722 1852 1853
f 1722 1853 1723
f 1723 1853 1854
f 1723 1854 1724
f 1724 1854 1855
f 1724 1855 1725
f 1725 1855 1856
f 1725 1856 1726
f 1726 1856 1857
f 1726 1857 1727
f 1727 1857 1858
f 1727 1858 1728
f 1728 1858 1859
f 1728 1859 1729
f 1729 1859 1860
f 1729 1860 1730
f 1730 1860 1861
f 1730 1861 1731
f 1731 1861 1862
f 1731 1862 1732
f 1732 1862 1863
f 1732 1863 1733
f 1733 1863 1864
f 1733 1864 1734
f 1734 1864 1865
f 1734 1865 551
f 551 1865 553
f 1735 1867 1868
f 1735 1868 1736
f 1736 1868 1869
f 1736 1869 1737
f 1737 1869 1870
f 1737 1870 1738
f 1738 1870 1871
f 1738 1871 1739
f 1739 1871 1872
f 1739 1872 1740
f 1740 1872 1873
f 1740 1873 1741
f 1741 1873 1874
f 1741 1874 1742
f 1742 1874 1875
f 1742 1875 1743
f 1743 1875 1876
f 1743 1876 1744
f 1744 1876 1877
f 1744 1877 1745
f 1745 1877 1878
f 1745 1878 1746
f 1746 1878 1879
f 1746 1879 1747
f 1747 1879 1880
f 1747 1880 1748
f 1748 1880 1881
f 1748 1881 1749
f 1749 1881 1882
f 1749 1882 1750
f 1750 1882 1883
f 1750 1883 1751
f 1751 1883 1884
f 1751 1884 1752
f 1752 1884 1885
f 1752 1885 1753
f 1753 1885 1886
f 1753 1886 1754
f 1754 1886 1887
f 1754 1887 1755
f 1755 1887 1888
f 1755 1888 1756
f 1756 1888 1889
f 1756 1889 1757
f 1757 1889 1890
f 1757 1890 1758
f 1758 1890 1891
f 1758 1891 1759
f 1759 1891 1892
f 1759 1892 1760
f 1760 1892 1893
f 1760 1893 1761
f 1761 1893 1894
f 1761 1894 1762
f 1762 1894 1895
f 1762 1895 1763
f 1763 1895 1896
f 1763 1896 1764
f 1764 1896 1897
f 1764 1897 1765
f 1765 1897 1898
f 1765 1898 1766
f 1766 1898 1899
f 1766 1899 1767
f 1767 1899 1900
f 1767 1900 1768
f 1768 1900 1901
f 1768 1901 1769
f 1769 1901 1902
f 1769 1902 1770
f 1770 1902 1903
f 1770 1903 1771
f 1771 1903 1904
f 1771 1904 1772
f 1772 1904 1905
f 1772 1905 1773
f 1773 1905 1906
f 1773 1906 1774
f 1774 1906 1907
f 1774 1907 1775
f 1775 1907 1908
f 1775 1908 1776
f 1776 1908 1909
f 1776 1909 1777
f 1777 1909 1910
f 1777 1910 1778
f 1778 1910 1911
f 1778 1911 1779
f 1779 1911 1912
f 1779 1912 1780
f 1780 1912 1913
f 1780 1913 1781
f 1781 1913 1914
f 1781 1914 1782
f 1782 1914 1915
f 1782 1915 1783
f 1783 1915 1916
f 1783 1916 1784
f 1784 1916 1917
f 1784 1917 1785
f 1785 1917 1918
f 1785 1918 1786
f 1786 1918 1919
f 1786 1919 1787
f 1787 1919 1920
f 1787 1920 1788
f 1788 1920 1921
f 1788 1921 1789
f 1789 1921 1922
f 1789 1922 1790
f 1790 1922 1923
f 1790 1923 1791
f 1791 1923 1924
f 1791 1924 1792
f 1792 1924 1925
f 1792 1925 1793
f 1793 1925 1926
f 1793 1926 1794
f 1794 1926 1927
f 1794 1927 1795
f 1795 1927 1928
f 1795 1928 1796
f 1796 1928 1929
f 1796 1929 1797
f 1797 1929 1930
f 1797 1930 1798
f 1798 1930 1931
f 1798 1931 1799
f 1799 1931 1932
f 1799 1932 1800
f 1800 1932 1933
f 1800 1933 1801
f 1801 1933 1934
f 1801 1934 1802
f 1802 1934 1935
f 1802 1935 1803
f 1803 1935 1936
f 1803 1936 1804
f 1804 1936 1937
f 1804 1937 1805
f 1805 1937 1938
f 1805 1938 1806
f 1806 1938 1939
f 1806 1939 1807
f 1807 1939 1940
f 1807 1940 1808
f 1808 1940 1941
f 1808 1941 1809
f 1809 1941 1942
f 1809 1942 1810
f 1810 1942 1943
f 1810 1943 1811
f 1811 1943 1944
f 1811 1944 1812
f 1812 1944 1945
f 1812 1945 1813
f 1813 1945 1946
f 1813 1946 1814
f 1814 1946 1947
f 1814 1947 1815
f 1815 1947 1948
f 1815 1948 1816
f 1816 1948 1949
f 1816 1949 1817
f 1817 1949 1950
f 1817 1950 1818
f 1818 1950 1951
f 1818 1951 1819
f 1819 1951 1952
f 1819 1952 1820
f 1820 1952 1953
f 1820 1953 1821
f 1821 1953 1954
f 1821 1954 1822
f 1822 1954 1955
f 1822 1955 1823
f 1823 1955 1956
f 1823 1956 1824
f 1824 1956 1957
f 1824 1957 1825
f 1825 1957 1958
f 1825 1958 1826
f 1826 1958 1959
f 1826 1959 1827
f 1827 1959 1960
f 1827 1960 1828
f 1828 1960 1961
f 1828 1961 1829
f 1829 1961 1962
f 1829 1962 1830
f 1830 1962 1963
f 1830 1963 1831
f 1831 1963 1964
f 1831 1964 1832
f 1832 1964 1965
f 1832 1965 1833
f 1833 1965 1966
f 1833 1966 1834
f 1834 1966 1967
f 1834 1967 1835
f 1835 1967 1968
f 1835 1968 1836
f 1836 1968 1969
f 1836 1969 1837
f 1837 1969 1970
f 1837 1970 1838
f 1838 1970 1971
f 1838 1971 1839
f 1839 1971 1972
f 1839 1972 1840
f 1840 1972 1973
f 1840 1973 1841
f 1841 1973 1974
f 1841 1974 1842
f 1842 1974 1975
f 1842 1975 1843
f 1843 1975 1976
f 1843 1976 1844
f 1844 1976 1977
f 1844 1977 1845
f 1845 1977 1978
f 1845 1978 1846
f 1846 1978 1979
f 1846 1979 1847
f 1847 1979 1980
f 1847 1980 1848
f 1848 1980 1981
f 1848 1981 1849
f 1849 1981 1982
f 1849 1982 1850
f 1850 1982 1983
f 1850 1983 1851
f 1851 1983 1984
f 1851 1984 1852
f 1852 1984 1985
f 1852 1985 1853
f 1853 1985 1986
f 1853 1986 1854
f 1854 1986 1987
f 1854 1987 1855
f 1855 1987 1988
f 1855 1988 1856
f 1856 1988 1989
f 1856 1989 1857
f 1857 1989 1990
f 1857 1990 1858
f 1858 1990 1991
f 1858 1991 1859
f 1859 1991 1992
f 1859 1992 1860
f 1860 1992 1993
f 1860 1993 1861
f 1861 1993 1994
f 1861 1994 1862
f 1862 1994 1995
f 1862 1995 1863
f 1863 1995 1996
f 1863 1996 1864
f 1864 1996 1997
f 1864 1997 1865
f 1865 1997 1998
f 1865 1998 553
f 553 1998 555
f 1866 2002 2003
f 1866 2003 1867
f 1867 2003 2004
f 1867 2004 1868
f 1868 2004 2005
f 1868 2005 1869
f 1869 2005 2006
f 1869 2006 1870
f 1870 2006 2007
f 1870 2007 1871
f 1871 2007 2008
f 1871 2008 1872
f 1872 2008 2009
f 1872 2009 1873
f 1873 2009 2010
f 1873 2010 1874
f 1874 2010 2011
f 1874 2011 1875
f 1875 2011 2012
f 1875 2012 1876
f 1876 2012 2013
f 1876 2013 1877
f 1877 2013 2014
f 1877 2014 1878
f 1878 2014 2015
f 1878 2015 1879
f 1879 2015 2016
f 1879 2016 1880
f 1880 2016 2017
f 1880 2017 1881
f 1881 2017 2018
f 1881 2018 1882
f 1882 2018 2019
f 1882 2019 1883
f 1883 2019 2020
f 1883 2020 1884
f 1884 2020 2021
f 1884 2021 1885
f 1885 2021 2022
f 1885 2022 1886
f 1886 2022 2023
f 1886 2023 1887
f 1887 2023 2024
f 1887 2024 1888
f 1888 2024 2025
f 1888 2025 1889
f 1889 2025 2026
f 1889 2026 1890
f 1890 2026 2027
f 1890 2027 1891
f 1891 2027 2028
f 1891 2028 1892
f 1892 2028 2029
f 1892 2029 1893
f 1893 2029 2030
f 1893 2030 1894
f 1894 2030 2031
f 1894 2031 1895
f 1895 2031 2032
f 1895 2032 1896
f 1896 2032 2033
f 1896 2033 1897
f 1897 2033 2034
f 1897 2034 1898
f 1898 2034 2035
f 1898 2035 1899
f 1899 2035 2036
f 1899 2036 1900
f 1900 2036 2037
f 1900 2037 1901
f 1901 2037 2038
f 1901 2038 1902
f 1902 2038 2039
f 1902 2039 1903
f 1903 2039 2040
f 1903 2040 1904
f 1904 2040 2041
f 1904 2041 1905
f 1905 2041 2042
f 1905 2042 1906
f 1906 2042 2043
f 1906 2043 1907
f 1907 2043 2044
f 1907 2044 1908
f 1908 2044 2045
f 1908 2045 1909
f 1909 2045 2046
f 1909 2046 1910
f 1910 2046 2047
f 1910 2047 1911
f 1911 2047 2048
f 1911 2048 1912
f 1912 2048 2049
f 1912 2049 1913
f 1913 2049 2050
f 1913 2050 1914
f 1914 2050 2051
f 1914 2051 1915
f 1915 2051 2052
f 1915 2052 1916
f 1916 2052 2053
f 1916 2053 1917
f 1917 2053 2054
f 1917 2054 1918
f 1918 2054 2055
f 1918 2055 1919
f 1919 2055 2056
f 1919 2056 1920
f 1920 2056 2057
f 1920 2057 1921
f 1921 2057 2058
f 1921 2058 1922
f 1922 2058 2059
f 1922 2059 1923
f 1923 2059 2060
f 1923 2060 1924
f 1924 2060 2061
f 1924 2061 1925
f 1925 2061 2062
f 1925 2062 1926
f 1926 2062 2063
f 1926 2063 1927
f 1927 2063 2064
f 1927 2064 1928
f 1928 2064 2065
f 1928 2065 1929
f 1929 2065 2066
f 1929 2066 1930
f 1930 2066 2067
f 1930 2067 1931
f 1931 2067 2068
f 1931 2068 1932
f 1932 2068 2069
f 1932 2069 1933
f 1933 2069 2070
f 1933 2070 1934
f 1934 2070 2071
f 1934 2071 1935
f 1935 2071 2072
f 1935 2072 1936
f 1936 2072 2073
f 1936 2073 1937
f 1937 2073 2074
f 1937 2074 1938
f 1938 2074 2075
f 1938 2075 1939
f 1939 2075 2076
f 1939 2076 1940
f 1940 2076 2077
f 1940 2077 1941
f 1941 2077 2078
f 1941 2078 1942
f 1942 2078 2079
f 1942 2079 1943
f 1943 2079 2080
f 1943 2080 1944
f 1944 2080 2081
f 1944 2081 1945
f 1945 2081 2082
f 1945 2082 1946
f 1946 2082 2083
f 1946 2083 1947
f 1947 2083 2084
f 1947 2084 1948
f 1948 2084 2085
f 1948 2085 1949
f 1949 2085 2086
f 1949 2086 1950
f 1950 2086 2087
f 1950 2087 1951
f 1951 2087 2088
f 1951 2088 1952
f 1952 2088 2089
f 1952 2089 1953
f 1953 2089 2090
f 1953 2090 1954
f 1954 2090 2091
f 1954 2091 1955
f 1955 2091 2092
f 1955 2092 1956
f 1956 2092 2093
f 1956 2093 1957
f 1957 2093 2094
f 1957 2094 1958
f 1958 2094 2095
f 1958 2095 1959
f 1959 2095 2096
f 1959 2096 1960
f 1960 2096 2097
f 1960 2097 1961
f 1961 2097 2098
f 1961 2098 1962
f 1962 2098 2099
f 1962 2099 1963
f 1963 2099 2100
f 1963 2100 1964
f 1964 2100 2101
f 1964 2101 1965
f 1965 2101 2102
f 1965 2102 1966
f 1966 2102 2103
f 1966 2103 1967
f 1967 2103 2104
f 1967 2104 1968
f 1968 2104 2105
f 1968 2105 1969
f 1969 2105 2106
f 1969 2106 1970
f 1970 2106 2107
f 1970 2107 1971
f 1971 2107 2108
f 1971 2108 1972
f 1972 2108 2109
f 1972 2109 1973
f 1973 2109 2110
f 1973 2110 1974
f 1974 2110 2111
f 1974 2111 1975
f 1975 2111 2112
f 1975 2112 1976
f 1976 2112 2113
f 1976 2113 1977
f 1977 2113 2114
f 1977 2114 1978
f 1978 2114 2115
f 1978 2115 1979
f 1979 2115 2116
f 1979 2116 1980
f 1980 2116 2117
f 1980 2117 1981
f 1981 2117 2118
f 1981 2118 1982
f 1982 2118 2119
f 1982 2119 1983
f 1983 2119 2120
f 1983 2120 1984
f 1984 2120 2121
f 1984 2121 1985
f 1985 2121 2122
f 1985 2122 1986
f 1986 2122 2123
f 1986 2123 1987
f 1987 2123 2124
f 1987 2124 1988
f 1988 2124 2125
f 1988 2125 1989
f 1989 2125 2126
f 1989 2126 1990
f 1990 2126 2127
f 1990 2127 1991
f 1991 2127 2128
f 1991 2128 1992
f 1992 2128 2129
f 1992 2129 1993
f 1993 2129 2130
f 1993 2130 1994
f 1994 2130 2131
f 1994 2131 1995
f 1995 2131 2132
f 1995 2132 1996
f 1996 2132 2133
f 1996 2133 1997
f 1997 2133 2134
f 1997 2134 1998
f 1998 2134 2135
f 1998 2135 555
f 555 2135 557
f 1999 2138 2139
f 1999 2139 2000
f 2000 2139 2140
f 2000 2140 2001
f 2001 2140 2141
f 2001 2141 2002
f 2002 2141 2142
f 2002 2142 2003
f 2003 2142 2143
f 2003 2143 2004
f 2004 2143 2144
f 2004 2144 2005
f 2005 2144 2145
f 2005 2145 2006
f 2006 2145 2146
f 2006 2146 2007
f 2007 2146 2147
f 2007 2147 2008
f 2008 2147 2148
f 2008 2148 2009
f 2009 2148 2149
f 2009 2149 2010
f 2010 2149 2150
f 2010 2150 2011
f 2011 2150 2151
f 2011 2151 2012
f 2012 2151 2152
f 2012 2152 2013
f 2013 2152 2153
f 2013 2153 2014
f 2014 2153 2154
f 2014 2154 2015
f 2015 2154 2155
f 2015 2155 2016
f 2016 2155 2156
f 2016 2156 2017
f 2017 2156 2157
f 2017 2157 2018
f 2018 2157 2158
f 2018 2158 2019
f 2019 2158 2159
f 2019 2159 2020
f 2020 2159 2160
f 2020 2160 2021
f 2021 2160 2161
f 2021 2161 2022
f 2022 2161 2162
f 2022 2162 2023
f 2023 2162 2163
f 2023 2163 2024
f 2024 2163 2164
f 2024 2164 2025
f 2025 2164 2165
f 2025 2165 2026
f 2026 2165 2166
f 2026 2166 2027
f 2027 2166 2167
f 2027 2167 2028
f 2028 2167 2168
f 2028 2168 2029
f 2029 2168 2169
f 2029 2169 2030
f 2030 2169 2170
f 2030 2170 2031
f 2031 2170 2171
f 2031 2171 2032
f 2032 2171 2172
f 2032 2172 2033
f 2033 2172 2173
f 2033 2173 2034
f 2034 2173 2174
f 2034 2174 2035
f 2035 2174 2175
f 2035 2175 2036
f 2036 2175 2176
f 2036 2176 2037
f 2037 2176 2177
f 2037 2177 2038
f 2038 2177 2178
f 2038 2178 2039
f 2039 2178 2179
f 2039 2179 2040
f 2040 2179 2180
f 2040 2180 2041
f 2041 2180 2181
f 2041 2181 2042
f 2042 2181 2182
f 2042 2182 2043
f 2043 2182 2183
f 2043 2183 2044
f 2044 2183 2184
f 2044 2184 2045
f 2045 2184 2185
f 2045 2185 2046
f 2046 2185 2186
f 2046 2186 2047
f 2047 2186 2187
f 2047 2187 2048
f 2048 2187 2188
f 2048 2188 2049
f 2049 2188 2189
f 2049 2189 2050
f 2050 2189 2190
f 2050 2190 2051
f 2051 2190 2191
f 2051 2191 2052
f 2052 2191 2192
f 2052 2192 2053
f 2053 2192 2193
f 2053 2193 2054
f 2054 2193 2194
f 2054 2194 2055
f 2055 2194 2195
f 2055 2195 2056
f 2056 2195 2196
f 2056 2196 2057
f 2057 2196 2197
f 2057 2197 2058
f 2058 2197 2198
f 2058 2198 2059
f 2059 2198 2199
f 2059 2199 2060
f 2060 2199 2200
f 2060 2200 2061
f 2061 2200 2201
f 2061 2201 2062
f 2062 2201 2202
f 2062 2202 2063
f 2063 2202 2203
f 2063 2203 2064
f 2064 2203 2204
f 2064 2204 2065
f 2065 2204 2205
f 2065 2205 2066
f 2066 2205 2206
f 2066 2206 2067
f 2067 2206 2207
f 2067 2207 2068
f 2068 2207 2208
f 2068 2208 2069
f 2069 2208 2209
f 2069 2209 2070
f 2070 2209 2210
f 2070 2210 2071
f 2071 2210 2211
f 2071 2211 2072
f 2072 2211 2212
f 2072 2212 2073
f 2073 2212 2213
f 2073 2213 2074
f 2074 2213 2214
f 2074 2214 2075
f 2075 2214 2215
f 2075 2215 2076
f 2076 2215 2216
f 2076 2216 2077
f 2077 2216 2217
f 2077 2217 2078
f 2078 2217 2218
f 2078 2218 2079
f 2079 2218 2219
f 2079 2219 2080
f 2080 2219 2220
f 2080 2220 2081
f 2081 2220 2221
f 2081 2221 2082
f 2082 2221 2222
f 2082 2222 2083
f 2083 2222 2223
f 2083 2223 2084
f 2084 2223 2224
f 2084 2224 2085
f 2085 2224 2225
f 2085 2225 2086
f 2086 2225 2226
f 2086 2226 2087
f 2087 2226 2227
f 2087 2227 2088
f 2088 2227 2228
f 2088 2228 2089
f 2089 2228 2229
f 2089 2229 2090
f 2090 2229 2230
f 2090 2230 2091
f 2091 2230 2231
f 2091 2231 2092
f 2092 2231 2232
f 2092 2232 2093
f 2093 2232 2233
f 2093 2233 2094
f 2094 2233 2234
f 2094 2234 2095
f 2095 2234 2235
f 2095 2235 2096
f 2096 2235 2236
f 2096 2236 2097
f 2097 2236 2237
f 2097 2237 2098
f 2098 2237 2238
f 2098 2238 2099
f 2099 2238 2239
f 2099 2239 2100
f 2100 2239 2240
f 2100 2240 2101
f 2101 2240 2241
f 2101 2241 2102
f 2102 2241 2242
f 2102 2242 2103
f 2103 2242 2243
f 2103 2243 2104
f 2104 2243 2244
f 2104 2244 2105
f 2105 2244 2245
f 2105 2245 2106
f 2106 2245 2246
f 2106 2246 2107
f 2107 2246 2247
f 2107 2247 2108
f 2108 2247 2248
f 2108 2248 2109
f 2109 2248 2249
f 2109 2249 2110
f 2110 2249 2250
f 2110 2250 2111
f 2111 2250 2251
f 2111 2251 2112
f 2112 2251 2252
f 2112 2252 2113
f 2113 2252 2253
f 2113 2253 2114
f 2114 2253 2254
f 2114 2254 2115
f 2115 2254 2255
f 2115 2255 2116
f 2116 2255 2256
f 2116 2256 2117
f 2117 2256 2257
f 2117 2257 2118
f 2118 2257 2258
f 2118 2258 2119
f 2119 2258 2259
f 2119 2259 2120
f 2120 2259 2260
f 2120 2260 2121
f 2121 2260 2261
f 2121 2261 2122
f 2122 2261 2262
f 2122 2262 2123
f 2123 2262 2263
f 2123 2263 2124
f 2124 2263 2264
f 2124 2264 2125
f 2125 2264 2265
f 2125 2265 2126
f 2126 2265 2266
f 2126 2266 2127
f 2127 2266 2267
f 2127 2267 2128
f 2128 2267 2268
f 2128 2268 2129
f 2129 2268 2269
f 2129 2269 2130
f 2130 2269 2270
f 2130 2270 2131
f 2131 2270 2271
f 2131 2271 2132
f 2132 2271 2272
f 2132 2272 2133
f 2133 2272 2273
f 2133 2273 2134
f 2134 2273 2274
f 2134 2274 2135
f 2135 2274 2275
f 2135 2275 557
f 557 2275 559
f 2136 2277 2278
f 2136 2278 2137
f 2137 2278 2279
f 2137 2279 2138
f 2138 2279 2280
f 2138 2280 2139
f 2139 2280 2281
f 2139 2281 2140
f 2140 2281 2282
f 2140 2282 2141
f 2141 2282 2283
f 2141 2283 2142
f 2142 2283 2284
f 2142 2284 2143
f 2143 2284 2285
f 2143 2285 2144
f 2144 2285 2286
f 2144 2286 2145
f 2145 2286 2287
f 2145 2287 2146
f 2146 2287 2288
f 2146 2288 2147
f 2147 2288 2289
f 2147 2289 2148
f 2148 2289 2290
f 2148 2290 2149
f 2149 2290 2291
f 2149 2291 2150
f 2150 2291 2292
f 2150 2292 2151
f 2151 2292 2293
f 2151 2293 2152
f 2152 2293 2294
f 2152 2294 2153
f 2153 2294 2295
f 2153 2295 2154
f 2154 2295 2296
f 2154 2296 2155
f 2155 2296 2297
f 2155 2297 2156
f 2156 2297 2298
f 2156 2298 2157
f 2157 2298 2299
f 2157 2299 2158
f 2158 2299 2300
f 2158 2300 2159
f 2159 2300 2301
f 2159 2301 2160
f 2160 2301 2302
f 2160 2302 2161
f 2161 2302 2303
f 2161 2303 2162
f 2162 2303 2304
f 2162 2304 2163
f 2163 2304 2305
f 2163 2305 2164
f 2164 2305 2306
f 2164 2306 2165
f 2165 2306 2307
f 2165 2307 2166
f 2166 2307 2308
f 2166 2308 2167
f 2167 2308 2309
f 2167 2309 2168
f 2168 2309 2310
f 2168 2310 2169
f 2169 2310 2311
f 2169 2311 2170
f 2170 2311 2312
f 2170 2312 2171
f 2171 2312 2313
f 2171 2313 2172
f 2172 2313 2314
f 2172 2314 2173
f 2173 2314 2315
f 2173 2315 2174
f 2174 2315 2316
f 2174 2316 2175
f 2175 2316 2317
f 2175 2317 2176
f 2176 2317 2318
f 2176 2318 2177
f 2177 2318 2319
f 2177 2319 2178
f 2178 2319 2320
f 2178 2320 2179
f 2179 2320 2321
f 2179 2321 2180
f 2180 2321 2322
f 2180 2322 2181
f 2181 2322 2323
f 2181 2323 2182
f 2182 2323 2324
f 2182 2324 2183
f 2183 2324 2325
f 2183 2325 2184
f 2184 2325 2326
f 2184 2326 2185
f 2185 2326 2327
f 2185 2327 2186
f 2186 2327 2328
f 2186 2328 2187
f 2187 2328 2329
f 2187 2329 2188
f 2188 2329 2330
f 2188 2330 2189
f 2189 2330 2331
f 2189 2331 2190
f 2190 2331 2332
f 2190 2332 2191
f 2191 2332 2333
f 2191 2333 2192
f 2192 2333 2334
f 2192 2334 2193
f 2193 2334 2335
f 2193 2335 2194
f 2194 2335 2336
f 2194 2336 2195
f 2195 2336 2337
f 2195 2337 2196
f 2196 2337 2338
f 2196 2338 2197
f 2197 2338 2339
f 2197 2339 2198
f 2198 2339 2340
f 2198 2340 2199
f 2199 2340 2341
f 2199 2341 2200
f 2200 2341 2342
f 2200 2342 2201
f 2201 2342 2343
f 2201 2343 2202
f 2202 2343 2344
f 2202 2344 2203
f 2203 2344 2345
f 2203 2345 2204
f 2204 2345 2346
f 2204 2346 2205
f 2205 2346 2347
f 2205 2347 2206
f 2206 2347 2348
f 2206 2348 2207
f 2207 2348 2349
f 2207 2349 2208
f 2208 2349 2350
f 2208 2350 2209
f 2209 2350 2351
f 2209 2351 2210
f 2210 2351 2352
f 2210 2352 2211
f 2211 2352 2353
f 2211 2353 2212
f 2212 2353 2354
f 2212 2354 2213
f 2213 2354 2355
f 2213 2355 2214
f 2214 2355 2356
f 2214 2356 2215
f 2215 2356 2357
f 2215 2357 2216
f 2216 2357 2358
f 2216 2358 2217
f 2217 2358 2359
f 2217 2359 2218
f 2218 2359 2360
f 2218 2360 2219
f 2219 2360 2361
f 2219 2361 2220
f 2220 2361 2362
f 2220 2362 2221
f 2221 2362 2363
f 2221 2363 2222
f 2222 2363 2364
f 2222 2364 2223
f 2223 2364 2365
f 2223 2365 2224
f 2224 2365 2366
f 2224 2366 2225
f 2225 2366 2367
f 2225 2367 2226
f 2226 2367 2368
f 2226 2368 2227
f 2227 2368 2369
f 2227 2369 2228
f 2228 2369 2370
f 2228 2370 2229
f 2229 2370 2371
f 2229 2371 2230
f 2230 2371 2372
f 2230 2372 2231
f 2231 2372 2373
f 2231 2373 2232
f 2232 2373 2374
f 2232 2374 2233
f 2233 2374 2375
f 2233 2375 2234
f 2234 2375 2376
f 2234 2376 2235
f 2235 2376 2377
f 2235 2377 2236
f 2236 2377 2378
f 2236 2378 2237
f 2237 2378 2379
f 2237 2379 2238
f 2238 2379 2380
f 2238 2380 2239
f 2239 2380 2381
f 2239 2381 2240
f 2240 2381 2382
f 2240 2382 2241
f 2241 2382 2383
f 2241 2383 2242
f 2242 2383 2384
f 2242 2384 2243
f 2243 2384 2385
f 2243 2385 2244
f 2244 2385 2386
f 2244 2386 2245
f 2245 2386 2387
f 2245 2387 2246
f 2246 2387 2388
f 2246 2388 2247
f 2247 2388 2389
f 2247 2389 2248
f 2248 2389 2390
f 2248 2390 2249
f 2249 2390 2391
f 2249 2391 2250
f 2250 2391 2392
f 2250 2392 2251
f 2251 2392 2393
f 2251 2393 2252
f 2252 2393 2394
f 2252 2394 2253
f 2253 2394 2395
f 2253 2395 2254
f 2254 2395 2396
f 2254 2396 2255
f 2255 2396 2397
f 2255 2397 2256
f 2256 2397 2398
f 2256 2398 2257
f 2257 2398 2399
f 2257 2399 2258
f 2258 2399 2400
f 2258 2400 2259
f 2259 2400 2401
f 2259 2401 2260
f 2260 2401 2402
f 2260 2402 2261
f 2261 2402 2403
f 2261 2403 2262
f 2262 2403 2404
f 2262 2404 2263
f 2263 2404 2405
f 2263 2405 2264
f 2264 2405 2406
f 2264 2406 2265
f 2265 2406 2407
f 2265 2407 2266
f 2266 2407 2408
f 2266 2408 2267
f 2267 2408 2409
f 2267 2409 2268
f 2268 2409 2410
f 2268 2410 2269
f 2269 2410 2411
f 2269 2411 2270
f 2270 2411 2412
f 2270 2412 2271
f 2271 2412 2413
f 2271 2413 2272
f 2272 2413 2414
f 2272 2414 2273
f 2273 2414 2415
f 2273 2415 2274
f 2274 2415 2416
f 2274 2416 2275
f 2275 2416 2417
f 2275 2417 559
f 559 2417 561
f 2276 2418 2277
f 2277 2418 2419
f 2277 2419 2278
f 2278 2419 2420
f 2278 2420 2279
f 2279 2420 2421
f 2279 2421 2280
f 2280 2421 2422
f 2280 2422 2281
f 2281 2422 2423
f 2281 2423 2282
f 2282 2423 2424
f 2282 2424 2283
f 2283 2424 2425
f 2283 2425 2284
f 2284 2425 2426
f 2284 2426 2285
f 2285 2426 2427
f 2285 2427 2286
f 2286 2427 2428
f 2286 2428 2287
f 2287 2428 2429
f 2287 2429 2288
f 2288 2429 2430
f 2288 2430 2289
f 2289 2430 2431
f 2289 2431 2290
f 2290 2431 2432
f 2290 2432 2291
f 2291 2432 2433
f 2291 2433 2292
f 2292 2433 2434
f 2292 2434 2293
f 2293 2434 2435
f 2293 2435 2294
f 2294 2435 2436
f 2294 2436 2295
f 2295 2436 2437
f 2295 2437 2296
f 2296 2437 2438
f 2296 2438 2297
f 2297 2438 2439
f 2297 2439 2298
f 2298 2439 2440
f 2298 2440 2299
f 2299 2440 2441
f 2299 2441 2300
f 2300 2441 2442
f 2300 2442 2301
f 2301 2442 2443
f 2301 2443 2302
f 2302 2443 2444
f 2302 2444 2303
f 2303 2444 2445
f 2303 2445 2304
f 2304 2445 2446
f 2304 2446 2305
f 2305 2446 2447
f 2305 2447 2306
f 2306 2447 2448
f 2306 2448 2307
f 2307 2448 2449
f 2307 2449 2308
f 2308 2449 2450
f 2308 2450 2309
f 2309 2450 2451
f 2309 2451 2310
f 2310 2451 2452
f 2310 2452 2311
f 2311 2452 2453
f 2311 2453 2312
f 2312 2453 2454
f 2312 2454 2313
f 2313 2454 2455
f 2313 2455 2314
f 2314 2455 2456
f 2314 2456 2315
f 2315 2456 2457
f 2315 2457 2316
f 2316 2457 2458
f 2316 2458 2317
f 2317 2458 2459
f 2317 2459 2318
f 2318 2459 2460
f 2318 2460 2319
f 2319 2460 2461
f 2319 2461 2320
f 2320 2461 2462
f 2320 2462 2321
f 2321 2462 2463
f 2321 2463 2322
f 2322 2463 2464
f 2322 2464 2323
f 2323 2464 2465
f 2323 2465 2324
f 2324 2465 2466
f 2324 2466 2325
f 2325 2466 2467
f 2325 2467 2326
f 2326 2467 2468
f 2326 2468 2327
f 2327 2468 2469
f 2327 2469 2328
f 2328 2469 2470
f 2328 2470 2329
f 2329 2470 2471
f 2329 2471 2330
f 2330 2471 2472
f 2330 2472 2331
f 2331 2472 2473
f 2331 2473 2332
f 2332 2473 2474
f 2332 2474 2333
f 2333 2474 2475
f 2333 2475 2334
f 2334 2475 2476
f 2334 2476 2335
f 2335 2476 2477
f 2335 2477 2336
f 2336 2477 2478
f 2336 2478 2337
f 2337 2478 2479
f 2337 2479 2338
f 2338 2479 2480
f 2338 2480 2339
f 2339 2480 2481
f 2339 2481 2340
f 2340 2481 2482
f 2340 2482 2341
f 2341 2482 2483
f 2341 2483 2342
f 2342 2483 2484
f 2342 2484 2343
f 2343 2484 2485
f 2343 2485 2344
f 2344 2485 2486
f 2344 2486 2345
f 2345 2486 2487
f 2345 2487 2346
f 2346 2487 2488
f 2346 2488 2347
f 2347 2488 2489
f 2347 2489 2348
f 2348 2489 2490
f 2348 2490 2349
f 2349 2490 2491
f 2349 2491 2350
f 2350 2491 2492
f 2350 2492 2351
f 2351 2492 2493
f 2351 2493 2352
f 2352 2493 2494
f 2352 2494 2353
f 2353 2494 2495
f 2353 2495 2354
f 2354 2495 2496
f 2354 2496 2355
f 2355 2496 2497
f 2355 2497 2356
f 2356 2497 2498
f 2356 2498 2357
f 2357 2498 2499
f 2357 2499 2358
f 2358 2499 2500
f 2358 2500 2359
f 2359 2500 2501
f 2359 2501 2360
f 2360 2501 2502
f 2360 2502 2361
f 2361 2502 2503
f 2361 2503 2362
f 2362 2503 2504
f 2362 2504 2363
f 2363 2504 2505
f 2363 2505 2364
f 2364 2505 2506
f 2364 2506 2365
f 2365 2506 2507
f 2365 2507 2366
f 2366 2507 2508
f 2366 2508 2367
f 2367 2508 2509
f 2367 2509 2368
f 2368 2509 2510
f 2368 2510 2369
f 2369 2510 2511
f 2369 2511 2370
f 2370 2511 2512
f 2370 2512 2371
f 2371 2512 2513
f 2371 2513 2372
f 2372 2513 2514
f 2372 2514 2373
f 2373 2514 2515
f 2373 2515 2374
f 2374 2515 2516
f 2374 2516 2375
f 2375 2516 2517
f 2375 2517 2376
f 2376 2517 2518
f 2376 2518 2377
f 2377 2518 2519
f 2377 2519 2378
f 2378 2519 2520
f 2378 2520 2379
f 2379 2520 2521
f 2379 2521 2380
f 2380 2521 2522
f 2380 2522 2381
f 2381 2522 2523
f 2381 2523 2382
f 2382 2523 2524
f 2382 2524 2383
f 2383 2524 2525
f 2383 2525 2384
f 2384 2525 2526
f 2384 2526 2385
f 2385 2526 2527
f 2385 2527 2386
f 2386 2527 2528
f 2386 2528 2387
f 2387 2528 2529
f 2387 2529 2388
f 2388 2529 2530
f 2388 2530 2389
f 2389 2530 2531
f 2389 2531 2390
f 2390 2531 2532
f 2390 2532 2391
f 2391 2532 2533
f 2391 2533 2392
f 2392 2533 2534
f 2392 2534 2393
f 2393 2534 2535
f 2393 2535 2394
f 2394 2535 2536
f 2394 2536 2395
f 2395 2536 2537
f 2395 2537 2396
f 2396 2537 2538
f 2396 2538 2397
f 2397 2538 2539
f 2397 2539 2398
f 2398 2539 2540
f 2398 2540 2399
f 2399 2540 2541
f 2399 2541 2400
f 2400 2541 2542
f 2400 2542 2401
f 2401 2542 2543
f 2401 2543 2402
f 2402 2543 2544
f 2402 2544 2403
f 2403 2544 2545
f 2403 2545 2404
f 2404 2545 2546
f 2404 2546 2405
f 2405 2546 2547
f 2405 2547 2406
f 2406 2547 2548
f 2406 2548 2407
f 2407 2548 2549
f 2407 2549 2408
f 2408 2549 2550
f 2408 2550 2409
f 2409 2550 2551
f 2409 2551 2410
f 2410 2551 2552
f 2410 2552 2411
f 2411 2552 2553
f 2411 2553 2412
f 2412 2553 2554
f 2412 2554 2413
f 2413 2554 2555
f 2413 2555 2414
f 2414 2555 2556
f 2414 2556 2415
f 2415 2556 2557
f 2415 2557 2416
f 2416 2557 2558
f 2416 2558 2417
f 2417 2558 2559
f 2417 2559 561
f 561 2559 563
f 2418 2560 2419
f 2419 2560 2561
f 2419 2561 2420
f 2420 2561 2562
f 2420 2562 2421
f 2421 2562 2563
f 2421 2563 2422
f 2422 2563 2564
f 2422 2564 2423
f 2423 2564 2565
f 2423 2565 2424
f 2424 2565 2566
f 2424 2566 2425
f 2425 2566 2567
f 2425 2567 2426
f 2426 2567 2568
f 2426 2568 2427
f 2427 2568 2569
f 2427 2569 2428
f 2428 2569 2570
f 2428 2570 2429
f 2429 2570 2571
f 2429 2571 2430
f 2430 2571 2572
f 2430 2572 2431
f 2431 2572 2573
f 2431 2573 2432
f 2432 2573 2574
f 2432 2574 2433
f 2433 2574 2575
f 2433 2575 2434
f 2434 2575 2576
f 2434 2576 2435
f 2435 2576 2577
f 2435 2577 2436
f 2436 2577 2578
f 2436 2578 2437
f 2437 2578 2579
f 2437 2579 2438
f 2438 2579 2580
f 2438 2580 2439
f 2439 2580 2581
f 2439 2581 2440
f 2440 2581 2582
f 2440 2582 2441
f 2441 2582 2583
f 2441 2583 2442
f 2442 2583 2584
f 2442 2584 2443
f 2443 2584 2585
f 2443 2585 2444
f 2444 2585 2586
f 2444 2586 2445
f 2445 2586 2587
f 2445 2587 2446
f 2446 2587 2588
f 2446 2588 2447
f 2447 2588 2589
f 2447 2589 2448
f 2448 2589 2590
f 2448 2590 2449
f 2449 2590 2591
f 2449 2591 2450
f 2450 2591 2592
f 2450 2592 2451
f 2451 2592 2593
f 2451 2593 2452
f 2452 2593 2594
f 2452 2594 2453
f 2453 2594 2595
f 2453 2595 2454
f 2454 2595 2596
f 2454 2596 2455
f 2455 2596 2597
f 2455 2597 2456
f 2456 2597 2598
f 2456 2598 2457
f 2457 2598 2599
f 2457 2599 2458
f 2458 2599 2600
f 2458 2600 2459
f 2459 2600 2601
f 2459 2601 2460
f 2460 2601 2602
f 2460 2602 2461
f 2461 2602 2603
f 2461 2603 2462
f 2462 2603 2604
f 2462 2604 2463
f 2463 2604 2605
f 2463 2605 2464
f 2464 2605 2606
f 2464 2606 2465
f 2465 2606 2607
f 2465 2607 2466
f 2466 2607 2608
f 2466 2608 2467
f 2467 2608 2609
f 2467 2609 2468
f 2468 2609 2610
f 2468 2610 2469
f 2469 2610 2611
f 2469 2611 2470
f 2470 2611 2612
f 2470 2612 2471
f 2471 2612 2613
f 2471 2613 2472
f 2472 2613 2614
f 2472 2614 2473
f 2473 2614 2615
f 2473 2615 2474
f 2474 2615 2616
f 2474 2616 2475
f 2475 2616 2617
f 2475 2617 2476
f 2476 2617 2618
f 2476 2618 2477
f 2477 2618 2619
f 2477 2619 2478
f 2478 2619 2620
f 2478 2620 2479
f 2479 2620 2621
f 2479 2621 2480
f 2480 2621 2622
f 2480 2622 2481
f 2481 2622 2623
f 2481 2623 2482
f 2482 2623 2624
f 2482 2624 2483
f 2483 2624 2625
f 2483 2625 2484
f 2484 2625 2626
f 2484 2626 2485
f 2485 2626 2627
f 2485 2627 2486
f 2486 2627 2628
f 2486 2628 2487
f 2487 2628 2629
f 2487 2629 2488
f 2488 2629 2630
f 2488 2630 2489
f 2489 2630 2631
f 2489 2631 2490
f 2490 2631 2632
f 2490 2632 2491
f 2491 2632 2633
f 2491 2633 2492
f 2492 2633 2634
f 2492 2634 2493
f 2493 2634 2635
f 2493 2635 2494
f 2494 2635 2636
f 2494 2636 2495
f 2495 2636 2637
f 2495 2637 2496
f 2496 2637 2638
f 2496 2638 2497
f 2497 2638 2639
f 2497 2639 2498
f 2498 2639 2640
f 2498 2640 2499
f 2499 2640 2641
f 2499 2641 2500
f 2500 2641 2642
f 2500 2642 2501
f 2501 2642 2643
f 2501 2643 2502
f 2502 2643 2644
f 2502 2644 2503
f 2503 2644 2645
f 2503 2645 2504
f 2504 2645 2646
f 2504 2646 2505
f 2505 2646 2647
f 2505 2647 2506
f 2506 2647 2648
f 2506 2648 2507
f 2507 2648 2649
f 2507 2649 2508
f 2508 2649 2650
f 2508 2650 2509
f 2509 2650 2651
f 2509 2651 2510
f 2510 2651 2652
f 2510 2652 2511
f 2511 2652 2653
f 2511 2653 2512
f 2512 2653 2654
f 2512 2654 2513
f 2513 2654 2655
f 2513 2655 2514
f 2514 2655 2656
f 2514 2656 2515
f 2515 2656 2657
f 2515 2657 2516
f 2516 2657 2658
f 2516 2658 2517
f 2517 2658 2659
f 2517 2659 2518
f 2518 2659 2660
f 2518 2660 2519
f 2519 2660 2661
f 2519 2661 2520
f 2520 2661 2662
f 2520 2662 2521
f 2521 2662 2663
f 2521 2663 2522
f 2522 2663 2664
f 2522 2664 2523
f 2523 2664 2665
f 2523 2665 2524
f 2524 2665 2666
f 2524 2666 2525
f 2525 2666 2667
f 2525 2667 2526
f 2526 2667 2668
f 2526 2668 2527
f 2527 2668 2669
f 2527 2669 2528
f 2528 2669 2670
f 2528 2670 2529
f 2529 2670 2671
f 2529 2671 2530
f 2530 2671 2672
f 2530 2672 2531
f 2531 2672 2673
f 2531 2673 2532
f 2532 2673 2674
f 2532 2674 2533
f 2533 2674 2675
f 2533 2675 2534
f 2534 2675 2676
f 2534 2676 2535
f 2535 2676 2677
f 2535 2677 2536
f 2536 2677 2678
f 2536 2678 2537
f 2537 2678 2679
f 2537 2679 2538
f 2538 2679 2680
f 2538 2680 2539
f 2539 2680 2681
f 2539 2681 2540
f 2540 2681 2682
f 2540 2682 2541
f 2541 2682 2683
f 2541 2683 2542
f 2542 2683 2684
f 2542 2684 2543
f 2543 2684 2685
f 2543 2685 2544
f 2544 2685 2686
f 2544 2686 2545
f 2545 2686 2687
f 2545 2687 2546
f 2546 2687 2688
f 2546 2688 2547
f 2547 2688 2689
f 2547 2689 2548
f 2548 2689 2690
f 2548 2690 2549
f 2549 2690 2691
f 2549 2691 2550
f 2550 2691 2692
f 2550 2692 2551
f 2551 2692 2693
f 2551 2693 2552
f 2552 2693 2694
f 2552 2694 2553
f 2553 2694 2695
f 2553 2695 2554
f 2554 2695 2696
f 2554 2696 2555
f 2555 2696 2697
f 2555 2697 2556
f 2556 2697 2698
f 2556 2698 2557
f 2557 2698 2699
f 2557 2699 2558
f 2558 2699 2700
f 2558 2700 2559
f 2559 2700 2701
f 2559 2701 563
f 563 2701 565
f 2560 2702 2561
f 2561 2702 2703
f 2561 2703 2562
f 2562 2703 2704
f 2562 2704 2563
f 2563 2704 2705
f 2563 2705 2564
f 2564 2705 2706
f 2564 2706 2565
f 2565 2706 2707
f 2565 2707 2566
f 2566 2707 2708
f 2566 2708 2567
f 2567 2708 2709
f 2567 2709 2568
f 2568 2709 2710
f 2568 2710 2569
f 2569 2710 2711
f 2569 2711 2570
f 2570 2711 2712
f 2570 2712 2571
f 2571 2712 2713
f 2571 2713 2572
f 2572 2713 2714
f 2572 2714 2573
f 2573 2714 2715
f 2573 2715 2574
f 2574 2715 2716
f 2574 2716 2575
f 2575 2716 2717
f 2575 2717 2576
f 2576 2717 2718
f 2576 2718 2577
f 2577 2718 2719
f 2577 2719 2578
f 2578 2719 2720
f 2578 2720 2579
f 2579 2720 2721
f 2579 2721 2580
f 2580 2721 2722
f 2580 2722 2581
f 2581 2722 2723
f 2581 2723 2582
f 2582 2723 2724
f 2582 2724 2583
f 2583 2724 2725
f 2583 2725 2584
f 2584 2725 2726
f 2584 2726 2585
f 2585 2726 2727
f 2585 2727 2586
f 2586 2727 2728
f 2586 2728 2587
f 2587 2728 2729
f 2587 2729 2588
f 2588 2729 2730
f 2588 2730 2589
f 2589 2730 2731
f 2589 2731 2590
f 2590 2731 2732
f 2590 2732 2591
f 2591 2732 2733
f 2591 2733 2592
f 2592 2733 2734
f 2592 2734 2593
f 2593 2734 2735
f 2593 2735 2594
f 2594 2735 2736
f 2594 2736 2595
f 2595 2736 2737
f 2595 2737 2596
f 2596 2737 2738
f 2596 2738 2597
f 2597 2738 2739
f 2597 2739 2598
f 2598 2739 2740
f 2598 2740 2599
f 2599 2740 2741
f 2599 2741 2600
f 2600 2741 2742
f 2600 2742 2601
f 2601 2742 2743
f 2601 2743 2602
f 2602 2743 2744
f 2602 2744 2603
f 2603 2744 2745
f 2603 2745 2604
f 2604 2745 2746
f 2604 2746 2605
f 2605 2746 2747
f 2605 2747 2606
f 2606 2747 2748
f 2606 2748 2607
f 2607 2748 2749
f 2607 2749 2608
f 2608 2749 2750
f 2608 2750 2609
f 2609 2750 2751
f 2609 2751 2610
f 2610 2751 2752
f 2610 2752 2611
f 2611 2752 2753
f 2611 2753 2612
f 2612 2753 2754
f 2612 2754 2613
f 2613 2754 2755
f 2613 2755 2614
f 2614 2755 2756
f 2614 2756 2615
f 2615 2756 2757
f 2615 2757 2616
f 2616 2757 2758
f 2616 2758 2617
f 2617 2758 2759
f 2617 2759 2618
f 2618 2759 2760
f 2618 2760 2619
f 2619 2760 2761
f 2619 2761 2620
f 2620 2761 2762
f 2620 2762 2621
f 2621 2762 2763
f 2621 2763 2622
f 2622 2763 2764
f 2622 2764 2623
f 2623 2764 2765
f 2623 2765 2624
f 2624 2765 2766
f 2624 2766 2625
f 2625 2766 2767
f 2625 2767 2626
f 2626 2767 2768
f 2626 2768 2627
f 2627 2768 2769
f 2627 2769 2628
f 2628 2769 2770
f 2628 2770 2629
f 2629 2770 2771
f 2629 2771 2630
f 2630 2771 2772
f 2630 2772 2631
f 2631 2772 2773
f 2631 2773 2632
f 2632 2773 2774
f 2632 2774 2633
f 2633 2774 2775
f 2633 2775 2634
f 2634 2775 2776
f 2634 2776 2635
f 2635 2776 2777
f 2635 2777 2636
f 2636 2777 2778
f 2636 2778 2637
f 2637 2778 2779
f 2637 2779 2638
f 2638 2779 2780
f 2638 2780 2639
f 2639 2780 2781
f 2639 2781 2640
f 2640 2781 2782
f 2640 2782 2641
f 2641 2782 2783
f 2641 2783 2642
f 2642 2783 2784
f 2642 2784 2643
f 2643 2784 2785
f 2643 2785 2644
f 2644 2785 2786
f 2644 2786 2645
f 2645 2786 2787
f 2645 2787 2646
f 2646 2787 2788
f 2646 2788 2647
f 2647 2788 2789
f 2647 2789 2648
f 2648 2789 2790
f 2648 2790 2649
f 2649 2790 2791
f 2649 2791 2650
f 2650 2791 2792
f 2650 2792 2651
f 2651 2792 2793
f 2651 2793 2652
f 2652 2793 2794
f 2652 2794 2653
f 2653 2794 2795
f 2653 2795 2654
f 2654 2795 2796
f 2654 2796 2655
f 2655 2796 2797
f 2655 2797 2656
f 2656 2797 2798
f 2656 2798 2657
f 2657 2798 2799
f 2657 2799 2658
f 2658 2799 2800
f 2658 2800 2659
f 2659 2800 2801
f 2659 2801 2660
f 2660 2801 2802
f 2660 2802 2661
f 2661 2802 2803
f 2661 2803 2662
f 2662 2803 2804
f 2662 2804 2663
f 2663 2804 2805
f 2663 2805 2664
f 2664 2805 2806
f 2664 2806 2665
f 2665 2806 2807
f 2665 2807 2666
f 2666 2807 2808
f 2666 2808 2667
f 2667 2808 2809
f 2667 2809 2668
f 2668 2809 2810
f 2668 2810 2669
f 2669 2810 2811
f 2669 2811 2670
f 2670 2811 2812
f 2670 2812 2671
f 2671 2812 2813
f 2671 2813 2672
f 2672 2813 2814
f 2672 2814 2673
f 2673 2814 2815
f 2673 2815 2674
f 2674 2815 2816
f 2674 2816 2675
f 2675 2816 2817
f 2675 2817 2676
f 2676 2817 2818
f 2676 2818 2677
f 2677 2818 2819
f 2677 2819 2678
f 2678 2819 2820
f 2678 2820 2679
f 2679 2820 2821
f 2679 2821 2680
f 2680 2821 2822
f 2680 2822 2681
f 2681 2822 2823
f 2681 2823 2682
f 2682 2823 2824
f 2682 2824 2683
f 2683 2824 2825
f 2683 2825 2684
f 2684 2825 2826
f 2684 2826 2685
f 2685 2826 2827
f 2685 2827 2686
f 2686 2827 2828
f 2686 2828 2687
f 2687 2828 2829
f 2687 2829 2688
f 2688 2829 2830
f 2688 2830 2689
f 2689 2830 2831
f 2689 2831 2690
f 2690 2831 2832
f 2690 2832 2691
f 2691 2832 2833
f 2691 2833 2692
f 2692 2833 2834
f 2692 2834 2693
f 2693 2834 2835
f 2693 2835 2694
f 2694 2835 2836
f 2694 2836 2695
f 2695 2836 2837
f 2695 2837 2696
f 2696 2837 2838
f 2696 2838 2697
f 2697 2838 2839
f 2697 2839 2698
f 2698 2839 2840
f 2698 2840 2699
f 2699 2840 2841
f 2699 2841 2700
f 2700 2841 2842
f 2700 2842 2701
f 2701 2842 2843
f 2701 2843 565
f 565 2843 567
f 2702 2844 2703
f 2703 2844 2845
f 2703 2845 2704
f 2704 2845 2846
f 2704 2846 2705
f 2705 2846 2847
f 2705 2847 2706
f 2706 2847 2848
f 2706 2848 2707
f 2707 2848 2849
f 2707 2849 2708
f 2708 2849 2850
f 2708 2850 2709
f 2709 2850 2851
f 2709 2851 2710
f 2710 2851 2852
f 2710 2852 2711
f 2711 2852 2853
f 2711 2853 2712
f 2712 2853 2854
f 2712 2854 2713
f 2713 2854 2855
f 2713 2855 2714
f 2714 2855 2856
f 2714 2856 2715
f 2715 2856 2857
f 2715 2857 2716
f 2716 2857 2858
f 2716 2858 2717
f 2717 2858 2859
f 2717 2859 2718
f 2718 2859 2860
f 2718 2860 2719
f 2719 2860 2861
f 2719 2861 2720
f 2720 2861 2862
f 2720 2862 2721
f 2721 2862 2863
f 2721 2863 2722
f 2722 2863 2864
f 2722 2864 2723
f 2723 2864 2865
f 2723 2865 2724
f 2724 2865 2866
f 2724 2866 2725
f 2725 2866 2867
f 2725 2867 2726
f 2726 2867 2868
f 2726 2868 2727
f 2727 2868 2869
f 2727 2869 2728
f 2728 2869 2870
f 2728 2870 2729
f 2729 2870 2871
f 2729 2871 2730
f 2730 2871 2872
f 2730 2872 2731
f 2731 2872 2873
f 2731 2873 2732
f 2732 2873 2874
f 2732 2874 2733
f 2733 2874 2875
f 2733 2875 2734
f 2734 2875 2876
f 2734 2876 2735
f 2735 2876 2877
f 2735 2877 2736
f 2736 2877 2878
f 2736 2878 2737
f 2737 2878 2879
f 2737 2879 2738
f 2738 2879 2880
f 2738 2880 2739
f 2739 2880 2881
f 2739 2881 2740
f 2740 2881 2882
f 2740 2882 2741
f 2741 2882 2883
f 2741 2883 2742
f 2742 2883 2884
f 2742 2884 2743
f 2743 2884 2885
f 2743 2885 2744
f 2744 2885 2886
f 2744 2886 2745
f 2745 2886 2887
f 2745 2887 2746
f 2746 2887 2888
f 2746 2888 2747
f 2747 2888 2889
f 2747 2889 2748
f 2748 2889 2890
f 2748 2890 2749
f 2749 2890 2891
f 2749 2891 2750
f 2750 2891 2892
f 2750 2892 2751
f 2751 2892 2893
f 2751 2893 2752
f 2752 2893 2894
f 2752 2894 2753
f 2753 2894 2895
f 2753 2895 2754
f 2754 2895 2896
f 2754 2896 2755
f 2755 2896 2897
f 2755 2897 2756
f 2756 2897 2898
f 2756 2898 2757
f 2757 2898 2899
f 2757 2899 2758
f 2758 2899 2900
f 2758 2900 2759
f 2759 2900 2901
f 2759 2901 2760
f 2760 2901 2902
f 2760 2902 2761
f 2761 2902 2903
f 2761 2903 2762
f 2762 2903 2904
f 2762 2904 2763
f 2763 2904 2905
f 2763 2905 2764
f 2764 2905 2906
f 2764 2906 2765
f 2765 2906 2907
f 2765 2907 2766
f 2766 2907 2908
f 2766 2908 2767
f 2767 2908 2909
f 2767 2909 2768
f 2768 2909 2910
f 2768 2910 2769
f 2769 2910 2911
f 2769 2911 2770
f 2770 2911 2912
f 2770 2912 2771
f 2771 2912 2913
f 2771 2913 2772
f 2772 2913 2914
f 2772 2914 2773
f 2773 2914 2915
f 2773 2915 2774
f 2774 2915 2916
f 2774 2916 2775
f 2775 2916 2917
f 2775 2917 2776
f 2776 2917 2918
f 2776 2918 2777
f 2777 2918 2919
f 2777 2919 2778
f 2778 2919 2920
f 2778 2920 2779
f 2779 2920 2921
f 2779 2921 2780
f 2780 2921 2922
f 2780 2922 2781
f 2781 2922 2923
f 2781 2923 2782
f 2782 2923 2924
f 2782 2924 2783
f 2783 2924 2925
f 2783 2925 2784
f 2784 2925 2926
f 2784 2926 2785
f 2785 2926 2927
f 2785 2927 2786
f 2786 2927 2928
f 2786 2928 2787
f 2787 2928 2929
f 2787 2929 2788
f 2788 2929 2930
f 2788 2930 2789
f 2789 2930 2931
f 2789 2931 2790
f 2790 2931 2932
f 2790 2932 2791
f 2791 2932 2933
f 2791 2933 2792
f 2792 2933 2934
f 2792 2934 2793
f 2793 2934 2935
f 2793 2935 2794
f 2794 2935 2936
f 2794 2936 2795
f 2795 2936 2937
f 2795 2937 2796
f 2796 2937 2938
f 2796 2938 2797
f 2797 2938 2939
f 2797 2939 2798
f 2798 2939 2940
f 2798 2940 2799
f 2799 2940 2941
f 2799 2941 2800
f 2800 2941 2942
f 2800 2942 2801
f 2801 2942 2943
f 2801 2943 2802
f 2802 2943 2944
f 2802 2944 2803
f 2803 2944 2945
f 2803 2945 2804
f 2804 2945 2946
f 2804 2946 2805
f 2805 2946 2947
f 2805 2947 2806
f 2806 2947 2948
f 2806 2948 2807
f 2807 2948 2949
f 2807 2949 2808
f 2808 2949 2950
f 2808 2950 2809
f 2809 2950 2951
f 2809 2951 2810
f 2810 2951 2952
f 2810 2952 2811
f 2811 2952 2953
f 2811 2953 2812
f 2812 2953 2954
f 2812 2954 2813
f 2813 2954 2955
f 2813 2955 2814
f 2814 2955 2956
f 2814 2956 2815
f 2815 2956 2957
f 2815 2957 2816
f 2816 2957 2958
f 2816 2958 2817
f 2817 2958 2959
f 2817 2959 2818
f 2818 2959 2960
f 2818 2960 2819
f 2819 2960 2961
f 2819 2961 2820
f 2820 2961 2962
f 2820 2962 2821
f 2821 2962 2963
f 2821 2963 2822
f 2822 2963 2964
f 2822 2964 2823
f 2823 2964 2965
f 2823 2965 2824
f 2824 2965 2966
f 2824 2966 2825
f 2825 2966 2967
f 2825 2967 2826
f 2826 2967 2968
f 2826 2968 2827
f 2827 2968 2969
f 2827 2969 2828
f 2828 2969 2970
f 2828 2970 2829
f 2829 2970 2971
f 2829 2971 2830
f 2830 2971 2972
f 2830 2972 2831
f 2831 2972 2973
f 2831 2973 2832
f 2832 2973 2974
f 2832 2974 2833
f 2833 2974 2975
f 2833 2975 2834
f 2834 2975 2976
f 2834 2976 2835
f 2835 2976 2977
f 2835 2977 2836
f 2836 2977 2978
f 2836 2978 2837
f 2837 2978 2979
f 2837 2979 2838
f 2838 2979 2980
f 2838 2980 2839
f 2839 2980 2981
f 2839 2981 2840
f 2840 2981 2982
f 2840 2982 2841
f 2841 2982 2983
f 2841 2983 2842
f 2842 2983 2984
f 2842 2984 2843
f 2843 2984 2985
f 2843 2985 567
f 567 2985 569
f 2844 2986 2845
f 2845 2986 2987
f 2845 2987 2846
f 2846 2987 2988
f 2846 2988 2847
f 2847 2988 2989
f 2847 2989 2848
f 2848 2989 2990
f 2848 2990 2849
f 2849 2990 2991
f 2849 2991 2850
f 2850 2991 2992
f 2850 2992 2851
f 2851 2992 2993
f 2851 2993 2852
f 2852 2993 2994
f 2852 2994 2853
f 2853 2994 2995
f 2853 2995 2854
f 2854 2995 2996
f 2854 2996 2855
f 2855 2996 2997
f 2855 2997 2856
f 2856 2997 2998
f 2856 2998 2857
f 2857 2998 2999
f 2857 2999 2858
f 2858 2999 3000
f 2858 3000 2859
f 2859 3000 3001
f 2859 3001 2860
f 2860 3001 3002
f 2860 3002 2861
f 2861 3002 3003
f 2861 3003 2862
f 2862 3003 3004
f 2862 3004 2863
f 2863 3004 3005
f 2863 3005 2864
f 2864 3005 3006
f 2864 3006 2865
f 2865 3006 3007
f 2865 3007 2866
f 2866 3007 3008
f 2866 3008 2867
f 2867 3008 3009
f 2867 3009 2868
f 2868 3009 3010
f 2868 3010 2869
f 2869 3010 3011
f 2869 3011 2870
f 2870 3011 3012
f 2870 3012 2871
f 2871 3012 3013
f 2871 3013 2872
f 2872 3013 3014
f 2872 3014 2873
f 2873 3014 3015
f 2873 3015 2874
f 2874 3015 3016
f 2874 3016 2875
f 2875 3016 3017
f 2875 3017 2876
f 2876 3017 3018
f 2876 3018 2877
f 2877 3018 3019
f 2877 3019 2878
f 2878 3019 3020
f 2878 3020 2879
f 2879 3020 3021
f 2879 3021 2880
f 2880 3021 3022
f 2880 3022 2881
f 2881 3022 3023
f 2881 3023 2882
f 2882 3023 3024
f 2882 3024 2883
f 2883 3024 3025
f 2883 3025 2884
f 2884 3025 3026
f 2884 3026 2885
f 2885 3026 3027
f 2885 3027 2886
f 2886 3027 3028
f 2886 3028 2887
f 2887 3028 3029
f 2887 3029 2888
f 2888 3029 3030
f 2888 3030 2889
f 2889 3030 3031
f 2889 3031 2890
f 2890 3031 3032
f 2890 3032 2891
f 2891 3032 3033
f 2891 3033 2892
f 2892 3033 3034
f 2892 3034 2893
f 2893 3034 3035
f 2893 3035 2894
f 2894 3035 3036
f 2894 3036 2895
f 2895 3036 3037
f 2895 3037 2896
f 2896 3037 3038
f 2896 3038 2897
f 2897 3038 3039
f 2897 3039 2898
f 2898 3039 3040
f 2898 3040 2899
f 2899 3040 3041
f 2899 3041 2900
f 2900 3041 3042
f 2900 3042 2901
f 2901 3042 3043
f 2901 3043 2902
f 2902 3043 3044
f 2902 3044 2903
f 2903 3044 3045
f 2903 3045 2904
f 2904 3045 3046
f 2904 3046 2905
f 2905 3046 3047
f 2905 3047 2906
f 2906 3047 3048
f 2906 3048 2907
f 2907 3048 3049
f 2907 3049 2908
f 2908 3049 3050
f 2908 3050 2909
f 2909 3050 3051
f 2909 3051 2910
f 2910 3051 3052
f 2910 3052 2911
f 2911 3052 3053
f 2911 3053 2912
f 2912 3053 3054
f 2912 3054 2913
f 2913 3054 3055
f 2913 3055 2914
f 2914 3055 3056
f 2914 3056 2915
f 2915 3056 3057
f 2915 3057 2916
f 2916 3057 3058
f 2916 3058 2917
f 2917 3058 3059
f 2917 3059 2918
f 2918 3059 3060
f 2918 3060 2919
f 2919 3060 3061
f 2919 3061 2920
f 2920 3061 3062
f 2920 3062 2921
f 2921 3062 3063
f 2921 3063 2922
f 2922 3063 3064
f 2922 3064 2923
f 2923 3064 3065
f 2923 3065 2924
f 2924 3065 3066
f 2924 3066 2925
f 2925 3066 3067
f 2925 3067 2926
f 2926 3067 3068
f 2926 3068 2927
f 2927 3068 3069
f 2927 3069 2928
f 2928 3069 3070
f 2928 3070 2929
f 2929 3070 3071
f 2929 3071 2930
f 2930 3071 3072
f 2930 3072 2931
f 2931 3072 3073
f 2931 3073 2932
f 2932 3073 3074
f 2932 3074 2933
f 2933 3074 3075
f 2933 3075 2934
f 2934 3075 3076
f 2934 3076 2935
f 2935 3076 3077
f 2935 3077 2936
f 2936 3077 3078
f 2936 3078 2937
f 2937 3078 3079
f 2937 3079 2938
f 2938 3079 3080
f 2938 3080 2939
f 2939 3080 3081
f 2939 3081 2940
f 2940 3081 3082
f 2940 3082 2941
f 2941 3082 3083
f 2941 3083 2942
f 2942 3083 3084
f 2942 3084 2943
f 2943 3084 3085
f 2943 3085 2944
f 2944 3085 3086
f 2944 3086 2945
f 2945 3086 3087
f 2945 3087 2946
f 2946 3087 3088
f 2946 3088 2947
f 2947 3088 3089
f 2947 3089 2948
f 2948 3089 3090
f 2948 3090 2949
f 2949 3090 3091
f 2949 3091 2950
f 2950 3091 3092
f 2950 3092 2951
f 2951 3092 3093
f 2951 3093 2952
f 2952 3093 3094
f 2952 3094 2953
f 2953 3094 3095
f 2953 3095 2954
f 2954 3095 3096
f 2954 3096 2955
f 2955 3096 3097
f 2955 3097 2956
f 2956 3097 3098
f 2956 3098 2957
f 2957 3098 3099
f 2957 3099 2958
f 2958 3099 3100
f 2958 3100 2959
f 2959 3100 3101
f 2959 3101 2960
f 2960 3101 3102
f 2960 3102 2961
f 2961 3102 3103
f 2961 3103 2962
f 2962 3103 3104
f 2962 3104 2963
f 2963 3104 3105
f 2963 3105 2964
f 2964 3105 3106
f 2964 3106 2965
f 2965 3106 3107
f 2965 3107 2966
f 2966 3107 3108
f 2966 3108 2967
f 2967 3108 3109
f 2967 3109 2968
f 2968 3109 3110
f 2968 3110 2969
f 2969 3110 3111
f 2969 3111 2970
f 2970 3111 3112
f 2970 3112 2971
f 2971 3112 3113
f 2971 3113 2972
f 2972 3113 3114
f 2972 3114 2973
f 2973 3114 3115
f 2973 3115 2974
f 2974 3115 3116
f 2974 3116 2975
f 2975 3116 3117
f 2975 3117 2976
f 2976 3117 3118
f 2976 3118 2977
f 2977 3118 3119
f 2977 3119 2978
f 2978 3119 3120
f 2978 3120 2979
f 2979 3120 3121
f 2979 3121 2980
f 2980 3121 3122
f 2980 3122 2981
f 2981 3122 3123
f 2981 3123 2982
f 2982 3123 3124
f 2982 3124 2983
f 2983 3124 3125
f 2983 3125 2984
f 2984 3125 3126
f 2984 3126 2985
f 2985 3126 3127
f 2985 3127 569
f 569 3127 571
f 2986 3128 2987
f 2987 3128 3129
f 2987 3129 2988
f 2988 3129 3130
f 2988 3130 2989
f 2989 3130 3131
f 2989 3131 2990
f 2990 3131 3132
f 2990 3132 2991
f 2991 3132 3133
f 2991 3133 2992
f 2992 3133 3134
f 2992 3134 2993
f 2993 3134 3135
f 2993 3135 2994
f 2994 3135 3136
f 2994 3136 2995
f 2995 3136 3137
f 2995 3137 2996
f 2996 3137 3138
f 2996 3138 2997
f 2997 3138 3139
f 2997 3139 2998
f 2998 3139 3140
f 2998 3140 2999
f 2999 3140 3141
f 2999 3141 3000
f 3000 3141 3142
f 3000 3142 3001
f 3001 3142 3143
f 3001 3143 3002
f 3002 3143 3144
f 3002 3144 3003
f 3003 3144 3145
f 3003 3145 3004
f 3004 3145 3146
f 3004 3146 3005
f 3005 3146 3147
f 3005 3147 3006
f 3006 3147 3148
f 3006 3148 3007
f 3007 3148 3149
f 3007 3149 3008
f 3008 3149 3150
f 3008 3150 3009
f 3009 3150 3151
f 3009 3151 3010
f 3010 3151 3152
f 3010 3152 3011
f 3011 3152 3153
f 3011 3153 3012
f 3012 3153 3154
f 3012 3154 3013
f 3013 3154 3155
f 3013 3155 3014
f 3014 3155 3156
f 3014 3156 3015
f 3015 3156 3157
f 3015 3157 3016
f 3016 3157 3158
f 3016 3158 3017
f 3017 3158 3159
f 3017 3159 3018
f 3018 3159 3160
f 3018 3160 3019
f 3019 3160 3161
f 3019 3161 3020
f 3020 3161 3162
f 3020 3162 3021
f 3021 3162 3163
f 3021 3163 3022
f 3022 3163 3164
f 3022 3164 3023
f 3023 3164 3165
f 3023 3165 3024
f 3024 3165 3166
f 3024 3166 3025
f 3025 3166 3167
f 3025 3167 3026
f 3026 3167 3168
f 3026 3168 3027
f 3027 3168 3169
f 3027 3169 3028
f 3028 3169 3170
f 3028 3170 3029
f 3029 3170 3171
f 3029 3171 3030
f 3030 3171 3172
f 3030 3172 3031
f 3031 3172 3173
f 3031 3173 3032
f 3032 3173 3174
f 3032 3174 3033
f 3033 3174 3175
f 3033 3175 3034
f 3034 3175 3176
f 3034 3176 3035
f 3035 3176 3177
f 3035 3177 3036
f 3036 3177 3178
f 3036 3178 3037
f 3037 3178 3179
f 3037 3179 3038
f 3038 3179 3180
f 3038 3180 3039
f 3039 3180 3181
f 3039 3181 3040
f 3040 3181 3182
f 3040 3182 3041
f 3041 3182 3183
f 3041 3183 3042
f 3042 3183 3184
f 3042 3184 3043
f 3043 3184 3185
f 3043 3185 3044
f 3044 3185 3186
f 3044 3186 3045
f 3045 3186 3187
f 3045 3187 3046
f 3046 3187 3188
f 3046 3188 3047
f 3047 3188 3189
f 3047 3189 3048
f 3048 3189 3190
f 3048 3190 3049
f 3049 3190 3191
f 3049 3191 3050
f 3050 3191 3192
f 3050 3192 3051
f 3051 3192 3193
f 3051 3193 3052
f 3052 3193 3194
f 3052 3194 3053
f 3053 3194 3195
f 3053 3195 3054
f 3054 3195 3196
f 3054 3196 3055
f 3055 3196 3197
f 3055 3197 3056
f 3056 3197 3198
f 3056 3198 3057
f 3057 3198 3199
f 3057 3199 3058
f 3058 3199 3200
f 3058 3200 3059
f 3059 3200 3201
f 3059 3201 3060
f 3060 3201 3202
f 3060 3202 3061
f 3061 3202 3203
f 3061 3203 3062
f 3062 3203 3204
f 3062 3204 3063
f 3063 3204 3205
f 3063 3205 3064
f 3064 3205 3206
f 3064 3206 3065
f 3065 3206 3207
f 3065 3207 3066
f 3066 3207 3208
f 3066 3208 3067
f 3067 3208 3209
f 3067 3209 3068
f 3068 3209 3210
f 3068 3210 3069
f 3069 3210 3211
f 3069 3211 3070
f 3070 3211 3212
f 3070 3212 3071
f 3071 3212 3213
f 3071 3213 3072
f 3072 3213 3214
f 3072 3214 3073
f 3073 3214 3215
f 3073 3215 3074
f 3074 3215 3216
f 3074 3216 3075
f 3075 3216 3217
f 3075 3217 3076
f 3076 3217 3218
f 3076 3218 3077
f 3077 3218 3219
f 3077 3219 3078
f 3078 3219 3220
f 3078 3220 3079
f 3079 3220 3221
f 3079 3221 3080
f 3080 3221 3222
f 3080 3222 3081
f 3081 3222 3223
f 3081 3223 3082
f 3082 3223 3224
f 3082 3224 3083
f 3083 3224 3225
f 3083 3225 3084
f 3084 3225 3226
f 3084 3226 3085
f 3085 3226 3227
f 3085 3227 3086
f 3086 3227 3228
f 3086 3228 3087
f 3087 3228 3229
f 3087 3229 3088
f 3088 3229 3230
f 3088 3230 3089
f 3089 3230 3231
f 3089 3231 3090
f 3090 3231 3232
f 3090 3232 3091
f 3091 3232 3233
f 3091 3233 3092
f 3092 3233 3234
f 3092 3234 3093
f 3093 3234 3235
f 3093 3235 3094
f 3094 3235 3236
f 3094 3236 3095
f 3095 3236 3237
f 3095 3237 3096
f 3096 3237 3238
f 3096 3238 3097
f 3097 3238 3239
f 3097 3239 3098
f 3098 3239 3240
f 3098 3240 3099
f 3099 3240 3241
f 3099 3241 3100
f 3100 3241 3242
f 3100 3242 3101
f 3101 3242 3243
f 3101 3243 3102
f 3102 3243 3244
f 3102 3244 3103
f 3103 3244 3245
f 3103 3245 3104
f 3104 3245 3246
f 3104 3246 3105
f 3105 3246 3247
f 3105 3247 3106
f 3106 3247 3248
f 3106 3248 3107
f 3107 3248 3249
f 3107 3249 3108
f 3108 3249 3250
f 3108 3250 3109
f 3109 3250 3251
f 3109 3251 3110
f 3110 3251 3252
f 3110 3252 3111
f 3111 3252 3253
f 3111 3253 3112
f 3112 3253 3254
f 3112 3254 3113
f 3113 3254 3255
f 3113 3255 3114
f 3114 3255 3256
f 3114 3256 3115
f 3115 3256 3257
f 3115 3257 3116
f 3116 3257 3258
f 3116 3258 3117
f 3117 3258 3259
f 3117 3259 3118
f 3118 3259 3260
f 3118 3260 3119
f 3119 3260 3261
f 3119 3261 3120
f 3120 3261 3262
f 3120 3262 3121
f 3121 3262 3263
f 3121 3263 3122
f 3122 3263 3264
f 3122 3264 3123
f 3123 3264 3265
f 3123 3265 3124
f 3124 3265 3266
f 3124 3266 3125
f 3125 3266 3267
f 3125 3267 3126
f 3126 3267 3268
f 3126 3268 3127
f 3127 3268 3269
f 3127 3269 571
f 571 3269 573
f 3128 3270 3129
f 3129 3270 3271
f 3129 3271 3130
f 3130 3271 3272
f 3130 3272 3131
f 3131 3272 3273
f 3131 3273 3132
f 3132 3273 3274
f 3132 3274 3133
f 3133 3274 3275
f 3133 3275 3134
f 3134 3275 3276
f 3134 3276 3135
f 3135 3276 3277
f 3135 3277 3136
f 3136 3277 3278
f 3136 3278 3137
f 3137 3278 3279
f 3137 3279 3138
f 3138 3279 3280
f 3138 3280 3139
f 3139 3280 3281
f 3139 3281 3140
f 3140 3281 3282
f 3140 3282 3141
f 3141 3282 3283
f 3141 3283 3142
f 3142 3283 3284
f 3142 3284 3143
f 3143 3284 3285
f 3143 3285 3144
f 3144 3285 3286
f 3144 3286 3145
f 3145 3286 3287
f 3145 3287 3146
f 3146 3287 3288
f 3146 3288 3147
f 3147 3288 3289
f 3147 3289 3148
f 3148 3289 3290
f 3148 3290 3149
f 3149 3290 3291
f 3149 3291 3150
f 3150 3291 3292
f 3150 3292 3151
f 3151 3292 3293
f 3151 3293 3152
f 3152 3293 3294
f 3152 3294 3153
f 3153 3294 3295
f 3153 3295 3154
f 3154 3295 3296
f 3154 3296 3155
f 3155 3296 3297
f 3155 3297 3156
f 3156 3297 3298
f 3156 3298 3157
f 3157 3298 3299
f 3157 3299 3158
f 3158 3299 3300
f 3158 3300 3159
f 3159 3300 3301
f 3159 3301 3160
f 3160 3301 3302
f 3160 3302 3161
f 3161 3302 3303
f 3161 3303 3162
f 3162 3303 3304
f 3162 3304 3163
f 3163 3304 3305
f 3163 3305 3164
f 3164 3305 3306
f 3164 3306 3165
f 3165 3306 3307
f 3165 3307 3166
f 3166 3307 3308
f 3166 3308 3167
f 3167 3308 3309
f 3167 3309 3168
f 3168 3309 3310
f 3168 3310 3169
f 3169 3310 3311
f 3169 3311 3170
f 3170 3311 3312
f 3170 3312 3171
f 3171 3312 3313
f 3171 3313 3172
f 3172 3313 3314
f 3172 3314 3173
f 3173 3314 3315
f 3173 3315 3174
f 3174 3315 3316
f 3174 3316 3175
f 3175 3316 3317
f 3175 3317 3176
f 3176 3317 3318
f 3176 3318 3177
f 3177 3318 3319
f 3177 3319 3178
f 3178 3319 3320
f 3178 3320 3179
f 3179 3320 3321
f 3179 3321 3180
f 3180 3321 3322
f 3180 3322 3181
f 3181 3322 3323
f 3181 3323 3182
f 3182 3323 3324
f 3182 3324 3183
f 3183 3324 3325
f 3183 3325 3184
f 3184 3325 3326
f 3184 3326 3185
f 3185 3326 3327
f 3185 3327 3186
f 3186 3327 3328
f 3186 3328 3187
f 3187 3328 3329
f 3187 3329 3188
f 3188 3329 3330
f 3188 3330 3189
f 3189 3330 3331
f 3189 3331 3190
f 3190 3331 3332
f 3190 3332 3191
f 3191 3332 3333
f 3191 3333 3192
f 3192 3333 3334
f 3192 3334 3193
f 3193 3334 3335
f 3193 3335 3194
f 3194 3335 3336
f 3194 3336 3195
f 3195 3336 3337
f 3195 3337 3196
f 3196 3337 3338
f 3196 3338 3197
f 3197 3338 3339
f 3197 3339 3198
f 3198 3339 3340
f 3198 3340 3199
f 3199 3340 3341
f 3199 3341 3200
f 3200 3341 3342
f 3200 3342 3201
f 3201 3342 3343
f 3201 3343 3202
f 3202 3343 3344
f 3202 3344 3203
f 3203 3344 3345
f 3203 3345 3204
f 3204 3345 3346
f 3204 3346 3205
f 3205 3346 3347
f 3205 3347 3206
f 3206 3347 3348
f 3206 3348 3207
f 3207 3348 3349
f 3207 3349 3208
f 3208 3349 3350
f 3208 3350 3209
f 3209 3350 3351
f 3209 3351 3210
f 3210 3351 3352
f 3210 3352 3211
f 3211 3352 3353
f 3211 3353 3212
f 3212 3353 3354
f 3212 3354 3213
f 3213 3354 3355
f 3213 3355 3214
f 3214 3355 3356
f 3214 3356 3215
f 3215 3356 3357
f 3215 3357 3216
f 3216 3357 3358
f 3216 3358 3217
f 3217 3358 3359
f 3217 3359 3218
f 3218 3359 3360
f 3218 3360 3219
f 3219 3360 3361
f 3219 3361 3220
f 3220 3361 3362
f 3220 3362 3221
f 3221 3362 3363
f 3221 3363 3222
f 3222 3363 3364
f 3222 3364 3223
f 3223 3364 3365
f 3223 3365 3224
f 3224 3365 3366
f 3224 3366 3225
f 3225 3366 3367
f 3225 3367 3226
f 3226 3367 3368
f 3226 3368 3227
f 3227 3368 3369
f 3227 3369 3228
f 3228 3369 3370
f 3228 3370 3229
f 3229 3370 3371
f 3229 3371 3230
f 3230 3371 3372
f 3230 3372 3231
f 3231 3372 3373
f 3231 3373 3232
f 3232 3373 3374
f 3232 3374 3233
f 3233 3374 3375
f 3233 3375 3234
f 3234 3375 3376
f 3234 3376 3235
f 3235 3376 3377
f 3235 3377 3236
f 3236 3377 3378
f 3236 3378 3237
f 3237 3378 3379
f 3237 3379 3238
f 3238 3379 3380
f 3238 3380 3239
f 3239 3380 3381
f 3239 3381 3240
f 3240 3381 3382
f 3240 3382 3241
f 3241 3382 3383
f 3241 3383 3242
f 3242 3383 3384
f 3242 3384 3243
f 3243 3384 3385
f 3243 3385 3244
f 3244 3385 3386
f 3244 3386 3245
f 3245 3386 3387
f 3245 3387 3246
f 3246 3387 3388
f 3246 3388 3247
f 3247 3388 3389
f 3247 3389 3248
f 3248 3389 3390
f 3248 3390 3249
f 3249 3390 3391
f 3249 3391 3250
f 3250 3391 3392
f 3250 3392 3251
f 3251 3392 3393
f 3251 3393 3252
f 3252 3393 3394
f 3252 3394 3253
f 3253 3394 3395
f 3253 3395 3254
f 3254 3395 3396
f 3254 3396 3255
f 3255 3396 3397
f 3255 3397 3256
f 3256 3397 3398
f 3256 3398 3257
f 3257 3398 3399
f 3257 3399 3258
f 3258 3399 3400
f 3258 3400 3259
f 3259 3400 3401
f 3259 3401 3260
f 3260 3401 3402
f 3260 3402 3261
f 3261 3402 3403
f 3261 3403 3262
f 3262 3403 3404
f 3262 3404 3263
f 3263 3404 3405
f 3263 3405 3264
f 3264 3405 3406
f 3264 3406 3265
f 3265 3406 3407
f 3265 3407 3266
f 3266 3407 3408
f 3266 3408 3267
f 3267 3408 3409
f 3267 3409 3268
f 3268 3409 3410
f 3268 3410 3269
f 3269 3410 3411
f 3269 3411 573
f 573 3411 575
f 3270 3412 3271
f 3271 3412 3413
f 3271 3413 3272
f 3272 3413 3414
f 3272 3414 3273
f 3273 3414 3415
f 3273 3415 3274
f 3274 3415 3416
f 3274 3416 3275
f 3275 3416 3417
f 3275 3417 3276
f 3276 3417 3418
f 3276 3418 3277
f 3277 3418 3419
f 3277 3419 3278
f 3278 3419 3420
f 3278 3420 3279
f 3279 3420 3421
f 3279 3421 3280
f 3280 3421 3422
f 3280 3422 3281
f 3281 3422 3423
f 3281 3423 3282
f 3282 3423 3424
f 3282 3424 3283
f 3283 3424 3425
f 3283 3425 3284
f 3284 3425 3426
f 3284 3426 3285
f 3285 3426 3427
f 3285 3427 3286
f 3286 3427 3428
f 3286 3428 3287
f 3287 3428 3429
f 3287 3429 3288
f 3288 3429 3430
f 3288 3430 3289
f 3289 3430 3431
f 3289 3431 3290
f 3290 3431 3432
f 3290 3432 3291
f 3291 3432 3433
f 3291 3433 3292
f 3292 3433 3434
f 3292 3434 3293
f 3293 3434 3435
f 3293 3435 3294
f 3294 3435 3436
f 3294 3436 3295
f 3295 3436 3437
f 3295 3437 3296
f 3296 3437 3438
f 3296 3438 3297
f 3297 3438 3439
f 3297 3439 3298
f 3298 3439 3440
f 3298 3440 3299
f 3299 3440 3441
f 3299 3441 3300
f 3300 3441 3442
f 3300 3442 3301
f 3301 3442 3443
f 3301 3443 3302
f 3302 3443 3444
f 3302 3444 3303
f 3303 3444 3445
f 3303 3445 3304
f 3304 3445 3446
f 3304 3446 3305
f 3305 3446 3447
f 3305 3447 3306
f 3306 3447 3448
f 3306 3448 3307
f 3307 3448 3449
f 3307 3449 3308
f 3308 3449 3450
f 3308 3450 3309
f 3309 3450 3451
f 3309 3451 3310
f 3310 3451 3452
f 3310 3452 3311
f 3311 3452 3453
f 3311 3453 3312
f 3312 3453 3454
f 3312 3454 3313
f 3313 3454 3455
f 3313 3455 3314
f 3314 3455 3456
f 3314 3456 3315
f 3315 3456 3457
f 3315 3457 3316
f 3316 3457 3458
f 3316 3458 3317
f 3317 3458 3459
f 3317 3459 3318
f 3318 3459 3460
f 3318 3460 3319
f 3319 3460 3461
f 3319 3461 3320
f 3320 3461 3462
f 3320 3462 3321
f 3321 3462 3463
f 3321 3463 3322
f 3322 3463 3464
f 3322 3464 3323
f 3323 3464 3465
f 3323 3465 3324
f 3324 3465 3466
f 3324 3466 3325
f 3325 3466 3467
f 3325 3467 3326
f 3326 3467 3468
f 3326 3468 3327
f 3327 3468 3469
f 3327 3469 3328
f 3328 3469 3470
f 3328 3470 3329
f 3329 3470 3471
f 3329 3471 3330
f 3330 3471 3472
f 3330 3472 3331
f 3331 3472 3473
f 3331 3473 3332
f 3332 3473 3474
f 3332 3474 3333
f 3333 3474 3475
f 3333 3475 3334
f 3334 3475 3476
f 3334 3476 3335
f 3335 3476 3477
f 3335 3477 3336
f 3336 3477 3478
f 3336 3478 3337
f 3337 3478 3479
f 3337 3479 3338
f 3338 3479 3480
f 3338 3480 3339
f 3339 3480 3481
f 3339 3481 3340
f 3340 3481 3482
f 3340 3482 3341
f 3341 3482 3483
f 3341 3483 3342
f 3342 3483 3484
f 3342 3484 3343
f 3343 3484 3485
f 3343 3485 3344
f 3344 3485 3486
f 3344 3486 3345
f 3345 3486 3487
f 3345 3487 3346
f 3346 3487 3488
f 3346 3488 3347
f 3347 3488 3489
f 3347 3489 3348
f 3348 3489 3490
f 3348 3490 3349
f 3349 3490 3491
f 3349 3491 3350
f 3350 3491 3492
f 3350 3492 3351
f 3351 3492 3493
f 3351 3493 3352
f 3352 3493 3494
f 3352 3494 3353
f 3353 3494 3495
f 3353 3495 3354
f 3354 3495 3496
f 3354 3496 3355
f 3355 3496 3497
f 3355 3497 3356
f 3356 3497 3498
f 3356 3498 3357
f 3357 3498 3499
f 3357 3499 3358
f 3358 3499 3500
f 3358 3500 3359
f 3359 3500 3501
f 3359 3501 3360
f 3360 3501 3502
f 3360 3502 3361
f 3361 3502 3503
f 3361 3503 3362
f 3362 3503 3504
f 3362 3504 3363
f 3363 3504 3505
f 3363 3505 3364
f 3364 3505 3506
f 3364 3506 3365
f 3365 3506 3507
f 3365 3507 3366
f 3366 3507 3508
f 3366 3508 3367
f 3367 3508 3509
f 3367 3509 3368
f 3368 3509 3510
f 3368 3510 3369
f 3369 3510 3511
f 3369 3511 3370
f 3370 3511 3512
f 3370 3512 3371
f 3371 3512 3513
f 3371 3513 3372
f 3372 3513 3514
f 3372 3514 3373
f 3373 3514 3515
f 3373 3515 3374
f 3374 3515 3516
f 3374 3516 3375
f 3375 3516 3517
f 3375 3517 3376
f 3376 3517 3518
f 3376 3518 3377
f 3377 3518 3519
f 3377 3519 3378
f 3378 3519 3520
f 3378 3520 3379
f 3379 3520 3521
f 3379 3521 3380
f 3380 3521 3522
f 3380 3522 3381
f 3381 3522 3523
f 3381 3523 3382
f 3382 3523 3524
f 3382 3524 3383
f 3383 3524 3525
f 3383 3525 3384
f 3384 3525 3526
f 3384 3526 3385
f 3385 3526 3527
f 3385 3527 3386
f 3386 3527 3528
f 3386 3528 3387
f 3387 3528 3529
f 3387 3529 3388
f 3388 3529 3530
f 3388 3530 3389
f 3389 3530 3531
f 3389 3531 3390
f 3390 3531 3532
f 3390 3532 3391
f 3391 3532 3533
f 3391 3533 3392
f 3392 3533 3534
f 3392 3534 3393
f 3393 3534 3535
f 3393 3535 3394
f 3394 3535 3536
f 3394 3536 3395
f 3395 3536 3537
f 3395 3537 3396
f 3396 3537 3538
f 3396 3538 3397
f 3397 3538 3539
f 3397 3539 3398
f 3398 3539 3540
f 3398 3540 3399
f 3399 3540 3541
f 3399 3541 3400
f 3400 3541 3542
f 3400 3542 3401
f 3401 3542 3543
f 3401 3543 3402
f 3402 3543 3544
f 3402 3544 3403
f 3403 3544 3545
f 3403 3545 3404
f 3404 3545 3546
f 3404 3546 3405
f 3405 3546 3547
f 3405 3547 3406
f 3406 3547 3548
f 3406 3548 3407
f 3407 3548 3549
f 3407 3549 3408
f 3408 3549 3550
f 3408 3550 3409
f 3409 3550 3551
f 3409 3551 3410
f 3410 3551 3552
f 3410 3552 3411
f 3411 3552 3553
f 3411 3553 575
f 575 3553 577
f 3412 3554 3413
f 3413 3554 3555
f 3413 3555 3414
f 3414 3555 3556
f 3414 3556 3415
f 3415 3556 3557
f 3415 3557 3416
f 3416 3557 3558
f 3416 3558 3417
f 3417 3558 3559
f 3417 3559 3418
f 3418 3559 3560
f 3418 3560 3419
f 3419 3560 3561
f 3419 3561 3420
f 3420 3561 3562
f 3420 3562 3421
f 3421 3562 3563
f 3421 3563 3422
f 3422 3563 3564
f 3422 3564 3423
f 3423 3564 3565
f 3423 3565 3424
f 3424 3565 3566
f 3424 3566 3425
f 3425 3566 3567
f 3425 3567 3426
f 3426 3567 3568
f 3426 3568 3427
f 3427 3568 3569
f 3427 3569 3428
f 3428 3569 3570
f 3428 3570 3429
f 3429 3570 3571
f 3429 3571 3430
f 3430 3571 3572
f 3430 3572 3431
f 3431 3572 3573
f 3431 3573 3432
f 3432 3573 3574
f 3432 3574 3433
f 3433 3574 3575
f 3433 3575 3434
f 3434 3575 3576
f 3434 3576 3435
f 3435 3576 3577
f 3435 3577 3436
f 3436 3577 3578
f 3436 3578 3437
f 3437 3578 3579
f 3437 3579 3438
f 3438 3579 3580
f 3438 3580 3439
f 3439 3580 3581
f 3439 3581 3440
f 3440 3581 3582
f 3440 3582 3441
f 3441 3582 3583
f 3441 3583 3442
f 3442 3583 3584
f 3442 3584 3443
f 3443 3584 3585
f 3443 3585 3444
f 3444 3585 3586
f 3444 3586 3445
f 3445 3586 3587
f 3445 3587 3446
f 3446 3587 3588
f 3446 3588 3447
f 3447 3588 3589
f 3447 3589 3448
f 3448 3589 3590
f 3448 3590 3449
f 3449 3590 3591
f 3449 3591 3450
f 3450 3591 3592
f 3450 3592 3451
f 3451 3592 3593
f 3451 3593 3452
f 3452 3593 3594
f 3452 3594 3453
f 3453 3594 3595
f 3453 3595 3454
f 3454 3595 3596
f 3454 3596 3455
f 3455 3596 3597
f 3455 3597 3456
f 3456 3597 3598
f 3456 3598 3457
f 3457 3598 3599
f 3457 3599 3458
f 3458 3599 3600
f 3458 3600 3459
f 3459 3600 3601
f 3459 3601 3460
f 3460 3601 3602
f 3460 3602 3461
f 3461 3602 3603
f 3461 3603 3462
f 3462 3603 3604
f 3462 3604 3463
f 3463 3604 3605
f 3463 3605 3464
f 3464 3605 3606
f 3464 3606 3465
f 3465 3606 3607
f 3465 3607 3466
f 3466 3607 3608
f 3466 3608 3467
f 3467 3608 3609
f 3467 3609 3468
f 3468 3609 3610
f 3468 3610 3469
f 3469 3610 3611
f 3469 3611 3470
f 3470 3611 3612
f 3470 3612 3471
f 3471 3612 3613
f 3471 3613 3472
f 3472 3613 3614
f 3472 3614 3473
f 3473 3614 3615
f 3473 3615 3474
f 3474 3615 3616
f 3474 3616 3475
f 3475 3616 3617
f 3475 3617 3476
f 3476 3617 3618
f 3476 3618 3477
f 3477 3618 3619
f 3477 3619 3478
f 3478 3619 3620
f 3478 3620 3479
f 3479 3620 3621
f 3479 3621 3480
f 3480 3621 3622
f 3480 3622 3481
f 3481 3622 3623
f 3481 3623 3482
f 3482 3623 3624
f 3482 3624 3483
f 3483 3624 3625
f 3483 3625 3484
f 3484 3625 3626
f 3484 3626 3485
f 3485 3626 3627
f 3485 3627 3486
f 3486 3627 3628
f 3486 3628 3487
f 3487 3628 3629
f 3487 3629 3488
f 3488 3629 3630
f 3488 3630 3489
f 3489 3630 3631
f 3489 3631 3490
f 3490 3631 3632
f 3490 3632 3491
f 3491 3632 3633
f 3491 3633 3492
f 3492 3633 3634
f 3492 3634 3493
f 3493 3634 3635
f 3493 3635 3494
f 3494 3635 3636
f 3494 3636 3495
f 3495 3636 3637
f 3495 3637 3496
f 3496 3637 3638
f 3496 3638 3497
f 3497 3638 3639
f 3497 3639 3498
f 3498 3639 3640
f 3498 3640 3499
f 3499 3640 3641
f 3499 3641 3500
f 3500 3641 3642
f 3500 3642 3501
f 3501 3642 3643
f 3501 3643 3502
f 3502 3643 3644
f 3502 3644 3503
f 3503 3644 3645
f 3503 3645 3504
f 3504 3645 3646
f 3504 3646 3505
f 3505 3646 3647
f 3505 3647 3506
f 3506 3647 3648
f 3506 3648 3507
f 3507 3648 3649
f 3507 3649 3508
f 3508 3649 3650
f 3508 3650 3509
f 3509 3650 3651
f 3509 3651 3510
f 3510 3651 3652
f 3510 3652 3511
f 3511 3652 3653
f 3511 3653 3512
f 3512 3653 3654
f 3512 3654 3513
f 3513 3654 3655
f 3513 3655 3514
f 3514 3655 3656
f 3514 3656 3515
f 3515 3656 3657
f 3515 3657 3516
f 3516 3657 3658
f 3516 3658 3517
f 3517 3658 3659
f 3517 3659 3518
f 3518 3659 3660
f 3518 3660 3519
f 3519 3660 3661
f 3519 3661 3520
f 3520 3661 3662
f 3520 3662 3521
f 3521 3662 3663
f 3521 3663 3522
f 3522 3663 3664
f 3522 3664 3523
f 3523 3664 3665
f 3523 3665 3524
f 3524 3665 3666
f 3524 3666 3525
f 3525 3666 3667
f 3525 3667 3526
f 3526 3667 3668
f 3526 3668 3527
f 3527 3668 3669
f 3527 3669 3528
f 3528 3669 3670
f 3528 3670 3529
f 3529 3670 3671
f 3529 3671 3530
f 3530 3671 3672
f 3530 3672 3531
f 3531 3672 3673
f 3531 3673 3532
f 3532 3673 3674
f 3532 3674 3533
f 3533 3674 3675
f 3533 3675 3534
f 3534 3675 3676
f 3534 3676 3535
f 3535 3676 3677
f 3535 3677 3536
f 3536 3677 3678
f 3536 3678 3537
f 3537 3678 3679
f 3537 3679 3538
f 3538 3679 3680
f 3538 3680 3539
f 3539 3680 3681
f 3539 3681 3540
f 3540 3681 3682
f 3540 3682 3541
f 3541 3682 3683
f 3541 3683 3542
f 3542 3683 3684
f 3542 3684 3543
f 3543 3684 3685
f 3543 3685 3544
f 3544 3685 3686
f 3544 3686 3545
f 3545 3686 3687
f 3545 3687 3546
f 3546 3687 3688
f 3546 3688 3547
f 3547 3688 3689
f 3547 3689 3548
f 3548 3689 3690
f 3548 3690 3549
f 3549 3690 3691
f 3549 3691 3550
f 3550 3691 3692
f 3550 3692 3551
f 3551 3692 3693
f 3551 3693 3552
f 3552 3693 3694
f 3552 3694 3553
f 3553 3694 3695
f 3553 3695 577
f 577 3695 579
f 3554 3696 3555
f 3555 3696 3697
f 3555 3697 3556
f 3556 3697 3698
f 3556 3698 3557
f 3557 3698 3699
f 3557 3699 3558
f 3558 3699 3700
f 3558 3700 3559
f 3559 3700 3701
f 3559 3701 3560
f 3560 3701 3702
f 3560 3702 3561
f 3561 3702 3703
f 3561 3703 3562
f 3562 3703 3704
f 3562 3704 3563
f 3563 3704 3705
f 3563 3705 3564
f 3564 3705 3706
f 3564 3706 3565
f 3565 3706 3707
f 3565 3707 3566
f 3566 3707 3708
f 3566 3708 3567
f 3567 3708 3709
f 3567 3709 3568
f 3568 3709 3710
f 3568 3710 3569
f 3569 3710 3711
f 3569 3711 3570
f 3570 3711 3712
f 3570 3712 3571
f 3571 3712 3713
f 3571 3713 3572
f 3572 3713 3714
f 3572 3714 3573
f 3573 3714 3715
f 3573 3715 3574
f 3574 3715 3716
f 3574 3716 3575
f 3575 3716 3717
f 3575 3717 3576
f 3576 3717 3718
f 3576 3718 3577
f 3577 3718 3719
f 3577 3719 3578
f 3578 3719 3720
f 3578 3720 3579
f 3579 3720 3721
f 3579 3721 3580
f 3580 3721 3722
f 3580 3722 3581
f 3581 3722 3723
f 3581 3723 3582
f 3582 3723 3724
f 3582 3724 3583
f 3583 3724 3725
f 3583 3725 3584
f 3584 3725 3726
f 3584 3726 3585
f 3585 3726 3727
f 3585 3727 3586
f 3586 3727 3728
f 3586 3728 3587
f 3587 3728 3729
f 3587 3729 3588
f 3588 3729 3730
f 3588 3730 3589
f 3589 3730 3731
f 3589 3731 3590
f 3590 3731 3732
f 3590 3732 3591
f 3591 3732 3733
f 3591 3733 3592
f 3592 3733 3734
f 3592 3734 3593
f 3593 3734 3735
f 3593 3735 3594
f 3594 3735 3736
f 3594 3736 3595
f 3595 3736 3737
f 3595 3737 3596
f 3596 3737 3738
f 3596 3738 3597
f 3597 3738 3739
f 3597 3739 3598
f 3598 3739 3740
f 3598 3740 3599
f 3599 3740 3741
f 3599 3741 3600
f 3600 3741 3742
f 3600 3742 3601
f 3601 3742 3743
f 3601 3743 3602
f 3602 3743 3744
f 3602 3744 3603
f 3603 3744 3745
f 3603 3745 3604
f 3604 3745 3746
f 3604 3746 3605
f 3605 3746 3747
f 3605 3747 3606
f 3606 3747 3748
f 3606 3748 3607
f 3607 3748 3749
f 3607 3749 3608
f 3608 3749 3750
f 3608 3750 3609
f 3609 3750 3751
f 3609 3751 3610
f 3610 3751 3752
f 3610 3752 3611
f 3611 3752 3753
f 3611 3753 3612
f 3612 3753 3754
f 3612 3754 3613
f 3613 3754 3755
f 3613 3755 3614
f 3614 3755 3756
f 3614 3756 3615
f 3615 3756 3757
f 3615 3757 3616
f 3616 3757 3758
f 3616 3758 3617
f 3617 3758 3759
f 3617 3759 3618
f 3618 3759 3760
f 3618 3760 3619
f 3619 3760 3761
f 3619 3761 3620
f 3620 3761 3762
f 3620 3762 3621
f 3621 3762 3763
f 3621 3763 3622
f 3622 3763 3764
f 3622 3764 3623
f 3623 3764 3765
f 3623 3765 3624
f 3624 3765 3766
f 3624 3766 3625
f 3625 3766 3767
f 3625 3767 3626
f 3626 3767 3768
f 3626 3768 3627
f 3627 3768 3769
f 3627 3769 3628
f 3628 3769 3770
f 3628 3770 3629
f 3629 3770 3771
f 3629 3771 3630
f 3630 3771 3772
f 3630 3772 3631
f 3631 3772 3773
f 3631 3773 3632
f 3632 3773 3774
f 3632 3774 3633
f 3633 3774 3775
f 3633 3775 3634
f 3634 3775 3776
f 3634 3776 3635
f 3635 3776 3777
f 3635 3777 3636
f 3636 3777 3778
f 3636 3778 3637
f 3637 3778 3779
f 3637 3779 3638
f 3638 3779 3780
f 3638 3780 3639
f 3639 3780 3781
f 3639 3781 3640
f 3640 3781 3782
f 3640 3782 3641
f 3641 3782 3783
f 3641 3783 3642
f 3642 3783 3784
f 3642 3784 3643
f 3643 3784 3785
f 3643 3785 3644
f 3644 3785 3786
f 3644 3786 3645
f 3645 3786 3787
f 3645 3787 3646
f 3646 3787 3788
f 3646 3788 3647
f 3647 3788 3789
f 3647 3789 3648
f 3648 3789 3790
f 3648 3790 3649
f 3649 3790 3791
f 3649 3791 3650
f 3650 3791 3792
f 3650 3792 3651
f 3651 3792 3793
f 3651 3793 3652
f 3652 3793 3794
f 3652 3794 3653
f 3653 3794 3795
f 3653 3795 3654
f 3654 3795 3796
f 3654 3796 3655
f 3655 3796 3797
f 3655 3797 3656
f 3656 3797 3798
f 3656 3798 3657
f 3657 3798 3799
f 3657 3799 3658
f 3658 3799 3800
f 3658 3800 3659
f 3659 3800 3801
f 3659 3801 3660
f 3660 3801 3802
f 3660 3802 3661
f 3661 3802 3803
f 3661 3803 3662
f 3662 3803 3804
f 3662 3804 3663
f 3663 3804 3805
f 3663 3805 3664
f 3664 3805 3806
f 3664 3806 3665
f 3665 3806 3807
f 3665 3807 3666
f 3666 3807 3808
f 3666 3808 3667
f 3667 3808 3809
f 3667 3809 3668
f 3668 3809 3810
f 3668 3810 3669
f 3669 3810 3811
f 3669 3811 3670
f 3670 3811 3812
f 3670 3812 3671
f 3671 3812 3813
f 3671 3813 3672
f 3672 3813 3814
f 3672 3814 3673
f 3673 3814 3815
f 3673 3815 3674
f 3674 3815 3816
f 3674 3816 3675
f 3675 3816 3817
f 3675 3817 3676
f 3676 3817 3818
f 3676 3818 3677
f 3677 3818 3819
f 3677 3819 3678
f 3678 3819 3820
f 3678 3820 3679
f 3679 3820 3821
f 3679 3821 3680
f 3680 3821 3822
f 3680 3822 3681
f 3681 3822 3823
f 3681 3823 3682
f 3682 3823 3824
f 3682 3824 3683
f 3683 3824 3825
f 3683 3825 3684
f 3684 3825 3826
f 3684 3826 3685
f 3685 3826 3827
f 3685 3827 3686
f 3686 3827 3828
f 3686 3828 3687
f 3687 3828 3829
f 3687 3829 3688
f 3688 3829 3830
f 3688 3830 3689
f 3689 3830 3831
f 3689 3831 3690
f 3690 3831 3832
f 3690 3832 3691
f 3691 3832 3833
f 3691 3833 3692
f 3692 3833 3834
f 3692 3834 3693
f 3693 3834 3835
f 3693 3835 3694
f 3694 3835 3836
f 3694 3836 3695
f 3695 3836 3837
f 3695 3837 579
f 579 3837 581
f 3696 3838 3697
f 3697 3838 3839
f 3697 3839 3698
f 3698 3839 3840
f 3698 3840 3699
f 3699 3840 3841
f 3699 3841 3700
f 3700 3841 3842
f 3700 3842 3701
f 3701 3842 3843
f 3701 3843 3702
f 3702 3843 3844
f 3702 3844 3703
f 3703 3844 3845
f 3703 3845 3704
f 3704 3845 3846
f 3704 3846 3705
f 3705 3846 3847
f 3705 3847 3706
f 3706 3847 3848
f 3706 3848 3707
f 3707 3848 3849
f 3707 3849 3708
f 3708 3849 3850
f 3708 3850 3709
f 3709 3850 3851
f 3709 3851 3710
f 3710 3851 3852
f 3710 3852 3711
f 3711 3852 3853
f 3711 3853 3712
f 3712 3853 3854
f 3712 3854 3713
f 3713 3854 3855
f 3713 3855 3714
f 3714 3855 3856
f 3714 3856 3715
f 3715 3856 3857
f 3715 3857 3716
f 3716 3857 3858
f 3716 3858 3717
f 3717 3858 3859
f 3717 3859 3718
f 3718 3859 3860
f 3718 3860 3719
f 3719 3860 3861
f 3719 3861 3720
f 3720 3861 3862
f 3720 3862 3721
f 3721 3862 3863
f 3721 3863 3722
f 3722 3863 3864
f 3722 3864 3723
f 3723 3864 3865
f 3723 3865 3724
f 3724 3865 3866
f 3724 3866 3725
f 3725 3866 3867
f 3725 3867 3726
f 3726 3867 3868
f 3726 3868 3727
f 3727 3868 3869
f 3727 3869 3728
f 3728 3869 3870
f 3728 3870 3729
f 3729 3870 3871
f 3729 3871 3730
f 3730 3871 3872
f 3730 3872 3731
f 3731 3872 3873
f 3731 3873 3732
f 3732 3873 3874
f 3732 3874 3733
f 3733 3874 3875
f 3733 3875 3734
f 3734 3875 3876
f 3734 3876 3735
f 3735 3876 3877
f 3735 3877 3736
f 3736 3877 3878
f 3736 3878 3737
f 3737 3878 3879
f 3737 3879 3738
f 3738 3879 3880
f 3738 3880 3739
f 3739 3880 3881
f 3739 3881 3740
f 3740 3881 3882
f 3740 3882 3741
f 3741 3882 3883
f 3741 3883 3742
f 3742 3883 3884
f 3742 3884 3743
f 3743 3884 3885
f 3743 3885 3744
f 3744 3885 3886
f 3744 3886 3745
f 3745 3886 3887
f 3745 3887 3746
f 3746 3887 3888
f 3746 3888 3747
f 3747 3888 3889
f 3747 3889 3748
f 3748 3889 3890
f 3748 3890 3749
f 3749 3890 3891
f 3749 3891 3750
f 3750 3891 3892
f 3750 3892 3751
f 3751 3892 3893
f 3751 3893 3752
f 3752 3893 3894
f 3752 3894 3753
f 3753 3894 3895
f 3753 3895 3754
f 3754 3895 3896
f 3754 3896 3755
f 3755 3896 3897
f 3755 3897 3756
f 3756 3897 3898
f 3756 3898 3757
f 3757 3898 3899
f 3757 3899 3758
f 3758 3899 3900
f 3758 3900 3759
f 3759 3900 3901
f 3759 3901 3760
f 3760 3901 3902
f 3760 3902 3761
f 3761 3902 3903
f 3761 3903 3762
f 3762 3903 3904
f 3762 3904 3763
f 3763 3904 3905
f 3763 3905 3764
f 3764 3905 3906
f 3764 3906 3765
f 3765 3906 3907
f 3765 3907 3766
f 3766 3907 3908
f 3766 3908 3767
f 3767 3908 3909
f 3767 3909 3768
f 3768 3909 3910
f 3768 3910 3769
f 3769 3910 3911
f 3769 3911 3770
f 3770 3911 3912
f 3770 3912 3771
f 3771 3912 3913
f 3771 3913 3772
f 3772 3913 3914
f 3772 3914 3773
f 3773 3914 3915
f 3773 3915 3774
f 3774 3915 3916
f 3774 3916 3775
f 3775 3916 3917
f 3775 3917 3776
f 3776 3917 3918
f 3776 3918 3777
f 3777 3918 3919
f 3777 3919 3778
f 3778 3919 3920
f 3778 3920 3779
f 3779 3920 3921
f 3779 3921 3780
f 3780 3921 3922
f 3780 3922 3781
f 3781 3922 3923
f 3781 3923 3782
f 3782 3923 3924
f 3782 3924 3783
f 3783 3924 3925
f 3783 3925 3784
f 3784 3925 3926
f 3784 3926 3785
f 3785 3926 3927
f 3785 3927 3786
f 3786 3927 3928
f 3786 3928 3787
f 3787 3928 3929
f 3787 3929 3788
f 3788 3929 3930
f 3788 3930 3789
f 3789 3930 3931
f 3789 3931 3790
f 3790 3931 3932
f 3790 3932 3791
f 3791 3932 3933
f 3791 3933 3792
f 3792 3933 3934
f 3792 3934 3793
f 3793 3934 3935
f 3793 3935 3794
f 3794 3935 3936
f 3794 3936 3795
f 3795 3936 3937
f 3795 3937 3796
f 3796 3937 3938
f 3796 3938 3797
f 3797 3938 3939
f 3797 3939 3798
f 3798 3939 3940
f 3798 3940 3799
f 3799 3940 3941
f 3799 3941 3800
f 3800 3941 3942
f 3800 3942 3801
f 3801 3942 3943
f 3801 3943 3802
f 3802 3943 3944
f 3802 3944 3803
f 3803 3944 3945
f 3803 3945 3804
f 3804 3945 3946
f 3804 3946 3805
f 3805 3946 3947
f 3805 3947 3806
f 3806 3947 3948
f 3806 3948 3807
f 3807 3948 3949
f 3807 3949 3808
f 3808 3949 3950
f 3808 3950 3809
f 3809 3950 3951
f 3809 3951 3810
f 3810 3951 3952
f 3810 3952 3811
f 3811 3952 3953
f 3811 3953 3812
f 3812 3953 3954
f 3812 3954 3813
f 3813 3954 3955
f 3813 3955 3814
f 3814 3955 3956
f 3814 3956 3815
f 3815 3956 3957
f 3815 3957 3816
f 3816 3957 3958
f 3816 3958 3817
f 3817 3958 3959
f 3817 3959 3818
f 3818 3959 3960
f 3818 3960 3819
f 3819 3960 3961
f 3819 3961 3820
f 3820 3961 3962
f 3820 3962 3821
f 3821 3962 3963
f 3821 3963 3822
f 3822 3963 3964
f 3822 3964 3823
f 3823 3964 3965
f 3823 3965 3824
f 3824 3965 3966
f 3824 3966 3825
f 3825 3966 3967
f 3825 3967 3826
f 3826 3967 3968
f 3826 3968 3827
f 3827 3968 3969
f 3827 3969 3828
f 3828 3969 3970
f 3828 3970 3829
f 3829 3970 3971
f 3829 3971 3830
f 3830 3971 3972
f 3830 3972 3831
f 3831 3972 3973
f 3831 3973 3832
f 3832 3973 3974
f 3832 3974 3833
f 3833 3974 3975
f 3833 3975 3834
f 3834 3975 3976
f 3834 3976 3835
f 3835 3976 3977
f 3835 3977 3836
f 3836 3977 3978
f 3836 3978 3837
f 3837 3978 3979
f 3837 3979 581
f 581 3979 583
f 3838 3980 3839
f 3839 3980 3981
f 3839 3981 3840
f 3840 3981 3982
f 3840 3982 3841
f 3841 3982 3983
f 3841 3983 3842
f 3842 3983 3984
f 3842 3984 3843
f 3843 3984 3985
f 3843 3985 3844
f 3844 3985 3986
f 3844 3986 3845
f 3845 3986 3987
f 3845 3987 3846
f 3846 3987 3988
f 3846 3988 3847
f 3847 3988 3989
f 3847 3989 3848
f 3848 3989 3990
f 3848 3990 3849
f 3849 3990 3991
f 3849 3991 3850
f 3850 3991 3992
f 3850 3992 3851
f 3851 3992 3993
f 3851 3993 3852
f 3852 3993 3994
f 3852 3994 3853
f 3853 3994 3995
f 3853 3995 3854
f 3854 3995 3996
f 3854 3996 3855
f 3855 3996 3997
f 3855 3997 3856
f 3856 3997 3998
f 3856 3998 3857
f 3857 3998 3999
f 3857 3999 3858
f 3858 3999 4000
f 3858 4000 3859
f 3859 4000 4001
f 3859 4001 3860
f 3860 4001 4002
f 3860 4002 3861
f 3861 4002 4003
f 3861 4003 3862
f 3862 4003 4004
f 3862 4004 3863
f 3863 4004 4005
f 3863 4005 3864
f 3864 4005 4006
f 3864 4006 3865
f 3865 4006 4007
f 3865 4007 3866
f 3866 4007 4008
f 3866 4008 3867
f 3867 4008 4009
f 3867 4009 3868
f 3868 4009 4010
f 3868 4010 3869
f 3869 4010 4011
f 3869 4011 3870
f 3870 4011 4012
f 3870 4012 3871
f 3871 4012 4013
f 3871 4013 3872
f 3872 4013 4014
f 3872 4014 3873
f 3873 4014 4015
f 3873 4015 3874
f 3874 4015 4016
f 3874 4016 3875
f 3875 4016 4017
f 3875 4017 3876
f 3876 4017 4018
f 3876 4018 3877
f 3877 4018 4019
f 3877 4019 3878
f 3878 4019 4020
f 3878 4020 3879
f 3879 4020 4021
f 3879 4021 3880
f 3880 4021 4022
f 3880 4022 3881
f 3881 4022 4023
f 3881 4023 3882
f 3882 4023 4024
f 3882 4024 3883
f 3883 4024 4025
f 3883 4025 3884
f 3884 4025 4026
f 3884 4026 3885
f 3885 4026 4027
f 3885 4027 3886
f 3886 4027 4028
f 3886 4028 3887
f 3887 4028 4029
f 3887 4029 3888
f 3888 4029 4030
f 3888 4030 3889
f 3889 4030 4031
f 3889 4031 3890
f 3890 4031 4032
f 3890 4032 3891
f 3891 4032 4033
f 3891 4033 3892
f 3892 4033 4034
f 3892 4034 3893
f 3893 4034 4035
f 3893 4035 3894
f 3894 4035 4036
f 3894 4036 3895
f 3895 4036 4037
f 3895 4037 3896
f 3896 4037 4038
f 3896 4038 3897
f 3897 4038 4039
f 3897 4039 3898
f 3898 4039 4040
f 3898 4040 3899
f 3899 4040 4041
f 3899 4041 3900
f 3900 4041 4042
f 3900 4042 3901
f 3901 4042 4043
f 3901 4043 3902
f 3902 4043 4044
f 3902 4044 3903
f 3903 4044 4045
f 3903 4045 3904
f 3904 4045 4046
f 3904 4046 3905
f 3905 4046 4047
f 3905 4047 3906
f 3906 4047 4048
f 3906 4048 3907
f 3907 4048 4049
f 3907 4049 3908
f 3908 4049 4050
f 3908 4050 3909
f 3909 4050 4051
f 3909 4051 3910
f 3910 4051 4052
f 3910 4052 3911
f 3911 4052 4053
f 3911 4053 3912
f 3912 4053 4054
f 3912 4054 3913
f 3913 4054 4055
f 3913 4055 3914
f 3914 4055 4056
f 3914 4056 3915
f 3915 4056 4057
f 3915 4057 3916
f 3916 4057 4058
f 3916 4058 3917
f 3917 4058 4059
f 3917 4059 3918
f 3918 4059 4060
f 3918 4060 3919
f 3919 4060 4061
f 3919 4061 3920
f 3920 4061 4062
f 3920 4062 3921
f 3921 4062 4063
f 3921 4063 3922
f 3922 4063 4064
f 3922 4064 3923
f 3923 4064 4065
f 3923 4065 3924
f 3924 4065 4066
f 3924 4066 3925
f 3925 4066 4067
f 3925 4067 3926
f 3926 4067 4068
f 3926 4068 3927
f 3927 4068 4069
f 3927 4069 3928
f 3928 4069 4070
f 3928 4070 3929
f 3929 4070 4071
f 3929 4071 3930
f 3930 4071 4072
f 3930 4072 3931
f 3931 4072 4073
f 3931 4073 3932
f 3932 4073 4074
f 3932 4074 3933
f 3933 4074 4075
f 3933 4075 3934
f 3934 4075 4076
f 3934 4076 3935
f 3935 4076 4077
f 3935 4077 3936
f 3936 4077 4078
f 3936 4078 3937
f 3937 4078 4079
f 3937 4079 3938
f 3938 4079 4080
f 3938 4080 3939
f 3939 4080 4081
f 3939 4081 3940
f 3940 4081 4082
f 3940 4082 3941
f 3941 4082 4083
f 3941 4083 3942
f 3942 4083 4084
f 3942 4084 3943
f 3943 4084 4085
f 3943 4085 3944
f 3944 4085 4086
f 3944 4086 3945
f 3945 4086 4087
f 3945 4087 3946
f 3946 4087 4088
f 3946 4088 3947
f 3947 4088 4089
f 3947 4089 3948
f 3948 4089 4090
f 3948 4090 3949
f 3949 4090 4091
f 3949 4091 3950
f 3950 4091 4092
f 3950 4092 3951
f 3951 4092 4093
f 3951 4093 3952
f 3952 4093 4094
f 3952 4094 3953
f 3953 4094 4095
f 3953 4095 3954
f 3954 4095 4096
f 3954 4096 3955
f 3955 4096 4097
f 3955 4097 3956
f 3956 4097 4098
f 3956 4098 3957
f 3957 4098 4099
f 3957 4099 3958
f 3958 4099 4100
f 3958 4100 3959
f 3959 4100 4101
f 3959 4101 3960
f 3960 4101 4102
f 3960 4102 3961
f 3961 4102 4103
f 3961 4103 3962
f 3962 4103 4104
f 3962 4104 3963
f 3963 4104 4105
f 3963 4105 3964
f 3964 4105 4106
f 3964 4106 3965
f 3965 4106 4107
f 3965 4107 3966
f 3966 4107 4108
f 3966 4108 3967
f 3967 4108 4109
f 3967 4109 3968
f 3968 4109 4110
f 3968 4110 3969
f 3969 4110 4111
f 3969 4111 3970
f 3970 4111 4112
f 3970 4112 3971
f 3971 4112 4113
f 3971 4113 3972
f 3972 4113 4114
f 3972 4114 3973
f 3973 4114 4115
f 3973 4115 3974
f 3974 4115 4116
f 3974 4116 3975
f 3975 4116 4117
f 3975 4117 3976
f 3976 4117 4118
f 3976 4118 3977
f 3977 4118 4119
f 3977 4119 3978
f 3978 4119 4120
f 3978 4120 3979
f 3979 4120 4121
f 3979 4121 583
f 583 4121 585
f 3980 4122 3981
f 3981 4122 4123
f 3981 4123 3982
f 3982 4123 4124
f 3982 4124 3983
f 3983 4124 4125
f 3983 4125 3984
f 3984 4125 4126
f 3984 4126 3985
f 3985 4126 4127
f 3985 4127 3986
f 3986 4127 4128
f 3986 4128 3987
f 3987 4128 4129
f 3987 4129 3988
f 3988 4129 4130
f 3988 4130 3989
f 3989 4130 4131
f 3989 4131 3990
f 3990 4131 4132
f 3990 4132 3991
f 3991 4132 4133
f 3991 4133 3992
f 3992 4133 4134
f 3992 4134 3993
f 3993 4134 4135
f 3993 4135 3994
f 3994 4135 4136
f 3994 4136 3995
f 3995 4136 4137
f 3995 4137 3996
f 3996 4137 4138
f 3996 4138 3997
f 3997 4138 4139
f 3997 4139 3998
f 3998 4139 4140
f 3998 4140 3999
f 3999 4140 4141
f 3999 4141 4000
f 4000 4141 4142
f 4000 4142 4001
f 4001 4142 4143
f 4001 4143 4002
f 4002 4143 4144
f 4002 4144 4003
f 4003 4144 4145
f 4003 4145 4004
f 4004 4145 4146
f 4004 4146 4005
f 4005 4146 4147
f 4005 4147 4006
f 4006 4147 4148
f 4006 4148 4007
f 4007 4148 4149
f 4007 4149 4008
f 4008 4149 4150
f 4008 4150 4009
f 4009 4150 4151
f 4009 4151 4010
f 4010 4151 4152
f 4010 4152 4011
f 4011 4152 4153
f 4011 4153 4012
f 4012 4153 4154
f 4012 4154 4013
f 4013 4154 4155
f 4013 4155 4014
f 4014 4155 4156
f 4014 4156 4015
f 4015 4156 4157
f 4015 4157 4016
f 4016 4157 4158
f 4016 4158 4017
f 4017 4158 4159
f 4017 4159 4018
f 4018 4159 4160
f 4018 4160 4019
f 4019 4160 4161
f 4019 4161 4020
f 4020 4161 4162
f 4020 4162 4021
f 4021 4162 4163
f 4021 4163 4022
f 4022 4163 4164
f 4022 4164 4023
f 4023 4164 4165
f 4023 4165 4024
f 4024 4165 4166
f 4024 4166 4025
f 4025 4166 4167
f 4025 4167 4026
f 4026 4167 4168
f 4026 4168 4027
f 4027 4168 4169
f 4027 4169 4028
f 4028 4169 4170
f 4028 4170 4029
f 4029 4170 4171
f 4029 4171 4030
f 4030 4171 4172
f 4030 4172 4031
f 4031 4172 4173
f 4031 4173 4032
f 4032 4173 4174
f 4032 4174 4033
f 4033 4174 4175
f 4033 4175 4034
f 4034 4175 4176
f 4034 4176 4035
f 4035 4176 4177
f 4035 4177 4036
f 4036 4177 4178
f 4036 4178 4037
f 4037 4178 4179
f 4037 4179 4038
f 4038 4179 4180
f 4038 4180 4039
f 4039 4180 4181
f 4039 4181 4040
f 4040 4181 4182
f 4040 4182 4041
f 4041 4182 4183
f 4041 4183 4042
f 4042 4183 4184
f 4042 4184 4043
f 4043 4184 4185
f 4043 4185 4044
f 4044 4185 4186
f 4044 4186 4045
f 4045 4186 4187
f 4045 4187 4046
f 4046 4187 4188
f 4046 4188 4047
f 4047 4188 4189
f 4047 4189 4048
f 4048 4189 4190
f 4048 4190 4049
f 4049 4190 4191
f 4049 4191 4050
f 4050 4191 4192
f 4050 4192 4051
f 4051 4192 4193
f 4051 4193 4052
f 4052 4193 4194
f 4052 4194 4053
f 4053 4194 4195
f 4053 4195 4054
f 4054 4195 4196
f 4054 4196 4055
f 4055 4196 4197
f 4055 4197 4056
f 4056 4197 4198
f 4056 4198 4057
f 4057 4198 4199
f 4057 4199 4058
f 4058 4199 4200
f 4058 4200 4059
f 4059 4200 4201
f 4059 4201 4060
f 4060 4201 4202
f 4060 4202 4061
f 4061 4202 4203
f 4061 4203 4062
f 4062 4203 4204
f 4062 4204 4063
f 4063 4204 4205
f 4063 4205 4064
f 4064 4205 4206
f 4064 4206 4065
f 4065 4206 4207
f 4065 4207 4066
f 4066 4207 4208
f 4066 4208 4067
f 4067 4208 4209
f 4067 4209 4068
f 4068 4209 4210
f 4068 4210 4069
f 4069 4210 4211
f 4069 4211 4070
f 4070 4211 4212
f 4070 4212 4071
f 4071 4212 4213
f 4071 4213 4072
f 4072 4213 4214
f 4072 4214 4073
f 4073 4214 4215
f 4073 4215 4074
f 4074 4215 4216
f 4074 4216 4075
f 4075 4216 4217
f 4075 4217 4076
f 4076 4217 4218
f 4076 4218 4077
f 4077 4218 4219
f 4077 4219 4078
f 4078 4219 4220
f 4078 4220 4079
f 4079 4220 4221
f 4079 4221 4080
f 4080 4221 4222
f 4080 4222 4081
f 4081 4222 4223
f 4081 4223 4082
f 4082 4223 4224
f 4082 4224 4083
f 4083 4224 4225
f 4083 4225 4084
f 4084 4225 4226
f 4084 4226 4085
f 4085 4226 4227
f 4085 4227 4086
f 4086 4227 4228
f 4086 4228 4087
f 4087 4228 4229
f 4087 4229 4088
f 4088 4229 4230
f 4088 4230 4089
f 4089 4230 4231
f 4089 4231 4090
f 4090 4231 4232
f 4090 4232 4091
f 4091 4232 4233
f 4091 4233 4092
f 4092 4233 4234
f 4092 4234 4093
f 4093 4234 4235
f 4093 4235 4094
f 4094 4235 4236
f 4094 4236 4095
f 4095 4236 4237
f 4095 4237 4096
f 4096 4237 4238
f 4096 4238 4097
f 4097 4238 4239
f 4097 4239 4098
f 4098 4239 4240
f 4098 4240 4099
f 4099 4240 4241
f 4099 4241 4100
f 4100 4241 4242
f 4100 4242 4101
f 4101 4242 4243
f 4101 4243 4102
f 4102 4243 4244
f 4102 4244 4103
f 4103 4244 4245
f 4103 4245 4104
f 4104 4245 4246
f 4104 4246 4105
f 4105 4246 4247
f 4105 4247 4106
f 4106 4247 4248
f 4106 4248 4107
f 4107 4248 4249
f 4107 4249 4108
f 4108 4249 4250
f 4108 4250 4109
f 4109 4250 4251
f 4109 4251 4110
f 4110 4251 4252
f 4110 4252 4111
f 4111 4252 4253
f 4111 4253 4112
f 4112 4253 4254
f 4112 4254 4113
f 4113 4254 4255
f 4113 4255 4114
f 4114 4255 4256
f 4114 4256 4115
f 4115 4256 4257
f 4115 4257 4116
f 4116 4257 4258
f 4116 4258 4117
f 4117 4258 4259
f 4117 4259 4118
f 4118 4259 4260
f 4118 4260 4119
f 4119 4260 4261
f 4119 4261 4120
f 4120 4261 4262
f 4120 4262 4121
f 4121 4262 4263
f 4121 4263 585
f 585 4263 587
f 4122 4264 4123
f 4123 4264 4265
f 4123 4265 4124
f 4124 4265 4266
f 4124 4266 4125
f 4125 4266 4267
f 4125 4267 4126
f 4126 4267 4268
f 4126 4268 4127
f 4127 4268 4269
f 4127 4269 4128
f 4128 4269 4270
f 4128 4270 4129
f 4129 4270 4271
f 4129 4271 4130
f 4130 4271 4272
f 4130 4272 4131
f 4131 4272 4273
f 4131 4273 4132
f 4132 4273 4274
f 4132 4274 4133
f 4133 4274 4275
f 4133 4275 4134
f 4134 4275 4276
f 4134 4276 4135
f 4135 4276 4277
f 4135 4277 4136
f 4136 4277 4278
f 4136 4278 4137
f 4137 4278 4279
f 4137 4279 4138
f 4138 4279 4280
f 4138 4280 4139
f 4139 4280 4281
f 4139 4281 4140
f 4140 4281 4282
f 4140 4282 4141
f 4141 4282 4283
f 4141 4283 4142
f 4142 4283 4284
f 4142 4284 4143
f 4143 4284 4285
f 4143 4285 4144
f 4144 4285 4286
f 4144 4286 4145
f 4145 4286 4287
f 4145 4287 4146
f 4146 4287 4288
f 4146 4288 4147
f 4147 4288 4289
f 4147 4289 4148
f 4148 4289 4290
f 4148 4290 4149
f 4149 4290 4291
f 4149 4291 4150
f 4150 4291 4292
f 4150 4292 4151
f 4151 4292 4293
f 4151 4293 4152
f 4152 4293 4294
f 4152 4294 4153
f 4153 4294 4295
f 4153 4295 4154
f 4154 4295 4296
f 4154 4296 4155
f 4155 4296 4297
f 4155 4297 4156
f 4156 4297 4298
f 4156 4298 4157
f 4157 4298 4299
f 4157 4299 4158
f 4158 4299 4300
f 4158 4300 4159
f 4159 4300 4301
f 4159 4301 4160
f 4160 4301 4302
f 4160 4302 4161
f 4161 4302 4303
f 4161 4303 4162
f 4162 4303 4304
f 4162 4304 4163
f 4163 4304 4305
f 4163 4305 4164
f 4164 4305 4306
f 4164 4306 4165
f 4165 4306 4307
f 4165 4307 4166
f 4166 4307 4308
f 4166 4308 4167
f 4167 4308 4309
f 4167 4309 4168
f 4168 4309 4310
f 4168 4310 4169
f 4169 4310 4311
f 4169 4311 4170
f 4170 4311 4312
f 4170 4312 4171
f 4171 4312 4313
f 4171 4313 4172
f 4172 4313 4314
f 4172 4314 4173
f 4173 4314 4315
f 4173 4315 4174
f 4174 4315 4316
f 4174 4316 4175
f 4175 4316 4317
f 4175 4317 4176
f 4176 4317 4318
f 4176 4318 4177
f 4177 4318 4319
f 4177 4319 4178
f 4178 4319 4320
f 4178 4320 4179
f 4179 4320 4321
f 4179 4321 4180
f 4180 4321 4322
f 4180 4322 4181
f 4181 4322 4323
f 4181 4323 4182
f 4182 4323 4324
f 4182 4324 4183
f 4183 4324 4325
f 4183 4325 4184
f 4184 4325 4326
f 4184 4326 4185
f 4185 4326 4327
f 4185 4327 4186
f 4186 4327 4328
f 4186 4328 4187
f 4187 4328 4329
f 4187 4329 4188
f 4188 4329 4330
f 4188 4330 4189
f 4189 4330 4331
f 4189 4331 4190
f 4190 4331 4332
f 4190 4332 4191
f 4191 4332 4333
f 4191 4333 4192
f 4192 4333 4334
f 4192 4334 4193
f 4193 4334 4335
f 4193 4335 4194
f 4194 4335 4336
f 4194 4336 4195
f 4195 4336 4337
f 4195 4337 4196
f 4196 4337 4338
f 4196 4338 4197
f 4197 4338 4339
f 4197 4339 4198
f 4198 4339 4340
f 4198 4340 4199
f 4199 4340 4341
f 4199 4341 4200
f 4200 4341 4342
f 4200 4342 4201
f 4201 4342 4343
f 4201 4343 4202
f 4202 4343 4344
f 4202 4344 4203
f 4203 4344 4345
f 4203 4345 4204
f 4204 4345 4346
f 4204 4346 4205
f 4205 4346 4347
f 4205 4347 4206
f 4206 4347 4348
f 4206 4348 4207
f 4207 4348 4349
f 4207 4349 4208
f 4208 4349 4350
f 4208 4350 4209
f 4209 4350 4351
f 4209 4351 4210
f 4210 4351 4352
f 4210 4352 4211
f 4211 4352 4353
f 4211 4353 4212
f 4212 4353 4354
f 4212 4354 4213
f 4213 4354 4355
f 4213 4355 4214
f 4214 4355 4356
f 4214 4356 4215
f 4215 4356 4357
f 4215 4357 4216
f 4216 4357 4358
f 4216 4358 4217
f 4217 4358 4359
f 4217 4359 4218
f 4218 4359 4360
f 4218 4360 4219
f 4219 4360 4361
f 4219 4361 4220
f 4220 4361 4362
f 4220 4362 4221
f 4221 4362 4363
f 4221 4363 4222
f 4222 4363 4364
f 4222 4364 4223
f 4223 4364 4365
f 4223 4365 4224
f 4224 4365 4366
f 4224 4366 4225
f 4225 4366 4367
f 4225 4367 4226
f 4226 4367 4368
f 4226 4368 4227
f 4227 4368 4369
f 4227 4369 4228
f 4228 4369 4370
f 4228 4370 4229
f 4229 4370 4371
f 4229 4371 4230
f 4230 4371 4372
f 4230 4372 4231
f 4231 4372 4373
f 4231 4373 4232
f 4232 4373 4374
f 4232 4374 4233
f 4233 4374 4375
f 4233 4375 4234
f 4234 4375 4376
f 4234 4376 4235
f 4235 4376 4377
f 4235 4377 4236
f 4236 4377 4378
f 4236 4378 4237
f 4237 4378 4379
f 4237 4379 4238
f 4238 4379 4380
f 4238 4380 4239
f 4239 4380 4381
f 4239 4381 4240
f 4240 4381 4382
f 4240 4382 4241
f 4241 4382 4383
f 4241 4383 4242
f 4242 4383 4384
f 4242 4384 4243
f 4243 4384 4385
f 4243 4385 4244
f 4244 4385 4386
f 4244 4386 4245
f 4245 4386 4387
f 4245 4387 4246
f 4246 4387 4388
f 4246 4388 4247
f 4247 4388 4389
f 4247 4389 4248
f 4248 4389 4390
f 4248 4390 4249
f 4249 4390 4391
f 4249 4391 4250
f 4250 4391 4392
f 4250 4392 4251
f 4251 4392 4393
f 4251 4393 4252
f 4252 4393 4394
f 4252 4394 4253
f 4253 4394 4395
f 4253 4395 4254
f 4254 4395 4396
f 4254 4396 4255
f 4255 4396 4397
f 4255 4397 4256
f 4256 4397 4398
f 4256 4398 4257
f 4257 4398 4399
f 4257 4399 4258
f 4258 4399 4400
f 4258 4400 4259
f 4259 4400 4401
f 4259 4401 4260
f 4260 4401 4402
f 4260 4402 4261
f 4261 4402 4403
f 4261 4403 4262
f 4262 4403 4404
f 4262 4404 4263
f 4263 4404 4405
f 4263 4405 587
f 587 4405 589
f 1 2 4264
f 4264 2 4265
f 2 3 4265
f 4265 3 4
f 4265 4 4266
f 4266 4 5
f 4266 5 4267
f 4267 5 6
f 4267 6 7
f 4267 7 4268
f 4268 7 9
f 4268 9 10
f 4268 10 4269
f 4269 10 12
f 4269 12 13
f 4269 13 4270
f 4270 13 15
f 4270 15 16
f 4270 16 4271
f 4271 16 18
f 4271 18 4272
f 4272 18 20
f 4272 20 21
f 4272 21 4273
f 4273 21 23
f 4273 23 24
f 4273 24 4274
f 4274 24 26
f 4274 26 27
f 4274 27 4275
f 4275 27 29
f 4275 29 30
f 4275 30 4276
f 4276 30 32
f 4276 32 4277
f 4277 32 34
f 4277 34 35
f 4277 35 4278
f 4278 35 37
f 4278 37 38
f 4278 38 4279
f 4279 38 40
f 4279 40 41
f 4279 41 4280
f 4280 41 43
f 4280 43 44
f 4280 44 4281
f 4281 44 46
f 4281 46 4282
f 4282 46 48
f 4282 48 49
f 4282 49 4283
f 4283 49 51
f 4283 51 52
f 4283 52 4284
f 4284 52 54
f 4284 54 55
f 4284 55 4285
f 4285 55 57
f 4285 57 58
f 4285 58 4286
f 4286 58 60
f 4286 60 4287
f 4287 60 62
f 4287 62 63
f 4287 63 4288
f 4288 63 65
f 4288 65 66
f 4288 66 4289
f 4289 66 68
f 4289 68 69
f 4289 69 4290
f 4290 69 71
f 4290 71 4291
f 4291 71 73
f 4291 73 74
f 4291 74 4292
f 4292 74 76
f 4292 76 77
f 4292 77 4293
f 4293 77 79
f 4293 79 80
f 4293 80 4294
f 4294 80 82
f 4294 82 83
f 4294 83 4295
f 4295 83 85
f 4295 85 4296
f 4296 85 87
f 4296 87 88
f 4296 88 4297
f 4297 88 90
f 4297 90 91
f 4297 91 4298
f 4298 91 93
f 4298 93 94
f 4298 94 4299
f 4299 94 96
f 4299 96 97
f 4299 97 4300
f 4300 97 99
f 4300 99 4301
f 4301 99 101
f 4301 101 102
f 4301 102 4302
f 4302 102 104
f 4302 104 105
f 4302 105 4303
f 4303 105 107
f 4303 107 108
f 4303 108 4304
f 4304 108 110
f 4304 110 111
f 4304 111 4305
f 4305 111 113
f 4305 113 4306
f 4306 113 115
f 4306 115 116
f 4306 116 4307
f 4307 116 118
f 4307 118 119
f 4307 119 4308
f 4308 119 121
f 4308 121 122
f 4308 122 4309
f 4309 122 124
f 4309 124 4310
f 4310 124 126
f 4310 126 127
f 4310 127 4311
f 4311 127 129
f 4311 129 130
f 4311 130 4312
f 4312 130 132
f 4312 132 133
f 4312 133 4313
f 4313 133 135
f 4313 135 136
f 4313 136 4314
f 4314 136 138
f 4314 138 4315
f 4315 138 140
f 4315 140 141
f 4315 141 4316
f 4316 141 143
f 4316 143 144
f 4316 144 4317
f 4317 144 146
f 4317 146 147
f 4317 147 4318
f 4318 147 149
f 4318 149 150
f 4318 150 4319
f 4319 150 152
f 4319 152 4320
f 4320 152 154
f 4320 154 155
f 4320 155 4321
f 4321 155 157
f 4321 157 158
f 4321 158 4322
f 4322 158 160
f 4322 160 161
f 4322 161 4323
f 4323 161 163
f 4323 163 164
f 4323 164 4324
f 4324 164 166
f 4324 166 4325
f 4325 166 168
f 4325 168 169
f 4325 169 4326
f 4326 169 171
f 4326 171 172
f 4326 172 4327
f 4327 172 174
f 4327 174 175
f 4327 175 4328
f 4328 175 177
f 4328 177 4329
f 4329 177 179
f 4329 179 180
f 4329 180 4330
f 4330 180 182
f 4330 182 183
f 4330 183 4331
f 4331 183 185
f 4331 185 186
f 4331 186 4332
f 4332 186 188
f 4332 188 189
f 4332 189 4333
f 4333 189 191
f 4333 191 4334
f 4334 191 193
f 4334 193 194
f 4334 194 4335
f 4335 194 196
f 4335 196 197
f 4335 197 4336
f 4336 197 199
f 4336 199 200
f 4336 200 4337
f 4337 200 202
f 4337 202 203
f 4337 203 4338
f 4338 203 205
f 4338 205 4339
f 4339 205 207
f 4339 207 208
f 4339 208 4340
f 4340 208 210
f 4340 210 211
f 4340 211 4341
f 4341 211 213
f 4341 213 214
f 4341 214 4342
f 4342 214 216
f 4342 216 217
f 4342 217 4343
f 4343 217 219
f 4343 219 4344
f 4344 219 221
f 4344 221 222
f 4344 222 4345
f 4345 222 224
f 4345 224 225
f 4345 225 4346
f 4346 225 227
f 4346 227 228
f 4346 228 4347
f 4347 228 230
f 4347 230 4348
f 4348 230 232
f 4348 232 233
f 4348 233 4349
f 4349 233 235
f 4349 235 236
f 4349 236 4350
f 4350 236 238
f 4350 238 239
f 4350 239 4351
f 4351 239 241
f 4351 241 242
f 4351 242 4352
f 4352 242 244
f 4352 244 4353
f 4353 244 246
f 4353 246 247
f 4353 247 4354
f 4354 247 249
f 4354 249 250
f 4354 250 4355
f 4355 250 252
f 4355 252 253
f 4355 253 4356
f 4356 253 255
f 4356 255 256
f 4356 256 4357
f 4357 256 258
f 4357 258 4358
f 4358 258 260
f 4358 260 261
f 4358 261 4359
f 4359 261 263
f 4359 263 264
f 4359 264 4360
f 4360 264 266
f 4360 266 267
f 4360 267 4361
f 4361 267 269
f 4361 269 270
f 4361 270 4362
f 4362 270 272
f 4362 272 4363
f 4363 272 274
f 4363 274 275
f 4363 275 4364
f 4364 275 277
f 4364 277 278
f 4364 278 4365
f 4365 278 280
f 4365 280 281
f 4365 281 4366
f 4366 281 283
f 4366 283 4367
f 4367 283 285
f 4367 285 286
f 4367 286 4368
f 4368 286 288
f 4368 288 289
f 4368 289 4369
f 4369 289 291
f 4369 291 292
f 4369 292 4370
f 4370 292 294
f 4370 294 295
f 4370 295 4371
f 4371 295 297
f 4371 297 4372
f 4372 297 299
f 4372 299 300
f 4372 300 4373
f 4373 300 302
f 4373 302 303
f 4373 303 4374
f 4374 303 305
f 4374 305 306
f 4374 306 4375
f 4375 306 308
f 4375 308 309
f 4375 309 4376
f 4376 309 311
f 4376 311 4377
f 4377 311 313
f 4377 313 314
f 4377 314 4378
f 4378 314 316
f 4378 316 317
f 4378 317 4379
f 4379 317 319
f 4379 319 320
f 4379 320 4380
f 4380 320 322
f 4380 322 323
f 4380 323 4381
f 4381 323 325
f 4381 325 4382
f 4382 325 327
f 4382 327 328
f 4382 328 4383
f 4383 328 330
f 4383 330 331
f 4383 331 4384
f 4384 331 333
f 4384 333 334
f 4384 334 4385
f 4385 334 336
f 4385 336 337
f 4385 337 4386
f 4386 337 339
f 4386 339 4387
f 4387 339 341
f 4387 341 342
f 4387 342 4388
f 4388 342 344
f 4388 344 345
f 4388 345 4389
f 4389 345 347
f 4389 347 348
f 4389 348 4390
f 4390 348 350
f 4390 350 4391
f 4391 350 352
f 4391 352 353
f 4391 353 4392
f 4392 353 355
f 4392 355 356
f 4392 356 4393
f 4393 356 358
f 4393 358 359
f 4393 359 4394
f 4394 359 361
f 4394 361 362
f 4394 362 4395
f 4395 362 364
f 4395 364 4396
f 4396 364 366
f 4396 366 367
f 4396 367 4397
f 4397 367 369
f 4397 369 370
f 4397 370 4398
f 4398 370 372
f 4398 372 373
f 4398 373 4399
f 4399 373 375
f 4399 375 376
f 4399 376 4400
f 4400 376 378
f 4400 378 4401
f 4401 378 380
f 4401 380 381
f 4401 381 4402
f 4402 381 383
f 4402 383 384
f 4402 384 4403
f 4403 384 386
f 4403 386 387
f 4403 387 4404
f 4404 387 389
f 4404 389 390
f 4404 390 4405
f 4405 390 392
f 4405 392 589
f 589 392 394
f 589 394 395
f 397 396 590
f 590 396 588
f 588 396 534
f 588 534 586
f 586 534 536
f 586 536 584
f 584 536 538
f 584 538 582
f 582 538 540
f 582 540 580
f 580 540 542
f 580 542 578
f 578 542 544
f 578 544 576
f 576 544 546
f 576 546 574
f 574 546 548
f 574 548 572
f 572 548 550
f 572 550 570
f 570 550 552
f 570 552 568
f 568 552 554
f 568 554 566
f 566 554 556
f 566 556 564
f 564 556 558
f 564 558 562
f 562 558 560
f 3 2 4406
f 4 3 4407
f 5 4 4409
f 6 5 4411
f 7 6 4412
f 8 7 4413
f 11 8 4415
f 14 11 4417
f 17 14 4419
f 398 17 4420
f 399 398 4422
f 400 399 4424
f 401 400 4426
f 591 401 4427
f 592 591 4429
f 593 592 4431
f 594 593 4433
f 723 594 4434
f 724 723 4436
f 725 724 4438
f 852 725 4439
f 853 852 4441
f 979 853 4442
f 980 979 4444
f 1105 980 4445
f 1230 1105 4447
f 1355 1230 4449
f 1480 1481 4451
f 1481 1355 4450
f 1607 1480 4453
f 1735 1736 4455
f 1736 1737 4457
f 1737 1607 4459
f 1866 1867 4460
f 1867 1735 4462
f 1999 2000 4463
f 2000 2001 4465
f 2001 2002 4467
f 2002 1866 4469
f 2136 2137 4470
f 2137 2138 4472
f 2138 1999 4474
f 2276 2277 4475
f 2277 2136 4477
f 4264 4122 4478
f 4122 3980 4480
f 3980 3838 4482
f 3838 3696 4484
f 3696 3554 4486
f 3554 3412 4488
f 3412 3270 4490
f 3270 3128 4492
f 3128 2986 4494
f 2986 2844 4496
f 2844 2702 4498
f 2702 2560 4500
f 2560 2418 4502
f 2418 2276 4504
f 4406 4407 3
f 4407 4408 4
f 4409 4410 5
f 4411 4412 6
f 4412 4413 7
f 4413 4414 8
f 4415 4416 11
f 4417 4418 14
f 4419 4420 17
f 4420 4421 398
f 4422 4423 399
f 4424 4425 400
f 4426 4427 401
f 4427 4428 591
f 4429 4430 592
f 4431 4432 593
f 4433 4434 594
f 4434 4435 723
f 4436 4437 724
f 4438 4439 725
f 4439 4440 852
f 4441 4442 853
f 4442 4443 979
f 4444 4445 980
f 4445 4446 1105
f 4447 4448 1230
f 4449 4450 1355
f 4451 4452 1480
f 4450 4451 1481
f 4453 4454 1607
f 4455 4456 1735
f 4457 4458 1736
f 4459 4457 1737
f 4460 4461 1866
f 4462 4460 1867
f 4463 4464 1999
f 4465 4466 2000
f 4467 4468 2001
f 4469 4467 2002
f 4470 4471 2136
f 4472 4473 2137
f 4474 4472 2138
f 4475 4476 2276
f 4477 4475 2277
f 4478 4479 4264
f 4480 4481 4122
f 4482 4483 3980
f 4484 4485 3838
f 4486 4487 3696
f 4488 4489 3554
f 4490 4491 3412
f 4492 4493 3270
f 4494 4495 3128
f 4496 4497 2986
f 4498 4499 2844
f 4500 4501 2702
f 4502 4503 2560
f 4504 4505 2418
f 2 1 4506
f 2 4506 4406
f 4 4408 4409
f 5 4410 4411
f 8 4414 4507
f 8 4507 4415
f 11 4416 4417
f 14 4418 4419
f 398 4421 4508
f 398 4508 4422
f 399 4423 4424
f 400 4425 4426
f 591 4428 4509
f 591 4509 4429
f 592 4430 4431
f 593 4432 4433
f 723 4435 4510
f 723 4510 4436
f 724 4437 4438
f 852 4440 4511
f 852 4511 4441
f 979 4443 4512
f 979 4512 4444
f 1105 4446 4447
f 1230 4448 4449
f 1480 4513 4453
f 1480 4452 4513
f 1607 4454 4459
f 1735 4514 4462
f 1735 4456 4514
f 1736 4458 4455
f 1866 4515 4469
f 1866 4461 4515
f 1999 4516 4474
f 1999 4464 4516
f 2000 4466 4463
f 2001 4468 4465
f 2136 4517 4477
f 2136 4471 4517
f 2137 4473 4470
f 2276 4476 4504
f 4264 4518 1
f 4264 4479 4518
f 4122 4481 4478
f 3980 4483 4480
f 3838 4485 4482
f 3696 4487 4484
f 3554 4489 4486
f 3412 4491 4488
f 3270 4493 4490
f 3128 4495 4492
f 2986 4497 4494
f 2844 4499 4496
f 2702 4501 4498
f 2560 4503 4500
f 2418 4505 4502
f 4409 4408 4407
f 4407 4406 4506
f 4506 1 4518
f 4505 4504 4476
f 4475 4477 4517
f 4517 4471 4470
f 4472 4474 4516
f 4516 4464 4463
f 4463 4466 4465
f 4465 4468 4467
f 4467 4469 4515
f 4515 4461 4460
f 4460 4462 4514
f 4514 4456 4455
f 4455 4458 4457
f 4457 4459 4454
f 4454 4453 4513
f 4513 4452 4451
f 4451 4450 4449
f 4449 4448 4447
f 4447 4446 4445
f 4445 4444 4512
f 4512 4443 4442
f 4442 4441 4511
f 4511 4440 4439
f 4439 4438 4437
f 4437 4436 4510
f 4510 4435 4434
f 4434 4433 4432
f 4432 4431 4430
f 4430 4429 4509
f 4509 4428 4427
f 4427 4426 4425
f 4425 4424 4423
f 4423 4422 4508
f 4508 4421 4420
f 4420 4419 4418
f 4418 4417 4416
f 4416 4415 4507
f 4507 4414 4413
f 4413 4412 4411
f 4411 4410 4409
f 4409 4407 4506
f 4506 4518 4479
f 4502 4505 4476
f 4454 4513 4451
f 4451 4449 4447
f 4447 4445 4512
f 4512 4442 4511
f 4511 4439 4437
f 4437 4510 4434
f 4434 4432 4430
f 4430 4509 4427
f 4427 4425 4423
f 4423 4508 4420
f 4420 4418 4416
f 4416 4507 4413
f 4413 4411 4409
f 4409 4506 4479
f 4503 4502 4476
f 4454 4451 4447
f 4447 4512 4511
f 4511 4437 4434
f 4434 4430 4427
f 4427 4423 4420
f 4420 4416 4413
f 4413 4409 4479
f 4500 4503 4476
f 4457 4454 4447
f 4447 4511 4434
f 4434 4427 4420
f 4420 4413 4479
f 4501 4500 4476
f 4455 4457 4447
f 4447 4434 4420
f 4420 4479 4478
f 4498 4501 4476
f 4455 4447 4420
f 4420 4478 4481
f 4499 4498 4476
f 4514 4455 4420
f 4420 4481 4480
f 4496 4499 4476
f 4460 4514 4420
f 4420 4480 4483
f 4497 4496 4476
f 4515 4460 4420
f 4420 4483 4482
f 4494 4497 4476
f 4467 4515 4420
f 4420 4482 4485
f 4495 4494 4476
f 4465 4467 4420
f 4420 4485 4484
f 4492 4495 4476
f 4463 4465 4420
f 4420 4484 4487
f 4493 4492 4476
f 4516 4463 4420
f 4420 4487 4486
f 4490 4493 4476
f 4472 4516 4420
f 4420 4486 4489
f 4491 4490 4476
f 4473 4472 4420
f 4420 4489 4488
f 4488 4491 4476
f 4470 4473 4420
f 4420 4488 4476
f 4517 4470 4420
f 4420 4476 4475
f 4475 4517 4420

